label,x0,y0,z0,x1,y1,z1,x2,y2,z2,x3,y3,z3,x4,y4,z4,x5,y5,z5,x6,y6,z6,x7,y7,z7,x8,y8,z8,x9,y9,z9,x10,y10,z10,x11,y11,z11,x12,y12,z12,x13,y13,z13,x14,y14,z14,x15,y15,z15,x16,y16,z16,x17,y17,z17,x18,y18,z18,x19,y19,z19,x20,y20,z20
0,0.32839322090148926,0.7086461782455444,6.245296049200988e-07,0.38535138964653015,0.7078860402107239,-0.037636253982782364,0.43922317028045654,0.6913595199584961,-0.06238185241818428,0.48754483461380005,0.6891599893569946,-0.08508415520191193,0.5292607545852661,0.6953201293945312,-0.10867257416248322,0.4100630581378937,0.5560131669044495,-0.04611177742481232,0.44406163692474365,0.489840030670166,-0.07226072996854782,0.4638812839984894,0.44624006748199463,-0.09111242741346359,0.4797055721282959,0.40632539987564087,-0.10487393289804459,0.37491899728775024,0.5301543474197388,-0.04589255154132843,0.4056423008441925,0.44722986221313477,-0.06949718296527863,0.4253714680671692,0.39376091957092285,-0.08530493080615997,0.4401175379753113,0.3465512692928314,-0.096976637840271,0.3361632823944092,0.5272508263587952,-0.04971237853169441,0.33872222900390625,0.43883001804351807,-0.07557032257318497,0.3412831425666809,0.381356418132782,-0.09377999603748322,0.34557998180389404,0.3298358619213104,-0.10581136494874954,0.2969304323196411,0.5450986623764038,-0.056563835591077805,0.2744874060153961,0.4815775752067566,-0.08094999194145203,0.25864750146865845,0.4421173930168152,-0.09331826865673065,0.24714665114879608,0.4025702476501465,-0.10143221169710159
0,0.35751914978027344,0.703093945980072,6.23765856744285e-07,0.41677549481391907,0.7059769630432129,-0.04028264060616493,0.47518104314804077,0.6896640658378601,-0.0659007728099823,0.5249418020248413,0.6800786852836609,-0.08899487555027008,0.5652453303337097,0.6741334199905396,-0.11299125850200653,0.4419967234134674,0.5561436414718628,-0.05169787257909775,0.4769478142261505,0.48743653297424316,-0.07832535356283188,0.4973660707473755,0.44388580322265625,-0.09618652611970901,0.5136736631393433,0.40465569496154785,-0.10914857685565948,0.4068690240383148,0.532695472240448,-0.050664663314819336,0.43852415680885315,0.45200568437576294,-0.07587316632270813,0.45925551652908325,0.3994677662849426,-0.09216254204511642,0.4747094213962555,0.35193151235580444,-0.10426243394613266,0.36838310956954956,0.5310025811195374,-0.053569186478853226,0.36837613582611084,0.4404146075248718,-0.08161341398954391,0.36962205171585083,0.3825048804283142,-0.10028554499149323,0.3732185661792755,0.33177053928375244,-0.11271926015615463,0.3294925093650818,0.5493775010108948,-0.059535592794418335,0.3049020767211914,0.484722763299942,-0.08609435707330704,0.2885069251060486,0.44510555267333984,-0.09962595999240875,0.2762998640537262,0.4070071876049042,-0.10865518450737
0,0.38733190298080444,0.6831023097038269,3.041760692212847e-07,0.43965449929237366,0.669770359992981,-0.013094546273350716,0.47483593225479126,0.6197871565818787,-0.018256720155477524,0.4986390769481659,0.5868597626686096,-0.023497115820646286,0.5195063352584839,0.568366289138794,-0.030300941318273544,0.46268004179000854,0.5314692258834839,-0.027191149070858955,0.4842511713504791,0.46069157123565674,-0.043154701590538025,0.49477607011795044,0.41716307401657104,-0.05166282504796982,0.5038560628890991,0.38133448362350464,-0.05908484384417534,0.4374169409275055,0.5236519575119019,-0.03476829081773758,0.45511922240257263,0.4448118805885315,-0.05537354573607445,0.4663507342338562,0.39366891980171204,-0.07208558917045593,0.4756493866443634,0.34964296221733093,-0.08362487703561783,0.41049444675445557,0.5400349497795105,-0.042925454676151276,0.40447238087654114,0.4706634283065796,-0.06651179492473602,0.40100374817848206,0.4228954315185547,-0.08853085339069366,0.39940470457077026,0.38078904151916504,-0.10381648689508438,0.3846394419670105,0.5755532383918762,-0.051031578332185745,0.36335551738739014,0.5428235530853271,-0.07550861686468124,0.35161423683166504,0.5195018649101257,-0.09221053123474121,0.343342661857605,0.4945071339607239,-0.10409686714410782
0,0.3788873553276062,0.7138229608535767,2.0247240684057033e-07,0.3665621876716614,0.6416748762130737,0.015172197483479977,0.36333876848220825,0.5862870216369629,0.012357129715383053,0.3596590757369995,0.535805881023407,0.008547337725758553,0.3516467809677124,0.49935364723205566,0.004918054677546024,0.42201992869377136,0.5526303648948669,-0.02749522775411606,0.4420582354068756,0.47180259227752686,-0.042958229780197144,0.4523884654045105,0.4253500699996948,-0.04849192500114441,0.46093490719795227,0.38965708017349243,-0.050717178732156754,0.44041013717651367,0.5749433636665344,-0.03887813538312912,0.47058752179145813,0.48615139722824097,-0.06060181185603142,0.48678842186927795,0.4333287477493286,-0.06996927410364151,0.4979007840156555,0.39563459157943726,-0.07483547925949097,0.4570787250995636,0.6115623116493225,-0.04547814652323723,0.5121806263923645,0.5577656626701355,-0.0629546046257019,0.5396254062652588,0.526025652885437,-0.06847593933343887,0.5575687885284424,0.5015264749526978,-0.07005821168422699,0.4681364595890045,0.6536778211593628,-0.04860872030258179,0.5195939540863037,0.6429277062416077,-0.06011194735765457,0.546284019947052,0.6360370516777039,-0.061937399208545685,0.5676954984664917,0.6226100325584412,-0.06113864853978157
0,0.41346293687820435,0.7336010932922363,1.475440996046018e-07,0.3800705671310425,0.6740447878837585,0.015007110312581062,0.35780686140060425,0.626843273639679,0.014363104477524757,0.33578622341156006,0.5834589600563049,0.011758433654904366,0.3140890300273895,0.5561354160308838,0.00852468702942133,0.4293714165687561,0.5665886998176575,-0.008109680376946926,0.4376777112483978,0.48293235898017883,-0.012837049551308155,0.441009521484375,0.43953248858451843,-0.012622540816664696,0.4461337625980377,0.4046553373336792,-0.012126006186008453,0.45832929015159607,0.5737441778182983,-0.015808355063199997,0.47493183612823486,0.4834967851638794,-0.02645808830857277,0.48303455114364624,0.433849960565567,-0.03135564550757408,0.4897153079509735,0.3991408348083496,-0.03424592316150665,0.48451459407806396,0.6008639335632324,-0.020068204030394554,0.5303155779838562,0.539173424243927,-0.028507502749562263,0.5564667582511902,0.5019792914390564,-0.03488907217979431,0.57508784532547,0.4723868668079376,-0.03840392455458641,0.5017576217651367,0.6361048221588135,-0.021018052473664284,0.5489771962165833,0.603334903717041,-0.025942107662558556,0.5737942457199097,0.583196222782135,-0.027337489649653435,0.5954897403717041,0.5611435770988464,-0.027500037103891373
0,0.4122076630592346,0.6874520182609558,1.5700295818987797e-07,0.3771348297595978,0.6367291212081909,0.015971442684531212,0.35539233684539795,0.5939683318138123,0.0204689372330904,0.33578649163246155,0.5559428930282593,0.021842896938323975,0.31813713908195496,0.5308836102485657,0.022577013820409775,0.43006429076194763,0.5421295166015625,0.015589125454425812,0.44291213154792786,0.47619810700416565,0.02005745843052864,0.4494587779045105,0.44162410497665405,0.022014698013663292,0.4561692178249359,0.4134919345378876,0.022935563698410988,0.45707571506500244,0.5483987927436829,0.00813175830990076,0.47901058197021484,0.4751637279987335,0.010356212966144085,0.49063122272491455,0.4343544840812683,0.008195137605071068,0.49930864572525024,0.40820297598838806,0.005694074090570211,0.4813086688518524,0.5723793506622314,0.00224999338388443,0.5257481932640076,0.5216330885887146,0.003250337205827236,0.5512149930000305,0.4928053319454193,-0.0019915441516786814,0.569239616394043,0.470989853143692,-0.005986963398754597,0.49679267406463623,0.6036787629127502,-0.0012079018633812666,0.5414231419563293,0.5741925239562988,0.0010949987918138504,0.5643436312675476,0.5573294758796692,0.0020586648024618626,0.5842925906181335,0.5406201481819153,0.0025340367574244738
0,0.3317706882953644,0.7695287466049194,1.1735388625311316e-06,0.4265550673007965,0.7367355823516846,-0.065393827855587,0.5088986754417419,0.6798685193061829,-0.10587012022733688,0.5779888033866882,0.6365386843681335,-0.14142024517059326,0.6444178819656372,0.6122527718544006,-0.17789192497730255,0.42266061902046204,0.4762738049030304,-0.07905910164117813,0.4673932194709778,0.35252559185028076,-0.12483789026737213,0.49711254239082336,0.2704523801803589,-0.1576502025127411,0.520822286605835,0.19696453213691711,-0.1809670478105545,0.3597320318222046,0.4476931095123291,-0.07603125274181366,0.3877319395542145,0.29605790972709656,-0.11733002960681915,0.4084392786026001,0.19675147533416748,-0.14651060104370117,0.4234004616737366,0.1113608181476593,-0.1673096865415573,0.29782921075820923,0.46085861325263977,-0.07961764186620712,0.2747698724269867,0.3157076835632324,-0.12294498831033707,0.2614571154117584,0.215007483959198,-0.1541822850704193,0.25470107793807983,0.12764662504196167,-0.17421525716781616,0.24038374423980713,0.5077017545700073,-0.08826509863138199,0.1932372748851776,0.4078902006149292,-0.12656299769878387,0.16621600091457367,0.33646947145462036,-0.14778763055801392,0.14770209789276123,0.2639295756816864,-0.16181989014148712
0,0.3309181332588196,0.8005800247192383,1.085080384655157e-06,0.42398717999458313,0.7697111964225769,-0.06401415914297104,0.5068429708480835,0.7100498080253601,-0.10462801158428192,0.5722237825393677,0.6569697260856628,-0.14000146090984344,0.6376899480819702,0.618844211101532,-0.17632342875003815,0.4145761728286743,0.5182241201400757,-0.08508212864398956,0.45393651723861694,0.38860654830932617,-0.13154812157154083,0.48025959730148315,0.30484676361083984,-0.16346487402915955,0.501301109790802,0.22795367240905762,-0.18620428442955017,0.351161926984787,0.49313756823539734,-0.0831678956747055,0.37769779562950134,0.33604922890663147,-0.12453190237283707,0.3965965509414673,0.23665723204612732,-0.15282538533210754,0.409576952457428,0.14991629123687744,-0.1740107387304306,0.2895421087741852,0.5082404613494873,-0.0871562510728836,0.26213568449020386,0.36399948596954346,-0.13057194650173187,0.24414798617362976,0.26371827721595764,-0.16131094098091125,0.23361307382583618,0.1751956045627594,-0.1821194589138031,0.23267382383346558,0.5567712783813477,-0.09593623131513596,0.18004466593265533,0.45683562755584717,-0.1344357430934906,0.1487879604101181,0.38876235485076904,-0.15527357161045074,0.12607628107070923,0.3181975483894348,-0.16988688707351685
0,0.34611132740974426,0.7657708525657654,9.436786854166712e-07,0.43092110753059387,0.7439677715301514,-0.0591597780585289,0.5078460574150085,0.6933518052101135,-0.09687740355730057,0.5701959729194641,0.6491459012031555,-0.12978841364383698,0.628398060798645,0.6154189705848694,-0.16394999623298645,0.42700204253196716,0.5239655375480652,-0.08255092054605484,0.46320441365242004,0.41259026527404785,-0.12623269855976105,0.4867478609085083,0.3403686285018921,-0.15540646016597748,0.5052617788314819,0.27395838499069214,-0.175910085439682,0.3717195987701416,0.501369297504425,-0.08055706322193146,0.3979509770870209,0.366510808467865,-0.11990881711244583,0.4165090024471283,0.28026124835014343,-0.1447356790304184,0.4288794696331024,0.20539969205856323,-0.1631937175989151,0.3172222375869751,0.5129781365394592,-0.08391134440898895,0.29414838552474976,0.3855530023574829,-0.12478108704090118,0.2798330783843994,0.2981312572956085,-0.1511150598526001,0.2722644507884979,0.22078275680541992,-0.16881366074085236,0.26664626598358154,0.5532344579696655,-0.09175365418195724,0.2209482342004776,0.4643245041370392,-0.12780235707759857,0.19399195909500122,0.4046604633331299,-0.14647236466407776,0.1748259961605072,0.3437577486038208,-0.1595286726951599
0,0.36700138449668884,0.7243752479553223,7.636500640728627e-07,0.44105005264282227,0.6984513401985168,-0.04251604527235031,0.5089383125305176,0.6455607414245605,-0.06803088635206223,0.5646120309829712,0.6058080196380615,-0.09098336845636368,0.6107327342033386,0.5816124081611633,-0.11499995738267899,0.44109222292900085,0.5003248453140259,-0.05622372776269913,0.47265389561653137,0.4017358422279358,-0.08776170760393143,0.49094218015670776,0.3405587673187256,-0.1089976578950882,0.5046138763427734,0.28510332107543945,-0.12411029636859894,0.39398807287216187,0.4819433391094208,-0.05646151676774025,0.4172587990760803,0.3687148690223694,-0.08594822138547897,0.43218401074409485,0.2952856123447418,-0.10554980486631393,0.4409121572971344,0.23141923546791077,-0.11978927999734879,0.34745460748672485,0.4924199879169464,-0.0608985610306263,0.3286392092704773,0.3830423057079315,-0.09183576703071594,0.3158649802207947,0.31084978580474854,-0.11349073797464371,0.30770981311798096,0.24698179960250854,-0.1277628391981125,0.3043896555900574,0.5267837047576904,-0.06870337575674057,0.2657950520515442,0.4509207606315613,-0.09678743779659271,0.24206207692623138,0.40094074606895447,-0.11197709292173386,0.2248537838459015,0.35109421610832214,-0.12211313843727112
0,0.38910308480262756,0.7144036293029785,6.710125717290794e-07,0.45825207233428955,0.6945790648460388,-0.03750700131058693,0.5212234854698181,0.6527387499809265,-0.0606912225484848,0.5710842609405518,0.6207678914070129,-0.0817500576376915,0.612367570400238,0.600089430809021,-0.1035609319806099,0.46517762541770935,0.5168461203575134,-0.049156125634908676,0.49800223112106323,0.432465523481369,-0.07790033519268036,0.5162371397018433,0.3796950578689575,-0.09765692055225372,0.5297170877456665,0.33165696263313293,-0.11169963330030441,0.42422235012054443,0.49724066257476807,-0.04987500607967377,0.45008334517478943,0.39661288261413574,-0.07689820230007172,0.4659716784954071,0.3327218294143677,-0.09510938823223114,0.47578442096710205,0.2785521447658539,-0.10809741169214249,0.3825424313545227,0.5031267404556274,-0.05431513860821724,0.36992549896240234,0.4027378559112549,-0.08290480822324753,0.36076125502586365,0.33785727620124817,-0.10220876336097717,0.3554413914680481,0.2823338508605957,-0.11464386433362961,0.34243911504745483,0.5312649011611938,-0.06156502664089203,0.31039533019065857,0.46046167612075806,-0.08683320134878159,0.29134702682495117,0.4150036871433258,-0.09970186650753021,0.2784290313720703,0.371407151222229,-0.10804640501737595
0,0.40040862560272217,0.7059324383735657,5.88199100093334e-07,0.46327146887779236,0.6913589239120483,-0.033834878355264664,0.5207505226135254,0.655541718006134,-0.054250091314315796,0.5670167207717896,0.6293097734451294,-0.0728035494685173,0.603674054145813,0.6111575961112976,-0.09180089086294174,0.47319862246513367,0.5308501720428467,-0.04283031076192856,0.5026111006736755,0.45553821325302124,-0.06695795059204102,0.5185244083404541,0.40882840752601624,-0.08327551186084747,0.5300657153129578,0.36646217107772827,-0.09500689804553986,0.4368278980255127,0.5114346742630005,-0.042712122201919556,0.4611605107784271,0.4246082305908203,-0.06558754295110703,0.4761029779911041,0.3696061670780182,-0.08051418513059616,0.4852088987827301,0.3223169445991516,-0.09110912680625916,0.39951077103614807,0.5149663090705872,-0.04605289176106453,0.3897084593772888,0.42586514353752136,-0.07050920277833939,0.382826566696167,0.3689471483230591,-0.08673367649316788,0.3785119354724884,0.31998318433761597,-0.09717196971178055,0.36437225341796875,0.5390247106552124,-0.05204499512910843,0.33676445484161377,0.4755103290081024,-0.07414648681879044,0.32023799419403076,0.4342534840106964,-0.08535709232091904,0.3087325394153595,0.3950560688972473,-0.09254121780395508
0,0.41323530673980713,0.691700279712677,4.915171984976041e-07,0.46748656034469604,0.6806938648223877,-0.021543772891163826,0.51338130235672,0.6512442827224731,-0.033974338322877884,0.552203893661499,0.626868724822998,-0.04605124145746231,0.583148717880249,0.611863911151886,-0.05823851004242897,0.48031309247016907,0.537132203578949,-0.01957745850086212,0.5048375725746155,0.474305659532547,-0.03386836126446724,0.5186036229133606,0.4373386800289154,-0.044370267540216446,0.5286367535591125,0.40561819076538086,-0.05204471945762634,0.4498462378978729,0.5205013751983643,-0.020659619942307472,0.4708732068538666,0.4479513466358185,-0.03421095386147499,0.4837186336517334,0.4022828936576843,-0.04448956251144409,0.49144354462623596,0.3648684024810791,-0.05164017900824547,0.41780462861061096,0.5228502750396729,-0.024789638817310333,0.4096825122833252,0.44804564118385315,-0.04079246148467064,0.40522709488868713,0.4006651043891907,-0.053649500012397766,0.4027765095233917,0.3619292974472046,-0.06185184791684151,0.38723093271255493,0.5416610836982727,-0.030700543895363808,0.36454683542251587,0.4877326786518097,-0.0459459163248539,0.3515084981918335,0.4531201720237732,-0.05450290068984032,0.3437175452709198,0.4208269715309143,-0.05982453376054764
0,0.4246709644794464,0.7157022953033447,2.1829227137004636e-07,0.46641966700553894,0.7075486183166504,-0.008173547685146332,0.4954952597618103,0.6710990071296692,-0.011010827496647835,0.5137559175491333,0.6442756056785583,-0.015045082196593285,0.5308772921562195,0.6262611150741577,-0.019536852836608887,0.4929817318916321,0.5735969543457031,-0.006583661772310734,0.5108619332313538,0.5153604745864868,-0.016307005658745766,0.5218313336372375,0.48102623224258423,-0.022710680961608887,0.5305879712104797,0.45381036400794983,-0.027487367391586304,0.4745143949985504,0.563418984413147,-0.01215275563299656,0.4900020956993103,0.4947468042373657,-0.022431466728448868,0.5005366802215576,0.45277851819992065,-0.030010465532541275,0.5081508159637451,0.41931039094924927,-0.03442378342151642,0.4543987810611725,0.5708311796188354,-0.019628146663308144,0.4529650807380676,0.5050162076950073,-0.03247922658920288,0.4534984529018402,0.4632526636123657,-0.04280616343021393,0.4547951817512512,0.4281778335571289,-0.04906240478157997,0.43310773372650146,0.5939172506332397,-0.02784007415175438,0.42237839102745056,0.5513022541999817,-0.041184864938259125,0.41617485880851746,0.5225692987442017,-0.04874579980969429,0.41222721338272095,0.4964222311973572,-0.053239855915308
0,0.40679749846458435,0.7109985947608948,6.556732614626526e-07,0.45535585284233093,0.7173709869384766,-0.043019674718379974,0.4960562288761139,0.7033143639564514,-0.0669856071472168,0.5344369411468506,0.6939007043838501,-0.08569978922605515,0.5686296820640564,0.6947780847549438,-0.10364270955324173,0.4776339828968048,0.5651289224624634,-0.043162792921066284,0.5069690346717834,0.5074852705001831,-0.06048310920596123,0.525421142578125,0.46993112564086914,-0.0722014531493187,0.5407430529594421,0.44250330328941345,-0.08027081191539764,0.45437851548194885,0.5434591770172119,-0.032590579241514206,0.4823015332221985,0.4774201512336731,-0.04664319008588791,0.501295268535614,0.43547922372817993,-0.05527600646018982,0.5166911482810974,0.402809739112854,-0.061105601489543915,0.4285752475261688,0.5400938391685486,-0.026309674605727196,0.4359625577926636,0.46773257851600647,-0.041611965745687485,0.44119659066200256,0.4186494052410126,-0.05464763194322586,0.44742316007614136,0.37885767221450806,-0.06316316872835159,0.4009409248828888,0.5519595146179199,-0.023590071126818657,0.3922319710254669,0.49864742159843445,-0.03824733942747116,0.3894667625427246,0.4617176055908203,-0.04843940585851669,0.39106419682502747,0.42983341217041016,-0.055288564413785934
0,0.3165883421897888,0.664785623550415,8.889235232345527e-07,0.3532915413379669,0.7040306329727173,-0.10011870414018631,0.3733868896961212,0.7073332071304321,-0.16668541729450226,0.3963763117790222,0.7176309823989868,-0.21423281729221344,0.4190562963485718,0.7357513904571533,-0.2620968520641327,0.3442115783691406,0.5687313675880432,-0.16991956532001495,0.3573359251022339,0.5059298276901245,-0.22196842730045319,0.3669187128543854,0.455766499042511,-0.25431889295578003,0.3765740394592285,0.4081740081310272,-0.276266872882843,0.32983508706092834,0.5271086096763611,-0.13459445536136627,0.34061670303344727,0.4320544898509979,-0.18864722549915314,0.3531995117664337,0.3631232976913452,-0.22195033729076385,0.36565592885017395,0.3041776120662689,-0.2462235689163208,0.3236768841743469,0.5048648715019226,-0.09937061369419098,0.33775511384010315,0.417789101600647,-0.13955152034759521,0.3511284291744232,0.35462209582328796,-0.1681590974330902,0.3658589720726013,0.3077670633792877,-0.18795646727085114,0.3225127160549164,0.49680110812187195,-0.06982135027647018,0.3242875039577484,0.43312084674835205,-0.09542857110500336,0.3260851502418518,0.38867875933647156,-0.11494890600442886,0.3308379054069519,0.35089579224586487,-0.1309916228055954
0,0.38444098830223083,0.66469806432724,3.566865700577182e-07,0.43501532077789307,0.6874420046806335,-0.03967257961630821,0.4848795533180237,0.691064178943634,-0.06783020496368408,0.5343210697174072,0.6999697685241699,-0.09232047945261002,0.575290322303772,0.7018516659736633,-0.11960672587156296,0.45241427421569824,0.6118329763412476,-0.08048653602600098,0.48532170057296753,0.563187301158905,-0.11203602701425552,0.5063849091529846,0.5303676128387451,-0.1301814615726471,0.5245108008384705,0.49706029891967773,-0.14352278411388397,0.41990405321121216,0.577875554561615,-0.07847010344266891,0.43824276328086853,0.508594810962677,-0.10908780246973038,0.4520665407180786,0.4637618660926819,-0.1258363425731659,0.46226170659065247,0.41863352060317993,-0.14021171629428864,0.38799500465393066,0.5634505748748779,-0.07746721059083939,0.38087496161460876,0.49018600583076477,-0.10677464306354523,0.37615078687667847,0.4384230077266693,-0.12215730547904968,0.3736911714076996,0.39066261053085327,-0.1342301219701767,0.36045482754707336,0.5678113698959351,-0.07902418822050095,0.3390655219554901,0.5081031918525696,-0.10444419085979462,0.3247546851634979,0.470983624458313,-0.11610061675310135,0.3135853409767151,0.43574202060699463,-0.12573520839214325
0,0.33137309551239014,0.5215710401535034,2.815469315464725e-07,0.38930079340934753,0.5537323951721191,0.006585003342479467,0.4392154812812805,0.5898376107215881,0.0022833694238215685,0.4855973720550537,0.6036297678947449,-0.004469071980565786,0.5199334025382996,0.5955773591995239,-0.013027424924075603,0.3963437080383301,0.6768491864204407,-0.009289824403822422,0.4153316617012024,0.74648517370224,-0.016859782859683037,0.4248121380805969,0.7863593101501465,-0.02172900177538395,0.4330679774284363,0.8239355683326721,-0.025722496211528778,0.3606626093387604,0.6958458423614502,-0.019259227439761162,0.37150418758392334,0.7819544076919556,-0.027561062946915627,0.37609684467315674,0.8345586061477661,-0.03419649600982666,0.3774994909763336,0.8781066536903381,-0.04009580612182617,0.3233960270881653,0.695620059967041,-0.027677925303578377,0.3029598295688629,0.7728482484817505,-0.03767836093902588,0.2865044176578522,0.8203951120376587,-0.04734126478433609,0.2740294635295868,0.8591400980949402,-0.05380173772573471,0.29252326488494873,0.6781066060066223,-0.03423682972788811,0.2634027600288391,0.7379997968673706,-0.04023290425539017,0.2450488656759262,0.769702136516571,-0.041652705520391464,0.22702795267105103,0.7975211143493652,-0.04278817027807236
0,0.3335971534252167,0.5192497968673706,3.2496271273885213e-07,0.3900814354419708,0.5558093786239624,0.008613606914877892,0.4350249767303467,0.5969774127006531,0.004912571050226688,0.4749905467033386,0.6237900853157043,-0.0005175514379516244,0.5023391842842102,0.622722864151001,-0.007614791393280029,0.3853067457675934,0.6919357776641846,-0.015729477629065514,0.4023224711418152,0.778917133808136,-0.023036833852529526,0.41143953800201416,0.8271671533584595,-0.025703072547912598,0.4159688353538513,0.8696101307868958,-0.02813694439828396,0.3520358204841614,0.705175518989563,-0.02571263164281845,0.3599186837673187,0.8027223348617554,-0.03749581426382065,0.36362403631210327,0.8643181920051575,-0.0450049564242363,0.3622870445251465,0.9111009240150452,-0.051059089601039886,0.3184906244277954,0.6987931132316589,-0.03304629027843475,0.2949341833591461,0.7855059504508972,-0.044179413467645645,0.27690550684928894,0.8414605855941772,-0.05495387688279152,0.2615717947483063,0.8861300945281982,-0.062339335680007935,0.2914508879184723,0.6774234771728516,-0.03800744563341141,0.2574225664138794,0.7427049875259399,-0.046173930168151855,0.23553812503814697,0.7774949669837952,-0.04996615648269653,0.21539737284183502,0.8092848062515259,-0.052559010684490204
0,0.31995242834091187,0.5343846678733826,3.0439343845500844e-07,0.3816967010498047,0.5229083299636841,0.004036734811961651,0.4359237551689148,0.5240097045898438,-0.0001753555698087439,0.47767287492752075,0.5069502592086792,-0.006162990815937519,0.5019037127494812,0.4782407879829407,-0.014126908034086227,0.43769893050193787,0.6302512884140015,-0.011285468935966492,0.49298813939094543,0.679874837398529,-0.01696627587080002,0.5244008302688599,0.7084054946899414,-0.01990317367017269,0.5492907166481018,0.733860194683075,-0.022589631378650665,0.41596904397010803,0.6697843074798584,-0.0218485239893198,0.4689486622810364,0.7360908389091492,-0.02734755352139473,0.502292275428772,0.7793036699295044,-0.033018577843904495,0.5254060626029968,0.8141858577728271,-0.03835561126470566,0.38676485419273376,0.6933162808418274,-0.031423475593328476,0.4100227653980255,0.7737516164779663,-0.03938053920865059,0.42108264565467834,0.8258635997772217,-0.04900547116994858,0.42963704466819763,0.8663813471794128,-0.056139178574085236,0.356984406709671,0.7004859447479248,-0.03964639827609062,0.3630918264389038,0.7700093388557434,-0.04698268696665764,0.36338067054748535,0.8101460337638855,-0.04973021522164345,0.3624168038368225,0.8431030511856079,-0.05165426805615425
0,0.32688796520233154,0.6750640869140625,2.6216605419904226e-07,0.35795584321022034,0.5999525785446167,0.005554241128265858,0.3969062864780426,0.5454322099685669,0.0005954496446065605,0.423540860414505,0.4904782772064209,-0.005646626930683851,0.42979946732521057,0.4449376165866852,-0.013406823389232159,0.4698312282562256,0.6039628386497498,-0.015149137936532497,0.5362299680709839,0.5823575258255005,-0.021975258365273476,0.5703797936439514,0.5698779821395874,-0.0251927450299263,0.5970133543014526,0.5602098703384399,-0.027750281617045403,0.47446781396865845,0.6507071256637573,-0.025058498606085777,0.5502394437789917,0.6378667950630188,-0.03105197288095951,0.592744767665863,0.6275408864021301,-0.035847630351781845,0.6237363815307617,0.6196579933166504,-0.040231719613075256,0.4635021388530731,0.6982616186141968,-0.03329099342226982,0.5313113331794739,0.7249264121055603,-0.04104015231132507,0.5734174847602844,0.739618182182312,-0.049399737268686295,0.6048935651779175,0.7496254444122314,-0.05596540868282318,0.44282272458076477,0.7378445267677307,-0.03962881118059158,0.4883577823638916,0.7758386135101318,-0.046641211956739426,0.516381025314331,0.7972399592399597,-0.04890940710902214,0.5416514277458191,0.8152095079421997,-0.05046665295958519
0,0.3290817141532898,0.7291252613067627,2.2971873647747998e-07,0.34530600905418396,0.6506901979446411,0.002785599324852228,0.3737379312515259,0.5873360633850098,-0.002619000617414713,0.3933776319026947,0.5306789875030518,-0.008306805044412613,0.3963623642921448,0.4860995411872864,-0.015374831855297089,0.4542841613292694,0.6214125156402588,-0.021458996459841728,0.5179570913314819,0.5793527364730835,-0.02981521002948284,0.5518011450767517,0.557471513748169,-0.03310411423444748,0.577818751335144,0.5408216714859009,-0.0354585126042366,0.4678420424461365,0.6674219965934753,-0.02987063117325306,0.5399531126022339,0.6346594095230103,-0.03707204386591911,0.5793125033378601,0.6127365231513977,-0.04193619266152382,0.6077617406845093,0.5951167941093445,-0.04606150463223457,0.46743354201316833,0.718995988368988,-0.03663666173815727,0.5365734696388245,0.725340723991394,-0.04628835618495941,0.5796634554862976,0.7290775775909424,-0.05589693412184715,0.6115278005599976,0.7307242155075073,-0.06300801783800125,0.4557095468044281,0.7664562463760376,-0.04158303886651993,0.5049219727516174,0.795280933380127,-0.05158456042408943,0.5363229513168335,0.8118237853050232,-0.05626697465777397,0.5639734268188477,0.8245120048522949,-0.059003446251153946
0,0.34068378806114197,0.748332142829895,2.288079770096374e-07,0.34613949060440063,0.6722332239151001,0.0026259953156113625,0.3645778000354767,0.6060305237770081,-0.002118895761668682,0.3741837441921234,0.5498330593109131,-0.007406977936625481,0.3687324523925781,0.5091418027877808,-0.014233740046620369,0.44651225209236145,0.6159760355949402,-0.018398700281977654,0.501069188117981,0.561831533908844,-0.026394540444016457,0.5311065316200256,0.5331432223320007,-0.029660969972610474,0.5535157918930054,0.5114171504974365,-0.03201862797141075,0.4665753245353699,0.656183123588562,-0.02691839449107647,0.5301018953323364,0.6049800515174866,-0.03261495381593704,0.5643313527107239,0.5742756724357605,-0.03610464930534363,0.5879009962081909,0.5508711934089661,-0.03932388871908188,0.4728110134601593,0.7058255672454834,-0.034250009804964066,0.5395824313163757,0.6911020874977112,-0.04263896495103836,0.5802735090255737,0.6805892586708069,-0.0510825552046299,0.6086466312408447,0.6709922552108765,-0.057666391134262085,0.4670673608779907,0.7561143636703491,-0.0400349497795105,0.5163456201553345,0.7708181738853455,-0.04952431842684746,0.5483182072639465,0.7767473459243774,-0.05394583195447922,0.5747056007385254,0.778380274772644,-0.05663960427045822
0,0.4045453667640686,0.7979326248168945,2.6040524403470044e-07,0.3824121654033661,0.7274045348167419,-0.0014076551888138056,0.3734976053237915,0.6649335026741028,-0.009071215987205505,0.36437666416168213,0.6117672324180603,-0.016539307311177254,0.3479950428009033,0.578357994556427,-0.025084545835852623,0.45603010058403015,0.6284580826759338,-0.021758614107966423,0.47565406560897827,0.5489817261695862,-0.03227698430418968,0.48733919858932495,0.5047476291656494,-0.03702473267912865,0.4965013265609741,0.4717113971710205,-0.039512258023023605,0.4852758049964905,0.654863715171814,-0.027844654396176338,0.5305550694465637,0.5824123620986938,-0.03812116011977196,0.5562417507171631,0.5407453179359436,-0.0432945154607296,0.5755326151847839,0.5113064050674438,-0.046401988714933395,0.5031709671020508,0.6923722624778748,-0.033061433583498,0.5580059885978699,0.6491914987564087,-0.04580842703580856,0.593772292137146,0.6225407719612122,-0.05585256218910217,0.6208329200744629,0.6015980243682861,-0.061600495129823685,0.5109801888465881,0.7339659333229065,-0.036810845136642456,0.5614352226257324,0.7181206345558167,-0.047428302466869354,0.5917408466339111,0.7077575325965881,-0.05126022920012474,0.6179864406585693,0.6962411403656006,-0.052749089896678925
0,0.45311740040779114,0.8151594400405884,2.4207679416576866e-07,0.4191679060459137,0.7462653517723083,0.00837495643645525,0.40602272748947144,0.6811503171920776,0.012566924095153809,0.3871549963951111,0.6343936920166016,0.014686936512589455,0.3636797070503235,0.61058509349823,0.01507497113198042,0.48418569564819336,0.6269142627716064,0.006323972716927528,0.49286139011383057,0.5457756519317627,0.005944890435785055,0.500349223613739,0.5011377334594727,0.005974655970931053,0.5075715780258179,0.4704207181930542,0.006430173292756081,0.5187888741493225,0.6429333686828613,-0.001293826848268509,0.5567717552185059,0.5658453702926636,0.0002762387157417834,0.5779874920845032,0.5225225687026978,-0.0019611045718193054,0.5940825343132019,0.4945824146270752,-0.0032391073182225227,0.5438857078552246,0.6735789179801941,-0.008680235594511032,0.5922626256942749,0.623397707939148,-0.012980177998542786,0.6219400763511658,0.5931809544563293,-0.02469182014465332,0.6449364423751831,0.5693458318710327,-0.03256158530712128,0.5578713417053223,0.7113333344459534,-0.014256391674280167,0.6064165830612183,0.7014368772506714,-0.02199508249759674,0.6368767023086548,0.6950977444648743,-0.028465287759900093,0.662186861038208,0.6889234185218811,-0.031845346093177795
0,0.264857679605484,0.5548036098480225,6.252474236134731e-07,0.3068300485610962,0.49362751841545105,-0.04000193625688553,0.3297586143016815,0.42484256625175476,-0.06558635830879211,0.34944674372673035,0.3657313585281372,-0.08775782585144043,0.37397557497024536,0.3246898651123047,-0.11112745851278305,0.2306629866361618,0.35993504524230957,-0.059430141001939774,0.21598570048809052,0.2784872055053711,-0.0888364240527153,0.20537851750850677,0.2246280312538147,-0.10839972645044327,0.1930471956729889,0.17822012305259705,-0.12275631725788116,0.1905389130115509,0.3769083023071289,-0.0585816316306591,0.15472348034381866,0.29035016894340515,-0.08639468252658844,0.1325717717409134,0.23336128890514374,-0.10393721610307693,0.11086449772119522,0.18699562549591064,-0.11671753227710724,0.16415604948997498,0.4151250422000885,-0.06093931198120117,0.10471789538860321,0.3612738251686096,-0.09096193313598633,0.06622609496116638,0.3220459520816803,-0.11191664636135101,0.03421323001384735,0.2874661982059479,-0.12564784288406372,0.15150704979896545,0.46504151821136475,-0.06602597236633301,0.09214012324810028,0.44554102420806885,-0.09430728107690811,0.05546778440475464,0.43321463465690613,-0.1102733239531517,0.023364409804344177,0.4178387522697449,-0.12084227055311203
0,0.3076120615005493,0.6876029968261719,5.153062261342711e-07,0.367584228515625,0.6574039459228516,-0.04032745584845543,0.4095107614994049,0.6110443472862244,-0.06677205860614777,0.44357654452323914,0.5677690505981445,-0.0897827222943306,0.47021761536598206,0.5309527516365051,-0.1149565577507019,0.33328956365585327,0.5362285375595093,-0.07265619933605194,0.3388603627681732,0.455971896648407,-0.10524275153875351,0.34233689308166504,0.40392252802848816,-0.1252160668373108,0.34219062328338623,0.35555994510650635,-0.13980992138385773,0.2895362675189972,0.5359264612197876,-0.07226838171482086,0.2763153910636902,0.44601970911026,-0.10573387891054153,0.26956263184547424,0.38386908173561096,-0.12680117785930634,0.25846680998802185,0.32826846837997437,-0.14309270679950714,0.254700243473053,0.5582430362701416,-0.07358508557081223,0.2109995186328888,0.48684069514274597,-0.1074705645442009,0.18031540513038635,0.43958547711372375,-0.12907250225543976,0.15393520891666412,0.39629071950912476,-0.14424411952495575,0.23129460215568542,0.5965126752853394,-0.07727242261171341,0.17896124720573425,0.5633742809295654,-0.1082984134554863,0.14577776193618774,0.546193540096283,-0.12435144186019897,0.11665467917919159,0.526286780834198,-0.13585412502288818
0,0.3046145439147949,0.6887087821960449,5.112830763209786e-07,0.36474254727363586,0.6643006205558777,-0.03753542900085449,0.41024109721183777,0.6195065379142761,-0.06148480996489525,0.4489956200122833,0.580694854259491,-0.08293250948190689,0.48139896988868713,0.5500773191452026,-0.10631155222654343,0.3394384980201721,0.5343436598777771,-0.062248483300209045,0.35274240374565125,0.45818787813186646,-0.0921303927898407,0.3606876730918884,0.40774670243263245,-0.111173614859581,0.3647124767303467,0.36008214950561523,-0.12508168816566467,0.2958143949508667,0.527886688709259,-0.0627141147851944,0.2902580797672272,0.4387436509132385,-0.09131451696157455,0.28909003734588623,0.37752705812454224,-0.10903353989124298,0.2831054925918579,0.3219781816005707,-0.1227528527379036,0.26004642248153687,0.5454970002174377,-0.0655202567577362,0.22275452315807343,0.4707702100276947,-0.09523509442806244,0.19675558805465698,0.4209264814853668,-0.11396116763353348,0.17434775829315186,0.37413734197616577,-0.12713897228240967,0.23469315469264984,0.5817885994911194,-0.07098881155252457,0.18500052392482758,0.5437813401222229,-0.09860532730817795,0.15275633335113525,0.5219646096229553,-0.11228076368570328,0.12517447769641876,0.49809733033180237,-0.12193482369184494
0,0.2992206811904907,0.686665952205658,5.377791580940539e-07,0.35583406686782837,0.689543604850769,-0.034009113907814026,0.41045916080474854,0.6714194416999817,-0.056595493108034134,0.4591919779777527,0.6565877199172974,-0.07703882455825806,0.5001962780952454,0.6451660990715027,-0.09942586719989777,0.37248387932777405,0.5693567991256714,-0.05835838243365288,0.41086432337760925,0.5077113509178162,-0.08646682649850845,0.4333454668521881,0.46656137704849243,-0.10372769087553024,0.4506150484085083,0.4277338981628418,-0.11606815457344055,0.3347606658935547,0.5403378009796143,-0.05976380407810211,0.3594489097595215,0.4562642276287079,-0.08626661449670792,0.37869957089424133,0.40171414613723755,-0.10106179118156433,0.39103689789772034,0.3535880148410797,-0.11222153156995773,0.29630938172340393,0.5372169017791748,-0.0635167807340622,0.2834398150444031,0.45032110810279846,-0.09177792072296143,0.27498891949653625,0.3925667405128479,-0.10872382670640945,0.2699158489704132,0.34092986583709717,-0.12027066200971603,0.26104575395584106,0.5568335056304932,-0.06952613592147827,0.22954562306404114,0.4949731230735779,-0.0956178605556488,0.2076503336429596,0.45745396614074707,-0.10766251385211945,0.1904071569442749,0.4204651117324829,-0.11593703180551529
0,0.31046971678733826,0.6373239159584045,4.5702361717303575e-07,0.31034210324287415,0.7103917002677917,-0.03945305943489075,0.32800066471099854,0.7749722003936768,-0.06567234545946121,0.34392327070236206,0.8347835540771484,-0.0876564010977745,0.3606785833835602,0.8829735517501831,-0.11197534948587418,0.3806454539299011,0.7119128108024597,-0.07824055850505829,0.42951905727386475,0.7415698170661926,-0.110892653465271,0.4650096893310547,0.7582097053527832,-0.130063995718956,0.4986688494682312,0.7717103362083435,-0.14403830468654633,0.40082284808158875,0.6606589555740356,-0.07640736550092697,0.4594287872314453,0.680536687374115,-0.10931926220655441,0.5022170543670654,0.6965528726577759,-0.12842154502868652,0.5407134890556335,0.7071387767791748,-0.1439158171415329,0.4033803939819336,0.6120346784591675,-0.07560023665428162,0.46140050888061523,0.5975167751312256,-0.1063283160328865,0.5031659007072449,0.5883452296257019,-0.1240588054060936,0.5391867756843567,0.5820580124855042,-0.13735170662403107,0.39107608795166016,0.5706889033317566,-0.07706595212221146,0.432079941034317,0.5343424677848816,-0.10368916392326355,0.45809200406074524,0.513096272945404,-0.11684343963861465,0.48280540108680725,0.4947959780693054,-0.12720297276973724
0,0.4017014801502228,0.9348058700561523,2.088077053485904e-07,0.36284518241882324,0.8874305486679077,0.0006099105812609196,0.33751380443573,0.8415059447288513,-0.006487431935966015,0.3102344870567322,0.8035041689872742,-0.014499776996672153,0.2835615277290344,0.7879613637924194,-0.023919200524687767,0.39362484216690063,0.7715542912483215,-0.014264297671616077,0.39126214385032654,0.6942774057388306,-0.02237989753484726,0.3887711763381958,0.6512938141822815,-0.027345413342118263,0.3873959481716156,0.6167771816253662,-0.03142132982611656,0.42340636253356934,0.7759488821029663,-0.021566195413470268,0.4296661913394928,0.6907324194908142,-0.030147641897201538,0.4313100278377533,0.639904797077179,-0.03691418468952179,0.4317731559276581,0.6006816625595093,-0.0425821915268898,0.44993025064468384,0.7958508729934692,-0.028036126866936684,0.4809093773365021,0.7214531898498535,-0.0391065888106823,0.5000030994415283,0.6781965494155884,-0.04899518936872482,0.5129417181015015,0.6436303853988647,-0.05594499036669731,0.47143059968948364,0.8254526257514954,-0.03310190513730049,0.509429931640625,0.782480776309967,-0.04372575134038925,0.5314717292785645,0.755836009979248,-0.048502154648303986,0.5495713949203491,0.7290698289871216,-0.05147511884570122
0,0.40791893005371094,0.8872868418693542,5.090172976451868e-07,0.4602220058441162,0.875160813331604,-0.01903865486383438,0.5009864568710327,0.8535263538360596,-0.03076397255063057,0.5340615510940552,0.8308546543121338,-0.04190640151500702,0.5620948076248169,0.8228422999382019,-0.05313467979431152,0.4740976095199585,0.7396201491355896,-0.018764212727546692,0.5030249357223511,0.6827605962753296,-0.03212866187095642,0.5194946527481079,0.6482264995574951,-0.04190932959318161,0.5322418212890625,0.6179405450820923,-0.04908621683716774,0.4441814422607422,0.7206371426582336,-0.020325839519500732,0.46682077646255493,0.6502347588539124,-0.032366473227739334,0.48183131217956543,0.6073532104492188,-0.041257377713918686,0.49291548132896423,0.5723750591278076,-0.04744663089513779,0.41237354278564453,0.7218047976493835,-0.024593012407422066,0.40691882371902466,0.6501869559288025,-0.04018804430961609,0.4043661952018738,0.6025010347366333,-0.05409906059503555,0.4036095440387726,0.5639840960502625,-0.06287471950054169,0.38104355335235596,0.7397734522819519,-0.030176030471920967,0.3581329584121704,0.6869006156921387,-0.04598606377840042,0.3439449071884155,0.6536255478858948,-0.055751509964466095,0.33441662788391113,0.6227277517318726,-0.06165935844182968
0,0.4272049367427826,0.8377637267112732,9.090039725379029e-07,0.5134854912757874,0.8449354767799377,-0.04606296494603157,0.6026396751403809,0.8276273608207703,-0.07630517333745956,0.672846794128418,0.8045468926429749,-0.10315345227718353,0.7327332496643066,0.7782176733016968,-0.13000346720218658,0.5888301730155945,0.632758378982544,-0.05951330065727234,0.6591787338256836,0.5422555208206177,-0.09387326240539551,0.6990551948547363,0.49065113067626953,-0.11549609154462814,0.730324923992157,0.4472183287143707,-0.13014981150627136,0.5441288948059082,0.5877269506454468,-0.060898300260305405,0.6102484464645386,0.4738818407058716,-0.0932932123541832,0.6529226899147034,0.4077683091163635,-0.11530636250972748,0.6856628060340881,0.34862127900123596,-0.13057276606559753,0.48904949426651,0.5728604197502136,-0.06715206801891327,0.5088506937026978,0.4418635666370392,-0.10249870270490646,0.5245761275291443,0.35334426164627075,-0.12900681793689728,0.5409772396087646,0.2780132591724396,-0.14672651886940002,0.42885246872901917,0.5832003951072693,-0.07632771879434586,0.41448456048965454,0.47849851846694946,-0.10979514569044113,0.40636545419692993,0.40999484062194824,-0.12818443775177002,0.404188334941864,0.3447665572166443,-0.14013457298278809
0,0.47490194439888,0.7809817790985107,9.669014389146469e-07,0.5703057050704956,0.7994226813316345,-0.04540053755044937,0.6640661358833313,0.7767263650894165,-0.07037561386823654,0.7328213453292847,0.7494837045669556,-0.09228839725255966,0.7940350770950317,0.7323305606842041,-0.11415355652570724,0.6512869000434875,0.5729355812072754,-0.049874261021614075,0.7260080575942993,0.48989367485046387,-0.08176852017641068,0.7709099054336548,0.4395633339881897,-0.10341998189687729,0.8073348999023438,0.3927514851093292,-0.1188158467411995,0.6051219701766968,0.5239849090576172,-0.051904384046792984,0.6760705709457397,0.41283535957336426,-0.08195792138576508,0.7239647507667542,0.34492266178131104,-0.10355067253112793,0.7594060897827148,0.28647544980049133,-0.11839734762907028,0.5484811663627625,0.5085906386375427,-0.059490084648132324,0.5725823044776917,0.37675032019615173,-0.09445170313119888,0.5920339226722717,0.2848106622695923,-0.12141796201467514,0.6114784479141235,0.20741605758666992,-0.13853104412555695,0.48526549339294434,0.5219915509223938,-0.07033289968967438,0.47620445489883423,0.41406065225601196,-0.10445201396942139,0.4719809889793396,0.3423808217048645,-0.12338744103908539,0.4745720624923706,0.2744688391685486,-0.13526245951652527
0,0.40370070934295654,0.6545400619506836,1.0081232630909653e-06,0.496737539768219,0.6557396650314331,-0.05178004130721092,0.5806648135185242,0.6163904666900635,-0.08241996169090271,0.6523429751396179,0.5825082063674927,-0.10894183814525604,0.7143316864967346,0.5695749521255493,-0.1358913779258728,0.5556209683418274,0.41797709465026855,-0.06627214699983597,0.6244198083877563,0.320101797580719,-0.10472676903009415,0.6678619384765625,0.25689417123794556,-0.13035716116428375,0.7038693428039551,0.1998109370470047,-0.14889296889305115,0.5057375431060791,0.3713182210922241,-0.06701944768428802,0.5655154585838318,0.24565596878528595,-0.103646419942379,0.6069842576980591,0.16702406108379364,-0.127687007188797,0.6397796869277954,0.09678038954734802,-0.14428257942199707,0.447091668844223,0.36254170536994934,-0.07310719788074493,0.4569348692893982,0.22339963912963867,-0.11354576796293259,0.4672818183898926,0.12626150250434875,-0.14174136519432068,0.4797905683517456,0.043454378843307495,-0.15945857763290405,0.38557958602905273,0.3848121762275696,-0.08288082480430603,0.36239099502563477,0.2749345302581787,-0.1209910586476326,0.351192831993103,0.20120173692703247,-0.14160145819187164,0.3474985957145691,0.12971898913383484,-0.1545863300561905
0,0.37510761618614197,0.6743588447570801,1.0107166872330708e-06,0.46880653500556946,0.6790765523910522,-0.05837280675768852,0.5540914535522461,0.640097439289093,-0.09223828464746475,0.6202909350395203,0.6020373702049255,-0.12034524232149124,0.6814935803413391,0.5865644812583923,-0.14914442598819733,0.5249022841453552,0.44775113463401794,-0.07923650741577148,0.5921112895011902,0.35010474920272827,-0.12139902263879776,0.6342413425445557,0.28649210929870605,-0.1490633487701416,0.6691889762878418,0.22832593321800232,-0.16912180185317993,0.47365349531173706,0.40192094445228577,-0.07707672566175461,0.5320481657981873,0.2776275873184204,-0.1182371973991394,0.5724517107009888,0.19940806925296783,-0.1455005556344986,0.6050680875778198,0.12801465392112732,-0.1649864763021469,0.4149647057056427,0.39221587777137756,-0.08026151359081268,0.4228384494781494,0.2555919885635376,-0.12448211759328842,0.4326306879520416,0.161842942237854,-0.1564360111951828,0.4447633624076843,0.08198624849319458,-0.1772763580083847,0.35356488823890686,0.4123416841030121,-0.08729966729879379,0.33060717582702637,0.3046102523803711,-0.12807230651378632,0.31799882650375366,0.2333684116601944,-0.1521787792444229,0.31291666626930237,0.16348427534103394,-0.16855208575725555
0,0.3369571566581726,0.7027368545532227,9.89341970125679e-07,0.43102994561195374,0.7000526785850525,-0.05292452871799469,0.5166335105895996,0.6596177816390991,-0.08389666676521301,0.5848024487495422,0.6199856996536255,-0.11053043603897095,0.6459921598434448,0.6070168018341064,-0.137848898768425,0.4798782169818878,0.46928876638412476,-0.06823641061782837,0.5470361709594727,0.3714795708656311,-0.10748381912708282,0.5878140926361084,0.3071228265762329,-0.13378450274467468,0.6212743520736694,0.24846339225769043,-0.1526285707950592,0.42906081676483154,0.4245296120643616,-0.06805871427059174,0.4851824939250946,0.2975648045539856,-0.10504069924354553,0.5239925384521484,0.21738119423389435,-0.12936879694461823,0.554615318775177,0.14579495787620544,-0.14625634253025055,0.37118425965309143,0.4163029193878174,-0.07313916087150574,0.37852588295936584,0.27619117498397827,-0.11370070278644562,0.38556161522865295,0.1820569634437561,-0.1417180597782135,0.3951355516910553,0.10216325521469116,-0.15935823321342468,0.31133610010147095,0.4388849437236786,-0.08195124566555023,0.2870776355266571,0.33132219314575195,-0.11951128393411636,0.27412378787994385,0.25996527075767517,-0.13979755342006683,0.2682550549507141,0.19143587350845337,-0.15262417495250702
0,0.3014466166496277,0.7298228144645691,1.1018357781722443e-06,0.3922980725765228,0.7317368388175964,-0.06947486102581024,0.4729629158973694,0.6979151368141174,-0.11210876703262329,0.5385288596153259,0.665564775466919,-0.14746345579624176,0.6021938323974609,0.6457706689834595,-0.1838604360818863,0.4360943138599396,0.5074896812438965,-0.09809447079896927,0.4998639225959778,0.4083758592605591,-0.14531441032886505,0.5406924486160278,0.3417365849018097,-0.1758754551410675,0.5745041966438293,0.28169018030166626,-0.19774341583251953,0.38569703698158264,0.4652784466743469,-0.09296989440917969,0.440827876329422,0.3398949205875397,-0.13814733922481537,0.47922462224960327,0.26122546195983887,-0.1681436002254486,0.5101239681243896,0.18764930963516235,-0.19006812572479248,0.32768863439559937,0.45906779170036316,-0.09344986826181412,0.32986515760421753,0.3217567801475525,-0.14152315258979797,0.33514320850372314,0.22533836960792542,-0.17627951502799988,0.34360963106155396,0.1436629593372345,-0.19951052963733673,0.26818761229515076,0.4819217026233673,-0.0984468013048172,0.2417781800031662,0.37437111139297485,-0.14150649309158325,0.22830040752887726,0.3033687472343445,-0.16729314625263214,0.22133119404315948,0.2343907356262207,-0.18566326797008514
0,0.268508642911911,0.7436758875846863,1.0810127832883154e-06,0.35560342669487,0.7349978089332581,-0.0636356994509697,0.4334610104560852,0.6991771459579468,-0.10425454378128052,0.5011166334152222,0.6683552861213684,-0.1388695389032364,0.5639722347259521,0.6440800428390503,-0.1741591840982437,0.39036279916763306,0.5104020237922668,-0.08779691159725189,0.44931790232658386,0.4102911949157715,-0.13215449452400208,0.4875231385231018,0.34517180919647217,-0.1612434685230255,0.5190375447273254,0.2855944037437439,-0.18171577155590057,0.34086325764656067,0.47142863273620605,-0.0841858834028244,0.3921970725059509,0.3462821841239929,-0.1254042088985443,0.42776310443878174,0.26649755239486694,-0.1525266468524933,0.4549732208251953,0.19315260648727417,-0.17219091951847076,0.2845664620399475,0.46857592463493347,-0.0861397534608841,0.2819633483886719,0.3351200222969055,-0.1296425312757492,0.2829858660697937,0.24042034149169922,-0.16020400822162628,0.28782132267951965,0.15897312760353088,-0.18037006258964539,0.22676138579845428,0.49489104747772217,-0.09249770641326904,0.19634532928466797,0.391804039478302,-0.13141202926635742,0.18069402873516083,0.32173168659210205,-0.15349745750427246,0.17201586067676544,0.2531069815158844,-0.16876761615276337
0,0.23803207278251648,0.7719433903694153,9.942255019268487e-07,0.3210661709308624,0.7599979043006897,-0.055081821978092194,0.39481061697006226,0.7246948480606079,-0.09113559871912003,0.46139222383499146,0.6933823823928833,-0.12243001163005829,0.5212569236755371,0.6679017543792725,-0.15429390966892242,0.35037320852279663,0.5402092337608337,-0.07611867785453796,0.4087997376918793,0.44226202368736267,-0.11791346967220306,0.44520390033721924,0.3789498209953308,-0.14589183032512665,0.474676251411438,0.3188105821609497,-0.16537941992282867,0.3020952641963959,0.4999692440032959,-0.07515008002519608,0.3507816195487976,0.3734279274940491,-0.11275310814380646,0.3840731382369995,0.29469069838523865,-0.13672658801078796,0.4087015986442566,0.2232368290424347,-0.15366916358470917,0.24683110415935516,0.4972584843635559,-0.07924803346395493,0.244294673204422,0.3637716770172119,-0.11893002688884735,0.24364927411079407,0.27168259024620056,-0.14500367641448975,0.24649949371814728,0.19094297289848328,-0.16174307465553284,0.19075359404087067,0.5250827074050903,-0.08720706403255463,0.1608027219772339,0.424814909696579,-0.12217573076486588,0.14471398293972015,0.356677383184433,-0.1397598683834076,0.13572759926319122,0.28961461782455444,-0.15117652714252472
0,0.332711786031723,0.8209995627403259,8.13811027455813e-07,0.41604048013687134,0.8188024759292603,-0.03936975076794624,0.5002433061599731,0.7942984104156494,-0.06468169391155243,0.5633229613304138,0.7704933881759644,-0.08790001273155212,0.6180139183998108,0.7585534453392029,-0.11223237961530685,0.4761146008968353,0.6230150461196899,-0.053414225578308105,0.5374172925949097,0.5381059646606445,-0.08555848896503448,0.5715786814689636,0.4844512343406677,-0.10738148540258408,0.6002815365791321,0.4334607422351837,-0.12306230515241623,0.43015027046203613,0.5821945667266846,-0.057771191000938416,0.4847772717475891,0.4719564914703369,-0.08807427436113358,0.5202423930168152,0.40304651856422424,-0.10960202664136887,0.5469882488250732,0.3416594862937927,-0.12507489323616028,0.37660861015319824,0.5722411274909973,-0.066239133477211,0.38607650995254517,0.45045745372772217,-0.09944624453783035,0.39348503947257996,0.3675905466079712,-0.12426865845918655,0.4031526446342468,0.29635119438171387,-0.1409674435853958,0.31981557607650757,0.5887753963470459,-0.07745558023452759,0.2992229461669922,0.4915621876716614,-0.10877859592437744,0.28648102283477783,0.4292376637458801,-0.12525632977485657,0.2808533310890198,0.3684539794921875,-0.13627523183822632
0,0.3869379460811615,0.815521240234375,8.706068115316157e-07,0.4696469306945801,0.82072514295578,-0.043472640216350555,0.5520716905593872,0.794913649559021,-0.07086705416440964,0.6179638504981995,0.7686606049537659,-0.09506378322839737,0.6768409609794617,0.7476511001586914,-0.11942730098962784,0.5365135073661804,0.6162651777267456,-0.05701955407857895,0.6015865802764893,0.529983639717102,-0.09015541523694992,0.6404082775115967,0.4782732129096985,-0.11128231883049011,0.6727635264396667,0.4306942820549011,-0.12615899741649628,0.49207165837287903,0.5737892985343933,-0.059344738721847534,0.5514485836029053,0.4652007222175598,-0.09119252115488052,0.5893307328224182,0.39811351895332336,-0.11266463249921799,0.6185608506202698,0.3369041383266449,-0.12764829397201538,0.4390821158885956,0.5627012252807617,-0.06611627340316772,0.4526309072971344,0.4408089518547058,-0.10062223672866821,0.4634566307067871,0.35511907935142517,-0.1248825192451477,0.4766441583633423,0.28057676553726196,-0.14073224365711212,0.38210538029670715,0.578445315361023,-0.07586976885795593,0.3663026988506317,0.4781181812286377,-0.10816133767366409,0.3574746251106262,0.4128117263317108,-0.124922975897789,0.35558801889419556,0.3488609790802002,-0.13570475578308105
0,0.5064505338668823,0.781567394733429,8.682708880769496e-07,0.5887914896011353,0.7993897795677185,-0.042170606553554535,0.6697360873222351,0.78448086977005,-0.06788431107997894,0.7337179183959961,0.7648367881774902,-0.09072379767894745,0.7912900447845459,0.7515087127685547,-0.1136203184723854,0.6772658824920654,0.597973108291626,-0.049345456063747406,0.7461940050125122,0.5235754251480103,-0.07881014049053192,0.7865564823150635,0.4795702397823334,-0.09868312627077103,0.8201010823249817,0.43851327896118164,-0.1132589653134346,0.6372159719467163,0.5501337647438049,-0.05196892470121384,0.7045188546180725,0.4510834515094757,-0.07978887110948563,0.7477097511291504,0.39433860778808594,-0.09997076541185379,0.7803401350975037,0.34530749917030334,-0.11376606673002243,0.5856820344924927,0.533220648765564,-0.05947992578148842,0.6088594794273376,0.4120333194732666,-0.092494435608387,0.6267914175987244,0.3280830979347229,-0.11864624172449112,0.6442885994911194,0.25909385085105896,-0.13547419011592865,0.5283452272415161,0.5438015460968018,-0.06981492787599564,0.5194939374923706,0.44244104623794556,-0.10289247334003448,0.5147196054458618,0.3757082521915436,-0.12179429084062576,0.5160015225410461,0.3136523962020874,-0.13365916907787323
0,0.5465878248214722,0.7202035188674927,7.761351525914506e-07,0.6272027492523193,0.7551394701004028,-0.03653372824192047,0.7064471244812012,0.7503383755683899,-0.05613157898187637,0.7666056752204895,0.7409138083457947,-0.07348442822694778,0.8176886439323425,0.7397741079330444,-0.09084626287221909,0.7260162830352783,0.5822726488113403,-0.039214201271533966,0.7987532615661621,0.5275056958198547,-0.06608626246452332,0.8422837853431702,0.49075964093208313,-0.08494704961776733,0.8780941963195801,0.45579254627227783,-0.09893423318862915,0.6958851218223572,0.5321162939071655,-0.0413612425327301,0.7690727114677429,0.45804059505462646,-0.06870884448289871,0.8167654871940613,0.4067508578300476,-0.08879908174276352,0.8520331382751465,0.36142945289611816,-0.10239832103252411,0.6528182029724121,0.5082364678382874,-0.04808376356959343,0.6914632320404053,0.4042184054851532,-0.0794912651181221,0.7188348174095154,0.33109912276268005,-0.10345478355884552,0.7430335879325867,0.2709616720676422,-0.11834853142499924,0.6010934114456177,0.5072285532951355,-0.05738776922225952,0.6063979268074036,0.41610074043273926,-0.08826985955238342,0.6143457293510437,0.35341790318489075,-0.10647294670343399,0.6275635361671448,0.29594773054122925,-0.11779177933931351
0,0.5734235644340515,0.6896779537200928,7.27447343251697e-07,0.6494855880737305,0.7247763872146606,-0.02519882284104824,0.720927357673645,0.7283153533935547,-0.0386798158288002,0.7767647504806519,0.72510826587677,-0.05154919996857643,0.8187487125396729,0.7279032468795776,-0.0648152306675911,0.7392359375953674,0.5763343572616577,-0.026256656274199486,0.8109497427940369,0.5312184691429138,-0.04711870476603508,0.8526989221572876,0.49844181537628174,-0.061977993696928024,0.8858781456947327,0.46768373250961304,-0.07296303659677505,0.7144815921783447,0.5270627737045288,-0.03028719872236252,0.7872858047485352,0.46164578199386597,-0.05243275314569473,0.8330916166305542,0.41622668504714966,-0.06969577074050903,0.8654557466506958,0.37818336486816406,-0.08098316192626953,0.6771652102470398,0.5002835988998413,-0.0375727117061615,0.7177005410194397,0.40386682748794556,-0.06273267418146133,0.7464002370834351,0.33865201473236084,-0.08345744758844376,0.7705666422843933,0.28578469157218933,-0.0962601974606514,0.6300366520881653,0.49316835403442383,-0.04647531732916832,0.6410124897956848,0.40948668122291565,-0.0711616799235344,0.6507487893104553,0.3524996042251587,-0.08550295233726501,0.6640375852584839,0.3011612594127655,-0.09407483786344528
0,0.6013079285621643,0.6391183137893677,6.547971906911698e-07,0.6745898723602295,0.6865963935852051,-0.01150420680642128,0.7400304675102234,0.6909540891647339,-0.013421098701655865,0.794990062713623,0.6840373873710632,-0.015540022403001785,0.8326953649520874,0.6906992197036743,-0.0176472757011652,0.7645511031150818,0.5410794615745544,3.2304607884725556e-05,0.8339757919311523,0.5022032260894775,-0.005164952017366886,0.8736897706985474,0.4746210277080536,-0.01036603283137083,0.9046271443367004,0.4497174322605133,-0.01547167170792818,0.7427235245704651,0.4898778200149536,-0.0024191138800233603,0.8128142356872559,0.43105196952819824,-0.010630215518176556,0.8559843897819519,0.3928980827331543,-0.019945768639445305,0.8866931796073914,0.3616492748260498,-0.02640274353325367,0.708263099193573,0.45846298336982727,-0.007269815541803837,0.7501373291015625,0.37004533410072327,-0.020951921120285988,0.7791013717651367,0.314103364944458,-0.03734957054257393,0.8024801015853882,0.26967036724090576,-0.04801667481660843,0.6665242910385132,0.44552892446517944,-0.012526821345090866,0.6795788407325745,0.3635115325450897,-0.028534630313515663,0.6897640228271484,0.3115253150463104,-0.04014987871050835,0.703644335269928,0.2663085460662842,-0.047319766134023666
0,0.6075294017791748,0.6011473536491394,5.588681233348325e-07,0.6762804985046387,0.6376427412033081,-0.0072326576337218285,0.7404837608337402,0.6384501457214355,-0.006322410423308611,0.7903921008110046,0.639123797416687,-0.006362088490277529,0.8239737749099731,0.6543176174163818,-0.006429275963455439,0.768279492855072,0.5021690726280212,0.006872097030282021,0.8334559202194214,0.46970418095588684,0.0033016479574143887,0.8702249526977539,0.44878828525543213,-0.0017536997329443693,0.8981357216835022,0.4286743104457855,-0.006407570093870163,0.7494029402732849,0.45477545261383057,0.00321006472222507,0.8159380555152893,0.4052848815917969,-0.002034597098827362,0.8569117188453674,0.37408989667892456,-0.00926689151674509,0.8857585191726685,0.34752070903778076,-0.014045247808098793,0.7182319164276123,0.4232419431209564,-0.0029836082831025124,0.7608981132507324,0.34627842903137207,-0.013584455475211143,0.7890946865081787,0.29928267002105713,-0.027332112193107605,0.811447024345398,0.26171910762786865,-0.03584880381822586,0.6793643832206726,0.4080829620361328,-0.00950609240680933,0.6961494088172913,0.3322826325893402,-0.022947529330849648,0.7077809572219849,0.2848702669143677,-0.03229931741952896,0.7218697667121887,0.2452297806739807,-0.03746696561574936
0,0.709652841091156,0.39283326268196106,4.617584181687562e-07,0.7604019641876221,0.42896339297294617,-0.019471492618322372,0.8071285486221313,0.44010019302368164,-0.030161015689373016,0.846288800239563,0.4440050721168518,-0.04026202857494354,0.8749301433563232,0.45709145069122314,-0.05052011460065842,0.834062933921814,0.3219459056854248,-0.017596878111362457,0.8830267190933228,0.2989824116230011,-0.03131035715341568,0.9124656319618225,0.283669650554657,-0.04272770136594772,0.9361239075660706,0.2673585116863251,-0.051285408437252045,0.8182108998298645,0.2816985249519348,-0.01934594102203846,0.8700566291809082,0.24289147555828094,-0.03190062567591667,0.9020329117774963,0.2198289930820465,-0.04195890948176384,0.9258183836936951,0.19899910688400269,-0.049235496670007706,0.7925267219543457,0.2547890245914459,-0.02391434833407402,0.8257359862327576,0.19486427307128906,-0.039426129311323166,0.8475152850151062,0.15751422941684723,-0.05204976350069046,0.8651876449584961,0.1272083818912506,-0.059955891221761703,0.7601988315582275,0.24111735820770264,-0.030041614547371864,0.7737179398536682,0.1805320680141449,-0.045593272894620895,0.784279465675354,0.14189884066581726,-0.05432133004069328,0.7963830232620239,0.10824114084243774,-0.05948052927851677
0,0.6033533215522766,0.48519253730773926,4.5431903572534793e-07,0.6559675931930542,0.5179101228713989,-0.018052255734801292,0.7037945985794067,0.52474445104599,-0.02710680477321148,0.7442797422409058,0.523631751537323,-0.03592211380600929,0.7731966972351074,0.5330333709716797,-0.04486992955207825,0.7243250608444214,0.4073513448238373,-0.013718931935727596,0.7726852893829346,0.38068243861198425,-0.025350691750645638,0.8015055656433105,0.36184361577033997,-0.03497977554798126,0.8241878747940063,0.34341153502464294,-0.042249035090208054,0.7076168060302734,0.36862438917160034,-0.015173127874732018,0.7575260996818542,0.3258286118507385,-0.025628652423620224,0.7873978614807129,0.2989347577095032,-0.03410835936665535,0.8095704317092896,0.27543169260025024,-0.04003310203552246,0.6820604801177979,0.34358152747154236,-0.01941797137260437,0.7122083306312561,0.28122225403785706,-0.03289703279733658,0.7324193120002747,0.24187569320201874,-0.0446627140045166,0.748810350894928,0.2110752910375595,-0.05209915712475777,0.6500095129013062,0.33265501260757446,-0.025221912190318108,0.6594401001930237,0.27161070704460144,-0.039121776819229126,0.6677331328392029,0.23262262344360352,-0.04711111634969711,0.6781491637229919,0.1997525691986084,-0.051794473081827164
0,0.5394716262817383,0.5788323879241943,4.4097896534367464e-07,0.5934816002845764,0.6091952919960022,-0.017919760197401047,0.6450077295303345,0.6082350015640259,-0.027941374108195305,0.6857973337173462,0.6000198125839233,-0.03689531236886978,0.7153961658477783,0.605094313621521,-0.04609358683228493,0.6635145545005798,0.4895085096359253,-0.021233106032013893,0.7109092473983765,0.45275524258613586,-0.033949997276067734,0.7399762868881226,0.4303390085697174,-0.0434994213283062,0.7630078792572021,0.40956610441207886,-0.05065808445215225,0.643989086151123,0.45026707649230957,-0.022221600636839867,0.6937347650527954,0.40186887979507446,-0.03481564670801163,0.7249858379364014,0.3703102469444275,-0.04374280571937561,0.7475974559783936,0.3444979786872864,-0.04979584738612175,0.6151736378669739,0.4256651699542999,-0.02526850253343582,0.6464300155639648,0.356842964887619,-0.04101746529340744,0.6681000590324402,0.31207701563835144,-0.054339174181222916,0.6843867301940918,0.2785073220729828,-0.06248999759554863,0.581505298614502,0.4159010350704193,-0.029281461611390114,0.5926138758659363,0.35025477409362793,-0.04575167968869209,0.600470781326294,0.3082815408706665,-0.055519863963127136,0.6086745262145996,0.27342522144317627,-0.06099792197346687
0,0.2567094564437866,0.5083500146865845,4.916095690532529e-07,0.3089442551136017,0.4935746192932129,-0.021409694105386734,0.3548364043235779,0.46148449182510376,-0.03288513794541359,0.38890498876571655,0.4312508702278137,-0.043316762894392014,0.41953837871551514,0.41705429553985596,-0.05380583927035332,0.32098281383514404,0.3546146750450134,-0.022155774757266045,0.34912216663360596,0.2909720838069916,-0.03769543021917343,0.3647928237915039,0.2529684901237488,-0.049212902784347534,0.3771646320819855,0.22073954343795776,-0.057223040610551834,0.2912992537021637,0.338222861289978,-0.02336885593831539,0.31402480602264404,0.2630655765533447,-0.03679827228188515,0.3292301595211029,0.2176213264465332,-0.04672064259648323,0.3401900827884674,0.18150195479393005,-0.05347682163119316,0.26040807366371155,0.33897659182548523,-0.02732502669095993,0.2623526453971863,0.26286256313323975,-0.04227686673402786,0.2652871608734131,0.21621060371398926,-0.0534469373524189,0.26907995343208313,0.17838077247142792,-0.06042465567588806,0.22964036464691162,0.35485005378723145,-0.033137883991003036,0.21522998809814453,0.2990023195743561,-0.048237305134534836,0.20746153593063354,0.2631017565727234,-0.05594128370285034,0.2029467225074768,0.2294456958770752,-0.060153067111968994
0,0.1932123601436615,0.5002729892730713,5.068215500614315e-07,0.24413645267486572,0.47534409165382385,-0.023583490401506424,0.2829650044441223,0.4360522925853729,-0.035246144980192184,0.3124043047428131,0.3984806537628174,-0.04556417837738991,0.34060734510421753,0.3796482980251312,-0.05598754435777664,0.23792807757854462,0.33325278759002686,-0.02013598196208477,0.2564390301704407,0.26677149534225464,-0.03548603132367134,0.2667549252510071,0.2260446399450302,-0.048100363463163376,0.2748780846595764,0.1906205266714096,-0.05731359124183655,0.20743609964847565,0.32399922609329224,-0.020202966406941414,0.21956807374954224,0.24704697728157043,-0.033884938806295395,0.2279074341058731,0.19802194833755493,-0.045607149600982666,0.23411871492862701,0.15762509405612946,-0.05392717197537422,0.17738944292068481,0.3329642415046692,-0.02342393808066845,0.17044253647327423,0.25894832611083984,-0.03924393653869629,0.16749045252799988,0.21095424890518188,-0.05219258740544319,0.16643661260604858,0.17095819115638733,-0.0603390671312809,0.14869609475135803,0.35661807656288147,-0.028689218685030937,0.12805795669555664,0.3052407503128052,-0.04484493285417557,0.1169927641749382,0.26925069093704224,-0.05402858182787895,0.10997790098190308,0.23338362574577332,-0.05936635285615921
0,0.1635322868824005,0.4853946268558502,5.078653089185536e-07,0.21078327298164368,0.45746657252311707,-0.023360807448625565,0.24643021821975708,0.41274791955947876,-0.03478214144706726,0.2735511362552643,0.372766375541687,-0.04477864131331444,0.3018585443496704,0.35201534628868103,-0.054665494710206985,0.19889920949935913,0.3163936734199524,-0.019148994237184525,0.21426239609718323,0.2491321563720703,-0.03430822119116783,0.2231864482164383,0.20769773423671722,-0.04658007621765137,0.23039890825748444,0.17162083089351654,-0.0554824136197567,0.1696498841047287,0.3086845874786377,-0.018947690725326538,0.17923158407211304,0.23190338909626007,-0.03232936933636665,0.18581582605838776,0.18245600163936615,-0.043256986886262894,0.1911836713552475,0.1403542160987854,-0.0507819727063179,0.1410544216632843,0.3186396658420563,-0.021957850083708763,0.1315171867609024,0.24600814282894135,-0.03764422610402107,0.12625019252300262,0.19925789535045624,-0.04955432191491127,0.12383721768856049,0.15862877666950226,-0.05675235763192177,0.11441018432378769,0.3437301516532898,-0.027027195319533348,0.09125708788633347,0.294828861951828,-0.04247702658176422,0.07844778895378113,0.26097339391708374,-0.05047391355037689,0.07001980394124985,0.22617107629776,-0.05497274175286293
0,0.1351906955242157,0.466062068939209,5.585985718425945e-07,0.1812005192041397,0.43089795112609863,-0.027144448831677437,0.21131004393100739,0.3850352168083191,-0.039784986525774,0.23545795679092407,0.34401676058769226,-0.05057559162378311,0.2617935538291931,0.3211876451969147,-0.06143774464726448,0.1584455519914627,0.2929651141166687,-0.019791066646575928,0.1687610149383545,0.22381246089935303,-0.03510129824280739,0.17406943440437317,0.17879703640937805,-0.04837777838110924,0.17797841131687164,0.1406046748161316,-0.05823064595460892,0.12947234511375427,0.28976792097091675,-0.018270639702677727,0.13328957557678223,0.20996728539466858,-0.03183107078075409,0.13599088788032532,0.15719299018383026,-0.044305600225925446,0.1378888189792633,0.11354468762874603,-0.053409643471241,0.1022614911198616,0.30402401089668274,-0.02059735357761383,0.08860716223716736,0.231617733836174,-0.036855388432741165,0.08114016801118851,0.18369050323963165,-0.05116124078631401,0.0763503834605217,0.1428028643131256,-0.06040585786104202,0.07652735710144043,0.33193346858024597,-0.025386005640029907,0.051467977464199066,0.2844462990760803,-0.041719015687704086,0.03710675239562988,0.25041085481643677,-0.05172578617930412,0.02751922607421875,0.21500122547149658,-0.058215539902448654
0,0.15298353135585785,0.49921655654907227,4.341876831404079e-07,0.19706961512565613,0.4687763750553131,-0.021569499745965004,0.23040200769901276,0.42666107416152954,-0.034979622811079025,0.2562052607536316,0.3899146318435669,-0.047713980078697205,0.28247809410095215,0.36966437101364136,-0.06087302789092064,0.18244345486164093,0.3268298804759979,-0.022785747423768044,0.19424431025981903,0.25791943073272705,-0.04094327241182327,0.2013106644153595,0.21483933925628662,-0.05532853305339813,0.20669662952423096,0.17730744183063507,-0.06558080017566681,0.15306860208511353,0.320747971534729,-0.02502945438027382,0.15937766432762146,0.24231263995170593,-0.04092397168278694,0.1643843799829483,0.1915443390607834,-0.053598709404468536,0.16747184097766876,0.14922648668289185,-0.06254493445158005,0.12479685246944427,0.33273845911026,-0.030183784663677216,0.11168484389781952,0.25882628560066223,-0.04728289693593979,0.10539428889751434,0.21199190616607666,-0.06024189665913582,0.10197198390960693,0.17226938903331757,-0.06824072450399399,0.09892173111438751,0.359078049659729,-0.037197716534137726,0.07316574454307556,0.30815646052360535,-0.05333363264799118,0.05934913456439972,0.2733244001865387,-0.06191748008131981,0.0498809888958931,0.2397148758172989,-0.06693024933338165
0,0.23610062897205353,0.6378509402275085,4.446658579126961e-07,0.28801050782203674,0.6275617480278015,-0.021702434867620468,0.32967904210090637,0.6001728177070618,-0.03494323045015335,0.3606361746788025,0.5716097950935364,-0.0470988005399704,0.3912973403930664,0.5599709153175354,-0.059663012623786926,0.2977599501609802,0.4896429479122162,-0.0252491794526577,0.3242129385471344,0.4311061203479767,-0.04297741502523422,0.3410685062408447,0.39626985788345337,-0.05635260418057442,0.3549466133117676,0.3651712238788605,-0.06575604528188705,0.26966995000839233,0.4715825021266937,-0.026630865409970284,0.2921670377254486,0.4019230306148529,-0.04197024554014206,0.3078954815864563,0.35778573155403137,-0.05346324294805527,0.3194437026977539,0.3210133910179138,-0.061447855085134506,0.23967957496643066,0.47224560379981995,-0.030667616054415703,0.24067504703998566,0.3987264335155487,-0.04745839908719063,0.24271777272224426,0.35042262077331543,-0.06057638302445412,0.24612517654895782,0.3100624680519104,-0.06880062818527222,0.2104763239622116,0.488709419965744,-0.036358680576086044,0.19513925909996033,0.4335324168205261,-0.05270970240235329,0.18762165307998657,0.3957805037498474,-0.06174319237470627,0.18403306603431702,0.360962450504303,-0.0670095682144165
0,0.25311514735221863,0.7179566025733948,5.021095148549648e-07,0.30430179834365845,0.7102498412132263,-0.02804981730878353,0.34514686465263367,0.6854815483093262,-0.043548308312892914,0.37918412685394287,0.6614049673080444,-0.056699030101299286,0.4102749526500702,0.6518349051475525,-0.06993686407804489,0.31891584396362305,0.5813928842544556,-0.029983242973685265,0.34838351607322693,0.5273762345314026,-0.04813212901353836,0.36651015281677246,0.4921916127204895,-0.06160285323858261,0.3806246519088745,0.46190571784973145,-0.07117270678281784,0.29200416803359985,0.5622546672821045,-0.028364336118102074,0.31671959161758423,0.4942288100719452,-0.04479653015732765,0.3329404890537262,0.45088136196136475,-0.05635832995176315,0.34507113695144653,0.4148571491241455,-0.06441102921962738,0.26281774044036865,0.5604164004325867,-0.030022073537111282,0.26637911796569824,0.48955434560775757,-0.048279594630002975,0.27054646611213684,0.44289976358413696,-0.061615485697984695,0.27541396021842957,0.40483421087265015,-0.07000204920768738,0.2334577441215515,0.5738263726234436,-0.03392527997493744,0.22079837322235107,0.5202978253364563,-0.051318634301424026,0.21499592065811157,0.483248770236969,-0.061056576669216156,0.21302960813045502,0.4478897452354431,-0.06715075671672821
0,0.3270798325538635,0.8537713289260864,4.142428338127502e-07,0.3787640631198883,0.8564022779464722,-0.018433453515172005,0.4268350601196289,0.8381096720695496,-0.031044358387589455,0.4637121558189392,0.8214282989501953,-0.04364623501896858,0.4965885877609253,0.81960129737854,-0.05751314386725426,0.417711466550827,0.7349315285682678,-0.02783881314098835,0.45846229791641235,0.6862341165542603,-0.04754402115941048,0.48171669244766235,0.6579117178916931,-0.06124196946620941,0.5008076429367065,0.6324968338012695,-0.07035042345523834,0.3917843699455261,0.7071720957756042,-0.03170733526349068,0.42711713910102844,0.6429060697555542,-0.04810043424367905,0.4486232101917267,0.6068421006202698,-0.059150755405426025,0.4639156460762024,0.5770701766014099,-0.06674313545227051,0.36112451553344727,0.6980120539665222,-0.03764507919549942,0.375059574842453,0.6262352466583252,-0.05417080968618393,0.3830525279045105,0.5803472995758057,-0.06610428541898727,0.3902277648448944,0.5426838397979736,-0.07407168298959732,0.3285411298274994,0.7054635286331177,-0.04500047117471695,0.32065799832344055,0.6454998254776001,-0.060595255345106125,0.31664976477622986,0.6076323986053467,-0.06824570894241333,0.31571492552757263,0.5741292238235474,-0.07284300774335861
0,0.5145447254180908,0.9104350805282593,4.82090968034754e-07,0.5637298226356506,0.9273295402526855,-0.01854054443538189,0.613021731376648,0.926717221736908,-0.030321232974529266,0.6511896252632141,0.9186997413635254,-0.04198024049401283,0.682435154914856,0.9135870933532715,-0.053964316844940186,0.619236946105957,0.8114083409309387,-0.021165305748581886,0.6672490835189819,0.7729073762893677,-0.03902754560112953,0.6959830522537231,0.7533041834831238,-0.05208906903862953,0.7200163006782532,0.7356169819831848,-0.06061462312936783,0.5999869704246521,0.7799960970878601,-0.02429220639169216,0.6482815742492676,0.7277042269706726,-0.03933882340788841,0.6814486384391785,0.6986674070358276,-0.05065930262207985,0.7073569893836975,0.6742593050003052,-0.058460719883441925,0.5737731456756592,0.7625038623809814,-0.030088158324360847,0.6021924614906311,0.6951778531074524,-0.04632255807518959,0.6209028363227844,0.6520819664001465,-0.05928032845258713,0.6368703842163086,0.6170138120651245,-0.06765963137149811,0.5431156754493713,0.7587569952011108,-0.03734913840889931,0.5520026683807373,0.6999441385269165,-0.0533389113843441,0.5557317137718201,0.6615991592407227,-0.06166491657495499,0.5600112676620483,0.6270317435264587,-0.06653771549463272
0,0.5813372731208801,0.9039097428321838,4.36274461890207e-07,0.6334931254386902,0.9228973388671875,-0.015752384439110756,0.6812019348144531,0.9202946424484253,-0.024199500679969788,0.7166987657546997,0.9116303324699402,-0.03346025571227074,0.7462782859802246,0.9104878902435303,-0.043023545295000076,0.701533317565918,0.8053820729255676,-0.006974462885409594,0.7429885864257812,0.7660989165306091,-0.018700025975704193,0.7675509452819824,0.7446533441543579,-0.028768837451934814,0.7882311344146729,0.7262730002403259,-0.03657817468047142,0.681522011756897,0.7740976810455322,-0.011586942709982395,0.7240230441093445,0.7233269810676575,-0.02320854552090168,0.753108024597168,0.6924718022346497,-0.034476667642593384,0.7751339673995972,0.6682615280151367,-0.04240477830171585,0.6538583636283875,0.7576253414154053,-0.019633440300822258,0.6795951128005981,0.6889585852622986,-0.03521745279431343,0.6982073783874512,0.6445322036743164,-0.05079979822039604,0.7153621315956116,0.6084033250808716,-0.061032798141241074,0.6203582882881165,0.7542135119438171,-0.029000921174883842,0.6293787956237793,0.695512056350708,-0.04591289907693863,0.6359401345252991,0.6568468809127808,-0.05707366019487381,0.6454581022262573,0.6230908632278442,-0.06428216397762299
0,0.6589229106903076,0.9147814512252808,3.738320515367377e-07,0.7073794603347778,0.940181314945221,-0.008471685461699963,0.7523368000984192,0.937252402305603,-0.011143069714307785,0.7847958207130432,0.9294800758361816,-0.015556247904896736,0.8035582304000854,0.9327245950698853,-0.020228220149874687,0.7725375294685364,0.8288378715515137,0.0035456919576972723,0.817243218421936,0.8022289276123047,-0.003722577588632703,0.8441596627235413,0.7826325297355652,-0.01158421952277422,0.8648805022239685,0.7633997797966003,-0.01795598678290844,0.7597720623016357,0.7953321933746338,-0.0011108492035418749,0.8067615032196045,0.7527759075164795,-0.007432122249156237,0.8361411690711975,0.7265975475311279,-0.015049973502755165,0.8574978709220886,0.7033036947250366,-0.020451271906495094,0.739850640296936,0.7726332545280457,-0.008428780362010002,0.7711800336837769,0.7101523280143738,-0.017537930980324745,0.7911486625671387,0.6720386743545532,-0.028288327157497406,0.8065895438194275,0.6401454210281372,-0.03530122712254524,0.713198184967041,0.7607846856117249,-0.01682649552822113,0.7275589108467102,0.7058125138282776,-0.02633392997086048,0.7376773357391357,0.6711210608482361,-0.03261806070804596,0.7472421526908875,0.6425509452819824,-0.03659052401781082
0,0.7137512564659119,0.9160338640213013,3.1182671023088915e-07,0.7623871564865112,0.945208728313446,0.0007087613921612501,0.8047009110450745,0.9434069991111755,0.005178759340196848,0.8378756046295166,0.9347093105316162,0.006262070965021849,0.8601452112197876,0.9352225065231323,0.0069486964493989944,0.8247796297073364,0.8369852304458618,0.02082405984401703,0.8699753880500793,0.8105457425117493,0.018289076164364815,0.8970463275909424,0.7925359010696411,0.013066962361335754,0.9179311990737915,0.7757689356803894,0.008234301581978798,0.8156302571296692,0.8055902123451233,0.012507414445281029,0.8635791540145874,0.7619971036911011,0.009124090895056725,0.8939845561981201,0.7358501553535461,0.001544581027701497,0.9161978363990784,0.7143514752388,-0.003766899462789297,0.7987955808639526,0.7857351303100586,0.0014780558412894607,0.8331376910209656,0.7223155498504639,-0.006934958975762129,0.8554996848106384,0.6838460564613342,-0.01864655502140522,0.8738036155700684,0.6509394645690918,-0.026088310405611992,0.775593101978302,0.7771483063697815,-0.009834228083491325,0.7958635687828064,0.7201182246208191,-0.01997925154864788,0.8087328672409058,0.6859905123710632,-0.02713601291179657,0.8216544389724731,0.6573792695999146,-0.03162665665149689
0,0.7124097347259521,0.8919864892959595,3.2827929885570484e-07,0.7583200335502625,0.9351766109466553,-0.004102582111954689,0.8006894588470459,0.9448243379592896,-0.0016084046801552176,0.8358055353164673,0.9442707896232605,-0.0010853905696421862,0.8583918213844299,0.9478287100791931,-0.0007790153031237423,0.8356230854988098,0.8399586081504822,0.011673050001263618,0.8858537077903748,0.8229791522026062,0.00774736562743783,0.9156511425971985,0.8101564049720764,0.0018377599772065878,0.9392686486244202,0.7967322468757629,-0.0037850833032280207,0.8283762335777283,0.8051493763923645,0.005640279967337847,0.881632387638092,0.7749273777008057,2.9130957045708783e-05,0.9153547286987305,0.755307674407959,-0.009280350059270859,0.941179096698761,0.7370202541351318,-0.016214856877923012,0.8117931485176086,0.779730498790741,-0.0029940635431557894,0.8510233759880066,0.7245326638221741,-0.013669589534401894,0.8784526586532593,0.6896350383758545,-0.027601994574069977,0.9019551873207092,0.6592937707901001,-0.03686362877488136,0.7878720760345459,0.7646510004997253,-0.012021313421428204,0.8117008805274963,0.7103908061981201,-0.024934658780694008,0.8282947540283203,0.6762575507164001,-0.03459041938185692,0.8457402586936951,0.6483107805252075,-0.040968265384435654
0,0.7287381291389465,0.8587505221366882,4.0164457004721044e-07,0.7700561285018921,0.9112630486488342,-0.0031694406643509865,0.8077484369277954,0.9288687705993652,-0.0018784080166369677,0.8424665927886963,0.9392809271812439,-0.002765882993116975,0.8626790642738342,0.9579648971557617,-0.003452586941421032,0.8465020060539246,0.8296725153923035,0.01889517344534397,0.8929858803749084,0.8185019493103027,0.02187648043036461,0.9212420582771301,0.8085643649101257,0.021096529439091682,0.9408532977104187,0.7969635128974915,0.018911385908722878,0.8411554098129272,0.792693555355072,0.014839534647762775,0.8914514780044556,0.7696935534477234,0.01747969351708889,0.9197933077812195,0.754235029220581,0.014422310516238213,0.9403296709060669,0.7377004027366638,0.01159950066357851,0.8274754285812378,0.7635161876678467,0.008139275014400482,0.8651344180107117,0.7151235938072205,0.004696700721979141,0.8901364803314209,0.6858994960784912,-0.0038661325816065073,0.9090696573257446,0.6597940921783447,-0.009885426610708237,0.8083462715148926,0.7448403835296631,0.0007859152392484248,0.8328449130058289,0.6953399181365967,-0.005764859262853861,0.8496508598327637,0.6655253767967224,-0.01197532843798399,0.8657910823822021,0.6409443020820618,-0.01614825613796711
0,0.7087815999984741,0.8623019456863403,3.65836228866101e-07,0.7503582239151001,0.9117568135261536,-0.00475115654990077,0.7879086136817932,0.9294439554214478,-0.0034063514322042465,0.8200293183326721,0.9347009062767029,-0.0037475863937288523,0.8413001298904419,0.9439048171043396,-0.0038823550567030907,0.8267633318901062,0.8246780037879944,0.012902393937110901,0.8737740516662598,0.8119445443153381,0.011702361516654491,0.901938796043396,0.8026679754257202,0.00812623556703329,0.9234991073608398,0.7918450236320496,0.004492475651204586,0.8204345107078552,0.7877471446990967,0.00870665255934,0.872310221195221,0.7631938457489014,0.00661292253062129,0.9029412269592285,0.7465524673461914,0.0012633400037884712,0.9245365858078003,0.7303842902183533,-0.0027409179601818323,0.8051567673683167,0.7597391605377197,0.0018264392856508493,0.8440742492675781,0.7099043130874634,-0.0058457921259105206,0.8693550825119019,0.6797902584075928,-0.016079040244221687,0.888563334941864,0.6534203290939331,-0.022356124594807625,0.7828647494316101,0.7414320707321167,-0.005610049236565828,0.8077381253242493,0.6891295909881592,-0.015584256500005722,0.8237674236297607,0.6572657823562622,-0.022702855989336967,0.8389768004417419,0.631056010723114,-0.026882797479629517
0,0.5775762796401978,0.8491120338439941,4.347735114151874e-07,0.6282142400741577,0.8904728889465332,-0.010744514875113964,0.6770604848861694,0.9066025018692017,-0.016200264915823936,0.7153041958808899,0.9217770099639893,-0.02310330420732498,0.7433124780654907,0.9426419734954834,-0.03042532689869404,0.7144051194190979,0.8042348623275757,-0.00016306774341501296,0.7676851749420166,0.7913839221000671,-0.009427818469703197,0.7985084056854248,0.7843859791755676,-0.019089819863438606,0.8239918351173401,0.775345504283905,-0.026751911267638206,0.7028880715370178,0.7651520371437073,-0.00525399437174201,0.7585070729255676,0.7384749054908752,-0.014021692797541618,0.7941868305206299,0.7227127552032471,-0.024278240278363228,0.820279061794281,0.7078051567077637,-0.0318649560213089,0.6808875799179077,0.7365169525146484,-0.013204876333475113,0.7235457897186279,0.6868852972984314,-0.025036586448550224,0.7525652050971985,0.6569930911064148,-0.037352368235588074,0.7758342027664185,0.6322566866874695,-0.04548846185207367,0.6513854265213013,0.7182557582855225,-0.022233951836824417,0.6755977869033813,0.6647797226905823,-0.03548331558704376,0.6928985714912415,0.6302157044410706,-0.04341823607683182,0.7102585434913635,0.6009616851806641,-0.0481821745634079
0,0.5235067009925842,0.8395857214927673,4.0802657963467936e-07,0.5685594081878662,0.8780809640884399,-0.02260013110935688,0.6173179149627686,0.8988474607467651,-0.03500787168741226,0.6570861339569092,0.9087162017822266,-0.04638451337814331,0.6906775832176208,0.9228781461715698,-0.05791614577174187,0.6529105305671692,0.7930178642272949,-0.021435853093862534,0.7063164114952087,0.7729317545890808,-0.03744431957602501,0.736069917678833,0.7608935236930847,-0.049556881189346313,0.7606124877929688,0.7482904195785522,-0.0580776073038578,0.6396084427833557,0.7531160712242126,-0.022714370861649513,0.6942396759986877,0.7237735986709595,-0.03765921667218208,0.7285144329071045,0.704694390296936,-0.049487944692373276,0.7550696134567261,0.6871997117996216,-0.057707279920578,0.616223931312561,0.723936915397644,-0.027067437767982483,0.6571416854858398,0.6731242537498474,-0.04304397106170654,0.6839662790298462,0.6425281167030334,-0.055322010070085526,0.7072588801383972,0.6186320781707764,-0.06341852247714996,0.5850597620010376,0.705685019493103,-0.03334277495741844,0.6035406589508057,0.6521670818328857,-0.049443572759628296,0.616485595703125,0.6172589659690857,-0.05793435126543045,0.6305192112922668,0.5868510007858276,-0.06292945146560669
0,0.46129241585731506,0.8381909728050232,4.624750715720438e-07,0.5086526870727539,0.8699080348014832,-0.019926659762859344,0.5572906136512756,0.8813601732254028,-0.03251166269183159,0.5972111821174622,0.8883986473083496,-0.04437391459941864,0.6297109127044678,0.9012652635574341,-0.05691105127334595,0.5847968459129333,0.7744054198265076,-0.02347140572965145,0.6371822953224182,0.7501676082611084,-0.04069080576300621,0.6676183342933655,0.7348034381866455,-0.05357605963945389,0.69287109375,0.7207145094871521,-0.06253957003355026,0.5695805549621582,0.7359835505485535,-0.026463240385055542,0.6231393814086914,0.6972148418426514,-0.041308529675006866,0.6573589444160461,0.6755645275115967,-0.05246726796030998,0.6843132376670837,0.6569262742996216,-0.060284193605184555,0.5435950756072998,0.7111755609512329,-0.03207840025424957,0.5818911194801331,0.6532685160636902,-0.04817066341638565,0.6067509651184082,0.6170192956924438,-0.060478657484054565,0.6285910606384277,0.5882894396781921,-0.0684967190027237,0.5102508068084717,0.6987287998199463,-0.03914688900113106,0.5261408090591431,0.6396660804748535,-0.05474834889173508,0.5374714732170105,0.6045492887496948,-0.06253161281347275,0.5498999953269958,0.5754159092903137,-0.06703131645917892
0,0.40946996212005615,0.8343092203140259,5.187951046536909e-07,0.4578965902328491,0.865081787109375,-0.026983195915818214,0.5083709359169006,0.8764811754226685,-0.042827166616916656,0.5495781898498535,0.879855215549469,-0.05670565739274025,0.5835049748420715,0.8923624753952026,-0.07102338969707489,0.5283632278442383,0.7645328044891357,-0.03105645626783371,0.5814703106880188,0.7432683110237122,-0.051937736570835114,0.6146392822265625,0.7288970947265625,-0.0676332414150238,0.6427956819534302,0.7146533727645874,-0.07814212143421173,0.5116590261459351,0.7274098992347717,-0.031619876623153687,0.5654048919677734,0.686450719833374,-0.04913382977247238,0.5984775424003601,0.6602703332901001,-0.06203119829297066,0.6251791715621948,0.63664311170578,-0.0710054486989975,0.485650897026062,0.7048901915550232,-0.0352141335606575,0.5191187858581543,0.649804949760437,-0.05335960537195206,0.5407816171646118,0.6149951219558716,-0.06545906513929367,0.5597779154777527,0.5864114761352539,-0.0730847418308258,0.45245474576950073,0.6951679587364197,-0.041105929762125015,0.46391892433166504,0.638672947883606,-0.05792033299803734,0.4729189872741699,0.602094292640686,-0.06555373221635818,0.4839474856853485,0.5690391063690186,-0.06988311558961868
0,0.3265555202960968,0.8367159962654114,3.6545503689922043e-07,0.3702535331249237,0.834963321685791,-0.01313001662492752,0.40207037329673767,0.7975794076919556,-0.021266574040055275,0.4252701997756958,0.7614565491676331,-0.027953334152698517,0.4463039040565491,0.7344837188720703,-0.03585025295615196,0.4005054235458374,0.7496045231819153,-0.03537348285317421,0.435827374458313,0.7002609372138977,-0.05373925343155861,0.4565085470676422,0.6712354421615601,-0.06364249438047409,0.4727082848548889,0.6490835547447205,-0.07022154331207275,0.3842906653881073,0.7408395409584045,-0.03960037976503372,0.41646793484687805,0.693091869354248,-0.06181003525853157,0.437405526638031,0.6581767201423645,-0.07700639963150024,0.45305290818214417,0.6282263994216919,-0.08667785674333572,0.3642280697822571,0.7470310926437378,-0.043357137590646744,0.37287312746047974,0.703637957572937,-0.06579481065273285,0.38039934635162354,0.6703796982765198,-0.08164836466312408,0.38830482959747314,0.6415296196937561,-0.09186697006225586,0.3433436453342438,0.762758195400238,-0.04694497957825661,0.3395211100578308,0.7465875744819641,-0.06844647973775864,0.3420592248439789,0.7377747893333435,-0.07978824526071548,0.34665632247924805,0.7291051149368286,-0.08670525252819061
0,0.28819042444229126,0.8587899804115295,2.620896282223839e-07,0.30763986706733704,0.8019574284553528,-0.0022833924740552902,0.3369779586791992,0.7469550371170044,-0.0110479686409235,0.3567456901073456,0.6979038715362549,-0.020115550607442856,0.362024188041687,0.6550208330154419,-0.0301748588681221,0.3563603162765503,0.7511944770812988,-0.0328785702586174,0.4040747582912445,0.6995811462402344,-0.052702631801366806,0.42994844913482666,0.6706687808036804,-0.06260648369789124,0.44997528195381165,0.6447221636772156,-0.0684768483042717,0.35975977778434753,0.7759727835655212,-0.04220406711101532,0.4086803197860718,0.7231805324554443,-0.06188288703560829,0.43457603454589844,0.6896808743476868,-0.07060976326465607,0.45323646068573,0.6611891984939575,-0.0755869597196579,0.36109116673469543,0.8139356970787048,-0.05024426430463791,0.40919506549835205,0.7902141213417053,-0.06941105425357819,0.43372422456741333,0.7749620676040649,-0.07512758672237396,0.45155149698257446,0.7568433880805969,-0.0772620141506195,0.3607424795627594,0.8605509400367737,-0.05730940401554108,0.39714381098747253,0.8530464768409729,-0.07114892452955246,0.41760843992233276,0.8465754985809326,-0.07307464629411697,0.43589210510253906,0.8355828523635864,-0.07315639406442642
0,0.29264235496520996,0.884966254234314,2.2472377736448834e-07,0.301882266998291,0.8209860324859619,0.0006956923753023148,0.32179445028305054,0.7575181722640991,-0.004790504928678274,0.3335040509700775,0.7042259573936462,-0.010812350548803806,0.3306610882282257,0.6635946035385132,-0.01740388572216034,0.3564618229866028,0.7636500000953674,-0.02309960499405861,0.3993047773838043,0.7013417482376099,-0.03709038347005844,0.42240431904792786,0.6682708263397217,-0.04332452267408371,0.43966710567474365,0.6401821374893188,-0.047297585755586624,0.36706453561782837,0.7901303768157959,-0.03235974535346031,0.4127686619758606,0.7293807864189148,-0.045925382524728775,0.4363301396369934,0.6934268474578857,-0.05207182839512825,0.45303481817245483,0.6633341908454895,-0.055949486792087555,0.37378057837486267,0.8289585113525391,-0.04046705365180969,0.4249686002731323,0.8004396557807922,-0.054891180247068405,0.45375168323516846,0.7831047177314758,-0.05987085402011871,0.47555240988731384,0.7646394968032837,-0.062256403267383575,0.37665116786956787,0.8741883039474487,-0.04745516926050186,0.41735079884529114,0.8665038347244263,-0.05939501151442528,0.4423876702785492,0.8595667481422424,-0.06139514222741127,0.46535980701446533,0.8474423289299011,-0.06166327744722366
0,0.3238363265991211,0.9111695289611816,2.054639338666675e-07,0.3176884949207306,0.8443744778633118,-0.0003663368115667254,0.32308727502822876,0.7788434624671936,-0.006412586197257042,0.32405775785446167,0.7246059775352478,-0.01249390747398138,0.31593722105026245,0.6877537965774536,-0.019293909892439842,0.3766593635082245,0.7743903994560242,-0.021886970847845078,0.4080256223678589,0.7033076882362366,-0.034014422446489334,0.4252408444881439,0.6633278131484985,-0.03942854702472687,0.43651023507118225,0.6323872208595276,-0.04241195693612099,0.39637255668640137,0.7997744083404541,-0.028640178963541985,0.4335901439189911,0.7272919416427612,-0.04025707766413689,0.45466309785842896,0.6851165294647217,-0.044866617769002914,0.4689304530620575,0.6525120139122009,-0.04724983125925064,0.4107254147529602,0.8363979458808899,-0.03436918929219246,0.4583930969238281,0.7932360172271729,-0.04577524587512016,0.487600713968277,0.768775224685669,-0.05028942972421646,0.5083479285240173,0.7478099465370178,-0.05231451615691185,0.4192240238189697,0.877444863319397,-0.03904430940747261,0.46042197942733765,0.8585699200630188,-0.04800253361463547,0.4848904013633728,0.8464360237121582,-0.04863589629530907,0.5061269402503967,0.8324292302131653,-0.0477631539106369
0,0.3550202250480652,0.9358150959014893,1.863836018856091e-07,0.3385244607925415,0.8684269785881042,0.0007606968283653259,0.3310490846633911,0.8029168248176575,-0.005707207135856152,0.3225545287132263,0.7496659159660339,-0.012483746744692326,0.3095487058162689,0.7134360671043396,-0.01995456963777542,0.3959493935108185,0.7799674868583679,-0.018714355304837227,0.4177509546279907,0.7040890455245972,-0.02905338443815708,0.42831069231033325,0.6613953113555908,-0.03382454812526703,0.4364422559738159,0.6275022625923157,-0.03646009415388107,0.42075690627098083,0.8000966310501099,-0.025919394567608833,0.45328328013420105,0.7211830615997314,-0.0358867384493351,0.47122177481651306,0.6756863594055176,-0.03969655558466911,0.48446446657180786,0.6415437459945679,-0.04191082343459129,0.439597487449646,0.8319931030273438,-0.03213994950056076,0.4846176505088806,0.7787060141563416,-0.04138414189219475,0.5103669762611389,0.7452587485313416,-0.045470017939805984,0.5284837484359741,0.7169947028160095,-0.04778216406702995,0.4524020850658417,0.8700444102287292,-0.03734266757965088,0.49558472633361816,0.8414361476898193,-0.04354218393564224,0.5200057625770569,0.8224555850028992,-0.043125033378601074,0.5401944518089294,0.8024834990501404,-0.04206506907939911
0,0.38157254457473755,0.9327148795127869,1.5162625288667186e-07,0.3473788797855377,0.8787475824356079,-0.0019285862799733877,0.3260525166988373,0.8206291198730469,-0.00850104819983244,0.30781206488609314,0.7744680047035217,-0.01528037991374731,0.28739094734191895,0.7476924657821655,-0.022997744381427765,0.3884209096431732,0.7642717361450195,-0.014015145599842072,0.39358025789260864,0.6856919527053833,-0.022001467645168304,0.39557790756225586,0.6425297260284424,-0.027375709265470505,0.3971463441848755,0.6089514493942261,-0.03118174895644188,0.41758209466934204,0.7747275829315186,-0.020678982138633728,0.4325128197669983,0.6898178458213806,-0.026425061747431755,0.4403344690799713,0.6407573819160461,-0.030818162485957146,0.44716501235961914,0.604950487613678,-0.03476874902844429,0.4421945810317993,0.7985320687294006,-0.027305373921990395,0.4725676476955414,0.7241121530532837,-0.03577443212270737,0.4915894567966461,0.6817220449447632,-0.04236981272697449,0.5058783292770386,0.6492235660552979,-0.047170963138341904,0.46240532398223877,0.8299956917762756,-0.03320114314556122,0.4939005970954895,0.7786882519721985,-0.04136965796351433,0.5119717717170715,0.7490596771240234,-0.04327962547540665,0.5263954997062683,0.7218098044395447,-0.04424704611301422
0,0.39481276273727417,0.919831395149231,2.1514425441182539e-07,0.35071253776550293,0.8780673742294312,-0.0020577337127178907,0.3224833905696869,0.8333260416984558,-0.00923107098788023,0.29579412937164307,0.7915005087852478,-0.01557526271790266,0.2721761167049408,0.7660756707191467,-0.022014599293470383,0.3814936876296997,0.7658483386039734,-0.018320804461836815,0.374846875667572,0.6895609498023987,-0.026188388466835022,0.3704468905925751,0.6477090120315552,-0.029917169362306595,0.36931949853897095,0.6121256351470947,-0.03215935453772545,0.4113539755344391,0.7670151591300964,-0.020241007208824158,0.41747987270355225,0.6846641302108765,-0.030649499967694283,0.4208185076713562,0.6375054717063904,-0.03496837988495827,0.42518097162246704,0.6020249128341675,-0.037501364946365356,0.436544805765152,0.7829868197441101,-0.020825423300266266,0.4658103585243225,0.7159007787704468,-0.0300010796636343,0.4848708510398865,0.6781713962554932,-0.034052249044179916,0.49859604239463806,0.648705244064331,-0.0353851355612278,0.4534759521484375,0.8066456317901611,-0.020211922004818916,0.4813512861728668,0.7537068128585815,-0.023785626515746117,0.49593275785446167,0.7276529669761658,-0.021453572437167168,0.5087544322013855,0.704846203327179,-0.018971415236592293
0,0.2835041582584381,0.8723973035812378,6.821571219006728e-07,0.34447360038757324,0.8710155487060547,-0.03644854202866554,0.3995668590068817,0.855151355266571,-0.05953963100910187,0.4449203908443451,0.8410807251930237,-0.07971857488155365,0.48609334230422974,0.8384430408477783,-0.09994054585695267,0.3716740906238556,0.7086838483810425,-0.04189857840538025,0.41251447796821594,0.6436411142349243,-0.06640944629907608,0.43791231513023376,0.6031066179275513,-0.08418329060077667,0.459290474653244,0.5671772956848145,-0.09661202877759933,0.3383130431175232,0.6812869310379028,-0.03986859694123268,0.37376466393470764,0.5997814536094666,-0.06122763454914093,0.39773258566856384,0.549248456954956,-0.07631558179855347,0.4167546033859253,0.5071018934249878,-0.08734551072120667,0.30076152086257935,0.6763503551483154,-0.041842203587293625,0.3078232705593109,0.5884923934936523,-0.06481186300516129,0.3146117031574249,0.5309027433395386,-0.08216535300016403,0.3230550289154053,0.4826279878616333,-0.09350606054067612,0.2622780203819275,0.6913622617721558,-0.046617768704891205,0.24547865986824036,0.623420774936676,-0.06759845465421677,0.2363748848438263,0.578271746635437,-0.07925216853618622,0.23183664679527283,0.5352911353111267,-0.08679218590259552
0,0.27254989743232727,0.8110086917877197,6.790076554352709e-07,0.3320348858833313,0.8184669017791748,-0.03823519125580788,0.3852188289165497,0.8091858625411987,-0.06302817165851593,0.43137723207473755,0.8006525039672852,-0.08474469184875488,0.4737798273563385,0.7991988658905029,-0.1069585531949997,0.3710155189037323,0.6648066639900208,-0.046886105090379715,0.41628772020339966,0.6066352725028992,-0.07316441833972931,0.4443276524543762,0.5699778199195862,-0.09214507043361664,0.4675758183002472,0.5368943214416504,-0.1055600643157959,0.3432362377643585,0.6323502063751221,-0.04511062055826187,0.38474205136299133,0.5561167001724243,-0.06816337257623672,0.4123409688472748,0.5078209638595581,-0.08468568325042725,0.43413013219833374,0.46685534715652466,-0.09691144526004791,0.3076235353946686,0.6206920742988586,-0.0471956841647625,0.32594186067581177,0.5313938856124878,-0.07137102633714676,0.3383977711200714,0.474955290555954,-0.08877909183502197,0.35192757844924927,0.427158921957016,-0.10034828633069992,0.2679016590118408,0.6281850337982178,-0.05212574824690819,0.25862252712249756,0.5557397603988647,-0.07457412779331207,0.2554647624492645,0.508158266544342,-0.08665504306554794,0.2581807076931,0.46385592222213745,-0.09455950558185577
0,0.2422201931476593,0.74169921875,7.516707682952983e-07,0.30414727330207825,0.7436262965202332,-0.04219016432762146,0.3575856685638428,0.7276452779769897,-0.06845450401306152,0.40457451343536377,0.7169883251190186,-0.09111525863409042,0.44791531562805176,0.7201821804046631,-0.11404982209205627,0.34145230054855347,0.5727707743644714,-0.0497547909617424,0.3874516189098358,0.507105827331543,-0.07740341871976852,0.4148309528827667,0.46246063709259033,-0.09758546203374863,0.4372238218784332,0.4225786328315735,-0.11226166039705276,0.3082510530948639,0.5401031970977783,-0.047304242849349976,0.34571701288223267,0.4534756541252136,-0.07272055000066757,0.371590793132782,0.3973998725414276,-0.09076617658138275,0.39217767119407654,0.34934404492378235,-0.10370831191539764,0.2691264748573303,0.5325127840042114,-0.04914243891835213,0.2798888385295868,0.4372115731239319,-0.07621090859174728,0.2897937595844269,0.3720591068267822,-0.09614653885364532,0.3011322319507599,0.3155294954776764,-0.10898434370756149,0.22714117169380188,0.5459405183792114,-0.054154183715581894,0.21442300081253052,0.47104090452194214,-0.07954204082489014,0.2093397080898285,0.41905295848846436,-0.09361102432012558,0.21041347086429596,0.3686235547065735,-0.10262858122587204
0,0.786268949508667,0.7264053821563721,4.939395239489386e-07,0.7063519358634949,0.7471763491630554,-0.03309556096792221,0.6262185573577881,0.7439567446708679,-0.054457295686006546,0.560529887676239,0.742162823677063,-0.07350228726863861,0.5087894201278687,0.7465066313743591,-0.09228689223527908,0.6166996359825134,0.5765554308891296,-0.02981359139084816,0.5520606637001038,0.5132378935813904,-0.05169672518968582,0.5133248567581177,0.4760075807571411,-0.07073453068733215,0.4816100597381592,0.44163215160369873,-0.0852273479104042,0.6482651829719543,0.531771183013916,-0.032473284751176834,0.589332103729248,0.4445193409919739,-0.050730347633361816,0.5513892769813538,0.39178091287612915,-0.0670989602804184,0.5199648141860962,0.34804922342300415,-0.07985776662826538,0.6893534660339355,0.5062679648399353,-0.040011633187532425,0.6439594626426697,0.4123768210411072,-0.06080682575702667,0.6156424880027771,0.35533908009529114,-0.07561446726322174,0.5890989899635315,0.3069498836994171,-0.08625264465808868,0.736937403678894,0.4950234293937683,-0.05066434666514397,0.7161051034927368,0.40870335698127747,-0.07048824429512024,0.6991614103317261,0.3540504276752472,-0.07972976565361023,0.6808021664619446,0.3056919276714325,-0.08584193885326385
0,0.7634426951408386,0.7607603073120117,3.983019496445195e-07,0.6888570785522461,0.782336950302124,-0.02723952941596508,0.6124281287193298,0.7826578617095947,-0.0452590137720108,0.5512781143188477,0.7852076888084412,-0.0618918351829052,0.5042909979820251,0.7898842096328735,-0.07830984890460968,0.6006843447685242,0.6257383823394775,-0.023868270218372345,0.5372100472450256,0.5705061554908752,-0.04359082505106926,0.49999919533729553,0.5377412438392639,-0.059984996914863586,0.46969544887542725,0.5106271505355835,-0.0717819556593895,0.6281502842903137,0.5804481506347656,-0.02761971391737461,0.5679436922073364,0.49680864810943604,-0.04315122961997986,0.5304360389709473,0.4516334533691406,-0.05619845911860466,0.5006061792373657,0.41908136010169983,-0.0657418817281723,0.6660072803497314,0.5525394678115845,-0.03573044762015343,0.6190499663352966,0.46203380823135376,-0.053681328892707825,0.5883631110191345,0.4109835624694824,-0.0656302347779274,0.5616060495376587,0.37251362204551697,-0.07368338108062744,0.7102680206298828,0.538657009601593,-0.046379558742046356,0.687841534614563,0.45622941851615906,-0.06240776926279068,0.6698293089866638,0.404793918132782,-0.06848036497831345,0.6515202522277832,0.36376193165779114,-0.07210595905780792
0,0.7903896570205688,0.7260445356369019,2.821489601956273e-07,0.7226218581199646,0.7439403533935547,-0.01969267427921295,0.6461465954780579,0.7415725588798523,-0.031991396099328995,0.5881391763687134,0.7318852543830872,-0.042555343359708786,0.5475225448608398,0.7311923503875732,-0.05259636789560318,0.6499962210655212,0.6090682148933411,-0.023517189547419548,0.5927277207374573,0.5524571537971497,-0.03983378782868385,0.5592904090881348,0.5199524760246277,-0.052352048456668854,0.5330818891525269,0.4935154914855957,-0.060987334698438644,0.6752241849899292,0.5690162777900696,-0.026221096515655518,0.620364248752594,0.4941657781600952,-0.03842181712388992,0.5859857797622681,0.45039936900138855,-0.04715881124138832,0.5611922740936279,0.4179510176181793,-0.053779441863298416,0.7073217034339905,0.5437442064285278,-0.031707681715488434,0.6664972305297852,0.4653480350971222,-0.045310936868190765,0.6401767134666443,0.416187047958374,-0.05360233038663864,0.6205412745475769,0.3802070617675781,-0.05901845172047615,0.7445960640907288,0.5295284390449524,-0.03894864767789841,0.7225915193557739,0.4566466212272644,-0.05137953534722328,0.7048463225364685,0.4112308621406555,-0.05580580234527588,0.6892266273498535,0.37455517053604126,-0.05812443047761917
0,0.8221620917320251,0.7042710781097412,3.201999732027616e-07,0.7542867660522461,0.719100832939148,-0.019556574523448944,0.6831470131874084,0.7113164067268372,-0.031208805739879608,0.63255774974823,0.6988486051559448,-0.04190013185143471,0.5945680737495422,0.6934733390808105,-0.05229390040040016,0.682992696762085,0.574794590473175,-0.018544184044003487,0.6296280026435852,0.5162652730941772,-0.03518177568912506,0.59990394115448,0.47992488741874695,-0.04928666353225708,0.5770937204360962,0.4492652416229248,-0.05958583578467369,0.7110238075256348,0.5365262031555176,-0.023504672572016716,0.6616677045822144,0.46125149726867676,-0.037427883595228195,0.6317417621612549,0.41487520933151245,-0.04956179857254028,0.6092349290847778,0.3795560598373413,-0.05843693017959595,0.7459408640861511,0.5137767195701599,-0.03177373856306076,0.705919086933136,0.4344480037689209,-0.04804837703704834,0.6832069158554077,0.38664400577545166,-0.05849471688270569,0.66501784324646,0.3498449921607971,-0.06531795859336853,0.7866944670677185,0.5029446482658386,-0.041914284229278564,0.769521951675415,0.4304141402244568,-0.056603312492370605,0.7559000253677368,0.38437700271606445,-0.06202801316976547,0.7427617907524109,0.3465745449066162,-0.06510463356971741
0,0.8419763445854187,0.69400954246521,3.8606938801422075e-07,0.7706277370452881,0.7019956111907959,-0.027093686163425446,0.7006978988647461,0.6867297887802124,-0.04261767864227295,0.646337628364563,0.6664784550666809,-0.05622848495841026,0.6022722125053406,0.6514399647712708,-0.06881013512611389,0.7056512832641602,0.539812445640564,-0.018910661339759827,0.6566569805145264,0.47728925943374634,-0.03689195588231087,0.6282806396484375,0.4408615231513977,-0.05287107825279236,0.60600346326828,0.4080650806427002,-0.06483191251754761,0.7384466528892517,0.5066882371902466,-0.021817488595843315,0.6965948939323425,0.4261637330055237,-0.03684316202998161,0.671096682548523,0.3760468363761902,-0.05022202804684639,0.6509107351303101,0.334009051322937,-0.06020691245794296,0.7772507667541504,0.4911436140537262,-0.029418068006634712,0.7452399730682373,0.4074084162712097,-0.0483701229095459,0.7270722389221191,0.354876309633255,-0.060090355575084686,0.7101568579673767,0.30979615449905396,-0.06769560277462006,0.8208316564559937,0.4887652099132538,-0.039604637771844864,0.8086954951286316,0.413146436214447,-0.05762335658073425,0.7982594966888428,0.3650256395339966,-0.06451832503080368,0.7862315773963928,0.3217252492904663,-0.06845308095216751
0,0.8160771131515503,0.7075495719909668,3.6406134995559114e-07,0.7469663619995117,0.7202481031417847,-0.021885253489017487,0.6744694113731384,0.7037023305892944,-0.03267613798379898,0.6223133206367493,0.6832461357116699,-0.04202203452587128,0.5816917419433594,0.6734619140625,-0.05100175738334656,0.6782630681991577,0.565371036529541,-0.015058382414281368,0.6293106079101562,0.5057123899459839,-0.029813820496201515,0.6020442247390747,0.46899425983428955,-0.04302366450428963,0.5813978910446167,0.4360993504524231,-0.0533718578517437,0.7094873785972595,0.5287171602249146,-0.018810955807566643,0.6661293506622314,0.4487103521823883,-0.031039968132972717,0.6396390199661255,0.4001440405845642,-0.042849186807870865,0.6187936067581177,0.36137133836746216,-0.05207507312297821,0.7469691634178162,0.5099897980690002,-0.026519518345594406,0.7133868336677551,0.4279688894748688,-0.042969100177288055,0.6934879422187805,0.37892669439315796,-0.054352667182683945,0.6754825711250305,0.338154673576355,-0.0621715672314167,0.7893109321594238,0.5041841864585876,-0.036245495080947876,0.7775415778160095,0.4299447238445282,-0.05198032036423683,0.7673963308334351,0.383220911026001,-0.0586681067943573,0.7553263902664185,0.3425148129463196,-0.06302095949649811
0,0.7767785787582397,0.715299129486084,3.1681125278737454e-07,0.7079048752784729,0.7230839729309082,-0.022120408713817596,0.6395968794822693,0.7091039419174194,-0.03484402969479561,0.5867884755134583,0.6953935027122498,-0.046429459005594254,0.5469703078269958,0.6888344883918762,-0.05799747258424759,0.6481765508651733,0.5793888568878174,-0.015928180888295174,0.5985451936721802,0.5222529768943787,-0.03233404457569122,0.5692785978317261,0.4884181618690491,-0.04724070057272911,0.5451134443283081,0.457622766494751,-0.05853299796581268,0.676123321056366,0.5442759394645691,-0.019708100706338882,0.6332272291183472,0.4680093824863434,-0.03330601006746292,0.6047583818435669,0.4216190278530121,-0.046175647526979446,0.5814458727836609,0.38452035188674927,-0.056166745722293854,0.7102565169334412,0.5253934860229492,-0.027430754154920578,0.6782593131065369,0.4470255374908447,-0.04277933016419411,0.6557285785675049,0.3985555171966553,-0.05416969954967499,0.6353107690811157,0.3579983413219452,-0.062359459698200226,0.7484270930290222,0.5182203650474548,-0.03741367161273956,0.7341964244842529,0.4480738639831543,-0.05151140317320824,0.7214167714118958,0.40216711163520813,-0.05774228274822235,0.7077344655990601,0.3616067171096802,-0.06204809620976448
0,0.7746918201446533,0.7042219638824463,2.8945262897650537e-07,0.7078471183776855,0.7140048742294312,-0.019008737057447433,0.6404183506965637,0.7026901841163635,-0.03088870830833912,0.5881059765815735,0.688062310218811,-0.041549913585186005,0.549674391746521,0.684402585029602,-0.052094295620918274,0.6508308053016663,0.5809394717216492,-0.018674809485673904,0.6005789637565613,0.5250709056854248,-0.034124694764614105,0.5717074871063232,0.49042171239852905,-0.047084737569093704,0.5494377017021179,0.45955055952072144,-0.05650245025753975,0.6778836250305176,0.5454707145690918,-0.021843234077095985,0.6329309940338135,0.47208330035209656,-0.0342741422355175,0.6038140058517456,0.4266451597213745,-0.0448698066174984,0.5819767713546753,0.39098864793777466,-0.05307237431406975,0.7101699113845825,0.5250983238220215,-0.02795092761516571,0.6750755906105042,0.4487694203853607,-0.041797757148742676,0.6514581441879272,0.40215200185775757,-0.051599543541669846,0.6321769952774048,0.36610788106918335,-0.05842093378305435,0.7458446621894836,0.5151045918464661,-0.03580828383564949,0.7301908135414124,0.4468139410018921,-0.04836822301149368,0.7154927253723145,0.4036235809326172,-0.05368420481681824,0.7012135982513428,0.36745256185531616,-0.057022497057914734
0,0.855009138584137,0.712909460067749,3.425522834277217e-07,0.7886064052581787,0.7216359376907349,-0.01909153163433075,0.7247430086135864,0.7043170928955078,-0.02953217923641205,0.6755049824714661,0.6823053359985352,-0.03915809467434883,0.6376745104789734,0.6674913167953491,-0.04794066771864891,0.7319867610931396,0.577397346496582,-0.010913034901022911,0.6890035271644592,0.515533447265625,-0.0249415785074234,0.6643246412277222,0.4766213893890381,-0.03728460147976875,0.6463664174079895,0.4440990090370178,-0.0463583841919899,0.7633094191551208,0.546173095703125,-0.014913561753928661,0.7241958975791931,0.46952199935913086,-0.027487386018037796,0.6998711824417114,0.4195995330810547,-0.03927559778094292,0.6818901896476746,0.38028693199157715,-0.047561049461364746,0.7997463941574097,0.5303544402122498,-0.02252521924674511,0.7685365080833435,0.4522104859352112,-0.03937830403447151,0.7505102753639221,0.4000937342643738,-0.050570856779813766,0.7355837821960449,0.35850608348846436,-0.05708342045545578,0.8404847979545593,0.5268033146858215,-0.03172989934682846,0.8285297751426697,0.45581772923469543,-0.04740985855460167,0.8182618021965027,0.41045117378234863,-0.05344248563051224,0.8071526288986206,0.3725937008857727,-0.05637405440211296
0,0.8680431246757507,0.7247158885002136,3.684312446239346e-07,0.8017802238464355,0.7306919097900391,-0.023296497762203217,0.7374534606933594,0.7104862928390503,-0.03665189445018768,0.685422420501709,0.6880331635475159,-0.04855792224407196,0.6433513164520264,0.6831748485565186,-0.05978279560804367,0.7458484172821045,0.5849348306655884,-0.017450876533985138,0.703018307685852,0.5200826525688171,-0.03357847034931183,0.6783928871154785,0.4802510738372803,-0.04710569605231285,0.6598504185676575,0.44617533683776855,-0.057273607701063156,0.7779592871665955,0.552810549736023,-0.020469287410378456,0.7410756945610046,0.474046915769577,-0.03432406112551689,0.7189485430717468,0.4239095449447632,-0.04608258605003357,0.7022255659103394,0.3830523192882538,-0.054806776344776154,0.8151812553405762,0.5370691418647766,-0.027352873235940933,0.7866547703742981,0.4558536410331726,-0.04502213001251221,0.7708420753479004,0.40428435802459717,-0.05553053319454193,0.7572082281112671,0.36198335886001587,-0.06208490580320358,0.8561270236968994,0.5338640809059143,-0.036289867013692856,0.8468250036239624,0.4622240662574768,-0.05241910740733147,0.8381655812263489,0.4169040322303772,-0.058139123022556305,0.8282349705696106,0.3786926865577698,-0.06124737113714218
0,0.840385913848877,0.7254849076271057,3.777010704197892e-07,0.7730528116226196,0.7340884208679199,-0.024234775453805923,0.70804363489151,0.7173318862915039,-0.038643259555101395,0.6578783392906189,0.6962329149246216,-0.051176927983760834,0.6167405843734741,0.6805899739265442,-0.06271038949489594,0.7140584588050842,0.5894054174423218,-0.01995595544576645,0.6684150695800781,0.5281338691711426,-0.03674643486738205,0.6450778245925903,0.4899645149707794,-0.05064689368009567,0.6294775009155273,0.45667117834091187,-0.060555458068847656,0.7456278204917908,0.5553715825080872,-0.022294756025075912,0.7038223147392273,0.47902366518974304,-0.036080557852983475,0.6796474456787109,0.4312332272529602,-0.04823349788784981,0.6626574993133545,0.39241287112236023,-0.05727221816778183,0.7822165489196777,0.5372674465179443,-0.028476500883698463,0.7516096234321594,0.4582269489765167,-0.045635469257831573,0.7330103516578674,0.4083439111709595,-0.05701197683811188,0.717930793762207,0.3670252561569214,-0.06442295759916306,0.823035717010498,0.5314586162567139,-0.03669797629117966,0.8130611777305603,0.4595462679862976,-0.05284114181995392,0.8041239380836487,0.41454756259918213,-0.059266138821840286,0.7943263649940491,0.3765382766723633,-0.0627681240439415
0,0.7815371751785278,0.7153713703155518,3.591917447920423e-07,0.715337872505188,0.7227088809013367,-0.02210264839231968,0.6467006802558899,0.7096682786941528,-0.03519056737422943,0.5943052768707275,0.695917546749115,-0.046463217586278915,0.5546298027038574,0.6931576132774353,-0.05761237442493439,0.65171879529953,0.5836169719696045,-0.018776925280690193,0.6030778884887695,0.5275407433509827,-0.033383503556251526,0.5765288472175598,0.49460452795028687,-0.046670954674482346,0.5557307600975037,0.46506282687187195,-0.056738726794719696,0.6800275444984436,0.548139214515686,-0.021129993721842766,0.6380273103713989,0.4708558917045593,-0.03236344829201698,0.612014889717102,0.42624032497406006,-0.04351912438869476,0.591684103012085,0.3920937180519104,-0.05257448926568031,0.71379154920578,0.5280705094337463,-0.026868434622883797,0.6810647249221802,0.44792160391807556,-0.03963761031627655,0.659344494342804,0.40051424503326416,-0.04999109357595444,0.6411391496658325,0.3629186153411865,-0.05792083963751793,0.7515706419944763,0.5204348564147949,-0.034718792885541916,0.7371360659599304,0.4500507116317749,-0.04665808379650116,0.7254869341850281,0.4064040184020996,-0.05194341763854027,0.7137036919593811,0.3702259361743927,-0.05570771172642708
0,0.6773743629455566,0.6735288500785828,2.9797257639074815e-07,0.6135927438735962,0.6968861818313599,-0.022379137575626373,0.5519217252731323,0.6938791275024414,-0.03560163080692291,0.4983121156692505,0.6819397211074829,-0.04614563286304474,0.4551711678504944,0.6730319261550903,-0.056165046989917755,0.5592527985572815,0.5655048489570618,-0.02351178228855133,0.5085150003433228,0.5138248801231384,-0.03554155305027962,0.47812607884407043,0.4829460084438324,-0.04459300637245178,0.4542025923728943,0.4563904106616974,-0.05137316510081291,0.5849099159240723,0.5260220170021057,-0.022721275687217712,0.5387795567512512,0.45458555221557617,-0.03246689587831497,0.5057637691497803,0.4153876304626465,-0.040667574852705,0.48005205392837524,0.3866170644760132,-0.04755452647805214,0.6139187216758728,0.5045627355575562,-0.024536635726690292,0.5805252194404602,0.42777925729751587,-0.03727530315518379,0.554241955280304,0.3852790594100952,-0.04847004637122154,0.5301610231399536,0.35169103741645813,-0.056429922580718994,0.6441189646720886,0.4956352412700653,-0.027786530554294586,0.6307706832885742,0.4241129755973816,-0.04163765162229538,0.6168333292007446,0.3811696171760559,-0.04976435750722885,0.6015147566795349,0.3457622528076172,-0.05491821467876434
0,0.6327919960021973,0.6515042781829834,2.6332773472859117e-07,0.5724326968193054,0.6810730695724487,-0.02019975706934929,0.5122065544128418,0.6814801096916199,-0.031027602031826973,0.4606134295463562,0.6714056134223938,-0.03955783322453499,0.42159751057624817,0.667130708694458,-0.04828744754195213,0.5187370777130127,0.5547139644622803,-0.021381480619311333,0.4685470461845398,0.5041203498840332,-0.033239368349313736,0.4371882677078247,0.47508352994918823,-0.04299262911081314,0.4117380976676941,0.45030343532562256,-0.050343107432127,0.5429871678352356,0.51360684633255,-0.021272767335176468,0.4959782361984253,0.4445327818393707,-0.03089134953916073,0.46237021684646606,0.405964195728302,-0.03990199789404869,0.4361101984977722,0.3762900233268738,-0.0474400520324707,0.5711951851844788,0.4890497326850891,-0.02364080771803856,0.5339367389678955,0.41491907835006714,-0.036063145846128464,0.5059879422187805,0.37309908866882324,-0.0477910041809082,0.4817722737789154,0.3401329219341278,-0.05608268827199936,0.6014291644096375,0.47549131512641907,-0.027360692620277405,0.5839903354644775,0.4057618975639343,-0.04041079804301262,0.5683913826942444,0.3636937439441681,-0.04823194816708565,0.5519816875457764,0.32879799604415894,-0.05333210155367851
0,0.5985562205314636,0.644846498966217,2.3380330560485163e-07,0.5353484749794006,0.6764780282974243,-0.020907457917928696,0.4703848958015442,0.6787706017494202,-0.03204932063817978,0.4187910556793213,0.670651376247406,-0.04106908664107323,0.37922176718711853,0.6650786399841309,-0.050120774656534195,0.46964651346206665,0.5487620234489441,-0.019990310072898865,0.41905632615089417,0.5028355121612549,-0.03332506865262985,0.38811057806015015,0.4760494828224182,-0.045264940708875656,0.3620416522026062,0.4519667625427246,-0.054505784064531326,0.4918109178543091,0.5053229331970215,-0.021038325503468513,0.4434816539287567,0.44314339756965637,-0.032049525529146194,0.40982145071029663,0.40845122933387756,-0.04284368082880974,0.38226816058158875,0.3815973699092865,-0.05182553082704544,0.5192954540252686,0.47816336154937744,-0.024910612031817436,0.4799003303050995,0.40896356105804443,-0.03803649917244911,0.45068129897117615,0.3717493414878845,-0.049743060022592545,0.4243742823600769,0.34237343072891235,-0.05835810676217079,0.5500789284706116,0.46282461285591125,-0.03049875982105732,0.5291149616241455,0.39679330587387085,-0.04400030896067619,0.5118770599365234,0.35782405734062195,-0.05165761709213257,0.4941796064376831,0.325658917427063,-0.0567864291369915
0,0.5524568557739258,0.6503500938415527,1.914290095328397e-07,0.49286726117134094,0.6809921264648438,-0.018813272938132286,0.43080347776412964,0.6860995888710022,-0.028566529974341393,0.3816119134426117,0.6870697140693665,-0.03791200369596481,0.34380289912223816,0.6841316819190979,-0.04710160568356514,0.42175260186195374,0.5520615577697754,-0.007071842439472675,0.3725377321243286,0.5145013332366943,-0.02049156464636326,0.3409050703048706,0.4940485954284668,-0.03462572395801544,0.31420230865478516,0.4766080677509308,-0.04523923620581627,0.43965208530426025,0.5086596012115479,-0.010262753814458847,0.39209192991256714,0.4510134160518646,-0.01988079957664013,0.3577387034893036,0.4213356077671051,-0.031732045114040375,0.3288760781288147,0.3991641402244568,-0.04134975001215935,0.46511173248291016,0.4800425171852112,-0.017200063914060593,0.42499831318855286,0.41511741280555725,-0.028368094936013222,0.39713379740715027,0.38220131397247314,-0.03792838007211685,0.3717133104801178,0.3565717339515686,-0.0450727716088295,0.4953398108482361,0.46435511112213135,-0.02635773830115795,0.47240549325942993,0.4030653238296509,-0.03723092004656792,0.45365816354751587,0.36751919984817505,-0.041997697204351425,0.4348824918270111,0.337890088558197,-0.04512285068631172
0,0.4768780469894409,0.6491129398345947,2.094695474852415e-07,0.4214397966861725,0.6858980655670166,-0.021469155326485634,0.36083081364631653,0.6999149322509766,-0.03406714275479317,0.31020522117614746,0.7073802947998047,-0.04588279128074646,0.27172166109085083,0.7110722661018372,-0.05765799432992935,0.3406568467617035,0.5675901770591736,-0.014615357853472233,0.2851460576057434,0.5393171310424805,-0.03239264339208603,0.2487136423587799,0.5264632105827332,-0.04884494096040726,0.21685512363910675,0.514890730381012,-0.06095407158136368,0.35413405299186707,0.5244568586349487,-0.018295833840966225,0.2986017167568207,0.4759211242198944,-0.034089863300323486,0.2576686143875122,0.4517627954483032,-0.04863506555557251,0.22317226231098175,0.4350912272930145,-0.05955858156085014,0.3756392300128937,0.4947769343852997,-0.025926871225237846,0.32727867364883423,0.4373099207878113,-0.04271090030670166,0.28921112418174744,0.40800705552101135,-0.056013669818639755,0.25574836134910583,0.3864556550979614,-0.06506100296974182,0.40305787324905396,0.47561365365982056,-0.03581042215228081,0.37259361147880554,0.41489195823669434,-0.05150822177529335,0.3457426130771637,0.3785364329814911,-0.06049336493015289,0.3193592429161072,0.34944748878479004,-0.06642425060272217
0,0.5475882291793823,0.643496572971344,-6.78296601108741e-08,0.48454442620277405,0.6554734706878662,0.011617192067205906,0.4303796589374542,0.6382161974906921,0.015306234359741211,0.3884889781475067,0.6272736191749573,0.011074871756136417,0.3522309362888336,0.6218243837356567,0.005466985981911421,0.4143573045730591,0.48965898156166077,0.04141862690448761,0.37117552757263184,0.4413568079471588,0.03431612625718117,0.3364563584327698,0.43002480268478394,0.020394517108798027,0.3048483431339264,0.43185892701148987,0.010163754224777222,0.4286888837814331,0.4657101631164551,0.020724959671497345,0.3816734552383423,0.3972285985946655,0.015358579345047474,0.33970409631729126,0.37420880794525146,0.0030524053145200014,0.3031002879142761,0.3693542778491974,-0.006099071819335222,0.44792672991752625,0.45438382029533386,-0.004124737344682217,0.4065168797969818,0.37650004029273987,-0.009547141380608082,0.3687334954738617,0.3460640013217926,-0.01827489398419857,0.333940714597702,0.3308885097503662,-0.025340290740132332,0.4705764055252075,0.45444050431251526,-0.030065620318055153,0.44062766432762146,0.3875587582588196,-0.03669168800115585,0.4125334620475769,0.3508452773094177,-0.041332148015499115,0.38438668847084045,0.3220595717430115,-0.045348405838012695
0,0.6106563806533813,0.6459945440292358,-1.4941944925794814e-07,0.602729856967926,0.5591594576835632,0.03345876932144165,0.5767349600791931,0.4953487515449524,0.04209280386567116,0.5486389398574829,0.44844579696655273,0.04604224115610123,0.5259103775024414,0.4167746603488922,0.046766337007284164,0.5352131724357605,0.466353178024292,-0.008960101753473282,0.47073307633399963,0.4003237187862396,-0.01909145712852478,0.42756596207618713,0.3817611336708069,-0.015942741185426712,0.39767032861709595,0.37859928607940674,-0.010882411152124405,0.5179116725921631,0.49556443095207214,-0.030505629256367683,0.4352957606315613,0.42370402812957764,-0.04673312231898308,0.3852943181991577,0.40728819370269775,-0.04352175444364548,0.35316699743270874,0.40663084387779236,-0.03727663308382034,0.5023247003555298,0.5395855903625488,-0.04757479950785637,0.4190673828125,0.47402286529541016,-0.06035592406988144,0.3701270818710327,0.45434141159057617,-0.05627632141113281,0.336279034614563,0.44556838274002075,-0.050650496035814285,0.4899963140487671,0.5947669148445129,-0.06013825535774231,0.41846227645874023,0.5567828416824341,-0.07471957802772522,0.376039057970047,0.5343426465988159,-0.07643076777458191,0.3421524167060852,0.5137659311294556,-0.07398604601621628
0,0.6053997874259949,0.6391990184783936,5.22605638764162e-08,0.6114993095397949,0.5523870587348938,0.015232929959893227,0.5976859331130981,0.47909486293792725,0.016723209992051125,0.5731971263885498,0.42109888792037964,0.016091564670205116,0.5570079684257507,0.38097721338272095,0.012306534685194492,0.5354210138320923,0.4671677350997925,-0.016118541359901428,0.47557955980300903,0.3981219232082367,-0.026086093857884407,0.43681788444519043,0.3751293420791626,-0.027548745274543762,0.409368634223938,0.36805373430252075,-0.0268767811357975,0.5113650560379028,0.5011922121047974,-0.029257282614707947,0.4372376799583435,0.43384766578674316,-0.04036113992333412,0.39188382029533386,0.41601884365081787,-0.04252380132675171,0.36270570755004883,0.41418513655662537,-0.04281369224190712,0.49500572681427,0.5471791625022888,-0.03949505463242531,0.41996222734451294,0.4848865270614624,-0.04966595023870468,0.37650156021118164,0.4635366201400757,-0.05233543738722801,0.34674450755119324,0.45461520552635193,-0.05345170944929123,0.48421511054039,0.6021935343742371,-0.04684629663825035,0.41786861419677734,0.5702784657478333,-0.05872192978858948,0.3791981041431427,0.5504586100578308,-0.06231971085071564,0.3480646014213562,0.5311351418495178,-0.06276199966669083
0,0.6116886734962463,0.6543631553649902,2.1515009507311333e-07,0.6228439807891846,0.5609058141708374,0.00608961284160614,0.616186797618866,0.48669037222862244,0.0023333774879574776,0.5979735851287842,0.4212178587913513,-0.0024984320625662804,0.5844628810882568,0.37229305505752563,-0.0094363484531641,0.5399658679962158,0.47494950890541077,-0.012172549962997437,0.4770631790161133,0.41282200813293457,-0.019995879381895065,0.43848270177841187,0.38899660110473633,-0.02317630872130394,0.4111442565917969,0.3787708282470703,-0.02431221306324005,0.5113590955734253,0.5148072838783264,-0.02045670710504055,0.441194623708725,0.4529331624507904,-0.02733364887535572,0.4009591341018677,0.43257176876068115,-0.030427899211645126,0.37646859884262085,0.42649543285369873,-0.03220738470554352,0.49351686239242554,0.5653925538063049,-0.027135783806443214,0.4247690439224243,0.5098031759262085,-0.03379426151514053,0.3869680166244507,0.4878065884113312,-0.036574531346559525,0.362646222114563,0.47842052578926086,-0.03849274665117264,0.48434898257255554,0.6202149391174316,-0.03205491974949837,0.42436981201171875,0.5872883796691895,-0.03904176130890846,0.39218461513519287,0.5676316618919373,-0.03977056220173836,0.36721861362457275,0.5487270951271057,-0.038842447102069855
0,0.6186391115188599,0.6689937710762024,2.943005199540494e-07,0.6350936889648438,0.5735555291175842,0.0020581395365297794,0.6281729936599731,0.4990435540676117,-0.0032842555083334446,0.6158769130706787,0.4305908679962158,-0.00920551735907793,0.6074019074440002,0.3780929446220398,-0.01655738614499569,0.5443823933601379,0.48677653074264526,-0.012660830281674862,0.48331165313720703,0.42256098985671997,-0.01807238534092903,0.4464528560638428,0.3953920006752014,-0.019835714250802994,0.42118051648139954,0.3812354803085327,-0.020108455792069435,0.5131755471229553,0.5296826362609863,-0.017215484753251076,0.44241249561309814,0.47200456261634827,-0.019245151430368423,0.40759819746017456,0.45153212547302246,-0.018789373338222504,0.3882077932357788,0.4435808062553406,-0.018521927297115326,0.49403688311576843,0.5814328193664551,-0.02053770236670971,0.42498087882995605,0.5350834727287292,-0.021779201924800873,0.3946037292480469,0.5146157145500183,-0.02065272442996502,0.37822023034095764,0.5044677257537842,-0.020592397078871727,0.48573097586631775,0.6316214799880981,-0.023000385612249374,0.4296741783618927,0.6027626991271973,-0.02411961369216442,0.40028536319732666,0.5848261713981628,-0.02142641507089138,0.37942224740982056,0.5684863328933716,-0.01858787052333355
0,0.6380609273910522,0.6902474164962769,3.308105362975766e-07,0.6591206789016724,0.5919259786605835,0.002485521836206317,0.6561360955238342,0.51284259557724,-0.0005885767168365419,0.648028552532196,0.44207483530044556,-0.004941014107316732,0.6469470858573914,0.38931789994239807,-0.009596915915608406,0.5513901710510254,0.5002073049545288,0.0027137701399624348,0.4949072301387787,0.439121276140213,0.004145049024373293,0.4635539650917053,0.41332119703292847,0.006098955404013395,0.44441261887550354,0.398313969373703,0.008512230589985847,0.518855631351471,0.5447917580604553,0.00059437908930704,0.45339399576187134,0.49323469400405884,0.008522957563400269,0.4300391376018524,0.4810938537120819,0.0166018083691597,0.4226684868335724,0.4790336489677429,0.02302270010113716,0.5021075010299683,0.5982961654663086,-0.0012698936043307185,0.4380073845386505,0.5635170936584473,0.005958205554634333,0.4195100963115692,0.548370897769928,0.016021301969885826,0.4170721769332886,0.5408867597579956,0.022983163595199585,0.4972686171531677,0.6495040655136108,-0.0032966025173664093,0.44627827405929565,0.638580858707428,0.004216534085571766,0.42742088437080383,0.6284547448158264,0.014343509450554848,0.42129257321357727,0.6184576153755188,0.023290952667593956
0,0.6485682129859924,0.7257453203201294,4.203954517834063e-07,0.6790180802345276,0.6275948286056519,0.010386355221271515,0.6781166195869446,0.5440254211425781,0.017547521740198135,0.6687426567077637,0.4705846905708313,0.024110177531838417,0.6735349893569946,0.4152321219444275,0.031744908541440964,0.5711901187896729,0.5243408679962158,0.02420259267091751,0.5199689269065857,0.45062536001205444,0.03798128664493561,0.4915774464607239,0.41779762506484985,0.04890292137861252,0.47310683131217957,0.3984737694263458,0.057711947709321976,0.5334005951881409,0.5648800134658813,0.026145460084080696,0.46601182222366333,0.5062208771705627,0.043311040848493576,0.4393784701824188,0.48480868339538574,0.05910748615860939,0.4258142411708832,0.4762569069862366,0.07259194552898407,0.5125024318695068,0.6151465773582458,0.028553389012813568,0.4499611556529999,0.5819166302680969,0.044516000896692276,0.4294288456439972,0.5627948641777039,0.05781570076942444,0.421977698802948,0.5525693893432617,0.06811841577291489,0.5076858997344971,0.6650910377502441,0.03144320473074913,0.46733152866363525,0.652225136756897,0.05255945771932602,0.4596414566040039,0.6483702659606934,0.06936294585466385,0.46238139271736145,0.6492385864257812,0.08261905610561371
0,0.6520824432373047,0.7350333333015442,5.703308829652087e-07,0.6793891191482544,0.6321863532066345,-0.0001684556482359767,0.6852185726165771,0.5502915978431702,-0.0032303552143275738,0.6859651803970337,0.47747403383255005,-0.006736925803124905,0.6986253261566162,0.4235537648200989,-0.01013792585581541,0.5697767734527588,0.5306131839752197,0.0031741326674818993,0.5194157958030701,0.4496520459651947,0.006188296712934971,0.49083760380744934,0.4072543978691101,0.007148382253944874,0.4705793857574463,0.37483835220336914,0.00759976776316762,0.5316024422645569,0.5736017227172852,0.0030938175041228533,0.4653138518333435,0.5075106620788574,0.010089869610965252,0.42955541610717773,0.47297486662864685,0.012353724800050259,0.4069768190383911,0.44811809062957764,0.013185041956603527,0.5116735696792603,0.6247274875640869,0.0033361040987074375,0.4450716972351074,0.5853419899940491,0.010168589651584625,0.4122816324234009,0.5585341453552246,0.008725143037736416,0.3913987874984741,0.5379185080528259,0.006316627841442823,0.507086455821991,0.674178957939148,0.003593411296606064,0.45566096901893616,0.6622791886329651,0.010044164955615997,0.4277835488319397,0.6539492607116699,0.012901109643280506,0.4084464907646179,0.6444048285484314,0.01536611933261156
0,0.6531897187232971,0.7316557765007019,6.089923090257798e-07,0.6781477928161621,0.6281973123550415,-0.005003783851861954,0.6837943196296692,0.5472326278686523,-0.012883700430393219,0.6868726015090942,0.47439369559288025,-0.02068183571100235,0.7017213702201843,0.4195901155471802,-0.028470898047089577,0.5646477341651917,0.5274981260299683,-0.008690301328897476,0.5175670981407166,0.44146591424942017,-0.011104539036750793,0.4897027611732483,0.3954814374446869,-0.013282550498843193,0.46959757804870605,0.3617246150970459,-0.01499128807336092,0.5259354710578918,0.5711331963539124,-0.009265409782528877,0.46081846952438354,0.4964267313480377,-0.008176605217158794,0.4228406548500061,0.4568585157394409,-0.009144051931798458,0.3975304961204529,0.430105984210968,-0.010712222196161747,0.5061824917793274,0.6232122182846069,-0.00952990259975195,0.4364437162876129,0.5781580209732056,-0.008561158552765846,0.39958012104034424,0.5493859648704529,-0.01286877878010273,0.37458062171936035,0.5286117792129517,-0.017058173194527626,0.5018149614334106,0.6749396920204163,-0.009889449924230576,0.44385015964508057,0.664643406867981,-0.011043259873986244,0.4102451205253601,0.6565388441085815,-0.012317991815507412,0.3844599723815918,0.6467323303222656,-0.012158045545220375
0,0.6500271558761597,0.7272660136222839,5.839236791871372e-07,0.671720027923584,0.6217113137245178,0.0023270936217159033,0.6745588183403015,0.5420270562171936,-0.0031378392595797777,0.6778541803359985,0.47081857919692993,-0.009312704205513,0.6935337781906128,0.41707950830459595,-0.015977278351783752,0.5602715611457825,0.5221952199935913,-0.006189575418829918,0.5131339430809021,0.43157047033309937,-0.0068763187155127525,0.4835626482963562,0.38591256737709045,-0.0056669642217457294,0.46192842721939087,0.35536104440689087,-0.0050634047947824,0.5220144391059875,0.5641368627548218,-0.010193736292421818,0.45385247468948364,0.4822402596473694,-0.011742662638425827,0.4132128655910492,0.4426799416542053,-0.011573941446840763,0.38652658462524414,0.4182567596435547,-0.011410493403673172,0.49998739361763,0.6171591281890869,-0.013137709349393845,0.42569100856781006,0.5639249682426453,-0.01627928577363491,0.38531795144081116,0.5338721871376038,-0.02176962047815323,0.3579266667366028,0.5151013135910034,-0.02537469193339348,0.4926501512527466,0.6713924407958984,-0.014780759811401367,0.42647483944892883,0.658409059047699,-0.01935289055109024,0.38788753747940063,0.6496961712837219,-0.022133953869342804,0.3578295409679413,0.6394743323326111,-0.022411668673157692
0,0.6357971429824829,0.7011846303939819,2.157681535663869e-07,0.6462923288345337,0.6127641201019287,0.020709749311208725,0.6370221972465515,0.5498109459877014,0.023069070652127266,0.6259656548500061,0.49806514382362366,0.02224775403738022,0.6296167969703674,0.45688462257385254,0.018329916521906853,0.5556427836418152,0.5144373178482056,-0.012246803380548954,0.5036238431930542,0.4343927502632141,-0.020227497443556786,0.4700223207473755,0.39395755529403687,-0.02075216732919216,0.44402074813842773,0.3699801564216614,-0.020692070946097374,0.5274497866630554,0.5447856783866882,-0.02816738933324814,0.4587081968784332,0.45981141924858093,-0.03950294479727745,0.4096187353134155,0.42620694637298584,-0.042832061648368835,0.37367042899131775,0.41103053092956543,-0.04480642452836037,0.5079199075698853,0.5918583869934082,-0.04050075262784958,0.4316234588623047,0.5257341861724854,-0.05329315364360809,0.38021785020828247,0.4975939691066742,-0.06378831714391708,0.34274041652679443,0.4828459620475769,-0.07066142559051514,0.49603545665740967,0.6502155065536499,-0.04876367747783661,0.4241235554218292,0.6345574855804443,-0.06543071568012238,0.3797364830970764,0.6260881423950195,-0.07521456480026245,0.3435441255569458,0.6175405979156494,-0.08011526614427567
0,0.6484659910202026,0.7000359296798706,1.2126540127610497e-07,0.634490430355072,0.6183103919029236,0.027865223586559296,0.6016361117362976,0.5565685033798218,0.033930204808712006,0.5716508626937866,0.5123053789138794,0.03490738198161125,0.5525908470153809,0.4859564006328583,0.032417915761470795,0.5593815445899963,0.5242778062820435,-0.005702161230146885,0.4988253116607666,0.4450529217720032,-0.016389543190598488,0.4556182324886322,0.4074178636074066,-0.01928260736167431,0.42148756980895996,0.386454701423645,-0.020488815382122993,0.5414671301841736,0.5429590940475464,-0.02739083766937256,0.46647465229034424,0.45275038480758667,-0.03942648321390152,0.4127371907234192,0.4125325679779053,-0.0436520092189312,0.3711598813533783,0.3887110650539398,-0.0460224524140358,0.5261740684509277,0.5807592272758484,-0.04525225609540939,0.44807350635528564,0.4994814991950989,-0.05670212209224701,0.3960944414138794,0.4648921489715576,-0.06506557762622833,0.3566035032272339,0.44121724367141724,-0.07136524468660355,0.51361483335495,0.6336268782615662,-0.059045448899269104,0.4509078860282898,0.6030609607696533,-0.07453163713216782,0.40962475538253784,0.5828773379325867,-0.08216848224401474,0.37412646412849426,0.5632877349853516,-0.08626408129930496
0,0.6624982953071594,0.7216472625732422,2.350470573730945e-08,0.6163202524185181,0.6524417996406555,0.04010581597685814,0.5684266686439514,0.596268355846405,0.05005563423037529,0.5303322672843933,0.5542033314704895,0.050504419952631,0.49815768003463745,0.5230345726013184,0.04740988090634346,0.554681658744812,0.5473488569259644,0.015037349425256252,0.47902172803878784,0.4651135504245758,0.00285472278483212,0.42710909247398376,0.4232260286808014,-0.0027817445807158947,0.384618878364563,0.3954285979270935,-0.006970331538468599,0.5540105700492859,0.5486293435096741,-0.018169758841395378,0.46598929166793823,0.45164477825164795,-0.032448310405015945,0.4077983796596527,0.4103598892688751,-0.03912709280848503,0.3640140891075134,0.385897696018219,-0.044193584471940994,0.5469340682029724,0.573937714099884,-0.04893067106604576,0.4634004831314087,0.47464099526405334,-0.060521215200424194,0.410402774810791,0.4325807988643646,-0.06758429855108261,0.37214356660842896,0.40496426820755005,-0.07495706528425217,0.5329233407974243,0.617263674736023,-0.07576388120651245,0.4731849431991577,0.5635841488838196,-0.09044696390628815,0.4329300820827484,0.5301753282546997,-0.097786083817482,0.39988166093826294,0.5005838871002197,-0.10409247130155563
0,0.6404250860214233,0.5828846096992493,2.8152084041721537e-07,0.5842085480690002,0.6310915946960449,-0.028458494693040848,0.5274065136909485,0.6655033826828003,-0.049196261912584305,0.4788404405117035,0.6927529573440552,-0.06832423061132431,0.4382818341255188,0.7170841693878174,-0.08785644173622131,0.49169519543647766,0.5263730883598328,-0.03125845268368721,0.4261811673641205,0.5053120851516724,-0.05291464552283287,0.3869156241416931,0.4904228448867798,-0.07108860462903976,0.35488706827163696,0.4760141372680664,-0.0844874307513237,0.5057894587516785,0.4778972864151001,-0.034419719129800797,0.4390828013420105,0.4337628185749054,-0.053198911249637604,0.39755380153656006,0.40593400597572327,-0.06867715716362,0.364915132522583,0.3823816180229187,-0.08075006306171417,0.532050609588623,0.44211894273757935,-0.04139408469200134,0.47628986835479736,0.3844684958457947,-0.06148255616426468,0.4414002597332001,0.34992581605911255,-0.07482397556304932,0.4110107719898224,0.3217981457710266,-0.08446858823299408,0.5674623847007751,0.4161740243434906,-0.05097217112779617,0.5366265773773193,0.3537159562110901,-0.06943350285291672,0.5126258730888367,0.315382719039917,-0.07762981206178665,0.48908936977386475,0.28217464685440063,-0.08320636302232742
0,0.7797584533691406,0.805971086025238,5.290821150083502e-07,0.8121488094329834,0.7229616641998291,-0.009737326763570309,0.8298643231391907,0.6516945362091064,-0.021842757239937782,0.8423356413841248,0.5868898034095764,-0.03287311643362045,0.8557083606719971,0.5400660634040833,-0.04541178047657013,0.7376769781112671,0.6083560585975647,-0.02956159971654415,0.7142268419265747,0.5136873722076416,-0.042229171842336655,0.6927108764648438,0.4636331796646118,-0.049601055681705475,0.673796534538269,0.42871999740600586,-0.054641298949718475,0.6990776062011719,0.6328431367874146,-0.033006660640239716,0.6489782929420471,0.5387894511222839,-0.046372294425964355,0.6182198524475098,0.48694902658462524,-0.055017225444316864,0.5958919525146484,0.4538172781467438,-0.06108379364013672,0.67259681224823,0.6703514456748962,-0.035519931465387344,0.6169869899749756,0.5965426564216614,-0.048456426709890366,0.5829020142555237,0.5515634417533875,-0.05915141478180885,0.5572894215583801,0.5204102396965027,-0.06623101234436035,0.6562389135360718,0.7142895460128784,-0.03745757415890694,0.6063646078109741,0.6664229035377502,-0.04987248033285141,0.5769747495651245,0.636855959892273,-0.05550230294466019,0.5538133382797241,0.6114302277565002,-0.05790184438228607
0,0.8229486346244812,0.8170133233070374,3.4950875260619796e-07,0.8449910879135132,0.734127402305603,-0.004108272958546877,0.8509101867675781,0.6662052869796753,-0.009948712773621082,0.8551437854766846,0.6065797209739685,-0.017749642953276634,0.8642582893371582,0.5644187331199646,-0.02623479813337326,0.7409006953239441,0.6483800411224365,0.001012922264635563,0.7054448127746582,0.5894275903701782,-0.0027101885061711073,0.683570921421051,0.5637880563735962,-0.007558914832770824,0.6679349541664124,0.5493516325950623,-0.011002348735928535,0.7095652222633362,0.681869387626648,-0.0027941514272242785,0.6576615571975708,0.6295813322067261,-0.0030396049842238426,0.6317253708839417,0.6128467917442322,-0.005240898113697767,0.6186105012893677,0.6085960865020752,-0.007166021037846804,0.6920952200889587,0.7257277965545654,-0.00745336152613163,0.6365322470664978,0.6863716840744019,-0.008816267363727093,0.6124871373176575,0.6748139262199402,-0.011056463234126568,0.6003474593162537,0.6709442734718323,-0.012932910583913326,0.6846851706504822,0.7747259140014648,-0.012566093355417252,0.637067973613739,0.7646200656890869,-0.014453226700425148,0.6133571863174438,0.7578434348106384,-0.013163618743419647,0.599765956401825,0.7509394288063049,-0.011079953983426094
0,0.8118844032287598,0.7706146836280823,4.92187382405973e-07,0.7404137849807739,0.7797216176986694,-0.025513917207717896,0.6692389249801636,0.774100124835968,-0.04363924264907837,0.6138262152671814,0.7867056131362915,-0.0616501159965992,0.5706247091293335,0.8055821657180786,-0.08121219277381897,0.681796669960022,0.5950701832771301,-0.027028707787394524,0.6303887963294983,0.5183015465736389,-0.0451168566942215,0.6028211116790771,0.47014638781547546,-0.06089242920279503,0.5827559232711792,0.4270515441894531,-0.07395316660404205,0.7188036441802979,0.5604659914970398,-0.03319491818547249,0.6752400994300842,0.4664038419723511,-0.04900467023253441,0.6530874371528625,0.4028592109680176,-0.0655474066734314,0.6382324695587158,0.3500390946865082,-0.07959720492362976,0.7621046900749207,0.5492977499961853,-0.043311707675457,0.7426194548606873,0.4480399489402771,-0.0670781210064888,0.735454797744751,0.3828698396682739,-0.08821416646242142,0.7276855707168579,0.3266069293022156,-0.10335662961006165,0.8098549842834473,0.5578709840774536,-0.055189862847328186,0.8256508111953735,0.47857239842414856,-0.08016851544380188,0.8338027596473694,0.422477662563324,-0.09457400441169739,0.8370121121406555,0.3700639009475708,-0.10468217730522156
0,0.7262255549430847,0.5860697031021118,4.727629061562766e-07,0.6501842737197876,0.5936629176139832,-0.029705170542001724,0.5747510194778442,0.5876479744911194,-0.05143919587135315,0.5138747692108154,0.5905365347862244,-0.07175504416227341,0.4657784402370453,0.602400541305542,-0.09320107102394104,0.5939534306526184,0.41092923283576965,-0.03685219585895538,0.5379409193992615,0.33051711320877075,-0.058438487350940704,0.5071365833282471,0.28231289982795715,-0.07631445676088333,0.4840608239173889,0.23949581384658813,-0.09057556837797165,0.6321771740913391,0.37382474541664124,-0.04216620326042175,0.5858067274093628,0.2710114121437073,-0.05943722650408745,0.5610259175300598,0.20684246718883514,-0.07519698143005371,0.5446332693099976,0.1548658311367035,-0.08890756964683533,0.6767104268074036,0.35967397689819336,-0.05143117904663086,0.6519891619682312,0.2507554292678833,-0.07324578613042831,0.6406108736991882,0.18120184540748596,-0.09084388613700867,0.631147563457489,0.12240773439407349,-0.10479637235403061,0.7262264490127563,0.3648727834224701,-0.06315464526414871,0.7375995516777039,0.28140565752983093,-0.08537335693836212,0.7418854236602783,0.22122834622859955,-0.09712816029787064,0.7433250546455383,0.16599693894386292,-0.1061285138130188
0,0.80902099609375,0.5959876775741577,4.847964305554342e-07,0.7347718477249146,0.5999293923377991,-0.030925855040550232,0.665686309337616,0.5948675870895386,-0.05318634957075119,0.6085965633392334,0.5925860404968262,-0.07393322139978409,0.5649396777153015,0.5991048216819763,-0.09517708420753479,0.6754072308540344,0.41593435406684875,-0.03325533866882324,0.6216939091682434,0.3375099301338196,-0.055913910269737244,0.5918862819671631,0.2870434820652008,-0.07473396509885788,0.5709854364395142,0.24337303638458252,-0.08906996995210648,0.7127162218093872,0.3773990571498871,-0.03800608962774277,0.6681694388389587,0.27709394693374634,-0.05637967213988304,0.6441696882247925,0.2134438008069992,-0.07234567403793335,0.6289179921150208,0.16219890117645264,-0.08505908399820328,0.7571577429771423,0.3645247220993042,-0.04719294235110283,0.7346135973930359,0.2578526437282562,-0.07008551061153412,0.7234018445014954,0.19202646613121033,-0.08737993985414505,0.7151219248771667,0.1377495527267456,-0.0998912826180458,0.8069725632667542,0.37188562750816345,-0.05904551222920418,0.8184611797332764,0.2906399667263031,-0.08216185122728348,0.8231410980224609,0.234356090426445,-0.09345491975545883,0.8257635235786438,0.18290495872497559,-0.10095442831516266
0,0.8773120641708374,0.6063750386238098,4.7559169047417527e-07,0.8015671968460083,0.6023533344268799,-0.029391763731837273,0.7384741306304932,0.5885050892829895,-0.05118865147233009,0.6835291981697083,0.5816091299057007,-0.07216551154851913,0.64000403881073,0.581912636756897,-0.09381884336471558,0.7615849375724792,0.4124828577041626,-0.02792898193001747,0.7145674824714661,0.33077430725097656,-0.05047213286161423,0.6876927018165588,0.27755096554756165,-0.07037375122308731,0.6696006655693054,0.2311955988407135,-0.08561194688081741,0.7998472452163696,0.3812328577041626,-0.03336130455136299,0.7593266367912292,0.2795531749725342,-0.051595401018857956,0.7398568987846375,0.2123924344778061,-0.06833060085773468,0.7289384007453918,0.15715476870536804,-0.08164423704147339,0.8436659574508667,0.37501949071884155,-0.04348687082529068,0.8247621059417725,0.268265962600708,-0.06621553748846054,0.8189301490783691,0.20029141008853912,-0.08355090767145157,0.814308226108551,0.14354419708251953,-0.09607329964637756,0.8916645646095276,0.3878234922885895,-0.0562913604080677,0.9040853381156921,0.3086598217487335,-0.079127736389637,0.9103438854217529,0.25320085883140564,-0.09008205682039261,0.913719117641449,0.20160093903541565,-0.09743261337280273
0,0.6693580746650696,0.6592252850532532,4.998502163289231e-07,0.5961021184921265,0.6778571605682373,-0.03382238373160362,0.5257668495178223,0.684167742729187,-0.057358164340257645,0.4652402698993683,0.7008675336837769,-0.07849611341953278,0.4161204695701599,0.722068190574646,-0.10061182826757431,0.5306059122085571,0.5037460327148438,-0.03670214116573334,0.47172555327415466,0.43724682927131653,-0.05775654315948486,0.43716952204704285,0.398027241230011,-0.07612841576337814,0.4092499911785126,0.3631358742713928,-0.09050051122903824,0.563341498374939,0.46420928835868835,-0.03892635926604271,0.5120668411254883,0.37120693922042847,-0.05529141053557396,0.4821169078350067,0.3156582713127136,-0.0710352286696434,0.45997774600982666,0.27067995071411133,-0.0846557468175888,0.6044563055038452,0.4471043348312378,-0.04554569721221924,0.574974775314331,0.3445221781730652,-0.06611933559179306,0.5561009645462036,0.28226184844970703,-0.08325942605733871,0.5386532545089722,0.22996628284454346,-0.09667640179395676,0.6517795920372009,0.4467122554779053,-0.0549384243786335,0.6558313965797424,0.3613206744194031,-0.07511689513921738,0.6548370718955994,0.3042168915271759,-0.0854288786649704,0.650562584400177,0.25303104519844055,-0.09331727772951126
0,0.6056659817695618,0.6387043595314026,4.123268695366278e-07,0.5392410755157471,0.6732273697853088,-0.031011193990707397,0.4772561192512512,0.6899282932281494,-0.052680909633636475,0.4228915274143219,0.7047851085662842,-0.07243071496486664,0.3788833022117615,0.726143479347229,-0.09364785999059677,0.47432008385658264,0.5137385725975037,-0.03166978806257248,0.41569265723228455,0.45587795972824097,-0.050116632133722305,0.38057029247283936,0.41833800077438354,-0.06784093379974365,0.3522871434688568,0.3836274743080139,-0.08223050087690353,0.5044133067131042,0.46819883584976196,-0.03423599898815155,0.45324280858039856,0.3841220736503601,-0.04806701838970184,0.42137157917022705,0.3313784897327423,-0.06329301744699478,0.39703983068466187,0.28771305084228516,-0.07717983424663544,0.5431864261627197,0.4445722699165344,-0.04088936001062393,0.5090264081954956,0.3495713770389557,-0.05934130772948265,0.4877336919307709,0.2913714647293091,-0.07575959712266922,0.46814626455307007,0.24267983436584473,-0.08900924772024155,0.5887792110443115,0.4365476071834564,-0.05016468092799187,0.5863245725631714,0.35326528549194336,-0.06840814650058746,0.5824369192123413,0.29975438117980957,-0.07739659398794174,0.5749182105064392,0.25299301743507385,-0.0847003310918808
0,0.5886297225952148,0.6546127796173096,4.316711965657305e-07,0.5196795463562012,0.686394453048706,-0.029336582869291306,0.4522196650505066,0.7012990117073059,-0.05038684979081154,0.39658334851264954,0.7192525863647461,-0.06976749002933502,0.35320189595222473,0.7421959638595581,-0.09050261974334717,0.43929511308670044,0.5254469513893127,-0.031463705003261566,0.3791971206665039,0.4709642231464386,-0.052342791110277176,0.34362632036209106,0.4374421238899231,-0.07109230011701584,0.3142176866531372,0.40673524141311646,-0.08558692783117294,0.46770256757736206,0.47998589277267456,-0.03573240712285042,0.4150640666484833,0.3964938223361969,-0.05215178430080414,0.3815879225730896,0.34604382514953613,-0.06789744645357132,0.3544767498970032,0.3057025372982025,-0.08131808787584305,0.5047712922096252,0.4558010995388031,-0.04419991001486778,0.4683769643306732,0.3619711101055145,-0.06425401568412781,0.44489389657974243,0.3048684597015381,-0.08018682152032852,0.42259177565574646,0.2580070495605469,-0.0925234854221344,0.5484564304351807,0.4480060935020447,-0.05522218719124794,0.5414797067642212,0.3640531003475189,-0.07435902208089828,0.5350090265274048,0.30988937616348267,-0.08300957828760147,0.5258130431175232,0.26350530982017517,-0.08956819772720337
0,0.5812691450119019,0.6868129968643188,3.732035622761032e-07,0.5104583501815796,0.7301970720291138,-0.021000653505325317,0.4427867829799652,0.7510013580322266,-0.036446087062358856,0.3888551592826843,0.7773100733757019,-0.051343172788619995,0.3480009138584137,0.8096923232078552,-0.06778685748577118,0.4181085228919983,0.5834945440292358,-0.018356742337346077,0.3539694547653198,0.5356377363204956,-0.03254864737391472,0.3163508176803589,0.5060147643089294,-0.04685383290052414,0.28500616550445557,0.47915118932724,-0.058524202555418015,0.44291314482688904,0.5344668626785278,-0.02343929372727871,0.38237112760543823,0.4612196087837219,-0.03334798291325569,0.34474560618400574,0.4167150855064392,-0.045706771314144135,0.3151179552078247,0.3811682462692261,-0.057054854929447174,0.47717249393463135,0.5043310523033142,-0.032019659876823425,0.4309881031513214,0.41718682646751404,-0.04630580171942711,0.40191924571990967,0.3639371395111084,-0.060940418392419815,0.37574654817581177,0.32108527421951294,-0.07276651263237,0.5178704857826233,0.4884941577911377,-0.04239967092871666,0.5010598301887512,0.40831106901168823,-0.05689945071935654,0.4880364239215851,0.35680627822875977,-0.06405819207429886,0.4735758900642395,0.3125958740711212,-0.06978613138198853
0,0.5812615156173706,0.7215413451194763,4.024314534945006e-07,0.5177555680274963,0.7688213586807251,-0.024350687861442566,0.4516434967517853,0.7958824634552002,-0.04155758395791054,0.3984629213809967,0.8234399557113647,-0.05872813239693642,0.3590943217277527,0.860031008720398,-0.07736349105834961,0.41899001598358154,0.6318446397781372,-0.018598834052681923,0.3539228141307831,0.5940021276473999,-0.0348438024520874,0.3142779469490051,0.569602906703949,-0.050151027739048004,0.28175050020217896,0.5468149781227112,-0.06283104419708252,0.43947839736938477,0.584161102771759,-0.02467169426381588,0.37646740674972534,0.5163177847862244,-0.03726397454738617,0.33817416429519653,0.4772713780403137,-0.05079350993037224,0.3064500689506531,0.4435890316963196,-0.06263910979032516,0.4704412519931793,0.5534454584121704,-0.035052452236413956,0.42035236954689026,0.4722440838813782,-0.051718272268772125,0.3897417187690735,0.4236217141151428,-0.06606102734804153,0.3619251549243927,0.3829692304134369,-0.07766743749380112,0.5099707841873169,0.5367329120635986,-0.04793226718902588,0.4898378252983093,0.46271607279777527,-0.06450556963682175,0.47341057658195496,0.4144948422908783,-0.07282183319330215,0.4555595815181732,0.3726089298725128,-0.07964206486940384
0,0.6355882883071899,0.6528030037879944,3.8230240306802443e-07,0.5777204632759094,0.6927618980407715,-0.022591419517993927,0.523798942565918,0.720782995223999,-0.0419672466814518,0.4766608476638794,0.7541419267654419,-0.06066901236772537,0.4412382245063782,0.7902339696884155,-0.08078821003437042,0.5040664076805115,0.5646763443946838,-0.027473390102386475,0.44038769602775574,0.5214027762413025,-0.04186901077628136,0.40185844898223877,0.49081867933273315,-0.0542314276099205,0.37222999334335327,0.4648750424385071,-0.0642257109284401,0.5261152386665344,0.5159471035003662,-0.03146449103951454,0.46532267332077026,0.44709306955337524,-0.04095134139060974,0.4277629256248474,0.4033123850822449,-0.05182446539402008,0.40024977922439575,0.3686671853065491,-0.06208978593349457,0.557594895362854,0.48543208837509155,-0.03811400756239891,0.5127379894256592,0.40470102429389954,-0.0510050393640995,0.48424193263053894,0.3531176447868347,-0.06488629430532455,0.46120685338974,0.31310680508613586,-0.07643046230077744,0.5943083167076111,0.46950334310531616,-0.0465841181576252,0.5838160514831543,0.39543092250823975,-0.060359783470630646,0.5713809132575989,0.3452020287513733,-0.06812490522861481,0.5585706830024719,0.30357468128204346,-0.07441685348749161
0,0.6915621161460876,0.6583946943283081,4.361338312719454e-07,0.627833366394043,0.6885091662406921,-0.02586670219898224,0.5669254660606384,0.708031952381134,-0.04598579555749893,0.5174602270126343,0.7351752519607544,-0.06518974155187607,0.47908616065979004,0.7655142545700073,-0.0854523554444313,0.5472691655158997,0.5503094792366028,-0.02844221703708172,0.4842177927494049,0.5036253929138184,-0.04659965634346008,0.44825828075408936,0.4723561406135559,-0.06213165074586868,0.4202597141265869,0.44467201828956604,-0.07401683926582336,0.5716187357902527,0.5062432289123535,-0.03251969814300537,0.5131832957267761,0.4322604238986969,-0.04648818448185921,0.477363258600235,0.3870476186275482,-0.060319188982248306,0.4500333368778229,0.35016143321990967,-0.07181231677532196,0.6059074997901917,0.4808976650238037,-0.040085844695568085,0.5640982985496521,0.39448055624961853,-0.05738040804862976,0.5388026833534241,0.34128355979919434,-0.07226681709289551,0.5170606374740601,0.29849815368652344,-0.08357401937246323,0.6465266346931458,0.47049692273139954,-0.04982773959636688,0.6377432942390442,0.3952935039997101,-0.066402368247509,0.6260483264923096,0.3450692892074585,-0.07458752393722534,0.6129644513130188,0.3012591600418091,-0.08062628656625748
0,0.7212549448013306,0.673419713973999,4.556447663617291e-07,0.6557743549346924,0.7009257078170776,-0.025903744623064995,0.5911088585853577,0.715846598148346,-0.045102786272764206,0.5394107103347778,0.7398665547370911,-0.0633910521864891,0.5017078518867493,0.7697709798812866,-0.08275476098060608,0.5703505277633667,0.557953417301178,-0.02704446390271187,0.5070188641548157,0.5107871294021606,-0.04631008580327034,0.46939677000045776,0.48000967502593994,-0.06289226561784744,0.4391683340072632,0.452473521232605,-0.0757167860865593,0.5934022665023804,0.5149399638175964,-0.03182597458362579,0.5364215970039368,0.44004103541374207,-0.04727489501237869,0.5008248686790466,0.39326968789100647,-0.06197032332420349,0.473193883895874,0.35494863986968994,-0.07377459108829498,0.626575767993927,0.49138176441192627,-0.040425512939691544,0.5849330425262451,0.405137836933136,-0.05920381098985672,0.5590837001800537,0.35101383924484253,-0.07530993968248367,0.5365839004516602,0.3062942326068878,-0.08730538934469223,0.6664803624153137,0.4832238554954529,-0.05130690708756447,0.6591380834579468,0.40742337703704834,-0.06975656002759933,0.6487714052200317,0.35562455654144287,-0.07972501963376999,0.6369450092315674,0.3092796802520752,-0.08690450340509415
0,0.7350769639015198,0.720716655254364,4.2585512005643977e-07,0.6647475361824036,0.7557692527770996,-0.017905162647366524,0.5967260599136353,0.7727577686309814,-0.03078114427626133,0.5463805198669434,0.8015996813774109,-0.0428958423435688,0.5111679434776306,0.8353468179702759,-0.05643780902028084,0.5788664817810059,0.6145325303077698,-0.021422212943434715,0.5147995352745056,0.5659186840057373,-0.03377077355980873,0.4775659441947937,0.535362720489502,-0.04485272243618965,0.4475218653678894,0.5101885795593262,-0.05370229482650757,0.6029220223426819,0.5687028169631958,-0.026143858209252357,0.5436733961105347,0.49320438504219055,-0.034218668937683105,0.506440281867981,0.4476451277732849,-0.044777825474739075,0.47813430428504944,0.4136863350868225,-0.05456005781888962,0.6354881525039673,0.5431453585624695,-0.03331658989191055,0.5941771268844604,0.45591235160827637,-0.045585282146930695,0.5661319494247437,0.4026636779308319,-0.06112441048026085,0.5417121052742004,0.3610462248325348,-0.07359965145587921,0.6724989414215088,0.5330533981323242,-0.04163306951522827,0.6643034815788269,0.45302677154541016,-0.05532893165946007,0.654291570186615,0.4009473919868469,-0.06388020515441895,0.6432055234909058,0.35684484243392944,-0.0704769715666771
0,0.48958897590637207,0.5597158074378967,3.936287100714253e-07,0.42677542567253113,0.607205331325531,-0.02433895878493786,0.36006417870521545,0.6422288417816162,-0.04114535450935364,0.31081026792526245,0.6788306832313538,-0.056894317269325256,0.2757416367530823,0.713492214679718,-0.07374537736177444,0.3165644109249115,0.48722192645072937,-0.026202669367194176,0.24698162078857422,0.4579522907733917,-0.04443083703517914,0.2067066729068756,0.44157126545906067,-0.06061839312314987,0.17150576412677765,0.42529380321502686,-0.07350661605596542,0.33319488167762756,0.4348365068435669,-0.031045420095324516,0.266719788312912,0.3784657418727875,-0.0455930270254612,0.225079745054245,0.345519483089447,-0.06048959493637085,0.1910182684659958,0.31828591227531433,-0.07339455932378769,0.36250725388526917,0.39923399686813354,-0.03950885310769081,0.31088221073150635,0.3264753520488739,-0.057193297892808914,0.2761629521846771,0.28455954790115356,-0.07309933751821518,0.24489185214042664,0.25118982791900635,-0.08565721660852432,0.4009125530719757,0.3766496181488037,-0.05011377111077309,0.37685641646385193,0.3015565574169159,-0.0675717368721962,0.35608920454978943,0.2558152675628662,-0.07718872278928757,0.3342553973197937,0.21713027358055115,-0.08471090346574783
0,0.42654839158058167,0.5099489092826843,4.015548142888292e-07,0.3653526306152344,0.5583105087280273,-0.023899568244814873,0.3016446530818939,0.5964464545249939,-0.04128542169928551,0.25366970896720886,0.6337803602218628,-0.05779280886054039,0.21915921568870544,0.6662833094596863,-0.0752914696931839,0.2580530047416687,0.4485284686088562,-0.026178028434515,0.1891341209411621,0.42457056045532227,-0.044982798397541046,0.15003818273544312,0.4095175862312317,-0.06122836843132973,0.11659550666809082,0.3931027948856354,-0.07382526248693466,0.27422896027565,0.39557570219039917,-0.03149624541401863,0.20812594890594482,0.3411579728126526,-0.04631512239575386,0.16718941926956177,0.3104603886604309,-0.060686640441417694,0.1342877894639969,0.2847575545310974,-0.07294351607561111,0.30265963077545166,0.3585554361343384,-0.04045332223176956,0.25104889273643494,0.2890784740447998,-0.05776470527052879,0.2161138504743576,0.25022873282432556,-0.07212869077920914,0.18515019118785858,0.21852533519268036,-0.08337214589118958,0.34008777141571045,0.3345848023891449,-0.05161261931061745,0.3138168454170227,0.26225340366363525,-0.06785444915294647,0.29223376512527466,0.21839001774787903,-0.07595695555210114,0.2699590027332306,0.1804533302783966,-0.08229956030845642
0,0.40116727352142334,0.46212679147720337,4.0179889992941753e-07,0.33676862716674805,0.5112448930740356,-0.02591581828892231,0.2738332152366638,0.5452749729156494,-0.0439453199505806,0.22559130191802979,0.5809230208396912,-0.06140653043985367,0.18989655375480652,0.6163668036460876,-0.07981882244348526,0.2311110943555832,0.3985111117362976,-0.02308807149529457,0.16288980841636658,0.37171220779418945,-0.043614573776721954,0.12220445275306702,0.35509034991264343,-0.06184452027082443,0.08808951079845428,0.33921822905540466,-0.07567780464887619,0.24773599207401276,0.3459831476211548,-0.02838129550218582,0.18173687160015106,0.2921581566333771,-0.04536769539117813,0.13961949944496155,0.259857714176178,-0.06175561994314194,0.1054297536611557,0.23241370916366577,-0.07488863170146942,0.2762470841407776,0.3087155520915985,-0.038055531680583954,0.2237529158592224,0.23966674506664276,-0.05766875296831131,0.18900108337402344,0.19880139827728271,-0.07298517227172852,0.158214271068573,0.16550542414188385,-0.08426064252853394,0.31411972641944885,0.28373318910598755,-0.050264570862054825,0.2888163924217224,0.2124931663274765,-0.06769438087940216,0.2677641212940216,0.16801437735557556,-0.07602687925100327,0.2463151216506958,0.12959757447242737,-0.08226051181554794
0,0.4718731641769409,0.4675787389278412,4.7602540576008323e-07,0.4693969786167145,0.3900683522224426,-0.001359660760499537,0.4592788517475128,0.34164440631866455,-0.011670471169054508,0.45346423983573914,0.2906225323677063,-0.021637367084622383,0.4577007293701172,0.24955281615257263,-0.033621739596128464,0.3620712459087372,0.3413422703742981,-0.035201579332351685,0.306020587682724,0.2819840610027313,-0.04952602460980415,0.270905077457428,0.25050783157348633,-0.055949293076992035,0.24189388751983643,0.2264014482498169,-0.06094970554113388,0.3377061188220978,0.38074663281440735,-0.04344892129302025,0.2634733319282532,0.33017781376838684,-0.06143322214484215,0.21166245639324188,0.3081831634044647,-0.07167574018239975,0.1735609471797943,0.29354792833328247,-0.07912423461675644,0.3307206332683563,0.4319278299808502,-0.04928652197122574,0.24969865381717682,0.4063126742839813,-0.06936921924352646,0.19481974840164185,0.3975980281829834,-0.08707182854413986,0.15467248857021332,0.39034175872802734,-0.09867218136787415,0.33767521381378174,0.48722001910209656,-0.05275914445519447,0.27499106526374817,0.5117555856704712,-0.07721393555402756,0.23569267988204956,0.5294754505157471,-0.09305789321660995,0.20032015442848206,0.5404544472694397,-0.10211433470249176
0,0.47842931747436523,0.47679877281188965,4.993747211301525e-07,0.4755145311355591,0.39715486764907837,-0.005431942641735077,0.46542054414749146,0.3459056317806244,-0.018936358392238617,0.4603195786476135,0.2922939658164978,-0.03164286911487579,0.464068740606308,0.24893295764923096,-0.04611971601843834,0.3673475682735443,0.3481510281562805,-0.038627468049526215,0.31195592880249023,0.2876972258090973,-0.054272159934043884,0.2768334448337555,0.2555544972419739,-0.06184343621134758,0.24768123030662537,0.23228797316551208,-0.06752959638834,0.34292641282081604,0.3887917995452881,-0.0456891693174839,0.2672610878944397,0.33914273977279663,-0.06348058581352234,0.2158917486667633,0.3173695504665375,-0.07328072190284729,0.17799313366413116,0.30435672402381897,-0.08050236105918884,0.3353864550590515,0.4401951730251312,-0.05083073675632477,0.2542690932750702,0.4180208146572113,-0.07029343396425247,0.19986870884895325,0.40955987572669983,-0.08698911964893341,0.16007812321186066,0.4031056761741638,-0.09804271161556244,0.34148040413856506,0.494701087474823,-0.05416841059923172,0.278119832277298,0.5207102298736572,-0.07693569362163544,0.23862288892269135,0.5374698638916016,-0.09132348001003265,0.20407843589782715,0.5473157167434692,-0.09957333654165268
0,0.5317423939704895,0.5347861647605896,4.973501859240059e-07,0.5432007312774658,0.44214263558387756,-0.009725130163133144,0.5424163341522217,0.37273406982421875,-0.02304626628756523,0.5444097518920898,0.3102075755596161,-0.03611128777265549,0.5552331209182739,0.2619019150733948,-0.050537798553705215,0.4360194802284241,0.3711400032043457,-0.03218218684196472,0.39161887764930725,0.29514676332473755,-0.04680566117167473,0.3624211847782135,0.2539786696434021,-0.05479179322719574,0.337369829416275,0.22378788888454437,-0.06092652678489685,0.4052129089832306,0.4117274284362793,-0.03739965707063675,0.3396020531654358,0.3468967080116272,-0.05370287224650383,0.2969057559967041,0.31469976902008057,-0.06235583871603012,0.2655566930770874,0.29556769132614136,-0.06850790232419968,0.39226406812667847,0.46139517426490784,-0.0420188382267952,0.3191506266593933,0.4241960942745209,-0.059578876942396164,0.27271685004234314,0.4049493074417114,-0.07263396680355072,0.23770713806152344,0.39206477999687195,-0.08095505088567734,0.39393824338912964,0.5124825239181519,-0.04605140537023544,0.3302578628063202,0.5202654600143433,-0.06532204896211624,0.29224491119384766,0.5247969031333923,-0.07573255896568298,0.26079416275024414,0.5257892608642578,-0.08100170642137527
0,0.5716766715049744,0.5748828649520874,5.03309649957373e-07,0.5874550342559814,0.486040323972702,-0.01582561992108822,0.5921933650970459,0.4127143621444702,-0.032178644090890884,0.5995583534240723,0.3501705527305603,-0.04804757982492447,0.6123588681221008,0.305774450302124,-0.06522474437952042,0.4852915406227112,0.40000253915786743,-0.03482464328408241,0.4458039104938507,0.3207198977470398,-0.0524362288415432,0.41819408535957336,0.2775765061378479,-0.06390734761953354,0.3930189907550812,0.2459975779056549,-0.0725737065076828,0.4532868266105652,0.4361442029476166,-0.03907489776611328,0.3930177092552185,0.36678728461265564,-0.056043703109025955,0.3511819541454315,0.330647736787796,-0.06703059375286102,0.31764528155326843,0.3084861636161804,-0.07544834911823273,0.4376901686191559,0.48348912596702576,-0.04367239773273468,0.3672124147415161,0.4400452971458435,-0.06131574884057045,0.3222290873527527,0.41777166724205017,-0.07553631067276001,0.28724944591522217,0.40188878774642944,-0.08529036492109299,0.43519899249076843,0.5342879295349121,-0.048592180013656616,0.373053640127182,0.5349751710891724,-0.06797248125076294,0.3341860771179199,0.5341151356697083,-0.0790417268872261,0.30265092849731445,0.530725359916687,-0.08516767621040344
0,0.6253337264060974,0.5979584455490112,5.426738880487392e-07,0.6485597491264343,0.5128898024559021,-0.017850268632173538,0.6639923453330994,0.4430733919143677,-0.038570698350667953,0.6818941235542297,0.38440677523612976,-0.05892122536897659,0.6988011598587036,0.33890628814697266,-0.08104700595140457,0.562786877155304,0.42182692885398865,-0.04150180518627167,0.5294948816299438,0.3387654721736908,-0.06354635208845139,0.5043548941612244,0.2887917160987854,-0.07853551208972931,0.4821721017360687,0.24886292219161987,-0.08930680900812149,0.5257989764213562,0.45463132858276367,-0.04617679864168167,0.4711399972438812,0.3782607316970825,-0.06578873097896576,0.4331547021865845,0.33397093415260315,-0.07871361821889877,0.4028802514076233,0.30229151248931885,-0.08910112082958221,0.5038004517555237,0.5002184510231018,-0.05106512829661369,0.4399367868900299,0.4429680407047272,-0.06999526172876358,0.3970143795013428,0.4118545949459076,-0.08435977250337601,0.3636585474014282,0.3872881531715393,-0.09483585506677628,0.4955541789531708,0.550297200679779,-0.05647224932909012,0.43818390369415283,0.5338447093963623,-0.07604273408651352,0.4008348286151886,0.5215383172035217,-0.08607493340969086,0.3700253367424011,0.5086456537246704,-0.09186500310897827
0,0.6913110613822937,0.6967006921768188,6.076285217204713e-07,0.7289367914199829,0.6172127723693848,-0.017461257055401802,0.7479529976844788,0.5489048957824707,-0.03448747098445892,0.7700569033622742,0.48551279306411743,-0.04989312216639519,0.7951281070709229,0.43947237730026245,-0.06528626382350922,0.6440923810005188,0.49586886167526245,-0.033544592559337616,0.6214267015457153,0.40085652470588684,-0.04723219946026802,0.6045911312103271,0.3466416001319885,-0.05542770028114319,0.5897000432014465,0.30619990825653076,-0.061426833271980286,0.6025217175483704,0.51897794008255,-0.033782411366701126,0.5597658157348633,0.42572200298309326,-0.04740901291370392,0.5289549231529236,0.3733697235584259,-0.05479298532009125,0.5052938461303711,0.34034931659698486,-0.06021464243531227,0.5760911107063293,0.5569024085998535,-0.03418881446123123,0.5238796472549438,0.48723116517066956,-0.047285351902246475,0.488332599401474,0.4466862082481384,-0.05833969637751579,0.4609262943267822,0.4211307466030121,-0.06586726009845734,0.5633103847503662,0.6004455089569092,-0.035110995173454285,0.5126608610153198,0.5718513131141663,-0.048770226538181305,0.47834312915802,0.5542200803756714,-0.056543633341789246,0.449708491563797,0.5408466458320618,-0.060403820127248764
0,0.7286420464515686,0.7309805750846863,5.651099854731001e-07,0.7702490091323853,0.6519126296043396,-0.013448845595121384,0.7933549880981445,0.5838271975517273,-0.02868499979376793,0.8189628720283508,0.5269322395324707,-0.044197507202625275,0.8446908593177795,0.48747608065605164,-0.06095125898718834,0.6932394504547119,0.5272088646888733,-0.029330890625715256,0.6752966642379761,0.4331127107143402,-0.04649306461215019,0.6604841351509094,0.37706539034843445,-0.05763610824942589,0.6461141109466553,0.33251631259918213,-0.06564190238714218,0.6533525586128235,0.5450178384780884,-0.034019194543361664,0.6142796874046326,0.4498652517795563,-0.051728397607803345,0.5851923823356628,0.3928224444389343,-0.0629359632730484,0.561347484588623,0.3529074788093567,-0.07065757364034653,0.6254323124885559,0.5805057287216187,-0.03892802447080612,0.5720880031585693,0.5069478750228882,-0.056211214512586594,0.5361082553863525,0.46117597818374634,-0.06904630362987518,0.5077365636825562,0.42799797654151917,-0.07705392688512802,0.6092040538787842,0.6250666379928589,-0.044079143553972244,0.5576319694519043,0.5892660021781921,-0.06054632365703583,0.5244688391685486,0.5648359656333923,-0.06863752752542496,0.4969605803489685,0.5442261099815369,-0.07241909205913544
0,0.7679460048675537,0.785220742225647,6.093345632507408e-07,0.8130279779434204,0.7109776735305786,-0.0141387227922678,0.841856837272644,0.6441013813018799,-0.02824803814291954,0.8692002892494202,0.5856972336769104,-0.04130185395479202,0.8940825462341309,0.5474956631660461,-0.05582180991768837,0.7430855631828308,0.5706427097320557,-0.032597098499536514,0.7301889657974243,0.47055307030677795,-0.04755261540412903,0.7160939574241638,0.41198083758354187,-0.05719413608312607,0.70338374376297,0.366462767124176,-0.06428534537553787,0.6981803774833679,0.5874358415603638,-0.03537238389253616,0.6605806350708008,0.4827878475189209,-0.0482712984085083,0.6367323994636536,0.42053472995758057,-0.05617576465010643,0.6192466020584106,0.37803763151168823,-0.062142834067344666,0.6665567755699158,0.6221622228622437,-0.03820645064115524,0.6123420000076294,0.5407991409301758,-0.05229520425200462,0.5819324254989624,0.4904651641845703,-0.0638243779540062,0.5603398680686951,0.45432740449905396,-0.07157183438539505,0.6483368873596191,0.663867175579071,-0.041226863861083984,0.5954675078392029,0.6186830997467041,-0.05749581754207611,0.5635087490081787,0.588931143283844,-0.06613670289516449,0.5400481820106506,0.562718391418457,-0.07025091350078583
0,0.7451131939888,0.8644711375236511,5.657786914525786e-07,0.7733199596405029,0.7915986180305481,-0.011177338659763336,0.7936447858810425,0.7245093584060669,-0.02578137442469597,0.8135243654251099,0.6713671684265137,-0.040749769657850266,0.8318554162979126,0.6315959095954895,-0.057654619216918945,0.7093610763549805,0.6709099411964417,-0.029372595250606537,0.6971991062164307,0.5862423777580261,-0.048131298273801804,0.6881800889968872,0.5347229242324829,-0.06115812063217163,0.6811233162879944,0.4938341975212097,-0.07018975913524628,0.6731321215629578,0.6877894401550293,-0.037845417857170105,0.6342668533325195,0.59368497133255,-0.05477391928434372,0.6092451214790344,0.5358257293701172,-0.06750275194644928,0.5890712141990662,0.4920632839202881,-0.07671787589788437,0.6466569900512695,0.7235936522483826,-0.04657621681690216,0.5965127348899841,0.6471366882324219,-0.06464977562427521,0.5642709732055664,0.5964968204498291,-0.08018926531076431,0.5396718978881836,0.5544912815093994,-0.09085091948509216,0.6292806267738342,0.7714523673057556,-0.05503597483038902,0.5787473917007446,0.7381306290626526,-0.07367866486310959,0.5463430881500244,0.7123467326164246,-0.08342371881008148,0.5211676359176636,0.6870352625846863,-0.08889526128768921
0,0.6529685854911804,0.8769082427024841,6.43522128029872e-07,0.6823176741600037,0.8012509346008301,-0.013684956356883049,0.7020375728607178,0.7331812381744385,-0.030793510377407074,0.7263430953025818,0.6777609586715698,-0.04849306866526604,0.7501084804534912,0.6352639198303223,-0.06778194010257721,0.610109806060791,0.677234411239624,-0.03116721101105213,0.5946032404899597,0.5821484923362732,-0.05036059394478798,0.5824071764945984,0.5269781947135925,-0.06382669508457184,0.5709947347640991,0.48202142119407654,-0.07332184165716171,0.5731228590011597,0.6955642104148865,-0.037180978804826736,0.53729248046875,0.6008937358856201,-0.052834171801805496,0.5137528777122498,0.54414302110672,-0.0645933747291565,0.4935677647590637,0.5009351968765259,-0.07408566027879715,0.5456957221031189,0.7312774062156677,-0.043646473437547684,0.49716854095458984,0.6556742787361145,-0.057763610035181046,0.4647215008735657,0.6096394062042236,-0.06982192397117615,0.43864762783050537,0.5718833804130554,-0.07914421707391739,0.5271239280700684,0.7781131267547607,-0.05065864324569702,0.4793887734413147,0.7386987209320068,-0.06472586840391159,0.44773876667022705,0.7103803753852844,-0.07221183180809021,0.42178991436958313,0.683829665184021,-0.07677707821130753
0,0.5710625648498535,0.8714630007743835,6.372941925292253e-07,0.6021409034729004,0.7968375086784363,-0.016960512846708298,0.6222853660583496,0.7292962074279785,-0.0355398915708065,0.6422775983810425,0.6665682792663574,-0.053481847047805786,0.6593621969223022,0.6166452765464783,-0.07293820381164551,0.5284894704818726,0.6720603704452515,-0.035510625690221786,0.5060877203941345,0.5760889053344727,-0.0541544184088707,0.48906210064888,0.5202432870864868,-0.06662572175264359,0.4735565781593323,0.4753822088241577,-0.07564888149499893,0.49076324701309204,0.6958548426628113,-0.039666637778282166,0.4464637041091919,0.6022064685821533,-0.055402688682079315,0.41523879766464233,0.5481864809989929,-0.06733455508947372,0.38894397020339966,0.5083478689193726,-0.07685300707817078,0.46423327922821045,0.7365907430648804,-0.044169530272483826,0.4089072346687317,0.6641045808792114,-0.05943787842988968,0.37051916122436523,0.6211058497428894,-0.07280927151441574,0.33961838483810425,0.5864454507827759,-0.0829956904053688,0.44734054803848267,0.786207914352417,-0.049076106399297714,0.3945021629333496,0.7583833336830139,-0.06539786607027054,0.35886937379837036,0.7374026775360107,-0.07425558567047119,0.329456090927124,0.7147918343544006,-0.07942885160446167
0,0.5372500419616699,0.8807488679885864,6.396558660526352e-07,0.5671321749687195,0.7964812517166138,-0.013582044281065464,0.5860079526901245,0.7228698134422302,-0.030731860548257828,0.6085367798805237,0.6555229425430298,-0.04805601015686989,0.6265757083892822,0.6041266322135925,-0.06698418408632278,0.4886637330055237,0.6741719841957092,-0.030900029465556145,0.46328505873680115,0.5738687515258789,-0.04850124195218086,0.44698068499565125,0.5173666477203369,-0.060444533824920654,0.43241092562675476,0.4728272259235382,-0.06886442005634308,0.4511289894580841,0.6995148062705994,-0.03559102118015289,0.40561166405677795,0.605369508266449,-0.05066203698515892,0.37590864300727844,0.5501092672348022,-0.06261423230171204,0.35172954201698303,0.5116903185844421,-0.07233824580907822,0.4229060411453247,0.7400888204574585,-0.04045894369482994,0.36507895588874817,0.6696051359176636,-0.05404667928814888,0.32759687304496765,0.6257987022399902,-0.06638679653406143,0.2980424165725708,0.5927149653434753,-0.07596040517091751,0.4035797119140625,0.7884650826454163,-0.04563816636800766,0.34907031059265137,0.7536066174507141,-0.05947306752204895,0.3154587149620056,0.7303503751754761,-0.06685498356819153,0.2878834009170532,0.7085908651351929,-0.07115565240383148
0,0.5075204372406006,0.8834383487701416,6.59293391436222e-07,0.5355201959609985,0.7947492599487305,-0.010546763427555561,0.5540440082550049,0.7196903228759766,-0.026148730888962746,0.5755357146263123,0.652254045009613,-0.04204508662223816,0.5934271216392517,0.6027183532714844,-0.059245407581329346,0.45584332942962646,0.6830488443374634,-0.028138987720012665,0.42833274602890015,0.5804795026779175,-0.043159957975149155,0.409744530916214,0.5240774154663086,-0.05313439294695854,0.3938361704349518,0.4805184602737427,-0.05989597737789154,0.4175056219100952,0.710943341255188,-0.03216920420527458,0.37049800157546997,0.6135901808738708,-0.04448750242590904,0.33915337920188904,0.5586856603622437,-0.05453551933169365,0.31490465998649597,0.521506667137146,-0.06275235861539841,0.38954734802246094,0.7504878044128418,-0.03574933484196663,0.331026554107666,0.6771092414855957,-0.04552138224244118,0.2931874394416809,0.6337167024612427,-0.05562737584114075,0.2646061182022095,0.601726770401001,-0.06389980763196945,0.3711968660354614,0.7946205139160156,-0.03943280503153801,0.3172859251499176,0.7596723437309265,-0.04895516484975815,0.28487521409988403,0.7361534237861633,-0.05383577197790146,0.25949424505233765,0.7144262194633484,-0.05656599998474121
0,0.3512703776359558,0.9304709434509277,1.0367481451112326e-07,0.28510573506355286,0.9365520477294922,0.020782243460416794,0.23505547642707825,0.9060513973236084,0.026029840111732483,0.20164373517036438,0.8949562311172485,0.02351921983063221,0.17267489433288574,0.893184244632721,0.018255330622196198,0.1978973001241684,0.7747074365615845,0.02126823179423809,0.1525164246559143,0.7113927602767944,0.011569852009415627,0.1161283478140831,0.6828491687774658,0.0017086385050788522,0.08309386670589447,0.6627527475357056,-0.007330260705202818,0.2127562016248703,0.7567579746246338,-0.005799671169370413,0.1664508432149887,0.6666044592857361,-0.018208106979727745,0.12658406794071198,0.6201412081718445,-0.030514756217598915,0.09063608944416046,0.5861414074897766,-0.04076574370265007,0.23415632545948029,0.7554969787597656,-0.03392227739095688,0.19727692008018494,0.6550201177597046,-0.04666263610124588,0.16276788711547852,0.6022766828536987,-0.0589909628033638,0.1306437849998474,0.5601874589920044,-0.069727323949337,0.26083776354789734,0.7690564393997192,-0.06103742867708206,0.2379516065120697,0.6929304003715515,-0.07385487854480743,0.21309919655323029,0.6470016241073608,-0.08188476413488388,0.18894371390342712,0.6070791482925415,-0.08960963785648346
0,0.36062121391296387,0.6918165683746338,4.104498998458439e-07,0.3138260543346405,0.7474116683006287,-0.023989953100681305,0.26181644201278687,0.7935837507247925,-0.04388529062271118,0.22174718976020813,0.8371754884719849,-0.06274386495351791,0.19367876648902893,0.8772693872451782,-0.0831102505326271,0.1942446082830429,0.6773294806480408,-0.03586244583129883,0.11935766041278839,0.6780303120613098,-0.06044984608888626,0.07408252358436584,0.6791992783546448,-0.07975205034017563,0.034740328788757324,0.6785485744476318,-0.09366368502378464,0.2008100301027298,0.6254650950431824,-0.04271366819739342,0.123963862657547,0.5921289920806885,-0.06400047242641449,0.07382585108280182,0.5768975019454956,-0.08200843632221222,0.03200523555278778,0.5666338205337524,-0.09540809690952301,0.22261746227741241,0.585867166519165,-0.052291158586740494,0.1577099710702896,0.5345063209533691,-0.07406093180179596,0.11373436450958252,0.5083500742912292,-0.09044162184000015,0.07483948767185211,0.490038126707077,-0.10216698050498962,0.25553643703460693,0.5567036271095276,-0.06364549696445465,0.21848854422569275,0.4932527542114258,-0.08226421475410461,0.18995033204555511,0.45639026165008545,-0.09078788012266159,0.16178543865680695,0.42697209119796753,-0.0967891588807106
0,0.3607560694217682,0.6718564629554749,3.9503862581113935e-07,0.3158768117427826,0.7345626354217529,-0.02444664016366005,0.2652115523815155,0.7841872572898865,-0.0430787168443203,0.22591783106327057,0.8288867473602295,-0.060721784830093384,0.19764380156993866,0.8700354695320129,-0.07973841577768326,0.19436542689800262,0.6710604429244995,-0.03126782178878784,0.1230003833770752,0.6780626773834229,-0.054552916437387466,0.07899285852909088,0.6818117499351501,-0.07355325669050217,0.04095973074436188,0.6829227209091187,-0.08772872388362885,0.1979048252105713,0.619924783706665,-0.0373181588947773,0.12273619323968887,0.5954479575157166,-0.0584627203643322,0.07358798384666443,0.5840700268745422,-0.07682657986879349,0.03256060183048248,0.5765396952629089,-0.09047684073448181,0.2172023057937622,0.5790753960609436,-0.04659443348646164,0.15159907937049866,0.5359150171279907,-0.06944230198860168,0.1077478751540184,0.5125223398208618,-0.08706577122211456,0.06815528869628906,0.4955185055732727,-0.09944984316825867,0.24828246235847473,0.5466086864471436,-0.05766250193119049,0.2107798159122467,0.4877287447452545,-0.07791127264499664,0.18190217018127441,0.45391666889190674,-0.08834943175315857,0.15301832556724548,0.42702966928482056,-0.0957050696015358
0,0.35291993618011475,0.5487165451049805,4.08125146122984e-07,0.30781543254852295,0.6098940372467041,-0.024004699662327766,0.25853773951530457,0.6609980463981628,-0.043108902871608734,0.2201218605041504,0.7069034576416016,-0.06090341508388519,0.19206170737743378,0.7466685175895691,-0.07982173562049866,0.19015584886074066,0.5532815456390381,-0.035095904022455215,0.11660635471343994,0.5577502250671387,-0.05886336416006088,0.07204249501228333,0.5585664510726929,-0.07697711139917374,0.03487047553062439,0.5551490783691406,-0.09009254723787308,0.1948777288198471,0.5014532804489136,-0.041064560413360596,0.11908974498510361,0.4764663279056549,-0.06130070611834526,0.07169924676418304,0.46188288927078247,-0.07810840755701065,0.03255707025527954,0.44868505001068115,-0.09074175357818604,0.21501478552818298,0.4581798315048218,-0.049855951219797134,0.14904654026031494,0.4152028560638428,-0.07197351008653641,0.10723661631345749,0.39092737436294556,-0.08808904886245728,0.07027186453342438,0.3726208806037903,-0.09955134987831116,0.24698801338672638,0.42260226607322693,-0.060323070734739304,0.21002720296382904,0.36564427614212036,-0.08040963858366013,0.182241752743721,0.3324045240879059,-0.08979810029268265,0.1543644666671753,0.30504468083381653,-0.09616461396217346
0,0.3538046181201935,0.49867019057273865,3.984598606621148e-07,0.30851662158966064,0.5577496886253357,-0.02423582412302494,0.26003366708755493,0.6071304082870483,-0.043996963649988174,0.22190509736537933,0.6522434949874878,-0.06267532706260681,0.19412462413311005,0.6924606561660767,-0.08249820023775101,0.19267114996910095,0.5014778971672058,-0.035499874502420425,0.1214948520064354,0.5063745379447937,-0.06051357835531235,0.07761584222316742,0.5074294209480286,-0.07959973067045212,0.041100114583969116,0.5040920376777649,-0.09341485798358917,0.19686171412467957,0.45095008611679077,-0.04146745055913925,0.12283375859260559,0.42791515588760376,-0.06406145542860031,0.07522514462471008,0.4121612012386322,-0.08197782188653946,0.03586919605731964,0.3975749909877777,-0.09513343870639801,0.21635468304157257,0.4083769917488098,-0.0503680445253849,0.1507410705089569,0.3684532940387726,-0.07468238472938538,0.10950558632612228,0.342714786529541,-0.09154581278562546,0.07373486459255219,0.3234899044036865,-0.10296936333179474,0.24781657755374908,0.372861385345459,-0.06093369424343109,0.21105439960956573,0.317684531211853,-0.08252371847629547,0.1830931454896927,0.28523242473602295,-0.09290336072444916,0.15583398938179016,0.25927647948265076,-0.09973585605621338
0,0.3527671694755554,0.4504416286945343,4.220616460770543e-07,0.30988985300064087,0.5107520222663879,-0.02671818993985653,0.2630614638328552,0.5587054491043091,-0.0464387871325016,0.2251407355070114,0.602847158908844,-0.06454260647296906,0.1959555596113205,0.640599250793457,-0.08346173167228699,0.19668103754520416,0.45681482553482056,-0.03596693277359009,0.12618091702461243,0.46046632528305054,-0.06018241122364998,0.08306486904621124,0.4601466655731201,-0.07853614538908005,0.047125935554504395,0.45557281374931335,-0.09187754988670349,0.20044590532779694,0.40693479776382446,-0.0397014394402504,0.12766236066818237,0.3854754567146301,-0.06134159117937088,0.0811290442943573,0.36969873309135437,-0.07864851504564285,0.04328608512878418,0.35496118664741516,-0.09154203534126282,0.2191576510667801,0.36483997106552124,-0.04664814844727516,0.15608178079128265,0.32855159044265747,-0.06997829675674438,0.11592230200767517,0.3050917387008667,-0.08674226701259613,0.08124789595603943,0.28709927201271057,-0.09832921624183655,0.2491578608751297,0.32948723435401917,-0.055526066571474075,0.21505294740200043,0.2770652174949646,-0.07655243575572968,0.18823404610157013,0.24650640785694122,-0.08753957599401474,0.16180965304374695,0.221823588013649,-0.09501680731773376
0,0.3559316396713257,0.4055335819721222,3.8350344766513444e-07,0.31323733925819397,0.4648037850856781,-0.023426193743944168,0.2685738801956177,0.5088720917701721,-0.041801631450653076,0.23090583086013794,0.5503492951393127,-0.05849497765302658,0.20218123495578766,0.5849565267562866,-0.07594781368970871,0.20625847578048706,0.40957897901535034,-0.0347207635641098,0.13605375587940216,0.41206589341163635,-0.05663488060235977,0.09411078691482544,0.4109852910041809,-0.07299946248531342,0.059770405292510986,0.4056569039821625,-0.08473562449216843,0.21081553399562836,0.36121681332588196,-0.03780551999807358,0.13824528455734253,0.3416615426540375,-0.0567132867872715,0.09302183985710144,0.3265354633331299,-0.07157039642333984,0.05706369876861572,0.3122502267360687,-0.08263372629880905,0.22936750948429108,0.32091468572616577,-0.04339846596121788,0.1641823649406433,0.28651881217956543,-0.06418847292661667,0.12454047799110413,0.26281872391700745,-0.07954727113246918,0.09117399156093597,0.2448417842388153,-0.09009335190057755,0.2577544152736664,0.28690049052238464,-0.05041191726922989,0.22287599742412567,0.23698680102825165,-0.06993171572685242,0.19630756974220276,0.20932593941688538,-0.08023397624492645,0.17029325664043427,0.18724370002746582,-0.08690741658210754
1,0.3205450177192688,0.5729255676269531,-2.530611027395935e-07,0.3797007203102112,0.5839133858680725,-0.020942673087120056,0.43945860862731934,0.5494513511657715,-0.026587726548314095,0.4382178485393524,0.4785477817058563,-0.03006426990032196,0.4019259512424469,0.4565739333629608,-0.028684331104159355,0.43403422832489014,0.4814049303531647,-0.009686571545898914,0.45664018392562866,0.43684715032577515,-0.03121299296617508,0.4339526891708374,0.48877424001693726,-0.03884024918079376,0.4249489903450012,0.5072225332260132,-0.041424404829740524,0.4012569487094879,0.4609852731227875,-0.008843847550451756,0.4194587171077728,0.42521703243255615,-0.0313158854842186,0.3990791141986847,0.49054840207099915,-0.03273516148328781,0.3927523195743561,0.49754393100738525,-0.028603894636034966,0.36765798926353455,0.4468533992767334,-0.012035458348691463,0.3819580078125,0.4141719937324524,-0.04049072042107582,0.3669925630092621,0.4821164608001709,-0.031306203454732895,0.3612293601036072,0.4935990273952484,-0.01778441108763218,0.3292366862297058,0.4339252710342407,-0.016252081841230392,0.34613409638404846,0.4075891375541687,-0.03251078352332115,0.34281036257743835,0.45904409885406494,-0.021450309082865715,0.337698757648468,0.4759730398654938,-0.00915177445858717
1,0.3136010766029358,0.6104606986045837,-2.2300298496702453e-07,0.3716077506542206,0.6254940629005432,-0.030108219012618065,0.43849867582321167,0.5918036699295044,-0.04094241186976433,0.4363793730735779,0.5160351395606995,-0.04759564623236656,0.3965713679790497,0.4912889897823334,-0.048242852091789246,0.43699565529823303,0.5116137862205505,-0.017360631376504898,0.457058846950531,0.47151604294776917,-0.04276040568947792,0.4314761459827423,0.5263761281967163,-0.051140155643224716,0.42352718114852905,0.5424703359603882,-0.05411934852600098,0.4010557234287262,0.48748302459716797,-0.01408520806580782,0.4186667203903198,0.4537670612335205,-0.042466387152671814,0.39577382802963257,0.5241307020187378,-0.04501880705356598,0.390388548374176,0.526734471321106,-0.04055170342326164,0.3646840751171112,0.4713079333305359,-0.015745462849736214,0.3785671889781952,0.44109994173049927,-0.04991356283426285,0.36174002289772034,0.5146163105964661,-0.0402948372066021,0.35735028982162476,0.5206376910209656,-0.025692226365208626,0.32395970821380615,0.4565926492214203,-0.019029969349503517,0.34081393480300903,0.4377458691596985,-0.0383998304605484,0.335537850856781,0.49386194348335266,-0.02722131833434105,0.33124810457229614,0.5049095153808594,-0.014592897146940231
1,0.279129296541214,0.6490968465805054,-2.1865639610041399e-07,0.34325164556503296,0.659020185470581,-0.03418910130858421,0.4212115705013275,0.6266907453536987,-0.04784229025244713,0.4176003634929657,0.5575377941131592,-0.056647252291440964,0.36239758133888245,0.53922039270401,-0.05869879201054573,0.42134618759155273,0.5101273059844971,-0.01913643442094326,0.43943125009536743,0.5005547404289246,-0.047631267458200455,0.4065798819065094,0.556736409664154,-0.059945907443761826,0.39393240213394165,0.5636423230171204,-0.06678316742181778,0.3822990655899048,0.47579941153526306,-0.01648690178990364,0.3966186046600342,0.47854816913604736,-0.04751152545213699,0.37102848291397095,0.5488401055335999,-0.05297369882464409,0.3650954067707062,0.5429096221923828,-0.050611015409231186,0.34125587344169617,0.4600740075111389,-0.019400233402848244,0.3475620746612549,0.47460585832595825,-0.052474476397037506,0.333959698677063,0.5474388599395752,-0.04641148820519447,0.3302534818649292,0.5431216359138489,-0.03594774007797241,0.2978493571281433,0.4537006914615631,-0.025137443095445633,0.30699223279953003,0.4817195534706116,-0.04342316836118698,0.3037334680557251,0.538023054599762,-0.03639320656657219,0.3021197021007538,0.5374339818954468,-0.02768169902265072
1,0.26438188552856445,0.6634674072265625,-2.0740519346418296e-07,0.33478838205337524,0.6777803897857666,-0.03624144569039345,0.4195291996002197,0.6406856775283813,-0.04970044270157814,0.4196794629096985,0.5699451565742493,-0.05763616785407066,0.3611645996570587,0.5588109493255615,-0.05802368000149727,0.4150415062904358,0.5035369396209717,-0.019751839339733124,0.4317244291305542,0.5021777749061584,-0.04919695854187012,0.4014400243759155,0.567981481552124,-0.062087301164865494,0.3895359933376312,0.571858823299408,-0.07009466737508774,0.3716965913772583,0.4671788513660431,-0.016591299325227737,0.3862401247024536,0.47098395228385925,-0.05112505704164505,0.3641439974308014,0.5510848164558411,-0.05744136497378349,0.3558266758918762,0.5496233105659485,-0.05490029230713844,0.32612356543540955,0.4537591338157654,-0.01915455423295498,0.3328424096107483,0.48124751448631287,-0.0531817264854908,0.3225077986717224,0.5591241121292114,-0.047096412628889084,0.31525298953056335,0.5555023550987244,-0.0364416129887104,0.2796127498149872,0.45121264457702637,-0.02509164623916149,0.28794535994529724,0.5025725960731506,-0.043557800352573395,0.28834429383277893,0.5589206218719482,-0.039361823350191116,0.2871161997318268,0.5523225665092468,-0.03279108554124832
1,0.2879306674003601,0.6684600710868835,-2.739841988841363e-07,0.38015010952949524,0.6798975467681885,-0.050216808915138245,0.4851263463497162,0.6211885213851929,-0.07325563579797745,0.47771868109703064,0.5348438024520874,-0.08925573527812958,0.4025961458683014,0.5251848101615906,-0.09487113356590271,0.46886909008026123,0.4287765920162201,-0.028243258595466614,0.4886382222175598,0.4548373818397522,-0.0761643648147583,0.4497618079185486,0.5375696420669556,-0.10193926095962524,0.43600961565971375,0.5360851883888245,-0.11897624284029007,0.4098060727119446,0.37929725646972656,-0.026586636900901794,0.4295409023761749,0.42525148391723633,-0.07817485928535461,0.40221506357192993,0.5207446217536926,-0.09125864505767822,0.3965892493724823,0.5069471597671509,-0.09154687821865082,0.3501407206058502,0.3718719780445099,-0.03390597552061081,0.3638082444667816,0.45599496364593506,-0.08027634769678116,0.35365453362464905,0.5396682620048523,-0.07575593143701553,0.35056599974632263,0.5155714154243469,-0.06565839797258377,0.2966689169406891,0.3851161003112793,-0.04692153260111809,0.309697687625885,0.49115943908691406,-0.07375642657279968,0.3107864260673523,0.5497626066207886,-0.0746450126171112,0.31000950932502747,0.5203723907470703,-0.0714203491806984
1,0.3691788613796234,0.630645751953125,-3.418559231249674e-07,0.46525752544403076,0.6411442756652832,-0.05471758544445038,0.579696774482727,0.590147078037262,-0.08248087018728256,0.5893190503120422,0.5025212168693542,-0.1027044951915741,0.5201666951179504,0.4839305877685547,-0.11327219754457474,0.5550799369812012,0.36309346556663513,-0.03407230228185654,0.5974526405334473,0.4085620641708374,-0.08129018545150757,0.5528286695480347,0.49404099583625793,-0.10742860287427902,0.5330190658569336,0.48006919026374817,-0.12442056089639664,0.49597933888435364,0.3200330436229706,-0.0299830362200737,0.5370577573776245,0.39748141169548035,-0.07728825509548187,0.5012004971504211,0.4930405616760254,-0.08968110382556915,0.4873958230018616,0.46605759859085083,-0.09105633199214935,0.4357476532459259,0.31755346059799194,-0.034352898597717285,0.46865981817245483,0.4155805706977844,-0.07983194291591644,0.4509485065937042,0.4988533854484558,-0.07563947886228561,0.4397351145744324,0.4698611795902252,-0.06599631160497665,0.38143864274024963,0.3324824869632721,-0.04401920363306999,0.4137060046195984,0.42661699652671814,-0.06947873532772064,0.40697959065437317,0.49100422859191895,-0.06589536368846893,0.395313024520874,0.47056490182876587,-0.05878989398479462
1,0.47059446573257446,0.5788027048110962,-3.959957268762082e-07,0.5690534114837646,0.58730149269104,-0.04341024532914162,0.6885119676589966,0.5432536005973816,-0.06469133496284485,0.7068271040916443,0.45884963870048523,-0.08046131581068039,0.6420297026634216,0.4304755926132202,-0.08753234893083572,0.6663166284561157,0.3243641257286072,-0.024685004726052284,0.7208691239356995,0.3707398772239685,-0.06514451652765274,0.669771671295166,0.45311951637268066,-0.08656948059797287,0.6440556049346924,0.43764540553092957,-0.1009226068854332,0.6107919812202454,0.2818421721458435,-0.024291884154081345,0.6614066362380981,0.3542090356349945,-0.06570272147655487,0.6155877113342285,0.4510698616504669,-0.07508841156959534,0.5970447063446045,0.42624539136886597,-0.07490798830986023,0.5528445839881897,0.2745441198348999,-0.03083426132798195,0.5930600762367249,0.3605904281139374,-0.07164907455444336,0.5640665292739868,0.44826391339302063,-0.06397276371717453,0.5469778776168823,0.4219299554824829,-0.05259278789162636,0.49752750992774963,0.2823544144630432,-0.04139692336320877,0.5354267954826355,0.36107146739959717,-0.06274662911891937,0.5215539336204529,0.43078261613845825,-0.05342957004904747,0.5046433210372925,0.41504624485969543,-0.04256770387291908
1,0.5774303674697876,0.5212665796279907,-4.214103626054566e-07,0.6817595958709717,0.5272963643074036,-0.0352775976061821,0.7986679673194885,0.4870213568210602,-0.053126487880945206,0.8332628011703491,0.40611717104911804,-0.06874080002307892,0.7728269100189209,0.37529903650283813,-0.07650256156921387,0.7761490345001221,0.2821023762226105,-0.011674780398607254,0.8400349617004395,0.31617656350135803,-0.0523599311709404,0.7887678146362305,0.3965197801589966,-0.0739961639046669,0.756859302520752,0.38480812311172485,-0.08744761347770691,0.7240148186683655,0.24138285219669342,-0.014917598105967045,0.7853701710700989,0.2941913604736328,-0.058743663132190704,0.7380406856536865,0.3936347961425781,-0.06781068444252014,0.7139607071876526,0.37611284852027893,-0.06602464616298676,0.669671356678009,0.22786776721477509,-0.025329329073429108,0.7251420021057129,0.29358357191085815,-0.0708819255232811,0.68993079662323,0.3880472779273987,-0.06197229400277138,0.6637681722640991,0.3705470561981201,-0.04697355628013611,0.614636242389679,0.22942695021629333,-0.0388699509203434,0.670848548412323,0.29187554121017456,-0.06273598223924637,0.6508577466011047,0.3641795814037323,-0.05140376463532448,0.6243565678596497,0.3553643822669983,-0.037758711725473404
1,0.6227527260780334,0.5820173025131226,-3.7768563743156847e-07,0.7211611270904541,0.5818110704421997,-0.028011802583932877,0.8216213583946228,0.5565215349197388,-0.044300418347120285,0.8611857891082764,0.4896514117717743,-0.06061193346977234,0.8134220838546753,0.4472891688346863,-0.07027915120124817,0.8062956929206848,0.37434160709381104,-0.005124401766806841,0.8653007745742798,0.40197598934173584,-0.04120001569390297,0.8197519183158875,0.4751908779144287,-0.06016683205962181,0.791902482509613,0.46538108587265015,-0.07158785313367844,0.7627413868904114,0.3393642008304596,-0.010386018082499504,0.8201883435249329,0.382456511259079,-0.049635957926511765,0.7768182158470154,0.47149723768234253,-0.05853460356593132,0.754930853843689,0.4559333324432373,-0.05820027366280556,0.7170238494873047,0.3225659132003784,-0.02206764928996563,0.7718109488487244,0.37421929836273193,-0.06452484428882599,0.734795331954956,0.460734486579895,-0.055393286049366,0.70919269323349,0.4471701681613922,-0.04090074077248573,0.6682712435722351,0.31743207573890686,-0.036141980439424515,0.7284960150718689,0.3641366958618164,-0.05780571326613426,0.704910397529602,0.4294762909412384,-0.04461230710148811,0.675477921962738,0.42434898018836975,-0.03026474453508854
1,0.5932257175445557,0.6434884071350098,-2.8846071131738427e-07,0.6839939951896667,0.6506823897361755,-0.03499097377061844,0.7792284488677979,0.6223711967468262,-0.05181106552481651,0.8077911138534546,0.5489157438278198,-0.0662960410118103,0.7572252154350281,0.5144268274307251,-0.07397055625915527,0.7522350549697876,0.4497164487838745,-0.010458836331963539,0.807383120059967,0.4662505090236664,-0.04509151726961136,0.7676868438720703,0.5392223000526428,-0.06328084319829941,0.7448286414146423,0.5308535695075989,-0.07452940195798874,0.7097448706626892,0.4205990731716156,-0.010136269964277744,0.7649381160736084,0.4511992335319519,-0.04893217980861664,0.7279235124588013,0.5378225445747375,-0.057524457573890686,0.7080207467079163,0.5234168171882629,-0.05678987130522728,0.6664765477180481,0.407027930021286,-0.016612114384770393,0.7190420031547546,0.4474664330482483,-0.05796298757195473,0.6890313625335693,0.5297305583953857,-0.04973382502794266,0.6655192971229553,0.5184406638145447,-0.036034513264894485,0.6203925609588623,0.40144383907318115,-0.025968855246901512,0.6772775053977966,0.4424093961715698,-0.04809669405221939,0.6578916311264038,0.5051825046539307,-0.03755616769194603,0.6317778825759888,0.5027714371681213,-0.025156207382678986
1,0.5504633784294128,0.716254711151123,-2.5384639457115554e-07,0.6454533338546753,0.713959813117981,-0.02784205786883831,0.7393913865089417,0.6777147650718689,-0.04324263706803322,0.7626428008079529,0.6144049763679504,-0.058187805116176605,0.7079565525054932,0.5950185060501099,-0.06621047854423523,0.7115460634231567,0.5092947483062744,0.002015522215515375,0.7675707936286926,0.5403567552566528,-0.033053796738386154,0.7292032241821289,0.6109961271286011,-0.05390540510416031,0.7060752511024475,0.5962634682655334,-0.06728627532720566,0.666345477104187,0.47971582412719727,-0.0024553430266678333,0.7234604358673096,0.5254137516021729,-0.041645348072052,0.6882836818695068,0.6087878942489624,-0.0537833608686924,0.6702370047569275,0.5867199301719666,-0.05513320863246918,0.6209726333618164,0.47069528698921204,-0.013682526536285877,0.6734710335731506,0.5256330370903015,-0.05413688346743584,0.6467874646186829,0.6032739877700806,-0.04985804483294487,0.627140462398529,0.5808307528495789,-0.03912034630775452,0.5784463286399841,0.47138911485671997,-0.027477646246552467,0.6320093870162964,0.5235516428947449,-0.04811457544565201,0.6140676140785217,0.5794875025749207,-0.039993781596422195,0.590753972530365,0.5664772391319275,-0.029718948528170586
1,0.48812174797058105,0.7887275218963623,-3.537526822583459e-07,0.565004289150238,0.7931681871414185,-0.03427031263709068,0.6558964848518372,0.760535478591919,-0.05452868342399597,0.6878864169120789,0.7049375772476196,-0.07172217965126038,0.6455934047698975,0.6794342994689941,-0.08254170417785645,0.6338988542556763,0.5656957626342773,-0.020825479179620743,0.6907671093940735,0.609370231628418,-0.05790255218744278,0.6531408429145813,0.6783958673477173,-0.08063764125108719,0.6278515458106995,0.6659841537475586,-0.09621318429708481,0.5935146808624268,0.5388460755348206,-0.022898884490132332,0.6487585306167603,0.6026855111122131,-0.059829119592905045,0.6151348948478699,0.6809672713279724,-0.06998034566640854,0.5943871140480042,0.6633327007293701,-0.07302503287792206,0.5496906042098999,0.5377683043479919,-0.031024497002363205,0.6005972027778625,0.6107208132743835,-0.06597600132226944,0.5756508708000183,0.6811439990997314,-0.06003362312912941,0.5542661547660828,0.6630503535270691,-0.052006322890520096,0.5076146125793457,0.5517964363098145,-0.0428619347512722,0.5538389682769775,0.6201010346412659,-0.061564765870571136,0.5381609201431274,0.67246413230896,-0.05597744509577751,0.5177793502807617,0.6608538627624512,-0.04962225630879402
1,0.3993575870990753,0.8104204535484314,-3.865254143420316e-07,0.47927308082580566,0.8234474658966064,-0.0340505987405777,0.579749345779419,0.7894037961959839,-0.05191122367978096,0.6011784076690674,0.7198063731193542,-0.0660277009010315,0.5483641028404236,0.7002508640289307,-0.0744948461651802,0.5619767308235168,0.5871744751930237,-0.02034783735871315,0.6020983457565308,0.632530927658081,-0.05528586730360985,0.5654284358024597,0.7016832232475281,-0.0772906243801117,0.5435078144073486,0.6995332837104797,-0.09120509773492813,0.5157578587532043,0.5536531209945679,-0.021054038777947426,0.5521895289421082,0.6264994740486145,-0.053493380546569824,0.5203094482421875,0.7016116976737976,-0.06285221874713898,0.5003980398178101,0.6888736486434937,-0.06496477127075195,0.46721914410591125,0.5489156246185303,-0.027551351115107536,0.49964872002601624,0.6278968453407288,-0.0590362623333931,0.480275958776474,0.6963459253311157,-0.05558353662490845,0.4628378748893738,0.683782696723938,-0.048894401639699936,0.4196952283382416,0.5598030686378479,-0.03749997913837433,0.4538452923297882,0.6305132508277893,-0.05302286893129349,0.4437626004219055,0.6866346001625061,-0.04680812358856201,0.4291114807128906,0.6815139055252075,-0.03942717984318733
1,0.33685699105262756,0.8123862743377686,-4.887390900876198e-07,0.42119643092155457,0.8254010677337646,-0.030161194503307343,0.5188711881637573,0.774146556854248,-0.043589454144239426,0.5316318869590759,0.7009966373443604,-0.053353019058704376,0.4706200659275055,0.6868195533752441,-0.0556543804705143,0.5022794604301453,0.5818759202957153,-0.015929771587252617,0.5345419049263,0.6205682754516602,-0.04984179884195328,0.49492716789245605,0.6909375786781311,-0.0709916204214096,0.47206005454063416,0.683750331401825,-0.08724726736545563,0.4506038427352905,0.5459311604499817,-0.01947702281177044,0.4807819128036499,0.6063021421432495,-0.05571354180574417,0.4517529606819153,0.6883289217948914,-0.0663938894867897,0.4356066882610321,0.675044059753418,-0.07004499435424805,0.39934781193733215,0.5444260239601135,-0.02871386706829071,0.4244433343410492,0.624337375164032,-0.061801977455616,0.4077985882759094,0.6985847353935242,-0.05799642205238342,0.3914482295513153,0.6799132823944092,-0.052505943924188614,0.35243135690689087,0.5604303479194641,-0.04179968312382698,0.37813615798950195,0.6509832143783569,-0.06202280521392822,0.37081292271614075,0.7042672634124756,-0.0620427280664444,0.3582763671875,0.6829356551170349,-0.06027604267001152
1,0.27602022886276245,0.816739022731781,-3.5790802144219924e-07,0.3603486120700836,0.8175786733627319,-0.036443937569856644,0.45127642154693604,0.7639306783676147,-0.05495763570070267,0.4438847601413727,0.7005130052566528,-0.06887684762477875,0.37704774737358093,0.7001762390136719,-0.0744788721203804,0.4340841472148895,0.58340984582901,-0.019530421122908592,0.4529619812965393,0.6228651404380798,-0.056038230657577515,0.4191650450229645,0.6954960823059082,-0.0783989205956459,0.40479639172554016,0.690634548664093,-0.09465022385120392,0.38063332438468933,0.5468276739120483,-0.020854543894529343,0.3991033732891083,0.6092129349708557,-0.05928732827305794,0.3767572045326233,0.6898847818374634,-0.07107177376747131,0.36866286396980286,0.6759100556373596,-0.07453922927379608,0.3280602991580963,0.546640157699585,-0.02866770513355732,0.34270375967025757,0.629596471786499,-0.0613551139831543,0.3341604471206665,0.6998602151870728,-0.05884315073490143,0.32757624983787537,0.6774946451187134,-0.05391537398099899,0.28265225887298584,0.5638120174407959,-0.04108254238963127,0.29677534103393555,0.6559842228889465,-0.05869751051068306,0.29537510871887207,0.705790638923645,-0.059009019285440445,0.2897157371044159,0.6812381744384766,-0.057714466005563736
1,0.21432878077030182,0.7758879065513611,-1.467378467623348e-07,0.2806503474712372,0.7752737998962402,-0.034032661467790604,0.35297560691833496,0.7317876815795898,-0.049991972744464874,0.3409556746482849,0.6710842251777649,-0.06161697208881378,0.2902272045612335,0.659113347530365,-0.06635809689760208,0.34730249643325806,0.5933824181556702,-0.01720387488603592,0.3524247109889984,0.596459686756134,-0.051364246755838394,0.3341110050678253,0.665104329586029,-0.0694989264011383,0.32541826367378235,0.6793075799942017,-0.07939773797988892,0.29810404777526855,0.5640763640403748,-0.016777610406279564,0.3049958646297455,0.5706751942634583,-0.052039653062820435,0.29616686701774597,0.6495962738990784,-0.059930529445409775,0.29283714294433594,0.6578431129455566,-0.05797315016388893,0.250238835811615,0.5598573684692383,-0.022820841521024704,0.25417569279670715,0.5929232835769653,-0.05616331845521927,0.25326037406921387,0.6651941537857056,-0.05009957775473595,0.2511218786239624,0.6640202403068542,-0.03946637362241745,0.20479410886764526,0.5702483654022217,-0.03240223601460457,0.21170911192893982,0.6216861605644226,-0.050561945885419846,0.215754896402359,0.6722002029418945,-0.04531887546181679,0.21733449399471283,0.6635215878486633,-0.037592872977256775
1,0.18395623564720154,0.3812682628631592,-1.5476794601454458e-07,0.24407556653022766,0.35782578587532043,-0.031791504472494125,0.294658899307251,0.307393342256546,-0.04497712105512619,0.27422329783439636,0.24531999230384827,-0.05503081902861595,0.22498047351837158,0.23962396383285522,-0.05990224704146385,0.27397826313972473,0.228330597281456,-0.011693424545228481,0.28043606877326965,0.17877605557441711,-0.042012669146060944,0.268214613199234,0.23354245722293854,-0.057741619646549225,0.26594504714012146,0.26556944847106934,-0.06319410353899002,0.23656213283538818,0.2136249989271164,-0.0069195907562971115,0.23803472518920898,0.1735585629940033,-0.038051389157772064,0.22917205095291138,0.23957213759422302,-0.04563189670443535,0.22916153073310852,0.2651345431804657,-0.04251891002058983,0.20038241147994995,0.20866665244102478,-0.008206848055124283,0.1958860158920288,0.17766134440898895,-0.040406227111816406,0.19556193053722382,0.24155978858470917,-0.036366093903779984,0.19983898103237152,0.2696234881877899,-0.024340877309441566,0.16057705879211426,0.20883366465568542,-0.011907003819942474,0.16035479307174683,0.18729239702224731,-0.029907530173659325,0.16549953818321228,0.23405101895332336,-0.023155849426984787,0.17056018114089966,0.26134809851646423,-0.012188760563731194
1,0.17731426656246185,0.37817713618278503,-1.0168210451411142e-07,0.23515105247497559,0.3516332507133484,-0.02932269498705864,0.28440824151039124,0.3014577031135559,-0.041937775909900665,0.2658814787864685,0.24012570083141327,-0.05213724076747894,0.21819323301315308,0.23476925492286682,-0.05686343461275101,0.2707254886627197,0.2227502018213272,-0.00767613435164094,0.2742803990840912,0.1791839599609375,-0.038094546645879745,0.2601518929004669,0.2278418391942978,-0.05463996157050133,0.25550445914268494,0.25586017966270447,-0.06114371493458748,0.23355941474437714,0.20559759438037872,-0.004872824996709824,0.22925645112991333,0.1766706109046936,-0.036660872399806976,0.22423085570335388,0.23929758369922638,-0.04487977176904678,0.22905389964580536,0.25694578886032104,-0.04217652603983879,0.1967313289642334,0.19966675341129303,-0.008299660868942738,0.18818528950214386,0.1846441924571991,-0.04213489219546318,0.19234231114387512,0.24682463705539703,-0.04023020341992378,0.2007753551006317,0.26540470123291016,-0.029439013451337814,0.15765362977981567,0.20084314048290253,-0.014038920402526855,0.1566786915063858,0.19527900218963623,-0.033303648233413696,0.16359949111938477,0.24261638522148132,-0.028301715850830078,0.17148561775684357,0.26172709465026855,-0.018452653661370277
1,0.15010735392570496,0.4652766287326813,-2.777345571303158e-07,0.2267790585756302,0.41191697120666504,-0.013327856548130512,0.26821041107177734,0.3597427010536194,-0.03097708895802498,0.2930903136730194,0.32061147689819336,-0.050215475261211395,0.2978178560733795,0.30410894751548767,-0.0645962804555893,0.18967251479625702,0.20733648538589478,-0.017522968351840973,0.2745903730392456,0.23865976929664612,-0.04537757486104965,0.2666400969028473,0.2908951938152313,-0.06149131432175636,0.2412204146385193,0.2954025864601135,-0.07322283834218979,0.16536051034927368,0.2271200567483902,-0.02832154370844364,0.2622946798801422,0.273285448551178,-0.0552799329161644,0.25142747163772583,0.3279167115688324,-0.06046628952026367,0.22683586180210114,0.3262938857078552,-0.06387116760015488,0.15209370851516724,0.26989278197288513,-0.04213783144950867,0.24444881081581116,0.3129776120185852,-0.06460592895746231,0.23671066761016846,0.3590196669101715,-0.058468546718358994,0.21383601427078247,0.35947155952453613,-0.0541425459086895,0.1489141881465912,0.3250170648097992,-0.05845457315444946,0.22412985563278198,0.3561457395553589,-0.07115515321493149,0.22017553448677063,0.38688915967941284,-0.06801111996173859,0.20146456360816956,0.3870439827442169,-0.06542091816663742
1,0.21795257925987244,0.5344353318214417,-2.7117638978779723e-07,0.2342556118965149,0.4417918920516968,0.0318613238632679,0.26359549164772034,0.3642938733100891,0.024500567466020584,0.2982673943042755,0.3288557529449463,0.008782505057752132,0.31978487968444824,0.3287658393383026,-0.006017107050865889,0.2394847869873047,0.2915128171443939,-0.013579356484115124,0.3362545669078827,0.2926754355430603,-0.02512371726334095,0.3249620497226715,0.33156582713127136,-0.024755675345659256,0.2991470396518707,0.3372664451599121,-0.027027007192373276,0.24860700964927673,0.3232937753200531,-0.04440516233444214,0.3498820960521698,0.33216172456741333,-0.05173780396580696,0.33333149552345276,0.3716244697570801,-0.04154575616121292,0.3116794228553772,0.37641283869743347,-0.03991756960749626,0.2644481658935547,0.3693305253982544,-0.07172057777643204,0.35864222049713135,0.37987494468688965,-0.0697585791349411,0.3380916714668274,0.4157775044441223,-0.05100186541676521,0.31345316767692566,0.41770005226135254,-0.04641086235642433,0.28654709458351135,0.41996103525161743,-0.09758998453617096,0.3617281913757324,0.4278191030025482,-0.08949986845254898,0.3417342007160187,0.45747897028923035,-0.07524417340755463,0.314983069896698,0.4583863615989685,-0.0710165947675705
1,0.2835344076156616,0.5600432753562927,-2.192960124602905e-07,0.26927104592323303,0.4573822319507599,0.012511360459029675,0.2858084440231323,0.3844664990901947,0.010451314970850945,0.3246740698814392,0.36139363050460815,0.005299251526594162,0.3597833514213562,0.38116952776908875,0.0012753707123920321,0.28790926933288574,0.3291148841381073,-0.0015128653030842543,0.3484823405742645,0.3097052276134491,-0.002436615526676178,0.3532745838165283,0.3395116925239563,-0.002406215760856867,0.3372350335121155,0.35845744609832764,-0.003027037251740694,0.3238268494606018,0.35747018456459045,-0.012662028893828392,0.37482237815856934,0.35164034366607666,-0.003529374487698078,0.374544620513916,0.37994593381881714,0.00043892234680242836,0.35826826095581055,0.3970401883125305,-0.0010059158084914088,0.35972756147384644,0.3977091908454895,-0.021572204306721687,0.3984955847263336,0.3907969295978546,-0.009901640005409718,0.39288607239723206,0.41627955436706543,-0.0011823775712400675,0.37510254979133606,0.4328819513320923,5.0113736506318673e-05,0.39042699337005615,0.44200390577316284,-0.03003852255642414,0.41797199845314026,0.42996206879615784,-0.016003796830773354,0.408305823802948,0.45280373096466064,-0.0017768389079719782,0.39204537868499756,0.4677059054374695,0.0063724033534526825
1,0.34992027282714844,0.5623102188110352,-3.378497410722048e-07,0.2905966341495514,0.5128910541534424,-0.00027719044010154903,0.26366737484931946,0.45727303624153137,-0.005398632492870092,0.2817160487174988,0.41592103242874146,-0.009396243840456009,0.3175334334373474,0.4145057201385498,-0.012604013085365295,0.30423152446746826,0.3573111295700073,-0.017549801617860794,0.31290972232818604,0.3645307719707489,-0.013386812061071396,0.3164561092853546,0.3920629918575287,-0.010679652914404869,0.3139408528804779,0.4119942784309387,-0.011912870220839977,0.35055413842201233,0.35776910185813904,-0.021136490628123283,0.35412582755088806,0.3829379677772522,-0.009524151682853699,0.3524059057235718,0.41041141748428345,-0.006517354398965836,0.35007354617118835,0.4324890375137329,-0.009967200458049774,0.39150470495224,0.3787347078323364,-0.0221392959356308,0.3911380171775818,0.408101350069046,-0.011868746019899845,0.38488778471946716,0.4312804937362671,-0.008139106445014477,0.37901756167411804,0.4517441391944885,-0.011313020251691341,0.42480117082595825,0.41010046005249023,-0.02351957932114601,0.4265862703323364,0.4301736056804657,-0.01754223182797432,0.42059218883514404,0.4525131583213806,-0.011543755419552326,0.41455861926078796,0.4701295495033264,-0.008350481279194355
1,0.29190772771835327,0.5350813269615173,-2.2898800011716958e-07,0.35779574513435364,0.5353174209594727,-0.009702702984213829,0.4159349501132965,0.5078096389770508,-0.013829301111400127,0.42951077222824097,0.4572831690311432,-0.020114511251449585,0.39553311467170715,0.43911099433898926,-0.022733138874173164,0.38953641057014465,0.4164002239704132,0.010906169191002846,0.4270034432411194,0.41273823380470276,-0.010690581984817982,0.4001592993736267,0.4586590528488159,-0.020205330103635788,0.38135600090026855,0.4570518732070923,-0.02486046962440014,0.3610464334487915,0.39606091380119324,0.004288072232156992,0.4058339297771454,0.39025092124938965,-0.023130448535084724,0.37662026286125183,0.4524427354335785,-0.027660002931952477,0.35663530230522156,0.44879746437072754,-0.023886535316705704,0.3318081200122833,0.38139164447784424,-0.006636211182922125,0.37606626749038696,0.3785684108734131,-0.03686254099011421,0.35189563035964966,0.44166886806488037,-0.029972298070788383,0.3288719952106476,0.44017457962036133,-0.017638714984059334,0.2980177104473114,0.37071728706359863,-0.01813717931509018,0.34380409121513367,0.3776794373989105,-0.033690087497234344,0.33036574721336365,0.42407798767089844,-0.024651488289237022,0.30918484926223755,0.4257626533508301,-0.014280720613896847
1,0.25620025396347046,0.5246849060058594,-2.1418972551145998e-07,0.31725382804870605,0.5293155908584595,-0.02626856230199337,0.3821117877960205,0.4983938932418823,-0.03657695651054382,0.376490980386734,0.42920932173728943,-0.044033944606781006,0.3314615786075592,0.407362163066864,-0.04526706412434578,0.3808795213699341,0.4151846766471863,-0.011607225984334946,0.40570181608200073,0.37561550736427307,-0.037015434354543686,0.37711071968078613,0.4305637776851654,-0.04624847322702408,0.36516183614730835,0.44286832213401794,-0.04963221400976181,0.34652259945869446,0.3905855119228363,-0.010422935709357262,0.36493945121765137,0.35779640078544617,-0.0375790111720562,0.34118857979774475,0.4286164939403534,-0.04008359834551811,0.3355477452278137,0.4284861981868744,-0.035484738647937775,0.3100142180919647,0.37535837292671204,-0.014128030277788639,0.32286280393600464,0.3474891185760498,-0.04594321921467781,0.30747175216674805,0.42051926255226135,-0.036357294768095016,0.3041866421699524,0.42510342597961426,-0.02192429080605507,0.26889342069625854,0.3626265823841095,-0.019329918548464775,0.2832832336425781,0.34668266773223877,-0.035225242376327515,0.27926409244537354,0.4002014696598053,-0.02272224985063076,0.27588701248168945,0.40937963128089905,-0.009371050633490086
1,0.23256462812423706,0.5134090185165405,-3.66764680848064e-08,0.29083511233329773,0.5184959173202515,-0.06080145388841629,0.3392646014690399,0.48756787180900574,-0.09227517992258072,0.32089996337890625,0.41662707924842834,-0.11529383808374405,0.2736649811267853,0.3812863230705261,-0.13213308155536652,0.3659714460372925,0.3885798454284668,-0.045087095350027084,0.35949739813804626,0.3593044579029083,-0.0936773419380188,0.3308887779712677,0.4124715328216553,-0.12135527282953262,0.32658663392066956,0.4367623031139374,-0.13408993184566498,0.3304803967475891,0.35794058442115784,-0.029950477182865143,0.3254336714744568,0.32839903235435486,-0.08415411412715912,0.2974494695663452,0.39157095551490784,-0.10102272778749466,0.295381635427475,0.4132861793041229,-0.10030623525381088,0.2932361960411072,0.3394550681114197,-0.023230014368891716,0.2831979990005493,0.32103145122528076,-0.07208342105150223,0.2650824785232544,0.37993431091308594,-0.07067856937646866,0.2697640061378479,0.40098944306373596,-0.057428985834121704,0.2531159222126007,0.32399600744247437,-0.021348927170038223,0.2485538125038147,0.32199591398239136,-0.04813612625002861,0.2406819760799408,0.36539965867996216,-0.04506176337599754,0.24727307260036469,0.3850443661212921,-0.03555192053318024
1,0.2120279222726822,0.5655651092529297,-1.5872855385623552e-07,0.21831317245960236,0.5896802544593811,-0.07387973368167877,0.2128136307001114,0.5733487606048584,-0.1121143326163292,0.17440073192119598,0.5480660200119019,-0.1329452395439148,0.13636669516563416,0.5223685503005981,-0.1409144252538681,0.2534787058830261,0.39020809531211853,-0.09149068593978882,0.16610480844974518,0.4555668830871582,-0.13665609061717987,0.18269789218902588,0.5043036937713623,-0.15820549428462982,0.2148304581642151,0.4918748438358307,-0.16962255537509918,0.22885411977767944,0.3405067026615143,-0.06875334680080414,0.1368706375360489,0.42797043919563293,-0.10559245198965073,0.15899786353111267,0.47465378046035767,-0.11074522882699966,0.19183450937271118,0.46020081639289856,-0.11219535768032074,0.1990755945444107,0.31927183270454407,-0.05225909873843193,0.11965448409318924,0.3989310562610626,-0.080278180539608,0.13815951347351074,0.4403548538684845,-0.07135897129774094,0.16448955237865448,0.4233350455760956,-0.06419814378023148,0.16710004210472107,0.32178807258605957,-0.04373641684651375,0.11324510723352432,0.37993815541267395,-0.06508134305477142,0.12906883656978607,0.4149182140827179,-0.06511763483285904,0.15092603862285614,0.40987998247146606,-0.06086933985352516
1,0.0595865324139595,0.636867105960846,-5.906223350393702e-07,0.14244556427001953,0.6733154058456421,-0.027808671817183495,0.20230579376220703,0.7476708292961121,-0.04491462558507919,0.21743226051330566,0.8437473177909851,-0.05181735008955002,0.18284589052200317,0.8818966150283813,-0.052391763776540756,0.09920947253704071,0.8186525702476501,-0.06762496381998062,0.17628321051597595,0.8875192403793335,-0.06547380238771439,0.17274925112724304,0.8359775543212891,-0.0497954860329628,0.15068413317203522,0.8082784414291382,-0.041575659066438675,0.05277339369058609,0.8465056419372559,-0.052516087889671326,0.13478511571884155,0.9109125733375549,-0.05450944975018501,0.142399400472641,0.868373692035675,-0.04086151719093323,0.1264796108007431,0.8415220975875854,-0.03531038016080856,0.020487911999225616,0.862052857875824,-0.03384769335389137,0.09542548656463623,0.9180148243904114,-0.034590136259794235,0.10464750230312347,0.8804324269294739,-0.020849645137786865,0.0913340151309967,0.8495148420333862,-0.015981102362275124,-0.0003395751118659973,0.8661119937896729,-0.01655546948313713,0.05635096877813339,0.9032415747642517,-0.024860698729753494,0.06705229729413986,0.8687779307365417,-0.022735945880413055,0.05551832914352417,0.8412153720855713,-0.02104327827692032
1,0.25943803787231445,0.5030445456504822,-2.640738330228487e-07,0.3280552923679352,0.4948035180568695,-0.006573663093149662,0.38460537791252136,0.4672965705394745,-0.011122344993054867,0.41032204031944275,0.42449039220809937,-0.018896663561463356,0.3849458694458008,0.4035928547382355,-0.022833308205008507,0.35638627409935,0.3545633852481842,0.013737345114350319,0.4010429382324219,0.35858383774757385,-0.009162397123873234,0.3767184317111969,0.4090198278427124,-0.02138589695096016,0.3549518287181854,0.4079461991786957,-0.02762782573699951,0.3306049406528473,0.33961760997772217,0.005335493944585323,0.38167983293533325,0.34812915325164795,-0.02043255791068077,0.35614675283432007,0.4083669185638428,-0.026332657784223557,0.3342894911766052,0.40384575724601746,-0.024604246020317078,0.30323320627212524,0.3297649025917053,-0.007305555045604706,0.35445451736450195,0.3432098925113678,-0.034659579396247864,0.33236759901046753,0.4022197723388672,-0.02906443178653717,0.30788999795913696,0.3997715413570404,-0.018403369933366776,0.2732557952404022,0.32604166865348816,-0.020595235750079155,0.32438161969184875,0.33808985352516174,-0.03383904695510864,0.31324222683906555,0.38250747323036194,-0.025002984330058098,0.2909276783466339,0.38633832335472107,-0.014671710319817066
1,0.30499720573425293,0.6876105070114136,-2.7779171318798035e-07,0.3644210696220398,0.7123580574989319,-0.023976653814315796,0.44030076265335083,0.7030989527702332,-0.03343180939555168,0.4637574851512909,0.6390002965927124,-0.04071252420544624,0.42588526010513306,0.6010252833366394,-0.04266350716352463,0.4492732286453247,0.6025230884552002,-0.011687674559652805,0.48180288076400757,0.5770964026451111,-0.033400774002075195,0.4469042420387268,0.627066969871521,-0.040619540959596634,0.43214911222457886,0.6266850233078003,-0.044223856180906296,0.4174634516239166,0.5686691999435425,-0.011286213994026184,0.44392895698547363,0.5514867305755615,-0.03433205559849739,0.4096800684928894,0.616653323173523,-0.03548860549926758,0.4023604691028595,0.6029579639434814,-0.03224526718258858,0.38248783349990845,0.5441529154777527,-0.015096737071871758,0.40703117847442627,0.5280149579048157,-0.043416786938905716,0.3803759217262268,0.594042956829071,-0.033225104212760925,0.37052121758461,0.5849893689155579,-0.02105058915913105,0.3419630825519562,0.5201519131660461,-0.02033677138388157,0.3677749037742615,0.5181958675384521,-0.03658045455813408,0.3552342653274536,0.568433403968811,-0.025308895856142044,0.34482014179229736,0.5684792399406433,-0.013878739438951015
1,0.26180246472358704,0.659315824508667,-1.8958704117721936e-07,0.33832019567489624,0.6269159913063049,0.002277430146932602,0.37250182032585144,0.5805287957191467,-0.0035258077550679445,0.3966410458087921,0.5477637648582458,-0.012674365192651749,0.40790364146232605,0.5241215229034424,-0.01833752915263176,0.32503053545951843,0.45283207297325134,0.0012302494142204523,0.4083087742328644,0.48967450857162476,-0.014386162161827087,0.40064537525177,0.537578821182251,-0.026108665391802788,0.37930577993392944,0.55014568567276,-0.035173289477825165,0.3185907304286957,0.45642441511154175,-0.009715002030134201,0.4115743637084961,0.5151573419570923,-0.021843519061803818,0.39934277534484863,0.5574569702148438,-0.024990379810333252,0.37591221928596497,0.5628476142883301,-0.028821690008044243,0.3186655342578888,0.48150330781936646,-0.022083384916186333,0.406240314245224,0.5420646071434021,-0.029755908995866776,0.3893103003501892,0.5792970061302185,-0.024272779002785683,0.36389121413230896,0.5831243991851807,-0.022716021165251732,0.3234962821006775,0.5175973773002625,-0.03559386730194092,0.38943707942962646,0.5635690093040466,-0.038636982440948486,0.3779294490814209,0.5922840237617493,-0.03435481712222099,0.35882094502449036,0.5960596799850464,-0.032456669956445694
1,0.1445324569940567,0.6808165311813354,2.4802903908494045e-07,0.18408483266830444,0.6127805113792419,-0.013162394985556602,0.24524766206741333,0.5750954151153564,-0.038852788507938385,0.3011496961116791,0.5757991671562195,-0.05971023440361023,0.3349974751472473,0.596759021282196,-0.07744987308979034,0.220027893781662,0.5816522836685181,-0.09327277541160583,0.3177849054336548,0.6100564002990723,-0.12022402137517929,0.3301788568496704,0.6213492751121521,-0.11942533403635025,0.3189876079559326,0.6217575669288635,-0.11291413754224777,0.20409423112869263,0.6437830924987793,-0.09775234013795853,0.31700363755226135,0.6678518652915955,-0.12533725798130035,0.3205098509788513,0.6669245958328247,-0.11119594424962997,0.3010527789592743,0.6619712114334106,-0.09764151275157928,0.19733703136444092,0.7064858078956604,-0.09841874241828918,0.3060433864593506,0.7240886688232422,-0.11247586458921432,0.30125337839126587,0.7116358280181885,-0.08551513403654099,0.27641114592552185,0.7020338773727417,-0.06500887870788574,0.19589516520500183,0.7644941806793213,-0.09962526708841324,0.28478968143463135,0.7699618339538574,-0.10018421709537506,0.2831014394760132,0.7547670602798462,-0.07930873334407806,0.26173135638237,0.7469354867935181,-0.0638541504740715
1,0.10673055797815323,0.564716637134552,-2.622895749482268e-07,0.17392556369304657,0.5542121529579163,-0.009599228389561176,0.23942385613918304,0.5839508175849915,-0.025349324569106102,0.2816483974456787,0.6340166330337524,-0.03818131610751152,0.2941288352012634,0.6931290626525879,-0.048341304063797,0.21366475522518158,0.6046752333641052,-0.06601741164922714,0.2816890478134155,0.6995115876197815,-0.08872213214635849,0.2807556986808777,0.6931763887405396,-0.08867073059082031,0.2633274793624878,0.6629985570907593,-0.08225308358669281,0.1710204929113388,0.648434042930603,-0.06863053888082504,0.24282889068126678,0.7431586980819702,-0.08952195942401886,0.24002204835414886,0.7213017344474792,-0.08205950260162354,0.21922501921653748,0.6868162155151367,-0.07263946533203125,0.13222379982471466,0.6895546913146973,-0.06844475120306015,0.20483854413032532,0.7747305035591125,-0.08111254125833511,0.2047274261713028,0.7444168925285339,-0.06303054839372635,0.18555274605751038,0.7100452780723572,-0.04775746911764145,0.09993055462837219,0.7245725393295288,-0.06802842766046524,0.16211281716823578,0.7891913056373596,-0.07400049269199371,0.16882739961147308,0.7639584541320801,-0.059208620339632034,0.15169833600521088,0.7349461317062378,-0.04612082988023758
1,0.16923658549785614,0.491983562707901,2.2054720716369047e-07,0.2326412796974182,0.5375795364379883,-0.0007684371084906161,0.26746872067451477,0.6181328892707825,-0.023253096267580986,0.2738158702850342,0.6929395198822021,-0.04316375032067299,0.2689566910266876,0.7444864511489868,-0.05942315608263016,0.28054195642471313,0.6043196320533752,-0.08908465504646301,0.2686843276023865,0.7417457699775696,-0.11280857026576996,0.24873103201389313,0.7638715505599976,-0.10744667798280716,0.24331960082054138,0.7447338700294495,-0.09742674976587296,0.2319081723690033,0.5898973941802979,-0.10049672424793243,0.21944816410541534,0.7396414875984192,-0.12018643319606781,0.21091359853744507,0.746157169342041,-0.09845197945833206,0.21060718595981598,0.7164493203163147,-0.08111438155174255,0.17989479005336761,0.5839369893074036,-0.10712038725614548,0.17118722200393677,0.7270539999008179,-0.11571802198886871,0.1732720583677292,0.7238177061080933,-0.08287526667118073,0.17832458019256592,0.6883343458175659,-0.05949888750910759,0.13009867072105408,0.5842019319534302,-0.1134583055973053,0.1272396743297577,0.7060658931732178,-0.11469275504350662,0.13788700103759766,0.7121447324752808,-0.09199698269367218,0.14860525727272034,0.6873997449874878,-0.0735812783241272
1,0.13707058131694794,0.5208869576454163,-8.960170561067571e-08,0.15188175439834595,0.5937854051589966,-0.039669133722782135,0.17694884538650513,0.6388581395149231,-0.06882227212190628,0.191453218460083,0.6378095149993896,-0.09350201487541199,0.18935823440551758,0.6143473982810974,-0.11425373703241348,0.3082689642906189,0.5855919718742371,-0.04462236166000366,0.24858464300632477,0.6237426996231079,-0.08005676418542862,0.21405155956745148,0.6142522692680359,-0.10260992497205734,0.22077570855617523,0.5941992402076721,-0.11801257729530334,0.30542540550231934,0.519666850566864,-0.04271036759018898,0.23002688586711884,0.5710076689720154,-0.07322035729885101,0.19179604947566986,0.5698691606521606,-0.08198170363903046,0.20399153232574463,0.5535457134246826,-0.0874185711145401,0.2823821008205414,0.4625438451766968,-0.04546210914850235,0.2127561867237091,0.5123483538627625,-0.07335062325000763,0.1818762719631195,0.5217867493629456,-0.07108713686466217,0.1943683624267578,0.5109394788742065,-0.06815303862094879,0.25166353583335876,0.4153710603713989,-0.05259249359369278,0.19928278028964996,0.4566580355167389,-0.07102344185113907,0.17473924160003662,0.4784019887447357,-0.0703907161951065,0.18206316232681274,0.48178908228874207,-0.0677512139081955
1,0.2493344396352768,0.4030732810497284,-2.0282556079109781e-07,0.2566600441932678,0.47280552983283997,-0.029511626809835434,0.28501105308532715,0.5408640503883362,-0.041517455130815506,0.3274933993816376,0.5335865616798401,-0.05052045360207558,0.3467722535133362,0.48705729842185974,-0.053561724722385406,0.3472202718257904,0.529991865158081,-0.010745177045464516,0.3800261318683624,0.5479825735092163,-0.03998548164963722,0.3384314775466919,0.5226182341575623,-0.05479384586215019,0.3231104910373688,0.5119357109069824,-0.06047080084681511,0.35701125860214233,0.48318204283714294,-0.006526585202664137,0.3883421719074249,0.49781495332717896,-0.03717922791838646,0.33920422196388245,0.48042160272598267,-0.04534275829792023,0.3321778178215027,0.47505983710289,-0.04356439784169197,0.3619847297668457,0.43820828199386597,-0.007761781569570303,0.3918020725250244,0.4469425678253174,-0.0384841151535511,0.34282243251800537,0.4392281770706177,-0.031617242842912674,0.3332061469554901,0.43848609924316406,-0.018838584423065186,0.3661615252494812,0.38917022943496704,-0.011227517388761044,0.3839668929576874,0.39922356605529785,-0.02644081600010395,0.34960421919822693,0.4025673568248749,-0.01686893217265606,0.3389679789543152,0.4054790735244751,-0.005122598260641098
1,0.3516154885292053,0.5548098683357239,-2.1633512403695931e-07,0.36078161001205444,0.624198853969574,-0.014970348216593266,0.39052146673202515,0.6891158819198608,-0.018604421988129616,0.4368293583393097,0.6922903060913086,-0.02216590940952301,0.452749639749527,0.6473216414451599,-0.020825209096074104,0.4286176860332489,0.6833878755569458,0.007093631662428379,0.461360365152359,0.701449990272522,-0.012019716203212738,0.4293456971645355,0.6781734824180603,-0.021998180076479912,0.4168066680431366,0.6721794605255127,-0.026285938918590546,0.43939775228500366,0.6454066038131714,0.0061309076845645905,0.47060859203338623,0.6608344912528992,-0.015021780505776405,0.43051087856292725,0.6406164169311523,-0.019823910668492317,0.42361751198768616,0.6372510194778442,-0.01703236997127533,0.4461706876754761,0.6074070930480957,0.0009597995085641742,0.4773668050765991,0.6190851926803589,-0.02173244208097458,0.4359819293022156,0.6070735454559326,-0.0147224310785532,0.4256235957145691,0.6056857705116272,-0.0030797298531979322,0.4520258605480194,0.5653429627418518,-0.005563506856560707,0.47215864062309265,0.5772284269332886,-0.016143692657351494,0.443569540977478,0.575588583946228,-0.006863937247544527,0.4330187439918518,0.5759646892547607,0.0038170560728758574
1,0.30873730778694153,0.5623605847358704,-2.118468387379835e-07,0.365436315536499,0.569989800453186,0.007181125693023205,0.4024392068386078,0.5535218119621277,0.006908723618835211,0.42871901392936707,0.5361128449440002,0.000532708945684135,0.4294655919075012,0.5158294439315796,-0.002964723389595747,0.3861105144023895,0.4495404064655304,0.025587772950530052,0.4314582049846649,0.4714234173297882,0.008192123845219612,0.41242000460624695,0.5074278712272644,-0.005230417009443045,0.39067599177360535,0.5073379278182983,-0.013150952756404877,0.37827691435813904,0.43495750427246094,0.0120548652485013,0.4326929450035095,0.4672029912471771,-0.00800645723938942,0.40888097882270813,0.5127426981925964,-0.01542189996689558,0.38398033380508423,0.5112440586090088,-0.016120709478855133,0.37099698185920715,0.4251592755317688,-0.004422721453011036,0.42736029624938965,0.46335965394973755,-0.023989839479327202,0.4017297923564911,0.5065885186195374,-0.020610174164175987,0.37531790137290955,0.5009415745735168,-0.013430189341306686,0.36255019903182983,0.42228537797927856,-0.021017933264374733,0.4108983874320984,0.4658472239971161,-0.031014129519462585,0.39299172163009644,0.4976242780685425,-0.025722162798047066,0.36945438385009766,0.4927632808685303,-0.019394511356949806
1,0.28086984157562256,0.5196709632873535,-1.9001339524038485e-07,0.27129578590393066,0.4300706088542938,0.018835127353668213,0.2866896390914917,0.366826593875885,0.020626235753297806,0.319639652967453,0.34722059965133667,0.0184774287045002,0.34887179732322693,0.3627631962299347,0.017126677557826042,0.2862277328968048,0.30930495262145996,0.006088085472583771,0.3419782817363739,0.2993081510066986,0.009916625916957855,0.3500484526157379,0.326060950756073,0.014747049659490585,0.3395348787307739,0.3438423275947571,0.017081335186958313,0.31743890047073364,0.33008790016174316,-0.007082166150212288,0.368498295545578,0.3289077579975128,0.0036756449844688177,0.369012713432312,0.35684627294540405,0.010027877055108547,0.355357825756073,0.3734883964061737,0.010864278301596642,0.3484143018722534,0.36417078971862793,-0.01765708066523075,0.3913666605949402,0.36183974146842957,-0.004781445953994989,0.3856780230998993,0.38738301396369934,0.0041113002225756645,0.36913982033729553,0.40102440118789673,0.005409395322203636,0.3747880756855011,0.40553519129753113,-0.027210859581828117,0.4063338041305542,0.4001316428184509,-0.013297947123646736,0.3966813087463379,0.4228469133377075,-0.0009193814476020634,0.38019344210624695,0.4338141083717346,0.005668548867106438
1,0.22346875071525574,0.5314039587974548,-1.0734157029901326e-07,0.285101979970932,0.551281750202179,-0.044279929250478745,0.357014000415802,0.5418169498443604,-0.06610732525587082,0.3569914400577545,0.47929465770721436,-0.08133011311292648,0.3035757541656494,0.45123571157455444,-0.09027393907308578,0.38513582944869995,0.41934213042259216,-0.026973627507686615,0.39491233229637146,0.4186592698097229,-0.05522892624139786,0.3551529347896576,0.46946871280670166,-0.07073044776916504,0.34697169065475464,0.46622446179389954,-0.08065295964479446,0.34924864768981934,0.37821051478385925,-0.01895688660442829,0.35491663217544556,0.3814546465873718,-0.049987152218818665,0.31988054513931274,0.44650527834892273,-0.05809556692838669,0.3166675567626953,0.4374426603317261,-0.05855000391602516,0.306549072265625,0.3563735783100128,-0.016432596370577812,0.30849650502204895,0.3614850342273712,-0.04839136078953743,0.2858066260814667,0.4287874102592468,-0.04151836037635803,0.2861560583114624,0.4274510443210602,-0.030873671174049377,0.26191070675849915,0.34023940563201904,-0.017267275601625443,0.2668246328830719,0.3475911319255829,-0.03219878301024437,0.25746747851371765,0.3991844654083252,-0.021636249497532845,0.25973352789878845,0.4055205285549164,-0.011076346971094608
1,0.2574929893016815,0.4914933443069458,1.4559179817297263e-07,0.302777498960495,0.5100117921829224,-0.07858232408761978,0.3446342349052429,0.48786813020706177,-0.12550432980060577,0.3126593232154846,0.42248445749282837,-0.15767069160938263,0.2653951644897461,0.38121744990348816,-0.18066886067390442,0.4137928783893585,0.3641039729118347,-0.08437466621398926,0.37117713689804077,0.3634701073169708,-0.13165172934532166,0.3482654392719269,0.4196019470691681,-0.15114445984363556,0.3572365343570709,0.4232431650161743,-0.16060617566108704,0.375426709651947,0.3109995126724243,-0.06254318356513977,0.3263491094112396,0.31613731384277344,-0.11441906541585922,0.3051573932170868,0.38580209016799927,-0.12359219044446945,0.31975749135017395,0.3807066082954407,-0.12152538448572159,0.32997074723243713,0.28347325325012207,-0.048280905932188034,0.28275761008262634,0.3045112192630768,-0.09486015886068344,0.2702505588531494,0.36613452434539795,-0.08905241638422012,0.2885189950466156,0.3578178286552429,-0.07800363004207611,0.2853081226348877,0.2626192271709442,-0.040142226964235306,0.25380831956863403,0.2941080629825592,-0.0653090551495552,0.24518439173698425,0.34005916118621826,-0.06242319941520691,0.260589599609375,0.33586904406547546,-0.05628058686852455
1,0.2188403606414795,0.4270544648170471,-3.7625841997623866e-08,0.2350449413061142,0.46343252062797546,-0.0701838955283165,0.2514740824699402,0.4630546271800995,-0.11062759160995483,0.2140054702758789,0.4128686785697937,-0.13647834956645966,0.1760934442281723,0.3746645748615265,-0.15173019468784332,0.3493725657463074,0.3278229236602783,-0.09155426174402237,0.2558431029319763,0.3279396891593933,-0.14337849617004395,0.23947399854660034,0.38057446479797363,-0.16562069952487946,0.2652560770511627,0.3896104693412781,-0.17709483206272125,0.32886818051338196,0.26296085119247437,-0.0757107064127922,0.21663516759872437,0.2875625193119049,-0.12143195420503616,0.2000836730003357,0.3511800467967987,-0.12493129074573517,0.23035436868667603,0.35266754031181335,-0.12215480953454971,0.29143089056015015,0.22768820822238922,-0.06676299124956131,0.19145607948303223,0.258288711309433,-0.104147769510746,0.17993995547294617,0.31696340441703796,-0.0905621200799942,0.2064322531223297,0.3164181113243103,-0.07723721861839294,0.24792955815792084,0.21096304059028625,-0.06526114791631699,0.17981918156147003,0.24380671977996826,-0.09086351841688156,0.17549268901348114,0.2888035774230957,-0.08726898580789566,0.197836771607399,0.29215937852859497,-0.07911718636751175
1,0.22589261829853058,0.47946804761886597,-3.026482886525628e-08,0.205830916762352,0.5345202684402466,-0.11082839220762253,0.18677933514118195,0.5374900102615356,-0.17822366952896118,0.14150351285934448,0.48355209827423096,-0.22052817046642303,0.1209881603717804,0.425346314907074,-0.24781981110572815,0.2988615036010742,0.3934076428413391,-0.17896610498428345,0.1771172434091568,0.3918619453907013,-0.23976366221904755,0.17371398210525513,0.45355910062789917,-0.25416263937950134,0.2084866762161255,0.45784181356430054,-0.260751336812973,0.29164281487464905,0.3136279881000519,-0.14372847974300385,0.15145359933376312,0.34115779399871826,-0.20426183938980103,0.1563057005405426,0.412022203207016,-0.20301322638988495,0.19640596210956573,0.415248304605484,-0.1991194486618042,0.26667672395706177,0.26403725147247314,-0.11365295201539993,0.14114125072956085,0.29432961344718933,-0.158342182636261,0.14270034432411194,0.356416791677475,-0.13522633910179138,0.17858994007110596,0.35423657298088074,-0.11932769417762756,0.22844991087913513,0.23155736923217773,-0.09387240558862686,0.13998135924339294,0.2671244740486145,-0.13188156485557556,0.1404327154159546,0.3175296485424042,-0.13239958882331848,0.17041312158107758,0.3191477656364441,-0.12780997157096863
1,0.2099950611591339,0.4545190930366516,-1.4538008485942555e-07,0.19913367927074432,0.5248316526412964,-0.10905097424983978,0.1828390508890152,0.5430251955986023,-0.17317330837249756,0.13646037876605988,0.49866795539855957,-0.21174690127372742,0.1134866252541542,0.4455084204673767,-0.23659434914588928,0.2819337844848633,0.40229806303977966,-0.18246513605117798,0.16216111183166504,0.4032121002674103,-0.23563911020755768,0.15217381715774536,0.45799049735069275,-0.24323739111423492,0.18113753199577332,0.4662209749221802,-0.24586404860019684,0.2739487886428833,0.3241342604160309,-0.14676792919635773,0.13583746552467346,0.3562307059764862,-0.19940224289894104,0.13830676674842834,0.4177733361721039,-0.19430850446224213,0.17363084852695465,0.42661675810813904,-0.1893339604139328,0.24855497479438782,0.27418237924575806,-0.11529769003391266,0.12338835746049881,0.3107798099517822,-0.15715935826301575,0.12814263999462128,0.36882713437080383,-0.13710106909275055,0.16223207116127014,0.37308835983276367,-0.12360753118991852,0.21159300208091736,0.24396008253097534,-0.09343425184488297,0.12301688641309738,0.28304046392440796,-0.13261182606220245,0.1236920952796936,0.3336448073387146,-0.13524144887924194,0.1486242115497589,0.3420540690422058,-0.13190411031246185
1,0.1960235983133316,0.49891209602355957,2.5142226078855856e-08,0.2034166157245636,0.5781208276748657,-0.08202113956212997,0.20137542486190796,0.6145550608634949,-0.1334424614906311,0.138122096657753,0.5988916158676147,-0.16556543111801147,0.09564400464296341,0.5540981888771057,-0.18635894358158112,0.2582777142524719,0.4375440180301666,-0.14099936187267303,0.1482984572649002,0.5148220062255859,-0.19837166368961334,0.155829057097435,0.5572925806045532,-0.2216762751340866,0.19140444695949554,0.5455330014228821,-0.23445174098014832,0.2263176441192627,0.3660503327846527,-0.11909135431051254,0.11014409363269806,0.46423202753067017,-0.16570371389389038,0.1260054111480713,0.5089702606201172,-0.16885784268379211,0.16352109611034393,0.4958801567554474,-0.17205865681171417,0.18903951346874237,0.3259907364845276,-0.10156796127557755,0.08363471925258636,0.42488881945610046,-0.1341067999601364,0.09833327680826187,0.4672618806362152,-0.11747891455888748,0.13374660909175873,0.4490119218826294,-0.10855675488710403,0.14672498404979706,0.3083115816116333,-0.09244760125875473,0.07253212481737137,0.3827500343322754,-0.11776198446750641,0.08204637467861176,0.42307063937187195,-0.11587327718734741,0.1120631992816925,0.41072142124176025,-0.11292079836130142
1,0.2243291139602661,0.6181894540786743,-2.5269079628742475e-07,0.24134117364883423,0.653444766998291,-0.0851689949631691,0.24742341041564941,0.6531771421432495,-0.13288074731826782,0.20078173279762268,0.6516035199165344,-0.16218027472496033,0.15236032009124756,0.6327363848686218,-0.17933939397335052,0.2678707540035248,0.42789342999458313,-0.11317083239555359,0.19471782445907593,0.5462785363197327,-0.1718597114086151,0.20673218369483948,0.5969700813293457,-0.2000894397497177,0.22967727482318878,0.5661388039588928,-0.2152092605829239,0.21467575430870056,0.38435614109039307,-0.08825788646936417,0.1420688033103943,0.5179364085197449,-0.13919617235660553,0.15472175180912018,0.5772239565849304,-0.14793063700199127,0.17758236825466156,0.5445745587348938,-0.15090560913085938,0.1620682328939438,0.3730849027633667,-0.07016365230083466,0.09841737151145935,0.4958285987377167,-0.11160574108362198,0.11105477809906006,0.5515068173408508,-0.10223613679409027,0.13142049312591553,0.5219770073890686,-0.09351875633001328,0.10944275557994843,0.38358867168426514,-0.06017841771245003,0.06711733341217041,0.47828570008277893,-0.0889923945069313,0.08129671961069107,0.5245962738990784,-0.08919417858123779,0.104117251932621,0.5091286897659302,-0.08466722071170807
1,0.24837124347686768,0.6248431205749512,-1.4553805272043974e-07,0.32837778329849243,0.6099826693534851,-0.04101363942027092,0.38655081391334534,0.6057168245315552,-0.07553023099899292,0.40233784914016724,0.6377973556518555,-0.10681158304214478,0.37444475293159485,0.6769648790359497,-0.13565631210803986,0.3600929379463196,0.4294992983341217,-0.07281967252492905,0.40710562467575073,0.5869283080101013,-0.12003035098314285,0.3826674520969391,0.6269185543060303,-0.14643827080726624,0.3600671589374542,0.5953187346458435,-0.16578297317028046,0.299724280834198,0.4444054961204529,-0.07689595222473145,0.35821759700775146,0.6180474162101746,-0.1155877336859703,0.33666878938674927,0.6353729963302612,-0.12082768976688385,0.31630322337150574,0.5871365666389465,-0.12704171240329742,0.24580194056034088,0.4912855923175812,-0.0852741003036499,0.30044737458229065,0.6429691910743713,-0.11673083901405334,0.28851190209388733,0.6512069702148438,-0.10531491786241531,0.27109432220458984,0.6043477058410645,-0.09732670336961746,0.200720876455307,0.548642098903656,-0.09948194026947021,0.2461923509836197,0.6565040349960327,-0.12558403611183167,0.2478761523962021,0.6623983383178711,-0.12504273653030396,0.23515963554382324,0.6312371492385864,-0.12259303033351898
1,0.2395385205745697,0.5826022624969482,1.5082828497270384e-07,0.3268222212791443,0.5473893284797668,-0.025355692952871323,0.39014488458633423,0.5304887890815735,-0.06326950341463089,0.42691224813461304,0.5490685105323792,-0.09802465885877609,0.4344605505466461,0.5739119648933411,-0.13063819706439972,0.3576037287712097,0.4004186689853668,-0.10373973101377487,0.44409751892089844,0.5095721483230591,-0.14585624635219574,0.4307734966278076,0.5699456334114075,-0.15959106385707855,0.400272011756897,0.5746973752975464,-0.16882503032684326,0.30842575430870056,0.4373764395713806,-0.1148483157157898,0.4109542667865753,0.5608921051025391,-0.1542758047580719,0.3912036418914795,0.5931260585784912,-0.15244604647159576,0.361376017332077,0.57771897315979,-0.15494085848331451,0.26791974902153015,0.49568963050842285,-0.12490130960941315,0.3594144582748413,0.6063900589942932,-0.15380889177322388,0.3427797257900238,0.6202280521392822,-0.13668237626552582,0.3184387981891632,0.5971986055374146,-0.1279301941394806,0.23608368635177612,0.555904746055603,-0.13762107491493225,0.31146225333213806,0.6372290849685669,-0.15662434697151184,0.31166237592697144,0.6416624188423157,-0.14764049649238586,0.2952888011932373,0.6201193928718567,-0.14287614822387695
1,0.28599104285240173,0.5883274674415588,1.1770523400400634e-07,0.35844045877456665,0.5341482758522034,0.005706713534891605,0.4088830053806305,0.49536821246147156,-0.04009902477264404,0.44723665714263916,0.48029372096061707,-0.08572538942098618,0.4716157019138336,0.4706117510795593,-0.1296626627445221,0.3765488564968109,0.409018874168396,-0.1396828293800354,0.4791244864463806,0.47400277853012085,-0.16222259402275085,0.4631296396255493,0.5170175433158875,-0.13722574710845947,0.4280027151107788,0.5186287760734558,-0.1211276575922966,0.3546799421310425,0.4602758288383484,-0.17098645865917206,0.47083693742752075,0.5186097621917725,-0.18887139856815338,0.4444655478000641,0.5617504119873047,-0.13865496218204498,0.4124104380607605,0.5548915266990662,-0.11039962619543076,0.3371260166168213,0.5221479535102844,-0.1970369517803192,0.4415713846683502,0.5721185207366943,-0.2008732557296753,0.41075897216796875,0.6029543876647949,-0.143851175904274,0.37500596046447754,0.5948868989944458,-0.11780278384685516,0.3261866271495819,0.5875555872917175,-0.2238328456878662,0.3966006636619568,0.6179598569869995,-0.22799529135227203,0.3857492208480835,0.6287697553634644,-0.20382168889045715,0.3640856444835663,0.6216443777084351,-0.194582000374794
1,0.3159043490886688,0.6441367268562317,-9.372025289167141e-08,0.3453281819820404,0.5573967695236206,-0.006829881574958563,0.4085608124732971,0.4943515360355377,-0.02759782038629055,0.4741005003452301,0.48281705379486084,-0.04869629442691803,0.5106995105743408,0.5065617561340332,-0.06563406437635422,0.3972626328468323,0.4443429112434387,-0.05783510208129883,0.5013499855995178,0.45898547768592834,-0.08654966950416565,0.493278831243515,0.502032458782196,-0.09451937675476074,0.4657001495361328,0.507876455783844,-0.09840808063745499,0.39347147941589355,0.4987327456474304,-0.07242000102996826,0.5024866461753845,0.5110040307044983,-0.0955449640750885,0.48682740330696106,0.5488033294677734,-0.0907563716173172,0.45802581310272217,0.5471223592758179,-0.08911161124706268,0.3980627655982971,0.5636310577392578,-0.08601903915405273,0.5002707839012146,0.5726504921913147,-0.10208296030759811,0.48067983984947205,0.60024493932724,-0.08447667956352234,0.4519160985946655,0.5940121412277222,-0.07448242604732513,0.4075305759906769,0.631464421749115,-0.10043476521968842,0.49649474024772644,0.6348336338996887,-0.10504034161567688,0.47731852531433105,0.6505715847015381,-0.08859317004680634,0.4460170269012451,0.6457487940788269,-0.07883269339799881
1,0.2900463342666626,0.7169623970985413,-2.730823212004907e-07,0.3336925506591797,0.6118475198745728,-0.00752922473475337,0.4068743884563446,0.5670549869537354,-0.029854340478777885,0.47420430183410645,0.5923110842704773,-0.05140692740678787,0.5029043555259705,0.6492965817451477,-0.07005394250154495,0.3914983868598938,0.5743189454078674,-0.06801022589206696,0.497525155544281,0.5873783230781555,-0.09768371284008026,0.4744558036327362,0.6060218214988708,-0.10793007910251617,0.4392043948173523,0.6046067476272583,-0.11119525879621506,0.3871668875217438,0.6439739465713501,-0.07877961546182632,0.4978608191013336,0.6445484757423401,-0.10077080130577087,0.47429797053337097,0.6520481705665588,-0.09636100381612778,0.43789443373680115,0.6530147790908813,-0.09312958270311356,0.3897022604942322,0.7128761410713196,-0.08724984526634216,0.4945063591003418,0.706308126449585,-0.09477342665195465,0.4708055853843689,0.7030372023582458,-0.07521951198577881,0.4346378743648529,0.7001431584358215,-0.06346423923969269,0.3946234881877899,0.7788411378860474,-0.09690148383378983,0.4764341711997986,0.756010890007019,-0.09080889821052551,0.4568963050842285,0.7451605200767517,-0.07077915221452713,0.42550721764564514,0.741657555103302,-0.05919120833277702
1,0.18664327263832092,0.7162624001502991,-3.035878819446225e-07,0.2477574348449707,0.63893723487854,0.0022039341274648905,0.32799503207206726,0.6090298295021057,-0.011357913725078106,0.39451706409454346,0.6344542503356934,-0.028234174475073814,0.4315869212150574,0.6831380724906921,-0.041321761906147,0.3277404308319092,0.6002051830291748,-0.03026759997010231,0.43242573738098145,0.6426833868026733,-0.057830046862363815,0.40716439485549927,0.6523863077163696,-0.06946591287851334,0.37193894386291504,0.6404823660850525,-0.0717741921544075,0.315643846988678,0.6586791276931763,-0.04499958083033562,0.4202888011932373,0.6995930671691895,-0.06199343502521515,0.3933382034301758,0.7042225003242493,-0.0586877167224884,0.3556869924068451,0.6926530599594116,-0.05461477115750313,0.304457426071167,0.7246922254562378,-0.05956824868917465,0.40140271186828613,0.7524404525756836,-0.06646183878183365,0.37569117546081543,0.7551769614219666,-0.04675416648387909,0.33956748247146606,0.7465993165969849,-0.0331234447658062,0.292949914932251,0.7909771203994751,-0.07473337650299072,0.3760663866996765,0.7976444363594055,-0.0704212561249733,0.354130357503891,0.79521244764328,-0.04869856685400009,0.3220074772834778,0.7913224697113037,-0.033764999359846115
1,0.4201224744319916,0.5705317258834839,-2.6345708192820894e-07,0.396306574344635,0.48019808530807495,0.01653362810611725,0.4065307080745697,0.41048115491867065,0.015414346009492874,0.44087567925453186,0.3788575232028961,0.010254839435219765,0.4750807583332062,0.3809424936771393,0.006222348194569349,0.40232494473457336,0.36219799518585205,0.0006393097573891282,0.45408791303634644,0.32304009795188904,-0.0012990885879844427,0.459279865026474,0.35509634017944336,-0.0009644030360504985,0.444170206785202,0.37721502780914307,-0.0009210832067765296,0.43804916739463806,0.3808356523513794,-0.012835669331252575,0.4847577214241028,0.35503101348876953,-0.00314283836632967,0.4863542318344116,0.3852517902851105,0.0028132200241088867,0.47184109687805176,0.404299795627594,0.0023859329521656036,0.476122111082077,0.4107923209667206,-0.02410981059074402,0.5135321617126465,0.39051195979118347,-0.011821688152849674,0.5092053413391113,0.42050135135650635,-0.0007187938317656517,0.4938112795352936,0.439789354801178,0.0011904900893568993,0.5111058354377747,0.4472571909427643,-0.03465672582387924,0.536902904510498,0.43094494938850403,-0.01977360062301159,0.52745521068573,0.45830491185188293,-0.004464589990675449,0.5133476257324219,0.4753562808036804,0.0034669823944568634
1,0.43968069553375244,0.5451802611351013,-2.435724013594154e-07,0.42379510402679443,0.4468355178833008,0.02425980381667614,0.4388104975223541,0.3761661946773529,0.022610623389482498,0.4730790853500366,0.3448305130004883,0.014940466731786728,0.5062801837921143,0.35171982645988464,0.007870664820075035,0.4293174743652344,0.3223007321357727,0.002394475508481264,0.4954189360141754,0.29428863525390625,0.00042870649485848844,0.4992293417453766,0.32820558547973633,0.0010958730708807707,0.4825543761253357,0.3456886112689972,0.00016712512297090143,0.4588322043418884,0.34638845920562744,-0.01777980662882328,0.5229088664054871,0.3290332555770874,-0.009680259972810745,0.5236855745315552,0.36031290888786316,-0.0036231086123734713,0.5076642036437988,0.3748970627784729,-0.004850527737289667,0.4918912947177887,0.38185209035873413,-0.03506432846188545,0.5486445426940918,0.36685988306999207,-0.023712383583188057,0.5434572696685791,0.39842793345451355,-0.011777207255363464,0.5244408845901489,0.4117864668369293,-0.010362147353589535,0.524564802646637,0.4234662652015686,-0.051143184304237366,0.5678740739822388,0.4071185886859894,-0.03691181167960167,0.5578941106796265,0.43693074584007263,-0.021421710029244423,0.5390350818634033,0.4498479664325714,-0.014267816208302975
1,0.39475953578948975,0.4863702952861786,-2.5757000798876106e-07,0.4713766574859619,0.4908573627471924,-0.01915893331170082,0.5396142601966858,0.4608030319213867,-0.025858405977487564,0.5521205067634583,0.38892149925231934,-0.03236100450158119,0.5357764959335327,0.3355679512023926,-0.03346984088420868,0.5310255289077759,0.3754082918167114,0.0032173406798392534,0.5605700612068176,0.33542901277542114,-0.02159009873867035,0.5357189774513245,0.3935045599937439,-0.032150428742170334,0.5214517116546631,0.414022296667099,-0.0352301187813282,0.49750781059265137,0.3470349609851837,0.0026529100723564625,0.5258949398994446,0.3085711598396301,-0.023039869964122772,0.5004729628562927,0.37904268503189087,-0.027140498161315918,0.48787054419517517,0.3891291916370392,-0.023235291242599487,0.460416704416275,0.3261565864086151,-0.002985991071909666,0.4888191521167755,0.2916375994682312,-0.03436104208230972,0.46779748797416687,0.36461785435676575,-0.023447806015610695,0.45426154136657715,0.3774924874305725,-0.007443876471370459,0.4161078929901123,0.30839911103248596,-0.009572118520736694,0.44835996627807617,0.2886779010295868,-0.027491582557559013,0.4382859766483307,0.3409919738769531,-0.014216260984539986,0.4246324598789215,0.3520808815956116,0.0010621892288327217
1,0.36287921667099,0.4618125557899475,-3.006539088801219e-07,0.4380691349506378,0.46946364641189575,-0.022525880485773087,0.5099358558654785,0.431624174118042,-0.02817714214324951,0.515118420124054,0.35164013504981995,-0.03228108584880829,0.48915523290634155,0.3107731342315674,-0.028984254226088524,0.5104559063911438,0.35061541199684143,0.000625362154096365,0.539060652256012,0.3005894124507904,-0.0268336683511734,0.5064324140548706,0.35999417304992676,-0.037306420505046844,0.49426424503326416,0.37839674949645996,-0.04052465036511421,0.4721566140651703,0.3209609389305115,0.0010604533599689603,0.4959869682788849,0.27707070112228394,-0.02766800858080387,0.46620476245880127,0.3527274429798126,-0.030023593455553055,0.4621641933917999,0.3574540317058563,-0.024381747469305992,0.4322001039981842,0.29963889718055725,-0.004382159560918808,0.45426884293556213,0.26008784770965576,-0.03830935060977936,0.43087029457092285,0.3375531733036041,-0.025852320715785027,0.4262899160385132,0.34603428840637207,-0.008240033872425556,0.38770580291748047,0.279912531375885,-0.011208324693143368,0.4103127121925354,0.2579876184463501,-0.028650350868701935,0.4003518223762512,0.31426510214805603,-0.014677540399134159,0.3948020040988922,0.3236147165298462,0.0009423433803021908
1,0.327378511428833,0.45344531536102295,-2.9005855139985215e-07,0.3998447358608246,0.4560440182685852,-0.03387612849473953,0.4659769535064697,0.4115658402442932,-0.045776091516017914,0.45390570163726807,0.32397687435150146,-0.05403144657611847,0.4089369475841522,0.2861553728580475,-0.05476410686969757,0.4792430102825165,0.32630571722984314,-0.01234344020485878,0.4979860484600067,0.2615315318107605,-0.044871993362903595,0.4651058316230774,0.31980836391448975,-0.060690175741910934,0.45569929480552673,0.34828802943229675,-0.06673713028430939,0.43911978602409363,0.29888689517974854,-0.008127914741635323,0.4494361877441406,0.2363569736480713,-0.04215017706155777,0.4214757978916168,0.31158268451690674,-0.0480276420712471,0.4199414849281311,0.33630532026290894,-0.043240372091531754,0.39844411611557007,0.27986010909080505,-0.010543609969317913,0.4017821252346039,0.22153186798095703,-0.04601934179663658,0.3832598030567169,0.2981327474117279,-0.036742836236953735,0.3849237561225891,0.3278854191303253,-0.020256895571947098,0.3540593385696411,0.26436859369277954,-0.015641847625374794,0.3579958975315094,0.2219873070716858,-0.03341915085911751,0.3520919680595398,0.27757808566093445,-0.021247128024697304,0.3523881435394287,0.30733001232147217,-0.00630392087623477
1,0.32347795367240906,0.467143177986145,-2.5760451194400957e-07,0.3768881857395172,0.4806997776031494,-0.053464602679014206,0.4228850305080414,0.4570622444152832,-0.08207613229751587,0.4115254282951355,0.3856804370880127,-0.10299370437860489,0.3850199580192566,0.3289233148097992,-0.11624635756015778,0.49012815952301025,0.3350793123245239,-0.03931744024157524,0.4836978614330292,0.3179181218147278,-0.08214850723743439,0.4497038424015045,0.3659307360649109,-0.1048843041062355,0.43824777007102966,0.38892409205436707,-0.11530644446611404,0.45579564571380615,0.2809208929538727,-0.028214868158102036,0.4314631521701813,0.27111026644706726,-0.07210470736026764,0.3991747796535492,0.33429819345474243,-0.08279016613960266,0.3993125855922699,0.3514259457588196,-0.08108440786600113,0.41324323415756226,0.2506396770477295,-0.025200877338647842,0.38455283641815186,0.24673327803611755,-0.0670294240117073,0.3622666299343109,0.30827319622039795,-0.06297561526298523,0.36876362562179565,0.32411301136016846,-0.05128392577171326,0.36743515729904175,0.23379550874233246,-0.026650551706552505,0.34632420539855957,0.23260492086410522,-0.051695533096790314,0.33385175466537476,0.281571626663208,-0.04751383885741234,0.3426440954208374,0.29749077558517456,-0.03771519288420677
1,0.31033939123153687,0.46327823400497437,1.4734550246586764e-09,0.3367278575897217,0.5075824856758118,-0.07107430696487427,0.36602580547332764,0.5261884331703186,-0.1158977672457695,0.34940698742866516,0.47612398862838745,-0.14654843509197235,0.3277676999568939,0.4227752089500427,-0.1676712930202484,0.47911566495895386,0.4035171568393707,-0.10200440138578415,0.39514362812042236,0.39323553442955017,-0.15331608057022095,0.3724711239337921,0.4320787489414215,-0.1713586002588272,0.3912891447544098,0.44345590472221375,-0.17948034405708313,0.45729759335517883,0.32676032185554504,-0.08608520776033401,0.35383838415145874,0.3408221900463104,-0.13685409724712372,0.33122071623802185,0.39680737257003784,-0.13960450887680054,0.3533775210380554,0.4076108932495117,-0.13529178500175476,0.4209308326244354,0.2782345414161682,-0.07634606957435608,0.3250654339790344,0.3040449023246765,-0.11934909969568253,0.3075716495513916,0.3586887717247009,-0.10830040276050568,0.32785946130752563,0.3668423891067505,-0.0957273319363594,0.37852853536605835,0.248743936419487,-0.07360273599624634,0.309553861618042,0.2775144577026367,-0.106204554438591,0.29724186658859253,0.3270432651042938,-0.10714051872491837,0.3174695074558258,0.3391511142253876,-0.10123461484909058
1,0.28866708278656006,0.4625859558582306,-9.815276769131742e-08,0.3163889944553375,0.5331754088401794,-0.05555691942572594,0.3565903306007385,0.5828664302825928,-0.09192062169313431,0.341350257396698,0.5375776886940002,-0.11775495111942291,0.3102859556674957,0.4829309582710266,-0.13676717877388,0.46681761741638184,0.43955177068710327,-0.0807134211063385,0.3872155249118805,0.4610242247581482,-0.12821032106876373,0.35591351985931396,0.4934995770454407,-0.15053552389144897,0.37234261631965637,0.49344468116760254,-0.16406814754009247,0.44775399565696716,0.35704535245895386,-0.07406802475452423,0.3540754020214081,0.39932796359062195,-0.11483322829008102,0.324068546295166,0.4469442069530487,-0.12005774676799774,0.3464542031288147,0.44481027126312256,-0.12178152799606323,0.4115193486213684,0.3029787540435791,-0.0724467858672142,0.3193887770175934,0.34954723715782166,-0.10776202380657196,0.2978382110595703,0.40200075507164,-0.09638677537441254,0.3210960924625397,0.40456560254096985,-0.08659811317920685,0.36998510360717773,0.26702743768692017,-0.07671887427568436,0.3006231188774109,0.30810320377349854,-0.10184310376644135,0.28410711884498596,0.35622021555900574,-0.09702502191066742,0.3043023943901062,0.36465054750442505,-0.08964107930660248
1,0.4594663381576538,0.558639407157898,-3.266838177751197e-07,0.5848096609115601,0.5855215787887573,-0.04975202679634094,0.6879180073738098,0.5812604427337646,-0.09035936743021011,0.7465578317642212,0.541754424571991,-0.12956519424915314,0.7133259773254395,0.5084627270698547,-0.15917754173278809,0.6985217928886414,0.2896658480167389,-0.031034691259264946,0.7820097804069519,0.40315961837768555,-0.08407410979270935,0.7264410257339478,0.4784674048423767,-0.11545021086931229,0.6901421546936035,0.4671558439731598,-0.13441380858421326,0.6536278128623962,0.2518717646598816,-0.03404255956411362,0.7331706285476685,0.40389543771743774,-0.08276258409023285,0.6698407530784607,0.4853840172290802,-0.09216183423995972,0.6448974609375,0.45752084255218506,-0.0922040119767189,0.6042863726615906,0.25081223249435425,-0.045905474573373795,0.6809177994728088,0.3981981575489044,-0.0918935239315033,0.629541277885437,0.46751219034194946,-0.08290518075227737,0.6000573039054871,0.44563090801239014,-0.06928345561027527,0.5550684332847595,0.2743486762046814,-0.06378018856048584,0.6232970952987671,0.3908332884311676,-0.08884267508983612,0.5914257168769836,0.4421016275882721,-0.08106578141450882,0.5620042085647583,0.4272313714027405,-0.07006512582302094
1,0.46358877420425415,0.5757396817207336,-2.571012487351254e-07,0.5697821974754333,0.6174346208572388,-0.03959561139345169,0.6616211533546448,0.6310803294181824,-0.07353653013706207,0.7167326211929321,0.6056866645812988,-0.10642930865287781,0.6877987384796143,0.5678624510765076,-0.1318461298942566,0.6810717582702637,0.38526463508605957,-0.027279559522867203,0.7461705207824707,0.49424391984939575,-0.07477907091379166,0.69499272108078,0.5525784492492676,-0.10331228375434875,0.6671185493469238,0.5402716398239136,-0.12106305360794067,0.6466662883758545,0.34920263290405273,-0.03221285343170166,0.711432158946991,0.48393961787223816,-0.07874743640422821,0.6521632671356201,0.5469401478767395,-0.09011349081993103,0.6295293569564819,0.5241474509239197,-0.09169132262468338,0.6066604256629944,0.3412656784057617,-0.04423431679606438,0.6644325852394104,0.47683441638946533,-0.08627545088529587,0.6145353317260742,0.5272665023803711,-0.0797569677233696,0.5902634859085083,0.5014432072639465,-0.06851386278867722,0.566709578037262,0.3520206809043884,-0.060888100415468216,0.6141034364700317,0.45945045351982117,-0.0824604332447052,0.5826404094696045,0.4970700740814209,-0.07572096586227417,0.5587095618247986,0.47615545988082886,-0.06683727353811264
1,0.4656767249107361,0.5575770735740662,-2.2511696329274855e-07,0.5571906566619873,0.5906707644462585,-0.028211668133735657,0.641183614730835,0.6029727458953857,-0.05332224816083908,0.6920391917228699,0.5822096467018127,-0.0789552554488182,0.6704368591308594,0.5504962801933289,-0.09829606115818024,0.6592445969581604,0.3934761583805084,-0.01500799972563982,0.7239911556243896,0.48376864194869995,-0.05703778192400932,0.6818935871124268,0.5389541387557983,-0.08309018611907959,0.6557570695877075,0.531170666217804,-0.09845045953989029,0.6312676072120667,0.3612673282623291,-0.021881571039557457,0.6937013268470764,0.47466030716896057,-0.06210397556424141,0.6423592567443848,0.5309112668037415,-0.0726025402545929,0.6186465620994568,0.5121691226959229,-0.07428629696369171,0.5984709858894348,0.3512141704559326,-0.03508390113711357,0.6553317904472351,0.4668715298175812,-0.0721513107419014,0.6090150475502014,0.5131320357322693,-0.0660807192325592,0.5845440030097961,0.4917075037956238,-0.05545550584793091,0.5645855665206909,0.3573054075241089,-0.05177076905965805,0.6145289540290833,0.4496835172176361,-0.07002413272857666,0.5852898359298706,0.4848046600818634,-0.062211669981479645,0.5610859394073486,0.46715855598449707,-0.05281331390142441
1,0.4548456072807312,0.5501370429992676,-3.563626478353399e-07,0.5394877791404724,0.5815427899360657,-0.007257345598191023,0.608775794506073,0.5829982161521912,-0.018909526988863945,0.6542158126831055,0.5685906410217285,-0.03481724113225937,0.6414223909378052,0.5534752011299133,-0.04608668386936188,0.6218544244766235,0.40929114818573,0.006446681451052427,0.67768394947052,0.4810624122619629,-0.025016486644744873,0.6389535069465637,0.5240504741668701,-0.04560376703739166,0.6111736297607422,0.5161965489387512,-0.05781029164791107,0.6025657057762146,0.38477373123168945,-0.006346726790070534,0.6625884175300598,0.47881847620010376,-0.03779119625687599,0.6180403232574463,0.5211551785469055,-0.046890031546354294,0.5931829810142517,0.503559947013855,-0.04814215004444122,0.5803678631782532,0.3772512376308441,-0.023469913750886917,0.6328533887863159,0.47530022263526917,-0.051609329879283905,0.5921259522438049,0.5113533735275269,-0.047992363572120667,0.5680723190307617,0.49163752794265747,-0.040056243538856506,0.5575681924819946,0.3839290142059326,-0.04232840985059738,0.6019622683525085,0.46503713726997375,-0.054241012781858444,0.5754206776618958,0.4917396008968353,-0.04765377566218376,0.5529459118843079,0.47504156827926636,-0.04020596668124199
1,0.45534107089042664,0.5439724922180176,-2.3518269642863743e-07,0.5255335569381714,0.5653346180915833,-0.008162876591086388,0.5823625922203064,0.5686256289482117,-0.01972026377916336,0.6240750551223755,0.5575368404388428,-0.0336281843483448,0.616617739200592,0.5301759243011475,-0.0428444929420948,0.586323082447052,0.4009879231452942,0.0030247478280216455,0.6413915157318115,0.4725525677204132,-0.02359590493142605,0.6073662638664246,0.5121593475341797,-0.04233146831393242,0.581999659538269,0.502094030380249,-0.0538957454264164,0.5724046230316162,0.3817784786224365,-0.006238309200853109,0.6332932114601135,0.4688186049461365,-0.0326235257089138,0.5952946543693542,0.5105629563331604,-0.03970140218734741,0.5717260837554932,0.5015006065368652,-0.04045557975769043,0.5570407509803772,0.37853068113327026,-0.019123772159218788,0.6137992143630981,0.46899664402008057,-0.041452884674072266,0.5784900784492493,0.5044779777526855,-0.03620860353112221,0.55451500415802,0.4939796030521393,-0.02830120362341404,0.5411249399185181,0.3911556303501129,-0.033893339335918427,0.5853626132011414,0.4645114243030548,-0.043487951159477234,0.56200110912323,0.4893829822540283,-0.03771238029003143,0.541555643081665,0.47934067249298096,-0.031190138310194016
1,0.4521050453186035,0.5675163269042969,-2.848215387984965e-07,0.5122694373130798,0.5952874422073364,-0.002403023885563016,0.5639252066612244,0.5916854739189148,-0.007306196261197329,0.6017366051673889,0.5754542350769043,-0.016033941879868507,0.5926390886306763,0.5551590919494629,-0.021188419312238693,0.5735394954681396,0.4597470164299011,0.014846695587038994,0.6132280826568604,0.5075298547744751,-0.00719079514965415,0.5815580487251282,0.5432036519050598,-0.022038694471120834,0.5607786774635315,0.5308480262756348,-0.03136778995394707,0.5612345337867737,0.4396250247955322,0.004107367713004351,0.607049286365509,0.49940773844718933,-0.018227381631731987,0.5726872086524963,0.5401100516319275,-0.0235813707113266,0.5529260635375977,0.5254210829734802,-0.023419301956892014,0.5463080406188965,0.4285876750946045,-0.010487489402294159,0.590700089931488,0.49529266357421875,-0.03348927944898605,0.5572317838668823,0.5333106517791748,-0.028815308585762978,0.5353632569313049,0.5184155106544495,-0.0207479540258646,0.5292156934738159,0.4283924996852875,-0.026104893535375595,0.568391740322113,0.4891706705093384,-0.037796031683683395,0.5464012026786804,0.5184735059738159,-0.03211874142289162,0.5256453156471252,0.5087897777557373,-0.02526167966425419
1,0.44128602743148804,0.613244354724884,-1.9345981172591564e-07,0.491973340511322,0.6364290714263916,-0.0007827889639884233,0.531574547290802,0.6363876461982727,-0.004878907464444637,0.562218964099884,0.6287866830825806,-0.013815068639814854,0.5698011517524719,0.6019429564476013,-0.019699541851878166,0.5419856905937195,0.5315694212913513,0.019018812105059624,0.5770426988601685,0.5553117394447327,-0.0007496634498238564,0.5564566254615784,0.5861326456069946,-0.01597036048769951,0.5328471064567566,0.5811113715171814,-0.02400529943406582,0.5337904691696167,0.5149440765380859,0.009337802417576313,0.5741726160049438,0.5509278178215027,-0.010679075494408607,0.5499789714813232,0.5898002982139587,-0.020193029195070267,0.5253318548202515,0.581601619720459,-0.02279161475598812,0.5246573686599731,0.5011954307556152,-0.003949424717575312,0.5680416822433472,0.5431809425354004,-0.02520192414522171,0.5411068797111511,0.5807609558105469,-0.02370547689497471,0.5153118371963501,0.5711029767990112,-0.017175575718283653,0.5122303366661072,0.49326324462890625,-0.01779002696275711,0.5530992746353149,0.5382452607154846,-0.030223848298192024,0.535125732421875,0.5668001770973206,-0.02543436922132969,0.5121937990188599,0.5601555705070496,-0.01837945356965065
1,0.4239615797996521,0.6675373911857605,-1.3628593364956032e-07,0.46688222885131836,0.6863783001899719,-0.006692812312394381,0.5095681548118591,0.6823685169219971,-0.013316815719008446,0.5379859209060669,0.6686428785324097,-0.02317958138883114,0.5418017506599426,0.6436467170715332,-0.03036520443856716,0.5064088106155396,0.5743814706802368,0.006934374570846558,0.5433109402656555,0.5881235599517822,-0.01402287371456623,0.5326739549636841,0.6261903643608093,-0.029893089085817337,0.5147987008094788,0.6344976425170898,-0.03817913308739662,0.49708953499794006,0.5608620643615723,0.000433728244388476,0.5412880778312683,0.5863648653030396,-0.019241059198975563,0.5270925164222717,0.6271019577980042,-0.028324753046035767,0.5068108439445496,0.630385160446167,-0.03141319379210472,0.4880096912384033,0.5527490377426147,-0.009739762172102928,0.5334191918373108,0.5857862830162048,-0.02981317974627018,0.5167551040649414,0.6239940524101257,-0.028665361925959587,0.496185839176178,0.6266089081764221,-0.0235026553273201,0.47785547375679016,0.5520564913749695,-0.020964311435818672,0.52156001329422,0.5869990587234497,-0.03199222311377525,0.5095741152763367,0.6159478425979614,-0.02783137932419777,0.4912554919719696,0.6189971566200256,-0.02241140604019165
1,0.37807488441467285,0.695850133895874,-2.135686543169868e-07,0.4306117296218872,0.7172119617462158,-8.324283953697886e-06,0.4703640937805176,0.7071090340614319,-0.003646309021860361,0.49720075726509094,0.6916532516479492,-0.010632496327161789,0.5017711520195007,0.6787300705909729,-0.014764255844056606,0.46738961338996887,0.5845168828964233,0.012146285735070705,0.5087235569953918,0.6217246651649475,-0.0032435439061373472,0.4879499673843384,0.6546448469161987,-0.015513279475271702,0.46519842743873596,0.6524609327316284,-0.023459775373339653,0.4574797451496124,0.5726936459541321,0.0032538780942559242,0.5059764385223389,0.6181678771972656,-0.012318545021116734,0.4838980734348297,0.655354380607605,-0.017958812415599823,0.46125587821006775,0.6536017656326294,-0.01959962025284767,0.4476850926876068,0.5682756304740906,-0.008106731809675694,0.4968859553337097,0.6185411810874939,-0.023253921419382095,0.4751889407634735,0.6536338329315186,-0.02012314274907112,0.4513425827026367,0.6504263281822205,-0.015151800587773323,0.4367266297340393,0.573890745639801,-0.020204735919833183,0.4796968996524811,0.6188020706176758,-0.028070002794265747,0.463608056306839,0.6460925936698914,-0.023556463420391083,0.4418507516384125,0.6445088982582092,-0.018752234056591988
1,0.45615601539611816,0.74485844373703,-2.0906976772039343e-07,0.5078831911087036,0.7671432495117188,0.0022012817207723856,0.5492721199989319,0.757594108581543,-0.0002886017318814993,0.5773137211799622,0.7479711174964905,-0.0063195605762302876,0.5939989686012268,0.7381361722946167,-0.009126853197813034,0.5464353561401367,0.6261875629425049,0.014897292479872704,0.5933668613433838,0.6753473877906799,0.0006884724134579301,0.5724236369132996,0.7058549523353577,-0.0115635572001338,0.5506370067596436,0.7038145661354065,-0.019682254642248154,0.5391346216201782,0.6149829626083374,0.005350704304873943,0.5941168069839478,0.6741350293159485,-0.00815524347126484,0.5709532499313354,0.7072339653968811,-0.012527982704341412,0.5498064756393433,0.7067371606826782,-0.013456439599394798,0.5329947471618652,0.6153930425643921,-0.006534211803227663,0.5857360363006592,0.6767439842224121,-0.017823049798607826,0.5651038885116577,0.7067156434059143,-0.013999022543430328,0.5440034866333008,0.7043744325637817,-0.009536243975162506,0.5262783765792847,0.626582682132721,-0.019288767129182816,0.56767338514328,0.6790609955787659,-0.02340632863342762,0.551604151725769,0.7020924687385559,-0.018377898260951042,0.533320426940918,0.6997011303901672,-0.013820587657392025
1,0.5243590474128723,0.7684503197669983,-2.7132401214657875e-07,0.571563720703125,0.7926977276802063,0.003553978633135557,0.6106299161911011,0.7810158133506775,0.0034685328137129545,0.6408325433731079,0.7735632658004761,-0.0016134759644046426,0.6513423919677734,0.7588150501251221,-0.00324833020567894,0.6128512620925903,0.6645475029945374,0.025529058650135994,0.6557319760322571,0.7022656798362732,0.008411459624767303,0.6351922750473022,0.7343482971191406,-0.004945322405546904,0.6125689744949341,0.7335621118545532,-0.01280550379306078,0.6075963973999023,0.6514248251914978,0.014345640316605568,0.6567661762237549,0.7026470899581909,-0.0018010331550613046,0.6325836777687073,0.7381076216697693,-0.006582693196833134,0.6117879152297974,0.7334390878677368,-0.006975996773689985,0.6025996804237366,0.6449370980262756,-0.0006738110678270459,0.6521165370941162,0.7022619247436523,-0.015978451818227768,0.6274480819702148,0.7341589331626892,-0.01205134391784668,0.6053909063339233,0.7266177535057068,-0.006344811525195837,0.5964720845222473,0.6472745537757874,-0.01674020104110241,0.6373466849327087,0.7026398777961731,-0.023523882031440735,0.6172128915786743,0.7269505262374878,-0.01900355890393257,0.5960540771484375,0.7205817103385925,-0.014276114292442799
1,0.5749207735061646,0.7925009727478027,-2.15012093462974e-07,0.6285046935081482,0.8149953484535217,0.0011251041432842612,0.6696181297302246,0.8053310513496399,-0.0025329289492219687,0.7037121653556824,0.7978818416595459,-0.009881928563117981,0.7123817205429077,0.7814957499504089,-0.01359983254224062,0.6577277183532715,0.6613105535507202,0.01579175889492035,0.7150437831878662,0.7123622298240662,-0.0015018560225144029,0.6955410838127136,0.7496533989906311,-0.016276629641652107,0.6703312397003174,0.7484853863716125,-0.02589358389377594,0.6535405516624451,0.6497657895088196,0.005183232948184013,0.7192962169647217,0.7124007940292358,-0.011208401061594486,0.696524977684021,0.7521437406539917,-0.016798222437500954,0.6708871722221375,0.7505272626876831,-0.018356921151280403,0.6514593362808228,0.6518886685371399,-0.008394451811909676,0.7171098589897156,0.7161834836006165,-0.022924119606614113,0.6947982311248779,0.7541743516921997,-0.018736593425273895,0.6690600514411926,0.7520095705986023,-0.013419988565146923,0.6501253247261047,0.6671379804611206,-0.023104233667254448,0.7040285468101501,0.7241062521934509,-0.029606932774186134,0.6861200332641602,0.7531149387359619,-0.024633966386318207,0.6627597808837891,0.7519621253013611,-0.01985231041908264
1,0.25310567021369934,0.7063882350921631,-2.2770909424707497e-07,0.3615753948688507,0.6714924573898315,-0.013291474431753159,0.4334682524204254,0.6155275106430054,-0.036328766494989395,0.491402804851532,0.5796422362327576,-0.06068016216158867,0.5243991017341614,0.5536237359046936,-0.07896719127893448,0.3759826421737671,0.40930381417274475,-0.04625292494893074,0.4830544590950012,0.47944867610931396,-0.08008274435997009,0.47205716371536255,0.5482456684112549,-0.09058893471956253,0.44273969531059265,0.5575337409973145,-0.09777213633060455,0.33996596932411194,0.44315630197525024,-0.061554066836833954,0.4661324620246887,0.5460038185119629,-0.09474816173315048,0.4446543753147125,0.6094879508018494,-0.09424757212400436,0.4154607057571411,0.5973657965660095,-0.09542051702737808,0.31540441513061523,0.5111931562423706,-0.07816242426633835,0.438106894493103,0.6129802465438843,-0.10794525593519211,0.4155493676662445,0.6603824496269226,-0.09480340778827667,0.383147269487381,0.6444668173789978,-0.08708398044109344,0.3002302646636963,0.5917418003082275,-0.09666741639375687,0.40135958790779114,0.6755135655403137,-0.11559653282165527,0.3850882649421692,0.7044957280158997,-0.10952819138765335,0.3546459972858429,0.6881600618362427,-0.10544382035732269
1,0.25077441334724426,0.7008765935897827,-2.130012290990635e-07,0.35999205708503723,0.6640181541442871,-0.015388503670692444,0.43451493978500366,0.6092559695243835,-0.04085368663072586,0.4917997419834137,0.5718996524810791,-0.06708011776208878,0.5138713121414185,0.5468543767929077,-0.08701039105653763,0.37569600343704224,0.398369163274765,-0.05214386805891991,0.48637253046035767,0.4760552942752838,-0.0883699581027031,0.47652992606163025,0.5466053485870361,-0.09908529371023178,0.44612157344818115,0.5563730597496033,-0.105878546833992,0.33985239267349243,0.434960275888443,-0.06782049685716629,0.4694103002548218,0.541681706905365,-0.10316379368305206,0.4482433795928955,0.6070075035095215,-0.10122733563184738,0.4189644455909729,0.5964855551719666,-0.10072454065084457,0.31529757380485535,0.505911648273468,-0.08496024459600449,0.44041934609413147,0.6106197237968445,-0.11659546941518784,0.4180181622505188,0.6588096618652344,-0.10198622196912766,0.38561123609542847,0.643716037273407,-0.09255775064229965,0.30026620626449585,0.589320957660675,-0.10425858944654465,0.40469929575920105,0.672538161277771,-0.12407271564006805,0.3878423571586609,0.7000620365142822,-0.11719267070293427,0.3563414216041565,0.6834241151809692,-0.11220607161521912
1,0.253035306930542,0.6851796507835388,-1.8199111195826845e-07,0.360933393239975,0.6537075638771057,-0.018198439851403236,0.43392983078956604,0.6075534820556641,-0.04685202240943909,0.49201253056526184,0.5884727835655212,-0.07612907141447067,0.5279238224029541,0.589276134967804,-0.09879021346569061,0.39394789934158325,0.38976943492889404,-0.05511578917503357,0.5081574320793152,0.48611533641815186,-0.0894872173666954,0.4875660538673401,0.5451128482818604,-0.09821661561727524,0.45456501841545105,0.5398903489112854,-0.10436312854290009,0.358044296503067,0.43147262930870056,-0.06942634284496307,0.4877009391784668,0.5560347437858582,-0.10410203784704208,0.4533897042274475,0.6072063446044922,-0.10079704225063324,0.4233875572681427,0.5834776163101196,-0.09972593188285828,0.33259478211402893,0.503936767578125,-0.08498179167509079,0.4612772762775421,0.6152769327163696,-0.11576475203037262,0.4291619062423706,0.6557525396347046,-0.09957174956798553,0.3978370130062103,0.6369630098342896,-0.08912434428930283,0.3153000473976135,0.5873034596443176,-0.1027662456035614,0.4222172200679779,0.6697543263435364,-0.12203474342823029,0.39901304244995117,0.6939167976379395,-0.11341585963964462,0.36723774671554565,0.6755285859107971,-0.10702096670866013
1,0.2898580729961395,0.626894474029541,-1.9974541487499664e-07,0.4236200153827667,0.6120176315307617,-0.03294287994503975,0.5094199776649475,0.5780709385871887,-0.0715167224407196,0.568540096282959,0.5756282806396484,-0.11066923290491104,0.6100349426269531,0.5933124423027039,-0.14216454327106476,0.5005676746368408,0.31326428055763245,-0.05530840903520584,0.5952205657958984,0.44945603609085083,-0.1039360985159874,0.5594763159751892,0.5066863894462585,-0.12644703686237335,0.5257978439331055,0.4902629256248474,-0.14299166202545166,0.44511526823043823,0.33499252796173096,-0.06963865458965302,0.5545952916145325,0.515299916267395,-0.11827871203422546,0.504136860370636,0.5592355132102966,-0.12462671846151352,0.4693334698677063,0.5203908085823059,-0.12935490906238556,0.39278051257133484,0.39707380533218384,-0.08901355415582657,0.5022373795509338,0.5651416182518005,-0.13127997517585754,0.4579576253890991,0.5970190763473511,-0.12127311527729034,0.42374730110168457,0.5638752579689026,-0.1138630211353302,0.3475900888442993,0.47823894023895264,-0.11323174089193344,0.43824008107185364,0.6093723773956299,-0.14254696667194366,0.4134918451309204,0.6278916597366333,-0.14152631163597107,0.38537630438804626,0.5956981182098389,-0.13909760117530823
1,0.3079339861869812,0.5961371064186096,-2.1580346754035418e-07,0.4189353287220001,0.6382216811180115,-0.05438484996557236,0.49768057465553284,0.6421958208084106,-0.1026906818151474,0.542460024356842,0.6409240961074829,-0.14820127189159393,0.5728458166122437,0.6331155300140381,-0.18599027395248413,0.5509881377220154,0.34793171286582947,-0.07040303200483322,0.5892941951751709,0.5141343474388123,-0.13277876377105713,0.5401932001113892,0.5633701682090759,-0.17031961679458618,0.5198106169700623,0.5253233313560486,-0.1980406790971756,0.4792041480541229,0.3145558834075928,-0.07847481966018677,0.5227861404418945,0.5289573669433594,-0.13472674787044525,0.47547298669815063,0.5663174986839294,-0.15015697479248047,0.4625426232814789,0.5087597966194153,-0.1625227928161621,0.40113410353660583,0.3309392035007477,-0.09431607276201248,0.4402274191379547,0.5408743023872375,-0.1403033584356308,0.4085267186164856,0.5667754411697388,-0.1343393623828888,0.39706671237945557,0.5101171731948853,-0.13169637322425842,0.32447952032089233,0.37347468733787537,-0.11752253025770187,0.3581399917602539,0.5414270758628845,-0.15163928270339966,0.34668099880218506,0.5632942318916321,-0.15485961735248566,0.3388356566429138,0.5169227123260498,-0.15561483800411224
1,0.19463033974170685,0.7445399165153503,-2.4076140903162013e-07,0.21476435661315918,0.6182543635368347,-0.0035832335706800222,0.2756001651287079,0.5224457383155823,-0.027950266376137733,0.35307133197784424,0.5051257014274597,-0.05374826118350029,0.4108816087245941,0.5461047887802124,-0.0750732496380806,0.27111467719078064,0.5076808929443359,-0.06759805977344513,0.40606075525283813,0.47347044944763184,-0.10591226071119308,0.3872068524360657,0.5044731497764587,-0.11621119827032089,0.34653881192207336,0.5238304138183594,-0.11639851331710815,0.28478217124938965,0.595500648021698,-0.08429773896932602,0.4193890690803528,0.5519324541091919,-0.11234260350465775,0.39099031686782837,0.5761741995811462,-0.1019689291715622,0.3479280471801758,0.593323290348053,-0.09274975210428238,0.3063763976097107,0.6827179193496704,-0.09978698939085007,0.4272737503051758,0.626507580280304,-0.11406259983778,0.3945370018482208,0.6468116641044617,-0.08307119458913803,0.35364648699760437,0.6622145771980286,-0.06138446554541588,0.33095020055770874,0.7660727500915527,-0.11610792577266693,0.42519646883010864,0.7025003433227539,-0.1115482822060585,0.3967226445674896,0.7157903909683228,-0.08044848591089249,0.3616245985031128,0.7344175577163696,-0.059559956192970276
1,0.32586735486984253,0.6946808695793152,-2.8947459895789507e-07,0.32497137784957886,0.5752729773521423,0.008920473977923393,0.3616034984588623,0.5017306208610535,-0.001134046004153788,0.4180586040019989,0.48386844992637634,-0.012892385944724083,0.4607142210006714,0.5198190212249756,-0.02231772243976593,0.3617037236690521,0.46856236457824707,-0.03283779323101044,0.43969687819480896,0.4194629192352295,-0.0430789589881897,0.4305300712585449,0.4544549286365509,-0.04152587428689003,0.40599074959754944,0.47559019923210144,-0.038438327610492706,0.39665982127189636,0.5275818109512329,-0.04557158797979355,0.4680081605911255,0.4741707146167755,-0.04524678736925125,0.45524317026138306,0.5018012523651123,-0.03572207689285278,0.43068695068359375,0.5228433609008789,-0.031565889716148376,0.43231940269470215,0.5887017250061035,-0.054783895611763,0.4886001646518707,0.5347951054573059,-0.04816281050443649,0.4737628102302551,0.5568494200706482,-0.030260495841503143,0.45085379481315613,0.5758561491966248,-0.021759141236543655,0.462380588054657,0.6468905806541443,-0.0631658285856247,0.5041788816452026,0.5839243531227112,-0.04898404702544212,0.48738256096839905,0.6000511646270752,-0.025777995586395264,0.4693720042705536,0.6207042336463928,-0.011561178602278233
1,0.503663182258606,0.3799578547477722,3.642405843606866e-08,0.5316062569618225,0.30775588750839233,-0.016643211245536804,0.5898552536964417,0.2645239531993866,-0.039871107786893845,0.6468691825866699,0.2745167911052704,-0.05825356766581535,0.681358277797699,0.3040909171104431,-0.0727183073759079,0.6040958166122437,0.20746982097625732,-0.07760336995124817,0.6979193091392517,0.2936879098415375,-0.10041982680559158,0.6826956868171692,0.33062997460365295,-0.09938711673021317,0.6538369059562683,0.31939515471458435,-0.09789632260799408,0.5908005833625793,0.2460523396730423,-0.08250615000724792,0.6879038214683533,0.34577780961990356,-0.10466785728931427,0.6653493046760559,0.3794206976890564,-0.09497997909784317,0.6380541920661926,0.3672519326210022,-0.09009479731321335,0.579277753829956,0.2982935905456543,-0.08534983545541763,0.6671262979507446,0.3923506736755371,-0.09942468255758286,0.644659698009491,0.4136944115161896,-0.08232375234365463,0.6188504099845886,0.39789173007011414,-0.07313234359025955,0.5679076313972473,0.3544834554195404,-0.08936144411563873,0.638393759727478,0.4223940670490265,-0.09361226111650467,0.6205660104751587,0.4351649284362793,-0.08154673129320145,0.5959039330482483,0.4218802750110626,-0.07498525083065033
1,0.4080743193626404,0.44189339876174927,-1.4429700456730643e-07,0.4801666736602783,0.4671017527580261,-0.03296251967549324,0.5465094447135925,0.46612948179244995,-0.05458948016166687,0.5835089087486267,0.4292963445186615,-0.07399039715528488,0.5827116966247559,0.3850363790988922,-0.08701581507921219,0.5764173865318298,0.3301441967487335,-0.014060962945222855,0.6078287363052368,0.36230430006980896,-0.048010773956775665,0.5698584318161011,0.39609193801879883,-0.061567969620227814,0.551996111869812,0.3772704601287842,-0.06726734340190887,0.5456298589706421,0.2877078056335449,-0.013577081263065338,0.5782558917999268,0.32700055837631226,-0.047993097454309464,0.5308747291564941,0.3832586407661438,-0.05078361928462982,0.5221129059791565,0.3564921021461487,-0.04505559429526329,0.5085726380348206,0.25947555899620056,-0.019642790779471397,0.5355129241943359,0.3110278248786926,-0.05930761620402336,0.496841162443161,0.36616718769073486,-0.04836498200893402,0.4826405942440033,0.34277597069740295,-0.03212979808449745,0.4671560823917389,0.2397145926952362,-0.028167054057121277,0.49510881304740906,0.28985345363616943,-0.052133046090602875,0.47261494398117065,0.3355429172515869,-0.04164673015475273,0.45643988251686096,0.32117733359336853,-0.02756986953318119
2,0.42472371459007263,0.6977468132972717,-2.6662402774491056e-07,0.4633411765098572,0.6052747964859009,-0.0177429411560297,0.5098012685775757,0.49396470189094543,-0.044777072966098785,0.5216436386108398,0.39955300092697144,-0.06908928602933884,0.5136725902557373,0.3220142126083374,-0.08862987905740738,0.5289164781570435,0.5220186710357666,-0.07731741666793823,0.6369267106056213,0.5585454106330872,-0.11344147473573685,0.6121885180473328,0.579870879650116,-0.12624865770339966,0.5764791369438171,0.5669405460357666,-0.13277795910835266,0.5182241201400757,0.5915477275848389,-0.08676136285066605,0.6313703656196594,0.6302483081817627,-0.1112794578075409,0.5999882221221924,0.6426600813865662,-0.10389330983161926,0.5616956353187561,0.6307873129844666,-0.10229915380477905,0.5107097029685974,0.6664938926696777,-0.09574037790298462,0.6181676387786865,0.6978626847267151,-0.1123708188533783,0.5858629941940308,0.7024087309837341,-0.09006518125534058,0.5483105778694153,0.691340446472168,-0.07856669276952744,0.506572425365448,0.7376988530158997,-0.10596854239702225,0.5900692939758301,0.7567321062088013,-0.11203939467668533,0.5658665895462036,0.7567788362503052,-0.09439375251531601,0.5351070165634155,0.7474148273468018,-0.08457779139280319
2,0.44049569964408875,0.7071295380592346,-3.578574307994131e-07,0.4625724256038666,0.5970993041992188,-0.0049531180411577225,0.4838075637817383,0.5013180375099182,-0.02420257031917572,0.48882338404655457,0.41497713327407837,-0.043299123644828796,0.47743144631385803,0.3483182191848755,-0.0600212998688221,0.5597308278083801,0.5454480648040771,-0.04070045426487923,0.6255791187286377,0.546657919883728,-0.05287704989314079,0.6029608845710754,0.5604122877120972,-0.054846566170454025,0.5727022886276245,0.563412070274353,-0.0550864115357399,0.5741182565689087,0.6141085028648376,-0.04566961154341698,0.625338613986969,0.6120844483375549,-0.04512389749288559,0.6007458567619324,0.6181926131248474,-0.03694956749677658,0.5719534158706665,0.6234402656555176,-0.03668171912431717,0.5792714357376099,0.6830652952194214,-0.04833914339542389,0.6219019889831543,0.6759740114212036,-0.041526343673467636,0.5997134447097778,0.6807979941368103,-0.024101516231894493,0.5708227753639221,0.6877981424331665,-0.01908441260457039,0.5795028209686279,0.7452288269996643,-0.05135180056095123,0.6094090938568115,0.7358015179634094,-0.04251420497894287,0.5864720344543457,0.737551212310791,-0.02402670308947563,0.5658844709396362,0.7442531585693359,-0.01358947902917862
2,0.46747782826423645,0.729779064655304,-4.3363095869608514e-07,0.4757855534553528,0.6205149292945862,-0.004558362532407045,0.4909747242927551,0.5310883522033691,-0.019944768399000168,0.4987388849258423,0.44958531856536865,-0.035372186452150345,0.4909195303916931,0.38910871744155884,-0.0488450787961483,0.5920652151107788,0.5651006102561951,-0.025370251387357712,0.6359830498695374,0.5658429861068726,-0.029497385025024414,0.6114820241928101,0.5725806951522827,-0.03000129759311676,0.5841485261917114,0.5796940326690674,-0.03059365414083004,0.6104011535644531,0.6282106041908264,-0.027422716841101646,0.6328734755516052,0.6215651035308838,-0.019276278093457222,0.607721209526062,0.6233004331588745,-0.012891896069049835,0.5837078094482422,0.6332364082336426,-0.014974808320403099,0.6136583685874939,0.6924358010292053,-0.02749844267964363,0.6273770332336426,0.6768627166748047,-0.016344677656888962,0.6067426204681396,0.679472029209137,-0.004578180145472288,0.5827770233154297,0.6901984214782715,-0.0037222320679575205,0.6117941737174988,0.7491604089736938,-0.02797182835638523,0.6230354309082031,0.7308611869812012,-0.01630869135260582,0.6015030145645142,0.7300781607627869,-0.0013992494205012918,0.5821892619132996,0.7374207377433777,0.006389147602021694
2,0.4895905554294586,0.7133692502975464,-3.6570961015058856e-07,0.47973960638046265,0.6180775165557861,-0.006104017607867718,0.4811612367630005,0.5373803377151489,-0.01876802183687687,0.47755780816078186,0.4647864103317261,-0.03061561845242977,0.46404775977134705,0.4116160273551941,-0.041048813611269,0.5919148921966553,0.5444551706314087,-0.018922459334135056,0.5987003445625305,0.5295429825782776,-0.013019690290093422,0.5830576419830322,0.5405385494232178,-0.008556772954761982,0.5677518248558044,0.5533895492553711,-0.007546566892415285,0.6160899996757507,0.5933735370635986,-0.019094318151474,0.6048370003700256,0.5833333134651184,-0.004181142896413803,0.5857962965965271,0.5889320373535156,0.0005658123991452157,0.5719767212867737,0.6033095717430115,-0.003706443589180708,0.621961772441864,0.6482200622558594,-0.016775179654359818,0.6094203591346741,0.6367954015731812,-0.003057967172935605,0.5919061303138733,0.6397894024848938,0.0035115808714181185,0.5741047859191895,0.652503490447998,0.0007914449670352042,0.6207091212272644,0.6982830166816711,-0.015144006349146366,0.6159715056419373,0.6920419335365295,-0.004012769553810358,0.6008344292640686,0.6934359669685364,0.00625245226547122,0.5869419574737549,0.7015879154205322,0.010919863358139992
2,0.4942261576652527,0.6897290349006653,-4.125157033740834e-07,0.46475750207901,0.6094337701797485,-0.013791653327643871,0.44948428869247437,0.5362533926963806,-0.028556454926729202,0.43213319778442383,0.47065865993499756,-0.04030629247426987,0.41115278005599976,0.42500996589660645,-0.050805192440748215,0.5554282069206238,0.5002880692481995,-0.025277145206928253,0.5329384803771973,0.5107929110527039,-0.02178700640797615,0.518784761428833,0.534867525100708,-0.021116195246577263,0.5110350847244263,0.5522322058677673,-0.02337791956961155,0.588594913482666,0.539898157119751,-0.022197717800736427,0.5584906935691833,0.5497851371765137,-0.01141127198934555,0.5416196584701538,0.5655391216278076,-0.011083289980888367,0.5343624353408813,0.5828719735145569,-0.018269604071974754,0.6041924953460693,0.5895874500274658,-0.01689106412231922,0.5743208527565002,0.5939383506774902,-0.007164374925196171,0.5591304302215576,0.6052181720733643,-0.003949995152652264,0.5510691404342651,0.6199537515640259,-0.008547693490982056,0.6095551252365112,0.6345146894454956,-0.012795476242899895,0.5916923880577087,0.6342689990997314,-0.005359457340091467,0.5761563181877136,0.6435675621032715,0.0024380828253924847,0.5673925280570984,0.6548289060592651,0.0054251025430858135
2,0.4978610575199127,0.6892814636230469,-4.321073561186495e-07,0.4633634686470032,0.608412504196167,-0.00902847945690155,0.4443124234676361,0.5359106063842773,-0.020482366904616356,0.42564353346824646,0.4705016613006592,-0.029442422091960907,0.4036858379840851,0.4271385669708252,-0.0373259112238884,0.5466175675392151,0.4984414279460907,-0.01976688578724861,0.5276868939399719,0.5060274004936218,-0.01047655288130045,0.5140576958656311,0.5304674506187439,-0.0053686159662902355,0.5064166188240051,0.5496270060539246,-0.004986324347555637,0.5820507407188416,0.5335124135017395,-0.016687212511897087,0.5555862784385681,0.5409358739852905,-0.0006555115105584264,0.5391215085983276,0.5583190321922302,0.0020311581902205944,0.5320366621017456,0.5782446265220642,-0.004035517573356628,0.6005014181137085,0.5802417993545532,-0.010590349324047565,0.5726999044418335,0.5812811851501465,0.004128477070480585,0.5576719641685486,0.5955115556716919,0.0082791643217206,0.5494523644447327,0.6132218837738037,0.0034385521430522203,0.6088986396789551,0.623580276966095,-0.005140744149684906,0.59138023853302,0.6203367710113525,0.006553763523697853,0.5764185190200806,0.6322274804115295,0.0156446173787117,0.5684452652931213,0.64631587266922,0.018794024363160133
2,0.5038478374481201,0.6691444516181946,-4.1759406599339854e-07,0.4692515432834625,0.5927610397338867,-0.010180113837122917,0.4498908817768097,0.523970901966095,-0.02331281080842018,0.4319683015346527,0.45964375138282776,-0.034282028675079346,0.41067346930503845,0.4161143898963928,-0.044063735753297806,0.5529592037200928,0.48743510246276855,-0.022037552669644356,0.5390212535858154,0.5026348233222961,-0.016141682863235474,0.527256190776825,0.526698648929596,-0.013407670892775059,0.5183090567588806,0.5447959303855896,-0.014350210316479206,0.587244987487793,0.5220326781272888,-0.02031484805047512,0.5658440589904785,0.5375773906707764,-0.006966557819396257,0.5509605407714844,0.5543544888496399,-0.0050853849388659,0.5421656370162964,0.5717234015464783,-0.011545756831765175,0.6056765913963318,0.5685116648674011,-0.01608998328447342,0.5826676487922668,0.5763649344444275,-0.0036991997621953487,0.5681889653205872,0.5901816487312317,0.0003026845515705645,0.5584006309509277,0.6055342555046082,-0.0044226269237697124,0.6147254705429077,0.6123263835906982,-0.012842501513659954,0.6008327007293701,0.6172560453414917,-0.0029326463118195534,0.5852010250091553,0.6281448006629944,0.005411200225353241,0.5754514336585999,0.6399059891700745,0.008200341835618019
2,0.49811309576034546,0.6964609026908875,-3.929343392883311e-07,0.5071730017662048,0.6023478507995605,-0.007678250782191753,0.5230174660682678,0.5318356156349182,-0.02002120576798916,0.534205436706543,0.46908771991729736,-0.03166932985186577,0.5326557159423828,0.42156410217285156,-0.041366156190633774,0.6210905909538269,0.5512656569480896,-0.01845204457640648,0.6416358351707458,0.5660638213157654,-0.01865503564476967,0.6236359477043152,0.5773026347160339,-0.01849563606083393,0.6027600765228271,0.5794491171836853,-0.019822631031274796,0.6391397714614868,0.6069162487983704,-0.019753774628043175,0.6350607872009277,0.6243208050727844,-0.012070836499333382,0.6141359806060791,0.6307839751243591,-0.010806205682456493,0.595527708530426,0.6325070858001709,-0.015206273645162582,0.641823410987854,0.6640288233757019,-0.019575493410229683,0.6330308318138123,0.6745156645774841,-0.012151054106652737,0.6151631474494934,0.6780441999435425,-0.007698785979300737,0.5952609777450562,0.6800094246864319,-0.009861969389021397,0.6377382278442383,0.7144198417663574,-0.020268086344003677,0.6277303099632263,0.7245115041732788,-0.014503264799714088,0.6094326972961426,0.7258398532867432,-0.006878065876662731,0.5932273864746094,0.7259523272514343,-0.00233130669221282
2,0.48967328667640686,0.6868900060653687,-3.1951265100360615e-07,0.506639301776886,0.5932695269584656,-0.003142264671623707,0.5263519883155823,0.5220975875854492,-0.015436392277479172,0.5391146540641785,0.4591335654258728,-0.02806125394999981,0.5365957617759705,0.4078061878681183,-0.03864746913313866,0.6140807271003723,0.5503835082054138,-0.016105452552437782,0.6436787843704224,0.5689305067062378,-0.014885570853948593,0.6277648210525513,0.5810321569442749,-0.012663068249821663,0.6067742705345154,0.5803441405296326,-0.012377818115055561,0.626929759979248,0.6046079397201538,-0.019801538437604904,0.6380739212036133,0.6201736927032471,-0.009986266493797302,0.6182842254638672,0.6282431483268738,-0.00568288192152977,0.5975958108901978,0.6286984086036682,-0.00836755521595478,0.6270487308502197,0.6590337753295898,-0.021729538217186928,0.633871853351593,0.667271077632904,-0.010603101924061775,0.6169650554656982,0.6722826957702637,-0.0028004527557641268,0.5948016047477722,0.6725207567214966,-0.003803732106462121,0.621599018573761,0.7076939344406128,-0.024289537221193314,0.626432478427887,0.7124998569488525,-0.014449468813836575,0.6096608638763428,0.713257908821106,-0.0036428887397050858,0.5912601947784424,0.7123059034347534,0.002022423082962632
2,0.4870597720146179,0.6789093613624573,-3.1891167395770026e-07,0.5059722065925598,0.5905110836029053,-0.00322018563747406,0.526538610458374,0.5199145078659058,-0.016157593578100204,0.5387741327285767,0.45778340101242065,-0.02963624708354473,0.5383232831954956,0.4062662720680237,-0.04067273810505867,0.6107931733131409,0.5415499806404114,-0.019404299557209015,0.6486679911613464,0.5673137307167053,-0.022144563496112823,0.6319590210914612,0.5860673785209656,-0.021846303716301918,0.6096538305282593,0.5843750238418579,-0.022522123530507088,0.6223171949386597,0.5945610404014587,-0.02509181573987007,0.6429720520973206,0.621139407157898,-0.018766120076179504,0.6226205229759216,0.6339508891105652,-0.014356113038957119,0.5996686816215515,0.630563497543335,-0.016611842438578606,0.6226285696029663,0.6498650312423706,-0.029448170214891434,0.6366785764694214,0.6702431440353394,-0.02110523171722889,0.6181701421737671,0.6782784461975098,-0.011852798983454704,0.5955260992050171,0.6742451786994934,-0.011762388050556183,0.6165186762809753,0.701461136341095,-0.03459177538752556,0.6259142756462097,0.7184205055236816,-0.027342401444911957,0.6067043542861938,0.7194534540176392,-0.01649368926882744,0.5874508619308472,0.7128438353538513,-0.010765813291072845
2,0.4571197032928467,0.6711941957473755,-2.9491130248970876e-07,0.47888606786727905,0.5874175429344177,-0.005489171948283911,0.5061951875686646,0.5089539885520935,-0.02081497199833393,0.5177369713783264,0.4408532977104187,-0.03650414198637009,0.5169953107833862,0.38408535718917847,-0.049109477549791336,0.569328248500824,0.5165754556655884,-0.028083965182304382,0.6330904960632324,0.5469621419906616,-0.04135895520448685,0.6127381920814514,0.5686410069465637,-0.04638155549764633,0.5853536128997803,0.563330888748169,-0.04963771998882294,0.5734790563583374,0.5676354169845581,-0.036335207521915436,0.6253770589828491,0.601030707359314,-0.03901517018675804,0.6020194292068481,0.6172093749046326,-0.03483381122350693,0.5759032368659973,0.6100219488143921,-0.03632324934005737,0.5732311010360718,0.6256126761436462,-0.044201310724020004,0.6203811168670654,0.651448667049408,-0.044867143034935,0.5972936153411865,0.6635491251945496,-0.031515058130025864,0.570453941822052,0.6592921018600464,-0.027110077440738678,0.5697689056396484,0.6827648878097534,-0.052740730345249176,0.6040459275245667,0.6958026885986328,-0.0518316775560379,0.5811363458633423,0.7032968997955322,-0.03828880935907364,0.559131920337677,0.701995313167572,-0.03000512346625328
2,0.4202629625797272,0.6736690998077393,-2.794612043999223e-07,0.4445817172527313,0.5879679918289185,-0.008589598350226879,0.4781278371810913,0.49467378854751587,-0.0269875917583704,0.4909559190273285,0.4198213219642639,-0.04515016824007034,0.4867003560066223,0.3581063747406006,-0.05950746685266495,0.515772819519043,0.5057228207588196,-0.04317343235015869,0.6016788482666016,0.5345328450202942,-0.06513677537441254,0.5807438492774963,0.5568204522132874,-0.07238885015249252,0.5510234236717224,0.5520391464233398,-0.07583431899547577,0.5148309469223022,0.5615925788879395,-0.05193580687046051,0.596291184425354,0.5904494524002075,-0.06444206088781357,0.5736009478569031,0.605927586555481,-0.05989004299044609,0.5439998507499695,0.5997024178504944,-0.05984087660908699,0.515036940574646,0.623778223991394,-0.0603281632065773,0.5906189680099487,0.6445873379707336,-0.06852295994758606,0.568659782409668,0.6557905077934265,-0.05304306745529175,0.5394862294197083,0.6515897512435913,-0.04558834061026573,0.5174111723899841,0.6856601238250732,-0.06924860179424286,0.5795344114303589,0.6908563375473022,-0.0704486221075058,0.5596292018890381,0.6969578862190247,-0.05557093396782875,0.5337756276130676,0.6933150887489319,-0.04668697714805603
2,0.3968484103679657,0.6708931922912598,-2.152139160216393e-07,0.41996151208877563,0.5827891230583191,-0.010209241881966591,0.4549888074398041,0.4872055947780609,-0.02971615083515644,0.4696246385574341,0.40861818194389343,-0.048348382115364075,0.4651050567626953,0.34540021419525146,-0.06285852193832397,0.4869607388973236,0.49269556999206543,-0.05166025832295418,0.5802210569381714,0.5237500071525574,-0.07589435577392578,0.5616304874420166,0.5513243079185486,-0.08215019851922989,0.531056821346283,0.5491231679916382,-0.08497674018144608,0.48479917645454407,0.5489531755447388,-0.06157374754548073,0.5768203735351562,0.5817786455154419,-0.07853469252586365,0.5544185638427734,0.6021799445152283,-0.07383126765489578,0.5225079655647278,0.5946957468986511,-0.0731193944811821,0.4838230609893799,0.6138436794281006,-0.07079431414604187,0.5688307285308838,0.6388078927993774,-0.08368092775344849,0.5459391474723816,0.6544342041015625,-0.06817503273487091,0.5161412954330444,0.6477828621864319,-0.06020062789320946,0.48469874262809753,0.6779800653457642,-0.08040425181388855,0.5543359518051147,0.693294107913971,-0.08664501458406448,0.5370712876319885,0.705735445022583,-0.07351813465356827,0.5129966735839844,0.7034131288528442,-0.06541181355714798
2,0.38034576177597046,0.6781376004219055,-1.6435636496225925e-07,0.40481749176979065,0.5898949503898621,-0.01190805435180664,0.4442299008369446,0.4899979531764984,-0.03159218281507492,0.4602377712726593,0.4087162911891937,-0.05033750832080841,0.45122140645980835,0.3460918962955475,-0.06471256911754608,0.46355339884757996,0.4974971115589142,-0.05410732328891754,0.5611172914505005,0.5198798775672913,-0.0804879441857338,0.546013355255127,0.5527010560035706,-0.08785547316074371,0.5166763663291931,0.5538690686225891,-0.09109515696763992,0.4594588279724121,0.5522360801696777,-0.06308545917272568,0.5569974184036255,0.5780244469642639,-0.08230562508106232,0.5408019423484802,0.6052708029747009,-0.07778327167034149,0.5099332332611084,0.6037994623184204,-0.07646359503269196,0.4583020806312561,0.6171843409538269,-0.0715545043349266,0.5510680079460144,0.6354559063911438,-0.08838234096765518,0.5360188484191895,0.6608802080154419,-0.07433309406042099,0.5073673129081726,0.6627350449562073,-0.0655941292643547,0.46054255962371826,0.681718111038208,-0.08033423870801926,0.5416949987411499,0.6948055624961853,-0.09192958474159241,0.546253502368927,0.7127587199211121,-0.08311933279037476,0.5364395380020142,0.717930257320404,-0.07661793380975723
2,0.35740727186203003,0.6781594157218933,-2.694938245895173e-07,0.3830042779445648,0.5935770869255066,-0.01468425802886486,0.4271205961704254,0.4910086393356323,-0.03439260274171829,0.44461676478385925,0.40884244441986084,-0.052298687398433685,0.43806713819503784,0.3412167727947235,-0.06582900136709213,0.4403298497200012,0.4945390224456787,-0.06027255207300186,0.5415512323379517,0.5157642364501953,-0.08955563604831696,0.5225522518157959,0.5506688952445984,-0.09822219610214233,0.4910719096660614,0.5499733090400696,-0.1024739220738411,0.43444448709487915,0.5501387119293213,-0.06925936043262482,0.5376565456390381,0.5776553750038147,-0.08991628140211105,0.5137529969215393,0.602810263633728,-0.08474696427583694,0.4808995723724365,0.5968888998031616,-0.08394117653369904,0.43192845582962036,0.615954577922821,-0.07810982316732407,0.5294303894042969,0.6383881568908691,-0.09431944787502289,0.5034634470939636,0.6558670997619629,-0.07850151509046555,0.47184818983078003,0.6487099528312683,-0.07048353552818298,0.43341225385665894,0.6819028854370117,-0.08772601187229156,0.5132965445518494,0.6965363621711731,-0.09666230529546738,0.49202197790145874,0.7047414183616638,-0.08482140302658081,0.46133095026016235,0.6985385417938232,-0.07801703363656998
2,0.3059539794921875,0.6890236139297485,-4.404447793149302e-07,0.34678253531455994,0.5937936305999756,-0.01908317394554615,0.3943467140197754,0.475651353597641,-0.03952866047620773,0.4062941372394562,0.3888230323791504,-0.05861010029911995,0.39832261204719543,0.3134021759033203,-0.07284821569919586,0.3722190856933594,0.4731904864311218,-0.06979002803564072,0.4857739210128784,0.4949342906475067,-0.11225955188274384,0.461858332157135,0.5438230037689209,-0.12673939764499664,0.42654499411582947,0.5390599370002747,-0.1342630535364151,0.35568520426750183,0.5409536361694336,-0.08099640905857086,0.48349815607070923,0.5664822459220886,-0.1162545382976532,0.45259928703308105,0.5996573567390442,-0.11209999769926071,0.41586539149284363,0.5908542275428772,-0.11125124245882034,0.34984666109085083,0.6135815978050232,-0.09384533762931824,0.4700210690498352,0.6371147036552429,-0.1220407783985138,0.4391882121562958,0.6586141586303711,-0.10547678172588348,0.40565934777259827,0.6462889313697815,-0.09600324183702469,0.3514796495437622,0.6833294630050659,-0.10814832895994186,0.45238596200942993,0.6938202977180481,-0.1206924095749855,0.4284180998802185,0.7037786245346069,-0.10894624888896942,0.39343956112861633,0.6948735117912292,-0.10334303975105286
2,0.2600262463092804,0.7312185764312744,-5.211949201111565e-07,0.3159840703010559,0.6193392276763916,-0.02128908596932888,0.3618593215942383,0.49411457777023315,-0.04330315440893173,0.375761479139328,0.4009711742401123,-0.06425027549266815,0.36961615085601807,0.3123207688331604,-0.08025381714105606,0.31871217489242554,0.48052293062210083,-0.07084885239601135,0.4449869990348816,0.5115146636962891,-0.11919330060482025,0.42108970880508423,0.5606997609138489,-0.13862647116184235,0.3805071711540222,0.5498814582824707,-0.15027305483818054,0.3002854585647583,0.554981529712677,-0.08394963294267654,0.44341424107551575,0.5817924737930298,-0.12347469478845596,0.41120895743370056,0.6219498515129089,-0.12084591388702393,0.37346750497817993,0.6122927665710449,-0.12277616560459137,0.2948532998561859,0.6342176198959351,-0.09964850544929504,0.43191730976104736,0.6531477570533752,-0.13299033045768738,0.3995489478111267,0.684688150882721,-0.11445481330156326,0.3647671043872833,0.6773352026939392,-0.10422296822071075,0.2987474799156189,0.7103627324104309,-0.11764025688171387,0.41049060225486755,0.7154968976974487,-0.13474904000759125,0.38621580600738525,0.7294633388519287,-0.12349697202444077,0.3493446409702301,0.7254393100738525,-0.11856488138437271
2,0.2393185943365097,0.8086016178131104,-5.070127144790604e-07,0.2859087586402893,0.6642913818359375,-0.0228063203394413,0.3212054967880249,0.51712965965271,-0.039201520383358,0.33450841903686523,0.4107494354248047,-0.054325442761182785,0.3354572057723999,0.3106596767902374,-0.06304772943258286,0.25565049052238464,0.4983254373073578,-0.05761187523603439,0.3928200602531433,0.5326437950134277,-0.09944639354944229,0.37288451194763184,0.5833344459533691,-0.11588972806930542,0.33095917105674744,0.5722841024398804,-0.1282511204481125,0.235150545835495,0.5781482458114624,-0.06890935450792313,0.3938809037208557,0.6197652816772461,-0.10947029292583466,0.3576411306858063,0.654437780380249,-0.11461091786623001,0.31673192977905273,0.6418633460998535,-0.12360450625419617,0.229076087474823,0.6642987728118896,-0.08283605426549911,0.3787689805030823,0.7004669308662415,-0.117582306265831,0.34306633472442627,0.7320343255996704,-0.10721709579229355,0.3073694109916687,0.721230149269104,-0.1032090112566948,0.23298346996307373,0.7466330528259277,-0.1000453531742096,0.35779595375061035,0.7686810493469238,-0.12415832281112671,0.33363229036331177,0.7847111225128174,-0.123994380235672,0.2922496199607849,0.7778104543685913,-0.12589232623577118
2,0.2433173954486847,0.8605372905731201,-4.686953332111443e-07,0.2757256329059601,0.7117489576339722,-0.023098865523934364,0.2851317226886749,0.5400440096855164,-0.03633532300591469,0.29089435935020447,0.4110422134399414,-0.04837595298886299,0.28784364461898804,0.29756292700767517,-0.05509701371192932,0.18189376592636108,0.5019997954368591,-0.04929064214229584,0.3310035467147827,0.5280956029891968,-0.08992243558168411,0.32213887572288513,0.5850239992141724,-0.10870946943759918,0.27240294218063354,0.5836384892463684,-0.12334683537483215,0.1556006819009781,0.5890002846717834,-0.05956702679395676,0.32936546206474304,0.620972216129303,-0.09805168211460114,0.3067728579044342,0.668080747127533,-0.10401711612939835,0.2595215141773224,0.6670185923576355,-0.11350195109844208,0.15005457401275635,0.6893635392189026,-0.07333295047283173,0.3102347254753113,0.7178911566734314,-0.10984566807746887,0.2928449511528015,0.7563884854316711,-0.10213253647089005,0.25143516063690186,0.7524333000183105,-0.09870514273643494,0.15733465552330017,0.7860462069511414,-0.09049387276172638,0.28903302550315857,0.7911065816879272,-0.11963098496198654,0.2824419140815735,0.8067023754119873,-0.12307728081941605,0.24403135478496552,0.8102643489837646,-0.1251181662082672
2,0.23658211529254913,0.8539698719978333,-4.5325168684939854e-07,0.28298354148864746,0.7018938064575195,-0.044525425881147385,0.2765437960624695,0.5412870049476624,-0.07716697454452515,0.2673971652984619,0.4150210916996002,-0.10418810695409775,0.2542629539966583,0.3001672327518463,-0.12559844553470612,0.13910776376724243,0.5185021758079529,-0.11984433233737946,0.2792026102542877,0.5467678308486938,-0.18578533828258514,0.2971503734588623,0.6084380745887756,-0.20707260072231293,0.2540586590766907,0.6119860410690308,-0.2205173820257187,0.10330113023519516,0.6186477541923523,-0.1298619508743286,0.27543750405311584,0.6437265276908875,-0.19176781177520752,0.2883218824863434,0.692833662033081,-0.18922048807144165,0.2438642531633377,0.6942646503448486,-0.18891353905200958,0.09979716688394547,0.7272179126739502,-0.1438656896352768,0.25834131240844727,0.747491180896759,-0.20236007869243622,0.2708524763584137,0.7757128477096558,-0.18014362454414368,0.22727063298225403,0.7672476768493652,-0.16375069320201874,0.11070454120635986,0.8316612243652344,-0.16312162578105927,0.23526087403297424,0.8357420563697815,-0.2134786993265152,0.25273069739341736,0.840176522731781,-0.21443504095077515,0.22356826066970825,0.8344725966453552,-0.21046429872512817
2,0.24531325697898865,0.8119120001792908,-6.110780077506206e-07,0.2875266373157501,0.6874144673347473,-0.051640525460243225,0.2890703082084656,0.5437885522842407,-0.08196386694908142,0.2884526550769806,0.42400312423706055,-0.1065620705485344,0.2754687964916229,0.3145049810409546,-0.12641698122024536,0.15522857010364532,0.5516922473907471,-0.10213470458984375,0.3091405928134918,0.5892994403839111,-0.14854370057582855,0.3186856508255005,0.6401045322418213,-0.1636422723531723,0.27565526962280273,0.6464225053787231,-0.1765204519033432,0.11919239163398743,0.6596121788024902,-0.10438214242458344,0.31494641304016113,0.6998410224914551,-0.142621710896492,0.3146016299724579,0.7339298725128174,-0.13837231695652008,0.2597026526927948,0.7265992164611816,-0.1428007185459137,0.11760454624891281,0.76996248960495,-0.11059772968292236,0.29506176710128784,0.8001030087471008,-0.1438625454902649,0.2942231297492981,0.8186787366867065,-0.11912376433610916,0.2428465187549591,0.8097802400588989,-0.10793453454971313,0.13004308938980103,0.8775724768638611,-0.12470169365406036,0.2640889585018158,0.8919169306755066,-0.15819057822227478,0.2725273370742798,0.8913940191268921,-0.1547825038433075,0.23627811670303345,0.8895741701126099,-0.1520349234342575
2,0.29561933875083923,0.7842679619789124,-4.94776941195596e-07,0.3385699391365051,0.6659556031227112,-0.0535007081925869,0.3420034348964691,0.5284938812255859,-0.08219559490680695,0.3366978168487549,0.41363173723220825,-0.10437071323394775,0.3207976818084717,0.30068451166152954,-0.12275028973817825,0.22713497281074524,0.5358973741531372,-0.09958937764167786,0.39030230045318604,0.5833749771118164,-0.14559955894947052,0.38284799456596375,0.6249961256980896,-0.16537883877754211,0.3337204158306122,0.6235311031341553,-0.18280234932899475,0.19475090503692627,0.6450466513633728,-0.1005752682685852,0.3963453769683838,0.6898504495620728,-0.13806118071079254,0.3781045377254486,0.7158780694007874,-0.14066748321056366,0.31899046897888184,0.705716073513031,-0.15218998491764069,0.19116130471229553,0.7558320164680481,-0.10562168806791306,0.3725835680961609,0.7924689054489136,-0.1415170431137085,0.3614206910133362,0.8051060438156128,-0.126172736287117,0.308655321598053,0.7866277694702148,-0.1218031793832779,0.19966202974319458,0.8620272874832153,-0.11822648346424103,0.3418043851852417,0.880046010017395,-0.15352299809455872,0.3434292674064636,0.8795835375785828,-0.15547117590904236,0.30684158205986023,0.8765594959259033,-0.15776903927326202
2,0.3415512442588806,0.7925371527671814,-6.624831598855963e-07,0.3792804479598999,0.6445450186729431,-0.03548170253634453,0.4035171568393707,0.4923946261405945,-0.053011178970336914,0.4100341200828552,0.3735792636871338,-0.06730552017688751,0.40116602182388306,0.2628498375415802,-0.07671356201171875,0.34380820393562317,0.4919048249721527,-0.05932111293077469,0.5000768899917603,0.522426962852478,-0.10028551518917084,0.4801466464996338,0.5739684104919434,-0.1216844841837883,0.432476282119751,0.575618326663971,-0.13948842883110046,0.3214252293109894,0.5783390402793884,-0.06439651548862457,0.4958111345767975,0.6145139932632446,-0.09988569468259811,0.4583863914012909,0.6500012874603271,-0.10810293257236481,0.41079625487327576,0.6415975689888,-0.12241074442863464,0.3162737190723419,0.6689484119415283,-0.073613241314888,0.48443174362182617,0.7019786238670349,-0.10532233864068985,0.44722631573677063,0.7296823859214783,-0.10042441636323929,0.4015829563140869,0.7137331962585449,-0.10268743336200714,0.3254927396774292,0.7508377432823181,-0.08827885240316391,0.46206751465797424,0.7743042707443237,-0.11633098870515823,0.43687471747398376,0.7887461185455322,-0.12380696833133698,0.39117833971977234,0.7831953763961792,-0.13179245591163635
2,0.3363332450389862,0.735723078250885,-4.85108103021048e-07,0.393342524766922,0.6172652244567871,-0.01774556189775467,0.44718775153160095,0.4804324805736542,-0.04133329540491104,0.46275946497917175,0.3758159875869751,-0.06453432887792587,0.45493948459625244,0.2847248613834381,-0.0829399973154068,0.428728848695755,0.47535470128059387,-0.07478069514036179,0.5606749057769775,0.5003445148468018,-0.11986454576253891,0.5419520139694214,0.5530745983123779,-0.13669288158416748,0.5024219155311584,0.5606416463851929,-0.14556293189525604,0.41175132989883423,0.5569848418235779,-0.08889617770910263,0.5593386888504028,0.5899335145950317,-0.12404117733240128,0.5351129174232483,0.6280674338340759,-0.12188836932182312,0.4953857660293579,0.6293697953224182,-0.12387458235025406,0.4052909314632416,0.6465620398521423,-0.10385462641716003,0.5522136688232422,0.6708221435546875,-0.1358521282672882,0.5281007885932922,0.6966464519500732,-0.12109062075614929,0.49167802929878235,0.693405032157898,-0.11200982332229614,0.40828511118888855,0.7335781455039978,-0.11947349458932877,0.5320806503295898,0.7452687621116638,-0.1363740861415863,0.5192019939422607,0.7521988749504089,-0.12495891749858856,0.48626187443733215,0.745058000087738,-0.11849068105220795
2,0.4553961455821991,0.7157901525497437,-3.055734794088494e-07,0.4865092933177948,0.6109135150909424,-0.013289202004671097,0.5264686346054077,0.49431514739990234,-0.037844590842723846,0.5425357222557068,0.3977088928222656,-0.061314914375543594,0.5399419665336609,0.32165423035621643,-0.07947532832622528,0.5752871036529541,0.5116711854934692,-0.06128561124205589,0.6850258111953735,0.5397639274597168,-0.09026110172271729,0.6587942838668823,0.5659255981445312,-0.09824087470769882,0.6204729080200195,0.5611040592193604,-0.10114818066358566,0.5774133205413818,0.5891163945198059,-0.07168683409690857,0.6844416260719299,0.6135877966880798,-0.08820360153913498,0.6520205140113831,0.6298434138298035,-0.07946855574846268,0.6115056872367859,0.6225267648696899,-0.07683789730072021,0.5768077373504639,0.6719526648521423,-0.08173798024654388,0.6788407564163208,0.6868041157722473,-0.09425025433301926,0.645345151424408,0.6984301209449768,-0.07150862365961075,0.6049174666404724,0.6939516067504883,-0.0590464323759079,0.5749840140342712,0.7528107166290283,-0.09251401573419571,0.6581242084503174,0.7578469514846802,-0.09685403853654861,0.6302011609077454,0.7642861604690552,-0.07693513482809067,0.5948053598403931,0.759224534034729,-0.06416452676057816
2,0.5216354727745056,0.7061215043067932,-3.5016518040720257e-07,0.54380202293396,0.5889830589294434,-0.007362091913819313,0.5681529641151428,0.48867762088775635,-0.027518920600414276,0.5795301198959351,0.4014589190483093,-0.04675215855240822,0.577363133430481,0.33128076791763306,-0.06220880150794983,0.6497988104820251,0.5197127461433411,-0.043417781591415405,0.7263426780700684,0.5352312326431274,-0.05471349507570267,0.7059189677238464,0.5570188164710999,-0.05428498238325119,0.6751843690872192,0.5566080212593079,-0.05338018760085106,0.6626551151275635,0.5911053419113159,-0.04991406202316284,0.7259101867675781,0.6012545824050903,-0.048499468713998795,0.7007285952568054,0.6165323853492737,-0.03839629888534546,0.6675090789794922,0.6188603043556213,-0.037264253944158554,0.6682833433151245,0.6655517816543579,-0.05458182096481323,0.7206592559814453,0.6679272055625916,-0.049150511622428894,0.6974142789840698,0.6790452003479004,-0.030593249946832657,0.6650694608688354,0.6841501593589783,-0.024929728358983994,0.6689441204071045,0.7361124753952026,-0.05977083742618561,0.7072292566299438,0.7276993989944458,-0.05346955358982086,0.6836352348327637,0.7342091798782349,-0.03474026173353195,0.6589489579200745,0.7397398948669434,-0.023801393806934357
2,0.532551646232605,0.6909853219985962,-4.2359690155535645e-07,0.5513150095939636,0.579436182975769,-0.0072102309204638,0.5727035403251648,0.48410913348197937,-0.02644386701285839,0.5853855013847351,0.4005190134048462,-0.0454476997256279,0.588395357131958,0.3333699703216553,-0.06104876846075058,0.6649768352508545,0.5120247006416321,-0.03740508854389191,0.7283033132553101,0.5302250981330872,-0.0464593805372715,0.705558180809021,0.5524880290031433,-0.04664815589785576,0.6763707399368286,0.5514984130859375,-0.04710311070084572,0.6766326427459717,0.5805425047874451,-0.04426291957497597,0.7289488911628723,0.594532310962677,-0.04215824976563454,0.7011846899986267,0.6105916500091553,-0.03465571627020836,0.6699842214584351,0.6119751930236816,-0.035815078765153885,0.6792988181114197,0.6532537937164307,-0.049227792769670486,0.7282165288925171,0.6584888696670532,-0.04535597190260887,0.7014617919921875,0.6713772416114807,-0.027634846046566963,0.6694597601890564,0.6758695840835571,-0.0222560353577137,0.6757835149765015,0.723129153251648,-0.054709114134311676,0.7179670929908752,0.7197355628013611,-0.05068917199969292,0.6908588409423828,0.7253650426864624,-0.03194311261177063,0.6639923453330994,0.7284895181655884,-0.020631326362490654
2,0.44301384687423706,0.7220321297645569,-3.4621487543518015e-07,0.479932963848114,0.6180742383003235,-0.01188491191715002,0.5338087677955627,0.5006074905395508,-0.03647372126579285,0.5581501722335815,0.404818594455719,-0.060323167592287064,0.5597211122512817,0.32388028502464294,-0.07896576821804047,0.5617870092391968,0.5098686218261719,-0.06827152520418167,0.6830309629440308,0.5435891151428223,-0.10213000327348709,0.6569888591766357,0.5763254761695862,-0.11197878420352936,0.6182612776756287,0.5689003467559814,-0.1158583015203476,0.5568059086799622,0.5835565328598022,-0.08122017234563828,0.6801711916923523,0.6160497665405273,-0.1036495789885521,0.6480202078819275,0.638085126876831,-0.0959387794137001,0.6054961085319519,0.628694474697113,-0.093124620616436,0.5527944564819336,0.6673469543457031,-0.09340627491474152,0.6682703495025635,0.691143810749054,-0.10941193252801895,0.635139524936676,0.7054495811462402,-0.08719386905431747,0.5936858654022217,0.6978793144226074,-0.07492740452289581,0.5520460605621338,0.7529048919677734,-0.10610952228307724,0.6474854350090027,0.7637690305709839,-0.11308319121599197,0.6205431222915649,0.767939567565918,-0.09491758048534393,0.582130491733551,0.7587531805038452,-0.0835333913564682
2,0.3441593050956726,0.7278835773468018,-3.315792298508313e-07,0.3970165252685547,0.616680920124054,-0.013780159875750542,0.46540695428848267,0.4937249422073364,-0.04099077358841896,0.4938940107822418,0.3972415626049042,-0.06715230643749237,0.4913330078125,0.31125009059906006,-0.089734748005867,0.4412878751754761,0.47998490929603577,-0.08964350819587708,0.5740571022033691,0.5251308083534241,-0.13289858400821686,0.5542158484458923,0.5710920095443726,-0.1478264033794403,0.5142861604690552,0.568442165851593,-0.1556500643491745,0.41912537813186646,0.5622285604476929,-0.10641229897737503,0.5681120157241821,0.6066497564315796,-0.1410444676876068,0.5444437861442566,0.6443501114845276,-0.13473334908485413,0.5020675659179688,0.6448003053665161,-0.13319870829582214,0.40804070234298706,0.6567307710647583,-0.12197961658239365,0.5597952008247375,0.6879198551177979,-0.1500537395477295,0.5376607775688171,0.7140095233917236,-0.12928612530231476,0.4992138147354126,0.7125276923179626,-0.11694364994764328,0.40678396821022034,0.7504814267158508,-0.13767443597316742,0.531521201133728,0.7622132897377014,-0.15257029235363007,0.5150585770606995,0.7672160267829895,-0.13704682886600494,0.47766613960266113,0.7610101699829102,-0.12784557044506073
2,0.2697084844112396,0.8026485443115234,-5.107785909785889e-07,0.3222326338291168,0.6615453958511353,-0.028223609551787376,0.3678314685821533,0.510119616985321,-0.052417974919080734,0.38983601331710815,0.39306169748306274,-0.07455407828092575,0.38837841153144836,0.2821010947227478,-0.09052169322967529,0.303716242313385,0.48818081617355347,-0.08331521600484848,0.4551682472229004,0.5193026065826416,-0.1356627196073532,0.4309689700603485,0.5841771364212036,-0.1551765352487564,0.3818911612033844,0.580825924873352,-0.16755394637584686,0.2780187129974365,0.5790138244628906,-0.09635353088378906,0.45507556200027466,0.6208068132400513,-0.14258724451065063,0.4155558943748474,0.6691978573799133,-0.14414669573307037,0.3713279664516449,0.657095730304718,-0.15007972717285156,0.26883238554000854,0.6780456304550171,-0.11179156601428986,0.43723398447036743,0.7168665528297424,-0.15073350071907043,0.39954328536987305,0.756410539150238,-0.13433043658733368,0.3602312207221985,0.7472195625305176,-0.12619434297084808,0.26935699582099915,0.7731541395187378,-0.13063807785511017,0.4110639989376068,0.800265371799469,-0.1560831367969513,0.39313167333602905,0.8171147108078003,-0.14968568086624146,0.3583451211452484,0.8104308843612671,-0.14711983501911163
2,0.21266458928585052,0.7703769207000732,-4.872363206231967e-07,0.25193077325820923,0.6428244113922119,-0.039469361305236816,0.24648112058639526,0.4968031048774719,-0.061481162905693054,0.24510666728019714,0.3804943859577179,-0.07994458824396133,0.23831158876419067,0.27685222029685974,-0.09456641972064972,0.0936143770813942,0.5038831233978271,-0.07213198393583298,0.22167763113975525,0.553534746170044,-0.11164163798093796,0.24112460017204285,0.5903348326683044,-0.12993746995925903,0.21053853631019592,0.5840128660202026,-0.14430442452430725,0.04499440640211105,0.6116405725479126,-0.07607162743806839,0.2251613438129425,0.6725983619689941,-0.10549764335155487,0.24264106154441833,0.6813602447509766,-0.10681807994842529,0.20274999737739563,0.6609530448913574,-0.1148102730512619,0.03231498599052429,0.7247727513313293,-0.08383029699325562,0.20174440741539001,0.771562397480011,-0.11155525594949722,0.2203468680381775,0.7686728239059448,-0.09678250551223755,0.18324653804302216,0.7435507774353027,-0.09169811755418777,0.036382243037223816,0.837482213973999,-0.0979202464222908,0.16637977957725525,0.86860591173172,-0.1242772564291954,0.19790425896644592,0.8543605208396912,-0.12199309468269348,0.1837281882762909,0.8315452337265015,-0.11987730860710144
2,0.37380173802375793,0.7293055057525635,-4.0242829868475383e-07,0.4693971872329712,0.7264883518218994,-0.05194852501153946,0.5590818524360657,0.6685996055603027,-0.0785817876458168,0.625345766544342,0.6145076155662537,-0.09724865853786469,0.6859485507011414,0.5536787509918213,-0.10841169208288193,0.4962656795978546,0.513190507888794,-0.0872693583369255,0.5168102383613586,0.6913714408874512,-0.12424024939537048,0.5180919766426086,0.7144265174865723,-0.1341695487499237,0.5159854888916016,0.668586254119873,-0.14272131025791168,0.412190318107605,0.49923691153526306,-0.08273229002952576,0.4432031214237213,0.7503094673156738,-0.1108369380235672,0.45277664065361023,0.7471611499786377,-0.10625153034925461,0.44816696643829346,0.6676041483879089,-0.10977601259946823,0.33952853083610535,0.5343641042709351,-0.08233971893787384,0.3720818758010864,0.7589218616485596,-0.1086815893650055,0.3828788995742798,0.7579989433288574,-0.08613516390323639,0.3806738555431366,0.6844844818115234,-0.07512129843235016,0.2719261348247528,0.5902041792869568,-0.08939703553915024,0.29845619201660156,0.764389157295227,-0.11854177713394165,0.31144997477531433,0.7734404802322388,-0.11552076786756516,0.30631357431411743,0.7273513078689575,-0.11144402623176575
2,0.402366578578949,0.7039693593978882,-4.0741042539593764e-07,0.4805288314819336,0.7379599809646606,-0.05220634117722511,0.575020968914032,0.7114362716674805,-0.0818556398153305,0.654691219329834,0.68454509973526,-0.10542257875204086,0.7206996083259583,0.6561179161071777,-0.12167635560035706,0.5409834384918213,0.5341739654541016,-0.08300632983446121,0.5234301090240479,0.6834166646003723,-0.1289065033197403,0.5236748456954956,0.7195428013801575,-0.14596877992153168,0.5343598127365112,0.6830805540084839,-0.1563652902841568,0.45702478289604187,0.4874439835548401,-0.07939347624778748,0.4392756223678589,0.7316209077835083,-0.11372781544923782,0.4560641348361969,0.7411522269248962,-0.10910756886005402,0.4652893841266632,0.667454719543457,-0.1091688722372055,0.3788837194442749,0.4987211227416992,-0.08185480535030365,0.3707355558872223,0.7233127355575562,-0.11137789487838745,0.38662320375442505,0.7403284907341003,-0.0873209536075592,0.39470142126083374,0.6807043552398682,-0.07220163196325302,0.30445045232772827,0.53397536277771,-0.09220366925001144,0.3033294379711151,0.7131817936897278,-0.11890287697315216,0.31780606508255005,0.7358694672584534,-0.11430931091308594,0.32024097442626953,0.6988558173179626,-0.10770520567893982
2,0.38212278485298157,0.6852884292602539,-4.85879127154476e-07,0.46862009167671204,0.7325053215026855,-0.05148446559906006,0.5733681321144104,0.7286220788955688,-0.0853876918554306,0.6575391292572021,0.7253430485725403,-0.11401592195034027,0.7346439361572266,0.7175034284591675,-0.13707438111305237,0.5608626008033752,0.5040838122367859,-0.07424991577863693,0.5210199952125549,0.6442040205001831,-0.1208646222949028,0.5058191418647766,0.6914353370666504,-0.1445498764514923,0.5199276804924011,0.6600244045257568,-0.1604689061641693,0.489431768655777,0.4469716250896454,-0.07251361012458801,0.4386141896247864,0.6419987678527832,-0.10602212697267532,0.4389628767967224,0.6851548552513123,-0.1063622534275055,0.45840340852737427,0.6395273208618164,-0.10981085151433945,0.41505223512649536,0.43601471185684204,-0.07671348005533218,0.3697594404220581,0.617078423500061,-0.10529524087905884,0.3756105303764343,0.6634488701820374,-0.08859025686979294,0.3946326971054077,0.626084566116333,-0.07966996729373932,0.3421882390975952,0.4451776146888733,-0.08822955191135406,0.3036673665046692,0.5858520269393921,-0.10746531933546066,0.3115016222000122,0.6299289464950562,-0.10059661418199539,0.32592031359672546,0.60985267162323,-0.09486741572618484
2,0.39019182324409485,0.6371353268623352,-4.358761316325399e-07,0.4676690101623535,0.7019991874694824,-0.05346435308456421,0.5728669166564941,0.7236484885215759,-0.08674776554107666,0.6558010578155518,0.7377094626426697,-0.11356279253959656,0.7291324138641357,0.7485325932502747,-0.1346798837184906,0.5815294981002808,0.4954826533794403,-0.07633637636899948,0.5251983404159546,0.6043268442153931,-0.11772762984037399,0.5062133073806763,0.6543134450912476,-0.13594233989715576,0.5244176983833313,0.6354210376739502,-0.14823944866657257,0.5234563946723938,0.4219626188278198,-0.07305867224931717,0.45274147391319275,0.572666585445404,-0.10488301515579224,0.4460059702396393,0.6292740702629089,-0.10458850860595703,0.47052961587905884,0.600800633430481,-0.10747217386960983,0.4572528600692749,0.39056938886642456,-0.07485093176364899,0.39391112327575684,0.5262832045555115,-0.1040881872177124,0.3888407349586487,0.5877689719200134,-0.0875617191195488,0.41215530037879944,0.5688915252685547,-0.0787227600812912,0.388312429189682,0.3778378367424011,-0.08350667357444763,0.33528125286102295,0.4789847135543823,-0.10182557255029678,0.33190256357192993,0.5364840030670166,-0.09195515513420105,0.3475520610809326,0.5355323553085327,-0.08440427482128143
2,0.4004627466201782,0.5784326791763306,-4.5052919972476957e-07,0.46209588646888733,0.6617280840873718,-0.056157466024160385,0.560613214969635,0.7147093415260315,-0.09340590983629227,0.6396851539611816,0.7648546695709229,-0.12430958449840546,0.7097920179367065,0.8093481659889221,-0.15026096999645233,0.6109793782234192,0.48310816287994385,-0.08147325366735458,0.5414285659790039,0.5701995491981506,-0.12524427473545074,0.5106369853019714,0.6106711030006409,-0.14559966325759888,0.5295259952545166,0.5951018929481506,-0.1596371829509735,0.5683015584945679,0.39700764417648315,-0.07706397771835327,0.4761304259300232,0.5156601071357727,-0.11078494042158127,0.4538891911506653,0.5698902010917664,-0.11191727221012115,0.4796268343925476,0.5512136220932007,-0.11535393446683884,0.5110069513320923,0.34638404846191406,-0.0773426815867424,0.42607980966567993,0.45571476221084595,-0.10810098052024841,0.4084675908088684,0.5160987973213196,-0.09328249096870422,0.4336406886577606,0.506684422492981,-0.08507493138313293,0.4485478103160858,0.3125159740447998,-0.08466966450214386,0.3799518346786499,0.39445698261260986,-0.10352187603712082,0.3683719038963318,0.45386525988578796,-0.09431964159011841,0.38714343309402466,0.46184787154197693,-0.08672790229320526
2,0.4028756022453308,0.5554115176200867,-4.1681144580252294e-07,0.4369131624698639,0.6523184776306152,-0.06589002907276154,0.5140741467475891,0.7338653802871704,-0.10656798630952835,0.574657142162323,0.8169524669647217,-0.13865981996059418,0.6273764967918396,0.8882757425308228,-0.16247829794883728,0.6140716075897217,0.5155702829360962,-0.09314963966608047,0.5076190233230591,0.5615487098693848,-0.1450076699256897,0.4739207625389099,0.5917232632637024,-0.16490671038627625,0.5053836703300476,0.5814042687416077,-0.1767134815454483,0.5917450189590454,0.41925615072250366,-0.0858084186911583,0.45877134799957275,0.48272374272346497,-0.13205896317958832,0.4307776987552643,0.5357061624526978,-0.13096687197685242,0.46399736404418945,0.5315465331077576,-0.1287360042333603,0.5502270460128784,0.3516288995742798,-0.08446742594242096,0.43108344078063965,0.40679630637168884,-0.1283377707004547,0.4040352702140808,0.47047168016433716,-0.10949291288852692,0.43532416224479675,0.47609010338783264,-0.09358736127614975,0.49945664405822754,0.2983183264732361,-0.09085430949926376,0.4106755256652832,0.33491289615631104,-0.12039566040039062,0.3891494572162628,0.39238256216049194,-0.11131737381219864,0.4133140444755554,0.4121767282485962,-0.09983603656291962
2,0.388344407081604,0.5211727619171143,-4.598399243604945e-07,0.41705000400543213,0.6241862773895264,-0.06669531762599945,0.4924204349517822,0.7173449397087097,-0.10637564957141876,0.5505480766296387,0.8055071830749512,-0.13636547327041626,0.5968567728996277,0.8862132430076599,-0.15768931806087494,0.6070346236228943,0.5198500752449036,-0.09649204462766647,0.49849483370780945,0.542999267578125,-0.14845530688762665,0.45783179998397827,0.5708189010620117,-0.16745470464229584,0.4910275340080261,0.5684787631034851,-0.17900046706199646,0.5960738658905029,0.4205129146575928,-0.08914948999881744,0.4642990529537201,0.4576544165611267,-0.13548362255096436,0.42521071434020996,0.5084788799285889,-0.13238556683063507,0.45840150117874146,0.5130225419998169,-0.12874941527843475,0.5640139579772949,0.3466860055923462,-0.08790901303291321,0.4430491626262665,0.3779895305633545,-0.13086926937103271,0.40735122561454773,0.43833789229393005,-0.1106647402048111,0.43911096453666687,0.4532926082611084,-0.0945344865322113,0.5225127339363098,0.28701087832450867,-0.09467928856611252,0.4258127212524414,0.30865904688835144,-0.12293451279401779,0.3957502543926239,0.36229246854782104,-0.1140037253499031,0.4168945252895355,0.3854559063911438,-0.10356747359037399
2,0.3904865086078644,0.5536442995071411,-4.894656626674987e-07,0.4360407590866089,0.6394356489181519,-0.05901719257235527,0.5190762281417847,0.7122232913970947,-0.09568250179290771,0.5867841243743896,0.7841457724571228,-0.12486802041530609,0.64247727394104,0.8360673189163208,-0.14660987257957458,0.5982494950294495,0.48488906025886536,-0.08282564580440521,0.5001817345619202,0.5464116930961609,-0.13103710114955902,0.46360641717910767,0.5856360197067261,-0.15263691544532776,0.4913528859615326,0.5756707191467285,-0.16655930876731873,0.5675095319747925,0.3930363655090332,-0.0784471184015274,0.4528118371963501,0.46785712242126465,-0.11896361410617828,0.41978132724761963,0.5269502401351929,-0.11900410801172256,0.4485000967979431,0.5231322646141052,-0.11988023668527603,0.5218578577041626,0.3327787518501282,-0.07935234904289246,0.4227338135242462,0.39156121015548706,-0.1178397536277771,0.3914567232131958,0.4618951678276062,-0.09845858067274094,0.41964617371559143,0.47116267681121826,-0.08454936742782593,0.4682691991329193,0.287101149559021,-0.08744732290506363,0.39294975996017456,0.32123664021492004,-0.11230634897947311,0.3702320456504822,0.38252466917037964,-0.09998387098312378,0.3905901312828064,0.40570753812789917,-0.08815070986747742
2,0.4055910110473633,0.5696369409561157,-4.541109035471891e-07,0.47273117303848267,0.6388846635818481,-0.05224349722266197,0.5733938217163086,0.6709634065628052,-0.0855281800031662,0.653047502040863,0.6957176923751831,-0.11213390529155731,0.7250666618347168,0.7254149913787842,-0.1335020512342453,0.6017251014709473,0.45355910062789917,-0.08121848851442337,0.5328975915908813,0.5546598434448242,-0.12457135319709778,0.5072543025016785,0.6009613871574402,-0.14342838525772095,0.5238182544708252,0.5829378962516785,-0.1560637503862381,0.5493667721748352,0.373174250125885,-0.07833877950906754,0.46724963188171387,0.5082254409790039,-0.1103447675704956,0.45198726654052734,0.5649706125259399,-0.10920201987028122,0.4754983186721802,0.5424752235412598,-0.1119699701666832,0.485757052898407,0.3320538401603699,-0.08006693422794342,0.41326895356178284,0.45517048239707947,-0.11030467599630356,0.4024316668510437,0.5187991857528687,-0.09409653395414352,0.426567018032074,0.5078861713409424,-0.08542928844690323,0.41852787137031555,0.3089151978492737,-0.08832701295614243,0.3610422611236572,0.4033176004886627,-0.1080058142542839,0.3559487462043762,0.4629523754119873,-0.09947330504655838,0.37460970878601074,0.4670994281768799,-0.09295062720775604
2,0.4198339581489563,0.6018044352531433,-5.08431185153313e-07,0.49899375438690186,0.6558552384376526,-0.05091986060142517,0.5977713465690613,0.6621720790863037,-0.08241602033376694,0.6783227920532227,0.6720566749572754,-0.1085285097360611,0.7504019737243652,0.677594780921936,-0.12950550019741058,0.600422739982605,0.4572647511959076,-0.08436759561300278,0.5517598986625671,0.5920230150222778,-0.13047710061073303,0.5336896181106567,0.6382182836532593,-0.1495734602212906,0.5441278219223022,0.6133873462677002,-0.16199631989002228,0.5338611006736755,0.3932587504386902,-0.08314108103513718,0.47555890679359436,0.5825780034065247,-0.11767900735139847,0.47099626064300537,0.6205400228500366,-0.11690741777420044,0.48754528164863586,0.5770578384399414,-0.12070905417203903,0.46196573972702026,0.373909592628479,-0.08696847409009933,0.4120744466781616,0.5456128716468811,-0.11697430163621902,0.41485244035720825,0.5859133005142212,-0.09962711483240128,0.4338344633579254,0.5496426820755005,-0.09096711128950119,0.3886198401451111,0.37576863169670105,-0.09787355363368988,0.3538515567779541,0.5059787034988403,-0.12165172398090363,0.3593197166919708,0.5467754602432251,-0.11604322493076324,0.37185177206993103,0.528368353843689,-0.1112542673945427
2,0.4100283682346344,0.6504538655281067,-4.419983383741055e-07,0.4947325587272644,0.6635677218437195,-0.04585502669215202,0.5907433032989502,0.6351295709609985,-0.07035970687866211,0.6686424612998962,0.6060379147529602,-0.08843772113323212,0.735937774181366,0.5735225677490234,-0.09997785836458206,0.5541681051254272,0.4717349410057068,-0.08272858709096909,0.5595319271087646,0.6549437046051025,-0.11827187985181808,0.5411779284477234,0.6648175120353699,-0.1292179673910141,0.5363800525665283,0.6115082502365112,-0.13962523639202118,0.4764707386493683,0.44321098923683167,-0.08117060363292694,0.4772000014781952,0.6959121823310852,-0.10758168250322342,0.47498491406440735,0.6797569394111633,-0.10312126576900482,0.47529011964797974,0.5999892950057983,-0.10743498057126999,0.403336763381958,0.4617995619773865,-0.08307595551013947,0.40849214792251587,0.6907144784927368,-0.10653473436832428,0.4068235158920288,0.680072009563446,-0.08568820357322693,0.405692458152771,0.6059255003929138,-0.07665304094552994,0.33276838064193726,0.4998990297317505,-0.09216996282339096,0.33887308835983276,0.6817910075187683,-0.11928064376115799,0.3449952304363251,0.6853630542755127,-0.11841227859258652,0.3429378271102905,0.6359212398529053,-0.11651881784200668
2,0.37578150629997253,0.7660830020904541,-3.091537905675068e-07,0.4593437612056732,0.6826614141464233,-0.04226090386509895,0.5378918051719666,0.5543065071105957,-0.06437499821186066,0.5976251363754272,0.45548272132873535,-0.08209945261478424,0.6433765292167664,0.36293894052505493,-0.09619360417127609,0.45530304312705994,0.4703768491744995,-0.07870151102542877,0.5659481883049011,0.6185593605041504,-0.12664131820201874,0.5414584279060364,0.6503039002418518,-0.15212823450565338,0.5011757016181946,0.6122761964797974,-0.17158715426921844,0.38470327854156494,0.5285962820053101,-0.0830165445804596,0.5163170099258423,0.7105289697647095,-0.12034344673156738,0.4827719032764435,0.715787410736084,-0.1254337579011917,0.4439156949520111,0.6661354899406433,-0.13672487437725067,0.3322378396987915,0.6140139102935791,-0.0920475646853447,0.45501574873924255,0.7767260074615479,-0.1263227015733719,0.42696478962898254,0.7730624675750732,-0.1142139807343483,0.39465808868408203,0.7206171751022339,-0.11003471910953522,0.2914058566093445,0.7047174572944641,-0.10716016590595245,0.39846697449684143,0.8248365521430969,-0.13812272250652313,0.38771262764930725,0.8154880404472351,-0.1400238424539566,0.357465535402298,0.7776890993118286,-0.14144185185432434
2,0.3686807155609131,0.8530202507972717,-5.567913490267529e-07,0.4309646487236023,0.7226011753082275,-0.03142109140753746,0.4915107786655426,0.564714789390564,-0.049249306321144104,0.5344902276992798,0.43826746940612793,-0.06356721371412277,0.5599243640899658,0.3252696394920349,-0.07389866560697556,0.4084908664226532,0.49993056058883667,-0.07625654339790344,0.5543080568313599,0.5918856859207153,-0.12021239101886749,0.5347714424133301,0.6385721564292908,-0.13881221413612366,0.4874863028526306,0.6161845326423645,-0.1530591994524002,0.35766664147377014,0.5801705718040466,-0.08458492904901505,0.5273951292037964,0.6975406408309937,-0.12072206288576126,0.4944300055503845,0.7287635803222656,-0.12316828221082687,0.446237713098526,0.6983975768089294,-0.13295404613018036,0.3253803253173828,0.6797158718109131,-0.09560553729534149,0.48321014642715454,0.785601794719696,-0.13091084361076355,0.4548932909965515,0.805145263671875,-0.12005546689033508,0.4107213020324707,0.7746332287788391,-0.11665946245193481,0.30469223856925964,0.7797772884368896,-0.11078345030546188,0.4314234256744385,0.8464055061340332,-0.1397346407175064,0.4226842522621155,0.8510323762893677,-0.14024481177330017,0.38614022731781006,0.8343163728713989,-0.141285702586174
2,0.37203171849250793,0.8125522136688232,-6.103761052145273e-07,0.3324796259403229,0.6646774411201477,-0.04233940690755844,0.2718111574649811,0.5242806077003479,-0.07127204537391663,0.2149096131324768,0.4219250977039337,-0.0965949296951294,0.1424304097890854,0.3459336459636688,-0.11579469591379166,0.21364019811153412,0.6025703549385071,-0.09216728806495667,0.36475521326065063,0.4663681387901306,-0.14582069218158722,0.3819175958633423,0.5223290920257568,-0.16033895313739777,0.33991366624832153,0.5640457272529602,-0.1694997251033783,0.24761450290679932,0.691615879535675,-0.09980924427509308,0.41409751772880554,0.5326877236366272,-0.1465904712677002,0.4117909371852875,0.6021219491958618,-0.13944856822490692,0.3649442493915558,0.642756462097168,-0.13939473032951355,0.29399797320365906,0.765123724937439,-0.1123131588101387,0.4513247609138489,0.6164670586585999,-0.15213578939437866,0.44181644916534424,0.6723964214324951,-0.1313747763633728,0.39546847343444824,0.7048547863960266,-0.12108959257602692,0.3450673520565033,0.819206714630127,-0.13097739219665527,0.47497978806495667,0.7066496014595032,-0.16286373138427734,0.46895819902420044,0.7333695292472839,-0.16394242644309998,0.42846405506134033,0.7703701257705688,-0.1664765179157257
2,0.32263055443763733,0.8508406281471252,-5.967166316622752e-07,0.36775803565979004,0.6828689575195312,-0.024047162383794785,0.37306299805641174,0.5089324116706848,-0.04168001189827919,0.37115249037742615,0.3781284689903259,-0.05909358710050583,0.35863614082336426,0.2576484978199005,-0.07144675403833389,0.2560645043849945,0.46474993228912354,-0.06253405660390854,0.42035090923309326,0.47044745087623596,-0.11234219372272491,0.42290765047073364,0.5445771217346191,-0.1334097683429718,0.3723475933074951,0.5592581033706665,-0.14855341613292694,0.2303006649017334,0.5585706830024719,-0.07672803103923798,0.4234587252140045,0.5674133896827698,-0.12504424154758453,0.41036897897720337,0.6328326463699341,-0.1319030076265335,0.3614989221096039,0.6399877071380615,-0.14009526371955872,0.23077495396137238,0.6661774516105652,-0.0939861387014389,0.4086293876171112,0.6728469133377075,-0.13947373628616333,0.39771491289138794,0.7243967056274414,-0.13012196123600006,0.3559926450252533,0.7279341220855713,-0.12395704537630081,0.24395620822906494,0.7694737911224365,-0.11450465768575668,0.38853827118873596,0.7642815709114075,-0.1514555960893631,0.3858150839805603,0.7850679755210876,-0.15541966259479523,0.34841352701187134,0.7888289093971252,-0.156066432595253
2,0.29671013355255127,0.6821478009223938,-6.020961222930055e-07,0.3877411186695099,0.638703465461731,-0.04854146018624306,0.4619593024253845,0.5471100211143494,-0.08082164824008942,0.5279979109764099,0.482777863740921,-0.10905472189188004,0.5784582495689392,0.4166857600212097,-0.13213349878787994,0.35548707842826843,0.37165367603302,-0.06603892892599106,0.41371646523475647,0.5376047492027283,-0.11774442344903946,0.4122680425643921,0.6002557277679443,-0.14889411628246307,0.3978065848350525,0.5741908550262451,-0.17061926424503326,0.2723549008369446,0.39178919792175293,-0.06695622950792313,0.3418966829776764,0.5887036919593811,-0.10875049233436584,0.3537997007369995,0.6326682567596436,-0.11649762839078903,0.3460245728492737,0.588939368724823,-0.1238735169172287,0.20628559589385986,0.44720664620399475,-0.07386291772127151,0.2718789279460907,0.6282621622085571,-0.1108255460858345,0.2950570583343506,0.6672393679618835,-0.09928657114505768,0.29039421677589417,0.6272105574607849,-0.09244628250598907,0.15218523144721985,0.5184851288795471,-0.08799803256988525,0.19889743626117706,0.6587098836898804,-0.115350142121315,0.22981147468090057,0.6975300312042236,-0.11192722618579865,0.23593074083328247,0.674333930015564,-0.10740069299936295
2,0.2895776629447937,0.5314180850982666,-3.899231728610175e-07,0.35696646571159363,0.5727248191833496,-0.06848625093698502,0.4532383382320404,0.5686007738113403,-0.11144713312387466,0.5385735630989075,0.5828737616539001,-0.14563629031181335,0.6054919958114624,0.5926006436347961,-0.17189954221248627,0.4214503765106201,0.32461732625961304,-0.09385835379362106,0.3576972782611847,0.45136120915412903,-0.15028908848762512,0.34728342294692993,0.5075689554214478,-0.1778254359960556,0.37019485235214233,0.47203466296195984,-0.19536817073822021,0.35508960485458374,0.263699471950531,-0.08535610884428024,0.27546045184135437,0.42037808895111084,-0.13061991333961487,0.2821306586265564,0.485689252614975,-0.1305694729089737,0.311039537191391,0.44873499870300293,-0.13041165471076965,0.2860381007194519,0.24647042155265808,-0.08344899863004684,0.2161954939365387,0.3861199617385864,-0.1243763267993927,0.22676488757133484,0.4611393213272095,-0.1022980809211731,0.2556353211402893,0.4398617148399353,-0.08574673533439636,0.21764510869979858,0.24913930892944336,-0.09012831747531891,0.16047817468643188,0.3528042733669281,-0.11702347546815872,0.1747632622718811,0.41655465960502625,-0.10603058338165283,0.20574098825454712,0.4096321165561676,-0.09432708472013474
2,0.3353080153465271,0.44707584381103516,-1.8052953976166464e-07,0.38221418857574463,0.5113754868507385,-0.08256734162569046,0.4672209620475769,0.5519763231277466,-0.13954652845859528,0.5418184399604797,0.624685525894165,-0.1837058663368225,0.5968291759490967,0.6946948766708374,-0.21666105091571808,0.4946543872356415,0.2975516617298126,-0.1300276815891266,0.3913528323173523,0.3711380660533905,-0.1937711536884308,0.3833502531051636,0.4329822361469269,-0.21896661818027496,0.4302719235420227,0.4159920811653137,-0.23566915094852448,0.4539991319179535,0.2125822901725769,-0.11904973536729813,0.33196234703063965,0.3052648901939392,-0.17039190232753754,0.32524949312210083,0.3851272761821747,-0.16561497747898102,0.36729347705841064,0.36500734090805054,-0.16305583715438843,0.39908722043037415,0.16639968752861023,-0.114783875644207,0.29297518730163574,0.25201332569122314,-0.1596314162015915,0.2854904532432556,0.33765020966529846,-0.13162147998809814,0.3235822319984436,0.3278357982635498,-0.11230232566595078,0.34129804372787476,0.14412352442741394,-0.12031637132167816,0.2548750638961792,0.2026035040616989,-0.14731037616729736,0.25197523832321167,0.27210599184036255,-0.132520854473114,0.2845989465713501,0.2792266607284546,-0.11978884786367416
2,0.3274140954017639,0.45302051305770874,-2.9974066251270415e-07,0.3405151665210724,0.5461120009422302,-0.0944647490978241,0.4124748408794403,0.6216912269592285,-0.15406863391399384,0.4907881021499634,0.6933098435401917,-0.19780154526233673,0.5618343949317932,0.7376878261566162,-0.2290745973587036,0.5057557821273804,0.37973877787590027,-0.13508285582065582,0.3816320300102234,0.432038277387619,-0.19627992808818817,0.36611393094062805,0.4854929447174072,-0.22167620062828064,0.41080066561698914,0.48451554775238037,-0.2390928715467453,0.4878386855125427,0.2799110412597656,-0.11630993336439133,0.34075814485549927,0.3406001925468445,-0.16952070593833923,0.3282303810119629,0.4057689309120178,-0.17236368358135223,0.3722003996372223,0.4019199013710022,-0.17709308862686157,0.4477769434452057,0.2139098048210144,-0.10460537672042847,0.3180307149887085,0.2673244774341583,-0.1518927663564682,0.30172085762023926,0.3364253044128418,-0.13189144432544708,0.3418436646461487,0.33644720911979675,-0.11988866329193115,0.39651578664779663,0.16462133824825287,-0.10306805372238159,0.29688650369644165,0.19409923255443573,-0.13598725199699402,0.2829171419143677,0.25125956535339355,-0.12997880578041077,0.31495150923728943,0.2620706558227539,-0.12419957667589188
2,0.3274366855621338,0.398452490568161,-2.8463500711950473e-07,0.3235424757003784,0.5224871039390564,-0.08025622367858887,0.3687259554862976,0.649660050868988,-0.13324260711669922,0.40972551703453064,0.7508373260498047,-0.17315547168254852,0.45051828026771545,0.8402186632156372,-0.20522037148475647,0.5246309041976929,0.4774598181247711,-0.1274062544107437,0.3990640938282013,0.4568277895450592,-0.18450836837291718,0.3752424120903015,0.4882785677909851,-0.21123401820659637,0.41529738903045654,0.5075090527534485,-0.2291390746831894,0.5321633219718933,0.362347811460495,-0.11418244987726212,0.37433239817619324,0.34998565912246704,-0.15996523201465607,0.3532281517982483,0.39923542737960815,-0.1658274382352829,0.39092060923576355,0.42033636569976807,-0.17372283339500427,0.510518491268158,0.2701570689678192,-0.10545950382947922,0.3687283396720886,0.2628111243247986,-0.14257971942424774,0.34541332721710205,0.3109385371208191,-0.12645737826824188,0.38113075494766235,0.3279217481613159,-0.11867236346006393,0.472765177488327,0.1896263062953949,-0.10605575889348984,0.3632064163684845,0.18672871589660645,-0.13027909398078918,0.34467613697052,0.23157887160778046,-0.12359438836574554,0.37537747621536255,0.2550383508205414,-0.11829733103513718
2,0.40033623576164246,0.6151024103164673,-3.650678195299406e-07,0.33192169666290283,0.5510612726211548,-0.0033251114655286074,0.2626503109931946,0.46393853425979614,-0.029140489175915718,0.20469528436660767,0.40596500039100647,-0.05478866025805473,0.15178950130939484,0.3750086724758148,-0.07529263198375702,0.2872965931892395,0.40835830569267273,-0.08230318874120712,0.3372708261013031,0.2475084513425827,-0.11481865495443344,0.35544353723526,0.29132694005966187,-0.1161581501364708,0.34446844458580017,0.34798064827919006,-0.11278175562620163,0.337877094745636,0.432272732257843,-0.09880819916725159,0.38876157999038696,0.2679833173751831,-0.12135705351829529,0.40000119805336,0.31922006607055664,-0.10432161390781403,0.3857397735118866,0.37714749574661255,-0.0951298177242279,0.39491385221481323,0.45584478974342346,-0.11256542801856995,0.43461844325065613,0.30076417326927185,-0.12510688602924347,0.4413093626499176,0.3509036600589752,-0.09108241647481918,0.4282441735267639,0.40576380491256714,-0.07211775332689285,0.4540712535381317,0.4789525270462036,-0.12628600001335144,0.47902756929397583,0.34459272027015686,-0.12918999791145325,0.4804157614707947,0.3849247694015503,-0.10258490592241287,0.46741148829460144,0.4345235228538513,-0.08609356731176376
2,0.38781723380088806,0.6971491575241089,-1.8820500713445654e-07,0.3119186758995056,0.625342845916748,-0.027669208124279976,0.221359521150589,0.5471133589744568,-0.07186560332775116,0.14388269186019897,0.5394846796989441,-0.11126728355884552,0.06490267813205719,0.5485432147979736,-0.14534392952919006,0.23534280061721802,0.5964579582214355,-0.150552898645401,0.25082796812057495,0.3969225287437439,-0.2087029218673706,0.28457722067832947,0.43184664845466614,-0.21810224652290344,0.28335484862327576,0.4981633424758911,-0.21921314299106598,0.3036445677280426,0.634106457233429,-0.16637787222862244,0.3185493052005768,0.4003755748271942,-0.22292013466358185,0.341412752866745,0.4539540708065033,-0.20683114230632782,0.337652325630188,0.5298266410827637,-0.19604024291038513,0.37404146790504456,0.6478672623634338,-0.1802576184272766,0.37886205315589905,0.4330267906188965,-0.21917767822742462,0.394660085439682,0.4853590428829193,-0.1793551743030548,0.3908059597015381,0.5525897741317749,-0.154550701379776,0.4388943314552307,0.6484702825546265,-0.19570375978946686,0.4373617470264435,0.47722744941711426,-0.214456245303154,0.4416203498840332,0.5135676264762878,-0.18781623244285583,0.4397130310535431,0.5777449011802673,-0.17218030989170074
2,0.30367571115493774,0.5150807499885559,-4.399207398364524e-07,0.3745533525943756,0.5405086278915405,-0.0587182380259037,0.46878451108932495,0.5351436138153076,-0.09719701111316681,0.5518288016319275,0.541178822517395,-0.12563972175121307,0.6206930875778198,0.5290868878364563,-0.1480901837348938,0.3946705460548401,0.33699455857276917,-0.10685687512159348,0.35419762134552,0.49239253997802734,-0.14601285755634308,0.352807879447937,0.530094563961029,-0.1581566482782364,0.36560019850730896,0.4970933794975281,-0.16678202152252197,0.32841771841049194,0.2982434630393982,-0.09733639657497406,0.27966660261154175,0.49572959542274475,-0.12901175022125244,0.2914852499961853,0.5221898555755615,-0.1262790411710739,0.3095839321613312,0.4830838739871979,-0.1283704787492752,0.26804518699645996,0.2958245277404785,-0.0897815153002739,0.22522692382335663,0.4717571437358856,-0.11819200962781906,0.2392088919878006,0.5059201717376709,-0.10023044049739838,0.25789523124694824,0.4709639251232147,-0.09032789617776871,0.20792970061302185,0.3124440610408783,-0.08944864571094513,0.17186816036701202,0.44145894050598145,-0.11407996714115143,0.18732911348342896,0.4744313657283783,-0.10842707753181458,0.20774921774864197,0.4512251317501068,-0.10237538069486618
2,0.3100872337818146,0.5459179282188416,-4.1318349985886016e-07,0.37001702189445496,0.5922800302505493,-0.06594812124967575,0.45906537771224976,0.6040517687797546,-0.10830477625131607,0.535991370677948,0.6383857727050781,-0.13937699794769287,0.6009712219238281,0.6680660843849182,-0.16288670897483826,0.4054935872554779,0.38654088973999023,-0.11377459019422531,0.3340234160423279,0.5216132402420044,-0.15556581318378448,0.3339943289756775,0.5641849637031555,-0.16639435291290283,0.35442250967025757,0.5405006408691406,-0.17269301414489746,0.35063380002975464,0.32506322860717773,-0.10125839710235596,0.2645048499107361,0.5054921507835388,-0.1364876627922058,0.2801237404346466,0.5468026399612427,-0.1346580982208252,0.30839240550994873,0.5203040838241577,-0.13576234877109528,0.29441624879837036,0.30237239599227905,-0.09093911945819855,0.2181209772825241,0.46012410521507263,-0.12113465368747711,0.23392418026924133,0.5068548321723938,-0.10431831330060959,0.25979849696159363,0.4818970561027527,-0.0940990149974823,0.2329978495836258,0.30211716890335083,-0.08820214867591858,0.17344343662261963,0.41392964124679565,-0.1102922335267067,0.19142703711986542,0.4552581310272217,-0.10295228660106659,0.2204083502292633,0.440729558467865,-0.09535457193851471
2,0.3004823625087738,0.5432386994361877,-3.9596639567207603e-07,0.3574748635292053,0.5846121907234192,-0.06541290134191513,0.44900137186050415,0.5892119407653809,-0.10867857187986374,0.5316483378410339,0.6195001006126404,-0.1404726356267929,0.5955435633659363,0.6391041278839111,-0.16486139595508575,0.3848714232444763,0.3738365173339844,-0.11610622704029083,0.31481263041496277,0.5161240696907043,-0.1597411334514618,0.31823408603668213,0.5575395822525024,-0.1735769808292389,0.3411133587360382,0.5302699208259583,-0.18228189647197723,0.32745495438575745,0.3162817358970642,-0.1036079078912735,0.24716302752494812,0.49884217977523804,-0.13933296501636505,0.2628779411315918,0.5363681316375732,-0.13990670442581177,0.2893291711807251,0.5049791932106018,-0.14367961883544922,0.270597904920578,0.2974402904510498,-0.09295438975095749,0.20055384933948517,0.4539138674736023,-0.1233702227473259,0.21740423142910004,0.4989527463912964,-0.10811370611190796,0.24200403690338135,0.4692486524581909,-0.09982774406671524,0.2098601758480072,0.3023691475391388,-0.08966214209794998,0.1555648148059845,0.41386333107948303,-0.11110281199216843,0.1741560399532318,0.45375725626945496,-0.10407903790473938,0.20164050161838531,0.4353850185871124,-0.09755942970514297
2,0.2828974425792694,0.6500500440597534,-4.786444378623855e-07,0.32769811153411865,0.6264918446540833,-0.07164838165044785,0.38626614212989807,0.5379236340522766,-0.11845332384109497,0.4628071188926697,0.4587710499763489,-0.1531602442264557,0.5298871994018555,0.3905571699142456,-0.1774064004421234,0.2612760663032532,0.39627566933631897,-0.10528356581926346,0.26360806822776794,0.5988293290138245,-0.15947993099689484,0.28283432126045227,0.6424202919006348,-0.1850212961435318,0.2889710068702698,0.5917725563049316,-0.20236371457576752,0.19184450805187225,0.3921320140361786,-0.0930083692073822,0.194096177816391,0.6138787269592285,-0.14180392026901245,0.21997971832752228,0.6432852745056152,-0.1474916785955429,0.22135448455810547,0.5858898758888245,-0.1523985117673874,0.13774162530899048,0.4171352684497833,-0.08593045920133591,0.1433236449956894,0.6114188432693481,-0.13005748391151428,0.1769230216741562,0.6454595923423767,-0.11665330082178116,0.18066126108169556,0.5955784916877747,-0.10703969746828079,0.09344466030597687,0.4631623327732086,-0.08712536841630936,0.09022422134876251,0.6069415807723999,-0.12026069313287735,0.11970801651477814,0.6382943391799927,-0.11828149855136871,0.13034766912460327,0.6010633707046509,-0.11311115324497223
2,0.2906547784805298,0.7128244042396545,-4.794322876477963e-07,0.33464428782463074,0.6655022501945496,-0.07497436553239822,0.37602466344833374,0.541281521320343,-0.12044170498847961,0.4323016107082367,0.4230709671974182,-0.15332749485969543,0.48208487033843994,0.3250137269496918,-0.17593668401241302,0.20404253900051117,0.42358338832855225,-0.09217772632837296,0.24550040066242218,0.6028908491134644,-0.13778872787952423,0.26731932163238525,0.6468302607536316,-0.15686427056789398,0.2646610140800476,0.6022700071334839,-0.16943909227848053,0.1345556080341339,0.4492972195148468,-0.07733143121004105,0.17892572283744812,0.6360806226730347,-0.11849326640367508,0.20515602827072144,0.6690791249275208,-0.12077167630195618,0.19654588401317596,0.6204700469970703,-0.1226084902882576,0.0883268415927887,0.49638831615448,-0.06842536479234695,0.12436659634113312,0.6521667242050171,-0.1091061607003212,0.15812045335769653,0.6853052377700806,-0.09373296797275543,0.1539609134197235,0.6391941905021667,-0.08175497502088547,0.05284351110458374,0.5578421950340271,-0.06767746806144714,0.06843908131122589,0.6693195104598999,-0.09717175364494324,0.09992751479148865,0.7013154625892639,-0.09020640701055527,0.10475314408540726,0.6707532405853271,-0.08046221733093262
2,0.40774255990982056,0.7429980039596558,-5.405948400039051e-07,0.4796518385410309,0.6455187201499939,-0.08008577674627304,0.5237112641334534,0.5117778182029724,-0.1323433667421341,0.5770770907402039,0.4079187512397766,-0.17713062465190887,0.6156405806541443,0.30220383405685425,-0.21552123129367828,0.3753219246864319,0.4416700005531311,-0.13318538665771484,0.49384307861328125,0.5546779036521912,-0.2079438418149948,0.5272949934005737,0.6463663578033447,-0.24370990693569183,0.5104130506515503,0.6699986457824707,-0.2644498348236084,0.3015296459197998,0.5375089049339294,-0.12800107896327972,0.46546471118927,0.6682649850845337,-0.18852616846561432,0.48335930705070496,0.7148028612136841,-0.19750317931175232,0.4430978298187256,0.6979143619537354,-0.2083386331796646,0.259979784488678,0.6485164761543274,-0.1304834634065628,0.41775861382484436,0.755916178226471,-0.17970146238803864,0.4333746135234833,0.7805091142654419,-0.1625368595123291,0.3951893448829651,0.755052387714386,-0.15395288169384003,0.234920471906662,0.7651361227035522,-0.14328815042972565,0.3531261682510376,0.8221362829208374,-0.1796777993440628,0.3893979489803314,0.8267803192138672,-0.17330427467823029,0.38556796312332153,0.81248939037323,-0.16784793138504028
2,0.3573645055294037,0.6822530031204224,-3.836468920326297e-07,0.43118441104888916,0.5922646522521973,-0.07283831387758255,0.462924063205719,0.4491940438747406,-0.11339075863361359,0.48421287536621094,0.3330702781677246,-0.1448434442281723,0.5031418204307556,0.2102595567703247,-0.17226016521453857,0.33368441462516785,0.39930641651153564,-0.11659104377031326,0.4531952738761902,0.5291935801506042,-0.17432013154029846,0.4651760458946228,0.5722728371620178,-0.2013450711965561,0.4296589493751526,0.5514692664146423,-0.21968844532966614,0.26385337114334106,0.4828375577926636,-0.10873613506555557,0.4119434356689453,0.6275050640106201,-0.15235735476016998,0.42206472158432007,0.6455291509628296,-0.15324188768863678,0.37857550382614136,0.609860897064209,-0.1608303189277649,0.22215478122234344,0.5831094980239868,-0.10759861022233963,0.3602743148803711,0.7006527185440063,-0.14890453219413757,0.3756101131439209,0.7092671394348145,-0.12923505902290344,0.3379526138305664,0.670341968536377,-0.1202923059463501,0.19581370055675507,0.6892417669296265,-0.11575179547071457,0.30652379989624023,0.7607704401016235,-0.15166835486888885,0.33787065744400024,0.7703875303268433,-0.14729715883731842,0.3266974985599518,0.758584201335907,-0.1440363973379135
2,0.3572002649307251,0.7258340716362,-4.934393018629635e-07,0.38208135962486267,0.5908547639846802,-0.049243368208408356,0.4053146243095398,0.4241693317890167,-0.07770063728094101,0.4242902398109436,0.29821300506591797,-0.10228682309389114,0.43089503049850464,0.1917072832584381,-0.12421256303787231,0.360938161611557,0.4543878734111786,-0.09734252840280533,0.5120627880096436,0.5195806622505188,-0.15243133902549744,0.4975244402885437,0.5533751249313354,-0.17930780351161957,0.4470330774784088,0.543437659740448,-0.1988307535648346,0.32725387811660767,0.5591717958450317,-0.10336319357156754,0.5069772601127625,0.6298294067382812,-0.14668504893779755,0.4782896041870117,0.6469565629959106,-0.1471506804227829,0.41811004281044006,0.6236619353294373,-0.15536662936210632,0.3099193572998047,0.6649854779243469,-0.11473523825407028,0.47367990016937256,0.7195836305618286,-0.15333962440490723,0.4514634311199188,0.7249756455421448,-0.1330883949995041,0.40082046389579773,0.6983000636100769,-0.12346956878900528,0.3007800579071045,0.7621443271636963,-0.1338122934103012,0.434587687253952,0.7903982996940613,-0.16675737500190735,0.42419883608818054,0.786046028137207,-0.16297927498817444,0.3816433250904083,0.7765911221504211,-0.16109390556812286
2,0.31532663106918335,0.7926112413406372,-6.904356837367231e-07,0.3338952362537384,0.6121048927307129,-0.03846951574087143,0.3460889160633087,0.433877170085907,-0.06340067833662033,0.32823604345321655,0.30722886323928833,-0.08583129942417145,0.295116126537323,0.2010866403579712,-0.10272559523582458,0.2988475561141968,0.490646630525589,-0.07870903611183167,0.4697929620742798,0.492525190114975,-0.13936613500118256,0.44363072514533997,0.5473423600196838,-0.17283524572849274,0.38624873757362366,0.5524605512619019,-0.19488824903964996,0.28756028413772583,0.6087366342544556,-0.08849204331636429,0.4803929030895233,0.5977168679237366,-0.13566721975803375,0.43313342332839966,0.6426461935043335,-0.14200618863105774,0.37957045435905457,0.6448590159416199,-0.15446262061595917,0.29201313853263855,0.7138290405273438,-0.10366993397474289,0.4714867174625397,0.6942248344421387,-0.14392563700675964,0.4254538416862488,0.728254497051239,-0.13217377662658691,0.37753602862358093,0.7286005020141602,-0.12850947678089142,0.3016398549079895,0.8044672012329102,-0.12371224164962769,0.44195085763931274,0.7849581241607666,-0.14715330302715302,0.41154563426971436,0.7996381521224976,-0.1415809988975525,0.36638981103897095,0.8013763427734375,-0.14196573197841644
2,0.3243481516838074,0.8398021459579468,-7.760787639199407e-07,0.30735325813293457,0.6564461588859558,-0.039689868688583374,0.2822425067424774,0.4700128138065338,-0.06359496712684631,0.2357950210571289,0.34762853384017944,-0.08458537608385086,0.17679092288017273,0.25965139269828796,-0.0993245393037796,0.2569159269332886,0.5317166447639465,-0.07303287088871002,0.42026451230049133,0.4639419913291931,-0.13351625204086304,0.40388739109039307,0.5312913656234741,-0.166061133146286,0.34980013966560364,0.5584624409675598,-0.18705874681472778,0.2729543149471283,0.6433156132698059,-0.08126804232597351,0.4528302550315857,0.55404132604599,-0.13062028586864471,0.4139024317264557,0.6187494993209839,-0.13796916604042053,0.3645617365837097,0.6443148255348206,-0.14919991791248322,0.2997971773147583,0.7388544082641602,-0.0953221321105957,0.46964773535728455,0.642916202545166,-0.13914959132671356,0.4318171441555023,0.6988116502761841,-0.12847135961055756,0.3895339071750641,0.7194863557815552,-0.12313936650753021,0.3316107988357544,0.8187000751495361,-0.11400126665830612,0.47055912017822266,0.7299506664276123,-0.1395758092403412,0.44328609108924866,0.762225329875946,-0.13444671034812927,0.4006478190422058,0.7863415479660034,-0.13361738622188568
2,0.307608425617218,0.9546577334403992,-7.203530003607739e-07,0.2686169147491455,0.786224365234375,-0.029938044026494026,0.2349257469177246,0.5736346244812012,-0.05843323469161987,0.1801309436559677,0.4435234069824219,-0.08357341587543488,0.10778678953647614,0.3692566454410553,-0.10147514194250107,0.2358650267124176,0.600294291973114,-0.09428483247756958,0.3827858865261078,0.4879918694496155,-0.14795361459255219,0.3695122003555298,0.5538749694824219,-0.16751639544963837,0.32014092803001404,0.5983328223228455,-0.17771270871162415,0.2703946828842163,0.7007833123207092,-0.10543866455554962,0.43190884590148926,0.5734013319015503,-0.1446194052696228,0.39917272329330444,0.6359711289405823,-0.13765111565589905,0.34929609298706055,0.6792604327201843,-0.13897575438022614,0.3169407248497009,0.7920660376548767,-0.11845575273036957,0.460548460483551,0.6630676984786987,-0.14750012755393982,0.4229642450809479,0.7145100831985474,-0.12363854050636292,0.37658122181892395,0.7497082948684692,-0.11245731264352798,0.3641921281814575,0.8686273097991943,-0.13402551412582397,0.47172263264656067,0.7453776597976685,-0.142146036028862,0.4410615563392639,0.7802895307540894,-0.12194468826055527,0.3978540003299713,0.817740797996521,-0.11311735212802887
2,0.3128223717212677,0.9767662286758423,-8.326618399223662e-07,0.26588740944862366,0.8062519431114197,-0.030529266223311424,0.22006666660308838,0.5883806347846985,-0.056858696043491364,0.15620076656341553,0.45407405495643616,-0.08015676587820053,0.07736678421497345,0.3891166150569916,-0.09581132978200912,0.2188621610403061,0.6191684603691101,-0.08152393251657486,0.3622019290924072,0.4912821054458618,-0.13414709270000458,0.3493610620498657,0.5623548030853271,-0.15450963377952576,0.30000126361846924,0.6065076589584351,-0.16585539281368256,0.25852474570274353,0.7176691293716431,-0.09226956218481064,0.41393041610717773,0.5674222111701965,-0.13106465339660645,0.38041624426841736,0.6379305720329285,-0.12452922761440277,0.3311813473701477,0.6848309636116028,-0.1261521279811859,0.3092223107814789,0.80303955078125,-0.10621236264705658,0.44742029905319214,0.6527990698814392,-0.13624538481235504,0.4098030924797058,0.7117910981178284,-0.11404503136873245,0.36454328894615173,0.7509920597076416,-0.10373426973819733,0.3623918890953064,0.8720884323120117,-0.12299105525016785,0.46505972743034363,0.7326105237007141,-0.1311904639005661,0.43396759033203125,0.7742953300476074,-0.11235915124416351,0.3901638090610504,0.8180574178695679,-0.10465212911367416
2,0.37013402581214905,0.5976160764694214,-4.830005195799458e-07,0.4546489715576172,0.592414915561676,-0.06253830343484879,0.5387714505195618,0.5309664011001587,-0.10080832988023758,0.6161414384841919,0.48843613266944885,-0.13015642762184143,0.6864110231399536,0.43432191014289856,-0.15641391277313232,0.44779035449028015,0.38555216789245605,-0.1135936826467514,0.4608010947704315,0.5720919966697693,-0.1622198224067688,0.46727070212364197,0.6160038709640503,-0.1827591508626938,0.4718424081802368,0.5852659344673157,-0.1944429725408554,0.3614410161972046,0.3833902180194855,-0.10583730041980743,0.390916645526886,0.6094759702682495,-0.13862793147563934,0.4016972482204437,0.6324310302734375,-0.13397933542728424,0.4013872742652893,0.5904930233955383,-0.13548405468463898,0.29121994972229004,0.41322439908981323,-0.10205471515655518,0.3229396641254425,0.6135377883911133,-0.13502191007137299,0.33966752886772156,0.6398375034332275,-0.11057332158088684,0.34595394134521484,0.6021943688392639,-0.0946284756064415,0.2281477004289627,0.4595479667186737,-0.10648249834775925,0.24261455237865448,0.5881615877151489,-0.1372300386428833,0.2613944411277771,0.6332125067710876,-0.12458387762308121,0.27185648679733276,0.6340650916099548,-0.11111808568239212
2,0.35336193442344666,0.5821877717971802,-3.7134486774448305e-07,0.43758928775787354,0.5917978882789612,-0.06556075811386108,0.5276052355766296,0.5421918630599976,-0.10638057440519333,0.6076636910438538,0.5044661164283752,-0.13675598800182343,0.6809554100036621,0.45399320125579834,-0.16317321360111237,0.43204590678215027,0.39407140016555786,-0.12397809326648712,0.43520358204841614,0.5855447053909302,-0.17255741357803345,0.44398659467697144,0.6113632917404175,-0.19086356461048126,0.4507203698158264,0.5711341500282288,-0.20146949589252472,0.34478050470352173,0.37833717465400696,-0.11465087532997131,0.3635132610797882,0.6177800297737122,-0.1467275768518448,0.3787195086479187,0.621317982673645,-0.13834629952907562,0.3828676640987396,0.5703207850456238,-0.1370394080877304,0.27543988823890686,0.3985806107521057,-0.10897033661603928,0.2955045700073242,0.6149146556854248,-0.13946707546710968,0.31354543566703796,0.6257898807525635,-0.10916104167699814,0.3230190575122833,0.5781016945838928,-0.08925139158964157,0.21349850296974182,0.4375390112400055,-0.11236825585365295,0.22038769721984863,0.5834757089614868,-0.14285525679588318,0.2385452836751938,0.6183823943138123,-0.12910443544387817,0.25152695178985596,0.6092454791069031,-0.11429505795240402
2,0.3621416687965393,0.5348596572875977,-3.6778541812054755e-07,0.44916805624961853,0.5683950185775757,-0.07178475707769394,0.5432998538017273,0.5492658615112305,-0.11572252213954926,0.6218956708908081,0.5497096180915833,-0.14868523180484772,0.7022557258605957,0.5380280613899231,-0.17569707334041595,0.46577587723731995,0.3549041748046875,-0.12134193629026413,0.4350436329841614,0.548229992389679,-0.1725894957780838,0.43754664063453674,0.588077187538147,-0.189508318901062,0.45140886306762695,0.5539785027503967,-0.1980944573879242,0.38239526748657227,0.320429265499115,-0.10912156105041504,0.3596639037132263,0.5575869679450989,-0.14686128497123718,0.3726109564304352,0.5780279040336609,-0.13801327347755432,0.3834953010082245,0.5301763415336609,-0.13328483700752258,0.31201988458633423,0.32660186290740967,-0.101721853017807,0.29210591316223145,0.5345897078514099,-0.13716602325439453,0.3059273064136505,0.5603413581848145,-0.10588708519935608,0.31875401735305786,0.5187728404998779,-0.08256642520427704,0.24591869115829468,0.35025039315223694,-0.10377676039934158,0.22727252542972565,0.49295103549957275,-0.1365310251712799,0.2407892346382141,0.5311560034751892,-0.1237073764204979,0.2538803219795227,0.5144136548042297,-0.1077786311507225
2,0.4028666913509369,0.49388739466667175,-4.3749457745434484e-07,0.4862280488014221,0.5514833331108093,-0.07183320820331573,0.5842908024787903,0.5577334761619568,-0.116428442299366,0.6626734733581543,0.5684077143669128,-0.1494964063167572,0.7419029474258423,0.5554428100585938,-0.17597420513629913,0.5315964221954346,0.3318824768066406,-0.12152400612831116,0.4776167869567871,0.5111907720565796,-0.1708189994096756,0.4733331501483917,0.5568632483482361,-0.1872824728488922,0.48888134956359863,0.5284995436668396,-0.1965024769306183,0.45457836985588074,0.2755221128463745,-0.11023607105016708,0.4008583724498749,0.499558687210083,-0.14678512513637543,0.4106835722923279,0.5269390344619751,-0.13911260664463043,0.428446888923645,0.48467856645584106,-0.1365112066268921,0.3834587037563324,0.2650400996208191,-0.10360635817050934,0.3389366567134857,0.461498886346817,-0.14021036028862,0.34914010763168335,0.49455052614212036,-0.1107979342341423,0.3699020743370056,0.4592052102088928,-0.08977090567350388,0.3150280714035034,0.27419400215148926,-0.1058686226606369,0.2773561477661133,0.4004490375518799,-0.14050625264644623,0.2849569320678711,0.44713515043258667,-0.1282966434955597,0.3016583025455475,0.4427029490470886,-0.11337683349847794
2,0.43596479296684265,0.491895854473114,-4.53978827863466e-07,0.5031923651695251,0.5583510398864746,-0.06605789065361023,0.6015422344207764,0.5979161262512207,-0.10949935764074326,0.6827938556671143,0.6428035497665405,-0.14211750030517578,0.7562253475189209,0.659134566783905,-0.1691427081823349,0.5854496359825134,0.34940117597579956,-0.11844298243522644,0.5110529661178589,0.5034945607185364,-0.16443878412246704,0.4965197741985321,0.5410417914390564,-0.18074931204319,0.5146375894546509,0.5164236426353455,-0.19146087765693665,0.5214764475822449,0.2786749601364136,-0.10817679017782211,0.43482908606529236,0.4738227427005768,-0.14293472468852997,0.436596155166626,0.5036455988883972,-0.13893930613994598,0.45943957567214966,0.47280383110046387,-0.14000453054904938,0.45561641454696655,0.2512187957763672,-0.10062924772500992,0.37788841128349304,0.4242784082889557,-0.13175275921821594,0.3841755986213684,0.4598127007484436,-0.10786721855401993,0.41169923543930054,0.43044111132621765,-0.09281200915575027,0.3853748142719269,0.2420073300600052,-0.10125688463449478,0.3277144730091095,0.3594084680080414,-0.1294059455394745,0.33656448125839233,0.4010101556777954,-0.11986936628818512,0.3627029061317444,0.38995349407196045,-0.10892447829246521
2,0.4426475167274475,0.4794974625110626,-4.06866718094534e-07,0.4973451793193817,0.5592311024665833,-0.07084184139966965,0.5856715440750122,0.6230709552764893,-0.12018351256847382,0.6598626971244812,0.6901811361312866,-0.157810240983963,0.7301158905029297,0.7343870401382446,-0.1884206384420395,0.6026590466499329,0.3590885400772095,-0.1270521581172943,0.49904486536979675,0.48341575264930725,-0.1735621690750122,0.4863321781158447,0.5247998833656311,-0.18812841176986694,0.5126055479049683,0.5031651854515076,-0.1980816125869751,0.5507805347442627,0.2763991951942444,-0.11640806496143341,0.4295769929885864,0.43411004543304443,-0.15372586250305176,0.4313071072101593,0.48264285922050476,-0.1505078673362732,0.4641788601875305,0.4613164961338043,-0.15266630053520203,0.4920424818992615,0.2336895763874054,-0.10823512822389603,0.3860747218132019,0.3748396039009094,-0.1401350200176239,0.38928714394569397,0.4286932349205017,-0.11800229549407959,0.4232141971588135,0.41167697310447693,-0.10558701306581497,0.42639681696891785,0.20984892547130585,-0.10857279598712921,0.3478090763092041,0.30628326535224915,-0.13355958461761475,0.35197365283966064,0.35690951347351074,-0.12387585639953613,0.3815518021583557,0.353555291891098,-0.11487437039613724
2,0.4339713752269745,0.4707440137863159,-3.4565289297461277e-07,0.4844048023223877,0.5543427467346191,-0.07507386803627014,0.5730302333831787,0.6229667067527771,-0.1275191456079483,0.6479724645614624,0.6945412158966064,-0.16688764095306396,0.7178463339805603,0.7381464242935181,-0.19830818474292755,0.5972533822059631,0.35742518305778503,-0.13434427976608276,0.48694664239883423,0.4751962423324585,-0.18207277357578278,0.47725850343704224,0.5166987180709839,-0.19568663835525513,0.5112103223800659,0.4956073462963104,-0.20486070215702057,0.548804521560669,0.27544111013412476,-0.12213780730962753,0.42130592465400696,0.42556244134902954,-0.16132307052612305,0.4243062138557434,0.4696962237358093,-0.15862929821014404,0.4610249698162079,0.4460369348526001,-0.16137461364269257,0.4919431805610657,0.2299170345067978,-0.11253880709409714,0.38206636905670166,0.3639484941959381,-0.14709290862083435,0.38579127192497253,0.4173194169998169,-0.1259726881980896,0.42265671491622925,0.4002426266670227,-0.11415403336286545,0.4271346926689148,0.20225048065185547,-0.11142773926258087,0.34837839007377625,0.29082775115966797,-0.13728170096874237,0.35319584608078003,0.3419128656387329,-0.12789374589920044,0.38525107502937317,0.34113115072250366,-0.1194390133023262
2,0.38067856431007385,0.6188962459564209,-3.705722804170364e-07,0.4744291603565216,0.6196323037147522,-0.07989054173231125,0.5642619132995605,0.5586298704147339,-0.12971384823322296,0.6443812847137451,0.512447714805603,-0.16758374869823456,0.7240581512451172,0.4510393738746643,-0.1988515704870224,0.4665529429912567,0.3839882016181946,-0.12570016086101532,0.47728192806243896,0.5931530594825745,-0.18534299731254578,0.48208457231521606,0.6300602555274963,-0.21146260201931,0.4835171401500702,0.5880786776542664,-0.2269706279039383,0.3774661123752594,0.377920538187027,-0.11288253962993622,0.40498241782188416,0.624669075012207,-0.15724149346351624,0.41901329159736633,0.6385771036148071,-0.15382112562656403,0.4161534309387207,0.5777722001075745,-0.15392448008060455,0.3045909106731415,0.4059324562549591,-0.10689783841371536,0.3339924216270447,0.6305538415908813,-0.14837627112865448,0.3534948229789734,0.6440617442131042,-0.12048491090536118,0.3555654287338257,0.5843407511711121,-0.10052572190761566,0.23751406371593475,0.44887325167655945,-0.11135389655828476,0.2583824098110199,0.6110678315162659,-0.1487751007080078,0.278653621673584,0.6385366916656494,-0.13972410559654236,0.2854997217655182,0.6049160957336426,-0.12751930952072144
2,0.33070290088653564,0.5869580507278442,-3.250526958709088e-07,0.4176097810268402,0.5907288789749146,-0.06840302795171738,0.5077146887779236,0.5305348634719849,-0.11168554425239563,0.5869652032852173,0.4872918128967285,-0.14437846839427948,0.6570457816123962,0.43006786704063416,-0.17106153070926666,0.4021517336368561,0.36852458119392395,-0.11750899255275726,0.4088224470615387,0.5747777223587036,-0.1662491410970688,0.41036611795425415,0.6009589433670044,-0.18486721813678741,0.4098101556301117,0.5544857978820801,-0.19734406471252441,0.3151806592941284,0.363770991563797,-0.10878977179527283,0.33816611766815186,0.6120814681053162,-0.14478328824043274,0.35148733854293823,0.609409749507904,-0.13860365748405457,0.3511274456977844,0.549267590045929,-0.13819430768489838,0.24737821519374847,0.39452067017555237,-0.10457288473844528,0.2698765993118286,0.6122053861618042,-0.13595180213451385,0.2836305797100067,0.6154131293296814,-0.10449321568012238,0.28383857011795044,0.5553587675094604,-0.08432146161794662,0.18633295595645905,0.44158628582954407,-0.10993167012929916,0.19848860800266266,0.5938128232955933,-0.13951674103736877,0.21604371070861816,0.6098741888999939,-0.12752826511859894,0.22561384737491608,0.5713874101638794,-0.11458376795053482
2,0.3185652494430542,0.5567589402198792,-4.2807022282431717e-07,0.40641963481903076,0.5663526058197021,-0.06836453825235367,0.500030517578125,0.5099971890449524,-0.11067543923854828,0.5742158889770508,0.47141799330711365,-0.14124134182929993,0.6317873001098633,0.41516950726509094,-0.16517646610736847,0.3873692452907562,0.3512616455554962,-0.1281980574131012,0.39741456508636475,0.5578683018684387,-0.1772131323814392,0.4012582004070282,0.5845195055007935,-0.19274859130382538,0.4017598330974579,0.5405421853065491,-0.2024865597486496,0.3002372682094574,0.3435104191303253,-0.11784421652555466,0.3271149694919586,0.5901710987091064,-0.15397024154663086,0.3383059799671173,0.5866762399673462,-0.1458655595779419,0.33603665232658386,0.5279457569122314,-0.14435915648937225,0.2332725077867508,0.3707062602043152,-0.1110692173242569,0.2617889642715454,0.5914697647094727,-0.14279533922672272,0.272434800863266,0.5959903001785278,-0.11126727610826492,0.26932406425476074,0.5386111736297607,-0.09130995720624924,0.17325237393379211,0.4144817590713501,-0.11381374299526215,0.1937819868326187,0.571760892868042,-0.14493902027606964,0.20853810012340546,0.5887556076049805,-0.13489536941051483,0.21141856908798218,0.5513230562210083,-0.12360629439353943
2,0.5554771423339844,0.4217439889907837,-6.136252750366111e-07,0.6514694094657898,0.4255334138870239,-0.032654598355293274,0.7418598532676697,0.3889229893684387,-0.05663686990737915,0.8141301870346069,0.3562367856502533,-0.07867085188627243,0.8802567720413208,0.3151090443134308,-0.09668869525194168,0.7157386541366577,0.2233692705631256,-0.07860090583562851,0.7196153998374939,0.40620601177215576,-0.11901457607746124,0.6906603574752808,0.44679170846939087,-0.13089844584465027,0.6782445311546326,0.4127126634120941,-0.13913469016551971,0.6368727087974548,0.20467740297317505,-0.08646410703659058,0.6523039937019348,0.441886842250824,-0.11964742094278336,0.6319810748100281,0.4629722833633423,-0.11548329144716263,0.6186957359313965,0.40784162282943726,-0.1169343814253807,0.5633333325386047,0.22669944167137146,-0.09657325595617294,0.584755003452301,0.4434424340724945,-0.12651990354061127,0.5723516345024109,0.4580165147781372,-0.10491998493671417,0.5612769722938538,0.40050071477890015,-0.09360909461975098,0.49192380905151367,0.2678000330924988,-0.11221560835838318,0.5173418521881104,0.4303014278411865,-0.14137527346611023,0.5185447931289673,0.4582768380641937,-0.13590718805789948,0.5102231502532959,0.42557621002197266,-0.12980781495571136
2,0.5614128112792969,0.42267999053001404,-5.914922098781972e-07,0.6641622185707092,0.4174213409423828,-0.028169970959424973,0.7523061037063599,0.36201125383377075,-0.04524065554141998,0.819919228553772,0.3161255121231079,-0.06079380214214325,0.880337119102478,0.27126073837280273,-0.07247506827116013,0.7208400368690491,0.20403152704238892,-0.05915474146604538,0.7383639812469482,0.36140018701553345,-0.09883614629507065,0.7098851203918457,0.40077686309814453,-0.11420279741287231,0.6948547959327698,0.36520063877105713,-0.12454358488321304,0.64886075258255,0.1915791928768158,-0.06690627336502075,0.6732586026191711,0.4041387736797333,-0.09903773665428162,0.6526265144348145,0.42727360129356384,-0.09854850172996521,0.6407771110534668,0.37353819608688354,-0.1012076735496521,0.5792676210403442,0.21685147285461426,-0.078098826110363,0.6066836714744568,0.41334789991378784,-0.10920095443725586,0.5980952382087708,0.4311397075653076,-0.09372664242982864,0.5908514857292175,0.37802746891975403,-0.08425812423229218,0.5142102241516113,0.2584500312805176,-0.09383855760097504,0.5401332974433899,0.40367478132247925,-0.12115245312452316,0.5427567362785339,0.42720136046409607,-0.11777722835540771,0.5356333255767822,0.39628344774246216,-0.11243948340415955
2,0.4215930104255676,0.6851846575737,-3.28119966752638e-07,0.5034290552139282,0.6540926694869995,-0.05878693237900734,0.5797606706619263,0.5801796913146973,-0.10105126351118088,0.6510180234909058,0.5172970294952393,-0.134928360581398,0.7119969129562378,0.438782274723053,-0.16393938660621643,0.48874935507774353,0.44524329900741577,-0.10771885514259338,0.517072319984436,0.6524801254272461,-0.15723326802253723,0.5361250638961792,0.6791843175888062,-0.18137425184249878,0.5464659929275513,0.6345771551132202,-0.19887909293174744,0.40394407510757446,0.462409108877182,-0.10386821627616882,0.45483270287513733,0.6918045282363892,-0.13938571512699127,0.4740253984928131,0.6963946223258972,-0.14111964404582977,0.46873295307159424,0.634930431842804,-0.15004843473434448,0.3362482786178589,0.5073180794715881,-0.1042325496673584,0.3907913267612457,0.7269555330276489,-0.13410769402980804,0.4125414490699768,0.738061249256134,-0.11517186462879181,0.4051554501056671,0.680026650428772,-0.10849162191152573,0.27905791997909546,0.5670070052146912,-0.11306493729352951,0.32564663887023926,0.7409420609474182,-0.13772927224636078,0.3454090356826782,0.7639415860176086,-0.13222412765026093,0.3369237184524536,0.7301092147827148,-0.12980183959007263
2,0.5051686763763428,0.4136737287044525,-3.3009655453497544e-07,0.5807995796203613,0.48329395055770874,-0.06323813647031784,0.6768976449966431,0.5317551493644714,-0.10329173505306244,0.7563050985336304,0.5821420550346375,-0.13480298221111298,0.8139964938163757,0.6256994009017944,-0.1569293588399887,0.7379404306411743,0.2800109386444092,-0.08569935709238052,0.6768251061439514,0.31245148181915283,-0.13281716406345367,0.645283043384552,0.37369847297668457,-0.1458418369293213,0.6678839325904846,0.37095779180526733,-0.15185195207595825,0.6923630833625793,0.196127787232399,-0.07771100848913193,0.6177935004234314,0.25943073630332947,-0.12089378386735916,0.5881763100624084,0.33826887607574463,-0.11476684361696243,0.6139745116233826,0.3216325044631958,-0.10728084295988083,0.6363720297813416,0.14638540148735046,-0.07596594095230103,0.5685864090919495,0.20534400641918182,-0.117055244743824,0.5475841164588928,0.2879457473754883,-0.09517612308263779,0.5734219551086426,0.28736796975135803,-0.0769478976726532,0.5799257159233093,0.11404705047607422,-0.0813334658741951,0.5297545194625854,0.15882498025894165,-0.10615529865026474,0.51442551612854,0.22966989874839783,-0.09402121603488922,0.5303040146827698,0.24305091798305511,-0.08044993132352829
2,0.48024383187294006,0.4862140119075775,-3.094350518040301e-07,0.5418342351913452,0.5594902634620667,-0.07173766195774078,0.6383541226387024,0.6099205613136292,-0.11581097543239594,0.7196536064147949,0.6566815376281738,-0.15008436143398285,0.7825677990913391,0.6973809003829956,-0.1764565408229828,0.6966872811317444,0.34276363253593445,-0.08874927461147308,0.6175354719161987,0.40009504556655884,-0.14004245400428772,0.5898609161376953,0.4542945325374603,-0.16184546053409576,0.6241461634635925,0.44895416498184204,-0.1742561012506485,0.651550829410553,0.26390546560287476,-0.07904187589883804,0.564622163772583,0.34395483136177063,-0.125124990940094,0.5410398244857788,0.41067028045654297,-0.12905609607696533,0.5703795552253723,0.3927547335624695,-0.1293887346982956,0.5960444211959839,0.21665412187576294,-0.0756453275680542,0.5162804126739502,0.2861172556877136,-0.1190590113401413,0.4983746409416199,0.3611816167831421,-0.10382311046123505,0.5299922823905945,0.3545611798763275,-0.0901866927742958,0.5365816354751587,0.18313468992710114,-0.07985566556453705,0.47976574301719666,0.22955435514450073,-0.10266105085611343,0.46710169315338135,0.29915496706962585,-0.08931319415569305,0.48901987075805664,0.31174367666244507,-0.07553282380104065
2,0.4009789824485779,0.6032435297966003,-4.258735657458601e-07,0.46346431970596313,0.6523966789245605,-0.06286844611167908,0.5604777336120605,0.6802849173545837,-0.10375022888183594,0.6436984539031982,0.7258004546165466,-0.13729597628116608,0.7121627926826477,0.7741568088531494,-0.16214406490325928,0.6037492156028748,0.4203791618347168,-0.07839147746562958,0.522752046585083,0.4752007722854614,-0.1283566951751709,0.4953770339488983,0.5265050530433655,-0.14922383427619934,0.5237478017807007,0.5057709217071533,-0.16202619671821594,0.562210738658905,0.3379766643047333,-0.07294156402349472,0.4573795795440674,0.421390175819397,-0.11754539608955383,0.43944913148880005,0.49497735500335693,-0.12030855566263199,0.46899786591529846,0.4778938889503479,-0.11987096071243286,0.5080904960632324,0.2891102731227875,-0.07357219606637955,0.4136713743209839,0.36672067642211914,-0.11395423114299774,0.40084561705589294,0.44751232862472534,-0.0965476855635643,0.43128323554992676,0.4373915493488312,-0.08192503452301025,0.4475352168083191,0.25714731216430664,-0.08169589936733246,0.3784322142601013,0.3138169050216675,-0.10312002897262573,0.3701617121696472,0.3840654492378235,-0.08948517590761185,0.395724892616272,0.39099937677383423,-0.0751618891954422
2,0.36225271224975586,0.6200631260871887,-2.520633017866203e-07,0.4201325476169586,0.6625611782073975,-0.0692116916179657,0.5171307325363159,0.67071533203125,-0.11248215287923813,0.6072574853897095,0.7118298411369324,-0.1479778289794922,0.6783171892166138,0.7546548843383789,-0.17348341643810272,0.5519010424613953,0.39401280879974365,-0.06927910447120667,0.46975812315940857,0.45966067910194397,-0.1257738322019577,0.45058977603912354,0.5212532877922058,-0.15470468997955322,0.48885297775268555,0.507593035697937,-0.17150452733039856,0.5079182386398315,0.3201674222946167,-0.061527036130428314,0.4070371389389038,0.4095954895019531,-0.10962036997079849,0.39580103754997253,0.48720046877861023,-0.11366946995258331,0.433173805475235,0.46993502974510193,-0.11218419671058655,0.45097389817237854,0.28016483783721924,-0.06285642832517624,0.36041104793548584,0.3624745011329651,-0.10783695429563522,0.3517274260520935,0.4495444595813751,-0.09058256447315216,0.38748815655708313,0.4409082233905792,-0.07363881170749664,0.3895791172981262,0.25708383321762085,-0.07257679104804993,0.32044297456741333,0.31413161754608154,-0.09522619098424911,0.31257808208465576,0.38869884610176086,-0.08072911947965622,0.33963605761528015,0.3957017958164215,-0.0647282749414444
2,0.3776037395000458,0.6822934150695801,-4.492140703860059e-07,0.46088266372680664,0.680303156375885,-0.062498170882463455,0.5613958835601807,0.6263831853866577,-0.09980590641498566,0.6414948105812073,0.588525116443634,-0.12834297120571136,0.712183952331543,0.5554473400115967,-0.14842931926250458,0.47621479630470276,0.38472920656204224,-0.07996687293052673,0.4585534632205963,0.5270659923553467,-0.1274944394826889,0.46396857500076294,0.593626856803894,-0.1501362919807434,0.47903287410736084,0.5564127564430237,-0.16510680317878723,0.39775025844573975,0.3579137623310089,-0.07418142259120941,0.37986716628074646,0.5406004786491394,-0.11217735707759857,0.3976210653781891,0.6084244251251221,-0.11379507184028625,0.4138658344745636,0.5629404187202454,-0.11620678007602692,0.32970279455184937,0.36883655190467834,-0.07462061941623688,0.3107565939426422,0.5331315994262695,-0.11043498665094376,0.3343707025051117,0.6075242757797241,-0.09308218210935593,0.35496652126312256,0.575011670589447,-0.08159109950065613,0.2664642632007599,0.3975566029548645,-0.08283501863479614,0.24750645458698273,0.5256949067115784,-0.1054878830909729,0.2662009596824646,0.5888469219207764,-0.09495870769023895,0.28382760286331177,0.573885440826416,-0.08511020243167877
2,0.3713104724884033,0.6929833292961121,-3.972996012180374e-07,0.45941343903541565,0.6550755500793457,-0.05303674191236496,0.5338704586029053,0.5598242878913879,-0.08671441674232483,0.5893306732177734,0.48206785321235657,-0.11467447876930237,0.648491621017456,0.413021057844162,-0.13658808171749115,0.4151608943939209,0.39119988679885864,-0.0742843896150589,0.45548155903816223,0.5505801439285278,-0.12132011353969574,0.46524178981781006,0.59053635597229,-0.14758659899234772,0.45611485838890076,0.5506171584129333,-0.16658450663089752,0.3276374936103821,0.41272079944610596,-0.07364208251237869,0.3913021981716156,0.6113673448562622,-0.1075267419219017,0.4148674011230469,0.63288414478302,-0.1099512130022049,0.4087871313095093,0.5759456753730774,-0.11708450317382812,0.2632681131362915,0.4713304936885834,-0.0791470929980278,0.3243873119354248,0.6494555473327637,-0.10994695127010345,0.3531125783920288,0.6720693111419678,-0.09297046810388565,0.3512468636035919,0.6231456995010376,-0.08484446257352829,0.21202321350574493,0.5448132157325745,-0.09231514483690262,0.2576598525047302,0.6768947243690491,-0.11578196287155151,0.2821057438850403,0.6999390125274658,-0.10926707834005356,0.27956879138946533,0.669791579246521,-0.10429385304450989
2,0.37381207942962646,0.719915509223938,-5.229174462328956e-07,0.4383504390716553,0.6175156831741333,-0.04860522225499153,0.47008979320526123,0.486258327960968,-0.07740820944309235,0.500276505947113,0.37443041801452637,-0.10149402916431427,0.5176190137863159,0.26698940992355347,-0.12016349285840988,0.3207247853279114,0.4270823001861572,-0.08118665218353271,0.4379705786705017,0.5400387644767761,-0.12579719722270966,0.4585955739021301,0.5840664505958557,-0.14466960728168488,0.43315690755844116,0.5633387565612793,-0.1584061086177826,0.2542286515235901,0.5056530237197876,-0.08269257098436356,0.41166025400161743,0.6434217691421509,-0.11424634605646133,0.42486482858657837,0.6585397124290466,-0.11388290673494339,0.3851052522659302,0.6171571612358093,-0.12094391882419586,0.2200901359319687,0.6066066026687622,-0.08932885527610779,0.3669385612010956,0.7243533730506897,-0.1206628605723381,0.381902277469635,0.7326846718788147,-0.10237341374158859,0.342734158039093,0.6893866062164307,-0.09466703981161118,0.20183783769607544,0.7153483629226685,-0.10326125472784042,0.3191867172718048,0.8031883239746094,-0.13334479928016663,0.3424825072288513,0.808700680732727,-0.1300196796655655,0.31807708740234375,0.7866894006729126,-0.12687411904335022
2,0.34744325280189514,0.7455897927284241,-5.237627647147747e-07,0.3866768777370453,0.6199837923049927,-0.047713812440633774,0.3829343318939209,0.47643083333969116,-0.07563211768865585,0.38225480914115906,0.3540184497833252,-0.09909191727638245,0.3697397708892822,0.24302056431770325,-0.11841730773448944,0.2322007417678833,0.4966541528701782,-0.0876481756567955,0.36764609813690186,0.5479511618614197,-0.12839221954345703,0.3877659738063812,0.5816483497619629,-0.14321666955947876,0.3500722348690033,0.5783873200416565,-0.15606525540351868,0.18928411602973938,0.6053006649017334,-0.09160064905881882,0.37212714552879333,0.6581460237503052,-0.12194889783859253,0.38686907291412354,0.6674771308898926,-0.12160436064004898,0.334306538105011,0.6469496488571167,-0.12998929619789124,0.18454468250274658,0.7181384563446045,-0.09924852102994919,0.35260525345802307,0.7545466423034668,-0.12823505699634552,0.37118321657180786,0.7559898495674133,-0.10814245790243149,0.3235411047935486,0.7341116666793823,-0.10131761431694031,0.19674015045166016,0.8315173387527466,-0.11447841674089432,0.3324645459651947,0.8576011657714844,-0.14412599802017212,0.3665836453437805,0.8409682512283325,-0.13929279148578644,0.3491400182247162,0.8199985027313232,-0.1362960785627365
2,0.35446488857269287,0.7653647065162659,-5.13634347498737e-07,0.35333549976348877,0.6187512874603271,-0.04213744029402733,0.3086933493614197,0.469312846660614,-0.06473315507173538,0.27435874938964844,0.3521333932876587,-0.08389396220445633,0.23331166803836823,0.24652060866355896,-0.1005803570151329,0.2107781171798706,0.544837474822998,-0.08099575340747833,0.3610450029373169,0.500116765499115,-0.1255258172750473,0.37285229563713074,0.5478190183639526,-0.14924587309360504,0.32871013879776,0.5692058801651001,-0.16965988278388977,0.20941221714019775,0.6605406999588013,-0.08757058531045914,0.3918396830558777,0.5948185920715332,-0.12103615701198578,0.3885563313961029,0.6249335408210754,-0.12456023693084717,0.3374539315700531,0.6416333913803101,-0.13706466555595398,0.23477020859718323,0.7682938575744629,-0.09825163334608078,0.39729729294776917,0.7006399035453796,-0.1318913698196411,0.3953206539154053,0.719388484954834,-0.11687358468770981,0.34755823016166687,0.7335330247879028,-0.11261104792356491,0.2695087194442749,0.8644077777862549,-0.11539964377880096,0.3881710171699524,0.8038753271102905,-0.1490578055381775,0.39278173446655273,0.794231653213501,-0.14914986491203308,0.36535292863845825,0.802470862865448,-0.15007293224334717
2,0.36506760120391846,0.8606774806976318,-6.334976205835119e-07,0.3250639736652374,0.6928848028182983,-0.03448502719402313,0.2512124180793762,0.5241671204566956,-0.04959021881222725,0.18943320214748383,0.40203171968460083,-0.06235482543706894,0.1285083293914795,0.2980026304721832,-0.07002846896648407,0.16632571816444397,0.5918615460395813,-0.0525054894387722,0.31540751457214355,0.4951026737689972,-0.09704944491386414,0.3294025957584381,0.5576181411743164,-0.12168164551258087,0.28281956911087036,0.5982081294059753,-0.14219830930233002,0.18184247612953186,0.6969442963600159,-0.060087744146585464,0.357086181640625,0.5819063782691956,-0.10098998993635178,0.35076838731765747,0.64466792345047,-0.11297698318958282,0.30298060178756714,0.6816356778144836,-0.1294025033712387,0.2201366126537323,0.7928560376167297,-0.0726979598402977,0.38353431224823,0.6804863810539246,-0.11088650673627853,0.378645122051239,0.7340606451034546,-0.10827416926622391,0.33694159984588623,0.7633171677589417,-0.11093325167894363,0.26805558800697327,0.8705881834030151,-0.09024549275636673,0.3955862522125244,0.7716385722160339,-0.12241977453231812,0.3908514082431793,0.7970691919326782,-0.1305183619260788,0.3534611463546753,0.8284988403320312,-0.13794948160648346
2,0.4826645851135254,0.8579699397087097,-7.863536097829638e-07,0.34959501028060913,0.7635901570320129,-0.04445844143629074,0.20585668087005615,0.6830410957336426,-0.06676793098449707,0.09902393817901611,0.6526166796684265,-0.08558529615402222,0.016799867153167725,0.6448003053665161,-0.0974905788898468,0.2411348819732666,0.7851876020431519,-0.07982726395130157,0.2877182364463806,0.5722974538803101,-0.1396906077861786,0.3177776038646698,0.6252583265304565,-0.17015662789344788,0.29793524742126465,0.6941438913345337,-0.19143249094486237,0.31798768043518066,0.8343508243560791,-0.08674685657024384,0.3758229911327362,0.5820660591125488,-0.13973954319953918,0.38704922795295715,0.6630605459213257,-0.14622095227241516,0.3660798668861389,0.7339916229248047,-0.1574167162179947,0.3922496438026428,0.8580806851387024,-0.10044514387845993,0.447126567363739,0.6211898922920227,-0.14270007610321045,0.4508882462978363,0.7015516757965088,-0.1329447329044342,0.427278608083725,0.7626217007637024,-0.13044330477714539,0.45873934030532837,0.8640040159225464,-0.12093028426170349,0.4973425269126892,0.6774979829788208,-0.14745786786079407,0.4966164827346802,0.7343255877494812,-0.14989390969276428,0.4823111295700073,0.7993608117103577,-0.15563680231571198
2,0.567540168762207,0.6972994804382324,-6.349582122311404e-07,0.46096235513687134,0.6029883623123169,-0.05067838728427887,0.3488604426383972,0.5167900919914246,-0.08128993958234787,0.2601057291030884,0.46806925535202026,-0.10585242509841919,0.18141888082027435,0.43119096755981445,-0.12637537717819214,0.4054643213748932,0.6223971843719482,-0.10708953440189362,0.47558021545410156,0.41187310218811035,-0.16100263595581055,0.4811066687107086,0.4578917622566223,-0.18886113166809082,0.4521884322166443,0.5223973393440247,-0.20995868742465973,0.4796285331249237,0.6781749129295349,-0.11016324162483215,0.5501297116279602,0.4366787075996399,-0.15075722336769104,0.539292573928833,0.5043586492538452,-0.15143036842346191,0.5114090442657471,0.5710562467575073,-0.16440126299858093,0.5477732419967651,0.7088322639465332,-0.11756748706102371,0.612282395362854,0.480503112077713,-0.15056733787059784,0.5978277325630188,0.5443496108055115,-0.135244682431221,0.5672183632850647,0.5975799560546875,-0.1337096095085144,0.606755793094635,0.7201871871948242,-0.1321268379688263,0.6555243730545044,0.541103720664978,-0.15537989139556885,0.6425210237503052,0.5800003409385681,-0.15337617695331573,0.6223496198654175,0.6359447836875916,-0.1590675413608551
2,0.5856510400772095,0.6948473453521729,-8.848013521856046e-07,0.4961546063423157,0.534675657749176,-0.0213942788541317,0.39789244532585144,0.3939940333366394,-0.03430239483714104,0.31149187684059143,0.31422144174575806,-0.047580450773239136,0.23466672003269196,0.2554861307144165,-0.05554896220564842,0.38463953137397766,0.43805021047592163,-0.04871003329753876,0.4839555323123932,0.29562848806381226,-0.09288667142391205,0.5091040730476379,0.3548731803894043,-0.11276018619537354,0.48584622144699097,0.40148645639419556,-0.12731948494911194,0.43574923276901245,0.5137478113174438,-0.06273475289344788,0.5558755397796631,0.3547435700893402,-0.09886142611503601,0.5610942244529724,0.42498236894607544,-0.1024162694811821,0.5358209013938904,0.4714033007621765,-0.11176267266273499,0.4934218227863312,0.577991783618927,-0.08102855831384659,0.6048845648765564,0.424658864736557,-0.11551637947559357,0.6036246418952942,0.48816752433776855,-0.10925363749265671,0.5770490765571594,0.5252038836479187,-0.10863327234983444,0.5538473129272461,0.6256281137466431,-0.10231874883174896,0.6465648412704468,0.4983881413936615,-0.12628112733364105,0.6428405046463013,0.5395633578300476,-0.12722870707511902,0.615604817867279,0.5819751024246216,-0.1302947998046875
2,0.5941088795661926,0.6853223443031311,-7.601288416481111e-07,0.5396308898925781,0.5291880369186401,-0.03586805611848831,0.45110398530960083,0.37182551622390747,-0.050979819148778915,0.3793564438819885,0.2629690170288086,-0.06437774747610092,0.317721962928772,0.16915667057037354,-0.07159680873155594,0.38528385758399963,0.4196597933769226,-0.03883546218276024,0.5251758694648743,0.32055503129959106,-0.08583487570285797,0.5406502485275269,0.38965368270874023,-0.11021242290735245,0.5027958750724792,0.4204306900501251,-0.12879684567451477,0.40681150555610657,0.5086447596549988,-0.04434915632009506,0.570777416229248,0.4002784192562103,-0.08609139919281006,0.5664293766021729,0.47090256214141846,-0.09470914304256439,0.5270425081253052,0.503180742263794,-0.10566218197345734,0.44241437315940857,0.589260458946228,-0.057291992008686066,0.5946688652038574,0.4836135804653168,-0.0987216904759407,0.591265857219696,0.544634222984314,-0.09901708364486694,0.5535867810249329,0.5708997249603271,-0.10095489025115967,0.48908114433288574,0.6506385207176208,-0.07510747760534286,0.6208242774009705,0.5714525580406189,-0.10874459147453308,0.6233336925506592,0.6134905815124512,-0.11967694014310837,0.587729811668396,0.650653600692749,-0.12772373855113983
2,0.40721285343170166,0.7244153022766113,-5.666568085871404e-07,0.45749375224113464,0.5617395043373108,-0.030093155801296234,0.4782450199127197,0.3950936198234558,-0.047367289662361145,0.48342567682266235,0.2716304063796997,-0.06250461935997009,0.47469592094421387,0.15532168745994568,-0.07167772948741913,0.3953859210014343,0.3771599531173706,-0.06430504471063614,0.5524790287017822,0.4049628674983978,-0.1129007562994957,0.5378397107124329,0.46423399448394775,-0.135808527469635,0.48736605048179626,0.4615722596645355,-0.15284419059753418,0.36940279603004456,0.4672149121761322,-0.0746811181306839,0.5529522895812988,0.5030067563056946,-0.12173344939947128,0.5206993818283081,0.5481652021408081,-0.13171274960041046,0.47082269191741943,0.540626585483551,-0.14336298406124115,0.36288517713546753,0.5697007775306702,-0.08850180357694626,0.5348044037818909,0.5997394323348999,-0.13108649849891663,0.5084497928619385,0.6345462799072266,-0.12432053685188293,0.46565407514572144,0.6250977516174316,-0.12078948318958282,0.37002572417259216,0.6687013506889343,-0.10624352842569351,0.509073793888092,0.6840090751647949,-0.14131808280944824,0.4999455511569977,0.6888473033905029,-0.14659476280212402,0.4630429744720459,0.6780474185943604,-0.14944393932819366
2,0.38646987080574036,0.5773458480834961,-4.040663270643563e-07,0.4732798933982849,0.5557998418807983,-0.04969252645969391,0.5459413528442383,0.4933306574821472,-0.08616728335618973,0.6163115501403809,0.45635807514190674,-0.11829371750354767,0.6763960123062134,0.4114716649055481,-0.14562399685382843,0.47034692764282227,0.3334285318851471,-0.08729536831378937,0.4999283254146576,0.4932953715324402,-0.13969145715236664,0.4992811381816864,0.5382261872291565,-0.16453924775123596,0.49258047342300415,0.5046506524085999,-0.18076425790786743,0.3856024444103241,0.3408561646938324,-0.08789445459842682,0.4365939497947693,0.5460105538368225,-0.12754741311073303,0.4469435513019562,0.5756674408912659,-0.12624706327915192,0.4376046657562256,0.5245790481567383,-0.12760475277900696,0.3181396722793579,0.3860570788383484,-0.09390749782323837,0.37065595388412476,0.5719854831695557,-0.12743306159973145,0.3880252540111542,0.5979496240615845,-0.10477298498153687,0.3806580603122711,0.5534291863441467,-0.0901079848408699,0.26220497488975525,0.44689294695854187,-0.10748648643493652,0.30244868993759155,0.5875201225280762,-0.13438203930854797,0.3239811956882477,0.6166876554489136,-0.1270151287317276,0.3223794102668762,0.5920089483261108,-0.11885233223438263
2,0.36003148555755615,0.5010353922843933,-3.542702984304924e-07,0.4349710941314697,0.5444597005844116,-0.06212006136775017,0.5311519503593445,0.5480284690856934,-0.1037687435746193,0.6115073561668396,0.5697544813156128,-0.1381371170282364,0.6848902702331543,0.5870275497436523,-0.16702167689800262,0.5001524686813354,0.31190937757492065,-0.08720419555902481,0.45392438769340515,0.44514450430870056,-0.13635006546974182,0.4431832432746887,0.5008233189582825,-0.16162890195846558,0.4611254930496216,0.4746912121772766,-0.178298220038414,0.43295910954475403,0.2636064291000366,-0.08061642944812775,0.3795486092567444,0.43394210934638977,-0.11859333515167236,0.3828689157962799,0.48992806673049927,-0.12124178558588028,0.40537282824516296,0.45637938380241394,-0.1252032220363617,0.3667429983615875,0.2525857090950012,-0.07976976037025452,0.31968313455581665,0.4087848663330078,-0.11348918080329895,0.3268835246562958,0.4657876789569855,-0.09892871975898743,0.34945130348205566,0.4404965043067932,-0.08936667442321777,0.3024512529373169,0.25729578733444214,-0.08686637878417969,0.2607293426990509,0.37252911925315857,-0.10867997258901596,0.26908713579177856,0.4239572286605835,-0.10103005915880203,0.2896427512168884,0.41326746344566345,-0.0935259535908699
2,0.3643624484539032,0.4609662890434265,-2.9974560789014504e-07,0.40690141916275024,0.5338284969329834,-0.07784409821033478,0.4933966100215912,0.5804661512374878,-0.1294676959514618,0.5723116993904114,0.6439573764801025,-0.16877543926239014,0.6414617300033569,0.6957806944847107,-0.19973136484622955,0.5199112892150879,0.3331952691078186,-0.12225143611431122,0.42852818965911865,0.42531725764274597,-0.1771070957183838,0.4118300676345825,0.4703370928764343,-0.19680114090442657,0.4470824897289276,0.4468258023262024,-0.20922718942165375,0.4789469242095947,0.25597089529037476,-0.1096385046839714,0.36905795335769653,0.37400123476982117,-0.15580695867538452,0.3611648380756378,0.43342700600624084,-0.15292534232139587,0.3950655460357666,0.411298543214798,-0.15116821229457855,0.4257916212081909,0.21441882848739624,-0.10205692797899246,0.32962244749069214,0.3204587399959564,-0.1443263590335846,0.322890043258667,0.38966429233551025,-0.1201135590672493,0.35513001680374146,0.37985724210739136,-0.10190175473690033,0.36746469140052795,0.19014503061771393,-0.10331105440855026,0.2925204634666443,0.26266124844551086,-0.13135673105716705,0.2916039526462555,0.3248744010925293,-0.11897962540388107,0.32129836082458496,0.3320087492465973,-0.10601650178432465
2,0.3370865285396576,0.5108801126480103,-1.4520520608130028e-07,0.36947518587112427,0.5495131611824036,-0.08677148073911667,0.43966591358184814,0.5757242441177368,-0.14592398703098297,0.5151956677436829,0.6416214108467102,-0.19121843576431274,0.5801454186439514,0.7106702327728271,-0.2238123118877411,0.5024113655090332,0.3110349774360657,-0.11614172905683517,0.3908432424068451,0.35978344082832336,-0.17885009944438934,0.37477946281433105,0.4185791313648224,-0.20622371137142181,0.42010337114334106,0.4102010130882263,-0.2229897826910019,0.47210878133773804,0.23322781920433044,-0.10108385235071182,0.3464929163455963,0.2947714924812317,-0.1516185849905014,0.3320200443267822,0.370395690202713,-0.15075597167015076,0.3764435648918152,0.35664016008377075,-0.14857438206672668,0.42593780159950256,0.1880539357662201,-0.09398680180311203,0.31894785165786743,0.24556775391101837,-0.13904747366905212,0.30438774824142456,0.3270393908023834,-0.1161554679274559,0.3423948585987091,0.32267946004867554,-0.09830652922391891,0.3735693097114563,0.16458812355995178,-0.09680044651031494,0.28879210352897644,0.19883033633232117,-0.12346063554286957,0.2824109196662903,0.2650061249732971,-0.11086583882570267,0.3149586021900177,0.2774035930633545,-0.09771357476711273
2,0.32733017206192017,0.437418669462204,-2.6791460072672635e-07,0.3691861629486084,0.4934467077255249,-0.07079223543405533,0.44947242736816406,0.5285956263542175,-0.11772531270980835,0.5207725763320923,0.5826377272605896,-0.1538839340209961,0.5775189995765686,0.6318849325180054,-0.17999304831027985,0.47153857350349426,0.2790708541870117,-0.1040443554520607,0.3764149844646454,0.35102707147598267,-0.15537546575069427,0.3652585744857788,0.40346235036849976,-0.17563970386981964,0.40229061245918274,0.3844964802265167,-0.18931367993354797,0.43116670846939087,0.20197878777980804,-0.09478077292442322,0.3195842504501343,0.2944961190223694,-0.13850244879722595,0.3135806918144226,0.366728812456131,-0.137448251247406,0.3494738042354584,0.35072481632232666,-0.13752934336662292,0.3800067901611328,0.16270531713962555,-0.09094329923391342,0.28475797176361084,0.24353794753551483,-0.1299007683992386,0.27818411588668823,0.3213810622692108,-0.10754118859767914,0.3106282949447632,0.31167030334472656,-0.09203064441680908,0.3248198628425598,0.1461315155029297,-0.09545127302408218,0.24940885603427887,0.1959119588136673,-0.1192237138748169,0.2493038922548294,0.2603205144405365,-0.10605327785015106,0.2798777222633362,0.26847559213638306,-0.093949094414711
2,0.2756772041320801,0.4659973084926605,-3.365631187079998e-07,0.33144399523735046,0.5147759914398193,-0.06375962495803833,0.416388601064682,0.5332966446876526,-0.1084638312458992,0.490350604057312,0.5769224166870117,-0.1434270590543747,0.5530576705932617,0.6054441928863525,-0.1711454838514328,0.3754338324069977,0.3116820752620697,-0.1140052005648613,0.30166685581207275,0.44096243381500244,-0.15874499082565308,0.3057054281234741,0.47973448038101196,-0.17423337697982788,0.3302563726902008,0.4525935649871826,-0.18458831310272217,0.3198448419570923,0.2504133880138397,-0.10480436682701111,0.22715730965137482,0.42070305347442627,-0.140928253531456,0.24310791492462158,0.4593079686164856,-0.1419534534215927,0.27301299571990967,0.4277890920639038,-0.14666642248630524,0.26223888993263245,0.2272055447101593,-0.09791514277458191,0.18000048398971558,0.3775404393672943,-0.12791019678115845,0.19728690385818481,0.4248186945915222,-0.11198470741510391,0.22528617084026337,0.398963063955307,-0.10419250279664993,0.19918791949748993,0.22483184933662415,-0.09867026656866074,0.13700850307941437,0.3372628092765808,-0.11826562881469727,0.15295402705669403,0.3777826726436615,-0.10992556065320969,0.18093639612197876,0.3585449457168579,-0.10387001931667328
2,0.20142918825149536,0.7694032788276672,-3.434443556216138e-07,0.22569823265075684,0.6244385242462158,-0.0074446373619139194,0.25306543707847595,0.4963744282722473,-0.03398238494992256,0.2661256790161133,0.38319844007492065,-0.060123663395643234,0.2602073550224304,0.29551002383232117,-0.08255507051944733,0.3482387065887451,0.544906735420227,-0.058359067887067795,0.45381465554237366,0.5314946174621582,-0.07219808548688889,0.4408378601074219,0.5505086183547974,-0.06864836066961288,0.4150911569595337,0.558222234249115,-0.06486273556947708,0.3673851490020752,0.6369011998176575,-0.06637375801801682,0.4615037143230438,0.6129106879234314,-0.06909836083650589,0.42949366569519043,0.6193330883979797,-0.0535539872944355,0.3906968832015991,0.6293027400970459,-0.04797891899943352,0.3766779899597168,0.7246060371398926,-0.07156050950288773,0.46563926339149475,0.6922501921653748,-0.0667194277048111,0.4348246157169342,0.6958368420600891,-0.03872782737016678,0.3951215445995331,0.7084061503410339,-0.026818351820111275,0.381569504737854,0.8054370880126953,-0.07696396112442017,0.4530705213546753,0.7690539956092834,-0.06762826442718506,0.4247499108314514,0.7664288282394409,-0.04047008603811264,0.39256787300109863,0.7746012210845947,-0.024265790358185768
2,0.10613702237606049,0.8135064244270325,-5.372613145482319e-07,0.13425572216510773,0.6557950377464294,-0.01383986510336399,0.17366716265678406,0.5018632411956787,-0.045854806900024414,0.18250274658203125,0.3725218176841736,-0.07818032801151276,0.16980132460594177,0.27007389068603516,-0.10490085929632187,0.24922262132167816,0.559450626373291,-0.0725046694278717,0.39178889989852905,0.540822446346283,-0.10743749141693115,0.3474152684211731,0.5664339661598206,-0.11722023785114288,0.29449883103370667,0.5746537446975708,-0.11888254433870316,0.26630979776382446,0.6703698635101318,-0.08367860317230225,0.3982221484184265,0.6328027844429016,-0.10137128084897995,0.35301169753074646,0.6435097455978394,-0.0915437862277031,0.3025592267513275,0.6537715196609497,-0.0873974934220314,0.27759724855422974,0.7742218971252441,-0.09374043345451355,0.398343026638031,0.7231640815734863,-0.10121585428714752,0.3563592731952667,0.7309778332710266,-0.07076656818389893,0.3069368004798889,0.7460148930549622,-0.05370606854557991,0.28673556447029114,0.8664705157279968,-0.10461178421974182,0.37820255756378174,0.8118191957473755,-0.09966591745615005,0.3454972207546234,0.8110527396202087,-0.06817016005516052,0.3067898154258728,0.8249513506889343,-0.047838788479566574
2,0.09986381232738495,0.7844709157943726,-5.080033815829665e-07,0.11490783095359802,0.6304774880409241,-0.014881739392876625,0.1428341567516327,0.4787769019603729,-0.04794982448220253,0.14443805813789368,0.3533627390861511,-0.08134240657091141,0.12845227122306824,0.24948114156723022,-0.10937028378248215,0.21830110251903534,0.5355924367904663,-0.0775337889790535,0.36104530096054077,0.5082082152366638,-0.1152840405702591,0.32080936431884766,0.5314501523971558,-0.12567266821861267,0.2701965272426605,0.5435408353805542,-0.12706218659877777,0.2381761521100998,0.6451032161712646,-0.08916326612234116,0.37314414978027344,0.5998411774635315,-0.11077427119016647,0.3292296230792999,0.60969078540802,-0.10036316514015198,0.2800597548484802,0.6241216659545898,-0.09532731771469116,0.25495561957359314,0.7454621195793152,-0.09984628111124039,0.3782394826412201,0.6883819103240967,-0.11079718917608261,0.3365271985530853,0.698100209236145,-0.07854043692350388,0.2889637351036072,0.7176992893218994,-0.0596623420715332,0.27080464363098145,0.8345874547958374,-0.11149110645055771,0.36538469791412354,0.7770306468009949,-0.10876089334487915,0.33256852626800537,0.7815195918083191,-0.0762978121638298,0.29425686597824097,0.7989075183868408,-0.055217523127794266
2,0.09450806677341461,0.800176203250885,-4.897280518889602e-07,0.11220859736204147,0.6465246081352234,-0.014827867038547993,0.14619958400726318,0.49022164940834045,-0.04587048292160034,0.15017463266849518,0.36262452602386475,-0.077294260263443,0.1330397129058838,0.2589840590953827,-0.10294109582901001,0.2164200097322464,0.5444568991661072,-0.07179845124483109,0.3623722791671753,0.519936203956604,-0.11008880287408829,0.3243432641029358,0.5440820455551147,-0.12059856206178665,0.27484241127967834,0.5559018850326538,-0.12183381617069244,0.23494215309619904,0.6528937816619873,-0.08324404805898666,0.37414130568504333,0.6088358759880066,-0.10601493716239929,0.3304526209831238,0.6207423806190491,-0.09596803039312363,0.2805691361427307,0.6347833275794983,-0.09011036157608032,0.25175103545188904,0.7530465126037598,-0.09438759833574295,0.377257764339447,0.6966096758842468,-0.10654376447200775,0.3354393243789673,0.7086403369903564,-0.07523585855960846,0.2877172827720642,0.7273874282836914,-0.05603377893567085,0.26854145526885986,0.8426331877708435,-0.10652469098567963,0.362748920917511,0.7851329445838928,-0.10440190881490707,0.33119216561317444,0.7913675308227539,-0.07343725860118866,0.2937834858894348,0.8070402145385742,-0.05295644327998161
2,0.1891394555568695,0.7966112494468689,-5.005118168810441e-07,0.22090232372283936,0.641263484954834,-0.009126772172749043,0.2546645402908325,0.4981078803539276,-0.039871588349342346,0.26052922010421753,0.3741883337497711,-0.07177166640758514,0.2494853138923645,0.2734164297580719,-0.09949550032615662,0.33990228176116943,0.5708277821540833,-0.0623730905354023,0.4605320692062378,0.5466395616531372,-0.09286396205425262,0.42595377564430237,0.5613141059875488,-0.10320273786783218,0.3800323009490967,0.5752021670341492,-0.10553029924631119,0.35558825731277466,0.6761370897293091,-0.07289784401655197,0.4702267050743103,0.6390119194984436,-0.08474880456924438,0.433379590511322,0.6394884586334229,-0.07483994215726852,0.38680917024612427,0.655804455280304,-0.0720674991607666,0.36644691228866577,0.7748274803161621,-0.08206863701343536,0.4709888696670532,0.7308200597763062,-0.08324729651212692,0.43636271357536316,0.729367733001709,-0.05562721565365791,0.39177829027175903,0.7475259900093079,-0.04256489500403404,0.3753027319908142,0.8647012710571289,-0.09188131242990494,0.46283799409866333,0.8172167539596558,-0.08237102627754211,0.4313441216945648,0.8103282451629639,-0.05191705375909805,0.3932182192802429,0.8242888450622559,-0.0334845595061779
2,0.30712252855300903,0.7616206407546997,-4.2531542021606583e-07,0.34275782108306885,0.6052321791648865,-0.006150273606181145,0.37646815180778503,0.46829819679260254,-0.03678151220083237,0.3908828794956207,0.34644925594329834,-0.06870972365140915,0.38402822613716125,0.2419908046722412,-0.09718287736177444,0.4818963408470154,0.5323341488838196,-0.05471135303378105,0.5961728692054749,0.512549638748169,-0.07832234352827072,0.5645684003829956,0.5370507836341858,-0.08738241344690323,0.5161037445068359,0.5482065677642822,-0.09039240330457687,0.5028179287910461,0.6270961761474609,-0.06474550068378448,0.6013880968093872,0.6015035510063171,-0.06705418229103088,0.5689398646354675,0.618566632270813,-0.058460406959056854,0.524833619594574,0.628200888633728,-0.05959814786911011,0.5123894214630127,0.7229542136192322,-0.07257073372602463,0.6005330681800842,0.6949774026870728,-0.06417110562324524,0.5705538392066956,0.7054751515388489,-0.03966360539197922,0.5270071029663086,0.7148987054824829,-0.03270300477743149,0.516209602355957,0.812063455581665,-0.08090944588184357,0.5836747884750366,0.7748469114303589,-0.06805431842803955,0.5536558628082275,0.776962399482727,-0.04009556025266647,0.5185907483100891,0.7868799567222595,-0.02440018206834793
2,0.44436323642730713,0.7048972845077515,-5.13205975494202e-07,0.480807900428772,0.538732647895813,-0.006147835403680801,0.5147973299026489,0.4046315550804138,-0.03016306273639202,0.535337507724762,0.2856489419937134,-0.05396604537963867,0.5346964597702026,0.18849709630012512,-0.0736100822687149,0.6582028269767761,0.4833615720272064,-0.03967801481485367,0.7315051555633545,0.4875054657459259,-0.03501691669225693,0.7056220769882202,0.5073623061180115,-0.022606976330280304,0.6661460995674133,0.5119041204452515,-0.015356364659965038,0.6783865690231323,0.5868331789970398,-0.044752221554517746,0.7260586023330688,0.5821953415870667,-0.026823222637176514,0.6927668452262878,0.591533362865448,-0.012781255878508091,0.6532806158065796,0.5998743176460266,-0.01345240231603384,0.6791503429412842,0.6856729984283447,-0.045961588621139526,0.7233023643493652,0.6705000400543213,-0.024688005447387695,0.6932844519615173,0.6759828925132751,-0.004730783402919769,0.65286785364151,0.6830004453659058,-0.0034728271421045065,0.6715782880783081,0.7743805646896362,-0.047562748193740845,0.7149877548217773,0.7535635232925415,-0.029647665098309517,0.6872002482414246,0.7486552000045776,-0.005986958276480436,0.6544404625892639,0.7527028322219849,0.006267422344535589
2,0.5181390047073364,0.6874686479568481,-6.911305945322965e-07,0.55165034532547,0.5196434855461121,-0.004952559247612953,0.5916577577590942,0.3870989680290222,-0.02621094137430191,0.6217731237411499,0.26594966650009155,-0.04647098481655121,0.6199495792388916,0.1682797074317932,-0.06273104250431061,0.7593201398849487,0.45910775661468506,-0.03798636049032211,0.8186416625976562,0.4804189205169678,-0.028311872854828835,0.7830266952514648,0.4988376796245575,-0.014322060160338879,0.7411978244781494,0.496768981218338,-0.007665316108614206,0.784744918346405,0.5634962320327759,-0.04102699086070061,0.8050068616867065,0.5768498182296753,-0.015813039615750313,0.7653180360794067,0.587244987487793,-0.0015530590899288654,0.7276674509048462,0.5908029079437256,-0.004348076414316893,0.7830305099487305,0.6668655872344971,-0.03916437178850174,0.7969146370887756,0.6660041809082031,-0.012137883342802525,0.762939453125,0.6723256707191467,0.006192740984261036,0.7228981256484985,0.6733641624450684,0.004376315511763096,0.7704342603683472,0.7572052478790283,-0.037955693900585175,0.7835503220558167,0.755037248134613,-0.015721704810857773,0.7510209083557129,0.752393901348114,0.005809074267745018,0.7193687558174133,0.7514036297798157,0.015651168301701546
2,0.2794914245605469,0.7580350041389465,-3.18867478199536e-07,0.2778366208076477,0.6339012384414673,-0.04209067299962044,0.2570720613002777,0.5285537838935852,-0.06418994814157486,0.2341952621936798,0.44040024280548096,-0.08266771584749222,0.2248513102531433,0.375993549823761,-0.08955488353967667,0.12386507540941238,0.5709856748580933,-0.018612446263432503,0.07201377302408218,0.5482506155967712,-0.0651857778429985,0.13413453102111816,0.5710041522979736,-0.08372952789068222,0.15274758636951447,0.5798840522766113,-0.08720079064369202,0.11321813613176346,0.6458739042282104,-0.012214282527565956,0.07125489413738251,0.6225588321685791,-0.054193031042814255,0.15378253161907196,0.6436418890953064,-0.05641363561153412,0.14744457602500916,0.6436383724212646,-0.04737415164709091,0.10392256081104279,0.7149624824523926,-0.015021775849163532,0.06849698722362518,0.6969004273414612,-0.05568665266036987,0.1389416754245758,0.7070333361625671,-0.03839202970266342,0.1306706815958023,0.7042571306228638,-0.01619468629360199,0.09395769983530045,0.7808250188827515,-0.021781744435429573,0.06695964932441711,0.7679600119590759,-0.03673393279314041,0.11580111086368561,0.7635281085968018,-0.016328956931829453,0.1233656257390976,0.765254020690918,0.0049713170155882835
2,0.27214866876602173,0.7610594630241394,-3.4234619761264184e-07,0.27268606424331665,0.6431369781494141,-0.038817230612039566,0.25313621759414673,0.537621796131134,-0.05981731042265892,0.22895681858062744,0.45722758769989014,-0.07749996334314346,0.22369346022605896,0.3952135145664215,-0.08407891541719437,0.12455090880393982,0.5806942582130432,-0.021152980625629425,0.06752647459506989,0.5601743459701538,-0.06684540212154388,0.13115717470645905,0.5837861895561218,-0.08443154394626617,0.15236635506153107,0.5904556512832642,-0.08740857988595963,0.1135750487446785,0.6546757221221924,-0.01570047438144684,0.06860268115997314,0.6314710378646851,-0.05569298192858696,0.1499958485364914,0.653396487236023,-0.0564488023519516,0.14556936919689178,0.6518754363059998,-0.0471242293715477,0.10336938500404358,0.7213119268417358,-0.018614450469613075,0.06595368683338165,0.7032685875892639,-0.05636666342616081,0.13464857637882233,0.7164736390113831,-0.037059277296066284,0.12873652577400208,0.7125501036643982,-0.01427618507295847,0.09375346451997757,0.7856029272079468,-0.02524861879646778,0.06328454613685608,0.7751572132110596,-0.03747740387916565,0.11128365993499756,0.7727609872817993,-0.015327940694987774,0.12160724401473999,0.773570716381073,0.006663443520665169
2,0.24346297979354858,0.760484516620636,-3.2669657912265393e-07,0.24325266480445862,0.6428566575050354,-0.0393364392220974,0.22717294096946716,0.5396813750267029,-0.05976208299398422,0.20457401871681213,0.45618486404418945,-0.07707981765270233,0.1986536681652069,0.3942522704601288,-0.0833374634385109,0.09728635847568512,0.5783095359802246,-0.015863679349422455,0.04085688292980194,0.5592992901802063,-0.06171858683228493,0.10206808149814606,0.5828940272331238,-0.0802711546421051,0.12603631615638733,0.5901947021484375,-0.08316794782876968,0.08582998812198639,0.6514456272125244,-0.009844912216067314,0.0397939532995224,0.6298511624336243,-0.05004769191145897,0.12105658650398254,0.6520913243293762,-0.05192118138074875,0.12052005529403687,0.6493356227874756,-0.04254332184791565,0.07573430240154266,0.7182446122169495,-0.012748549692332745,0.037581220269203186,0.7012700438499451,-0.05143889784812927,0.10681813955307007,0.7148034572601318,-0.033399492502212524,0.1041058897972107,0.7102229595184326,-0.010431057773530483,0.06680502742528915,0.7835088968276978,-0.01939518377184868,0.035010501742362976,0.7714380621910095,-0.031954385340213776,0.08355622738599777,0.7691802978515625,-0.010035727173089981,0.09559015184640884,0.7691384553909302,0.012398297898471355
2,0.18837207555770874,0.7575662136077881,-2.7891891818399017e-07,0.18606054782867432,0.6382540464401245,-0.038311492651700974,0.17171800136566162,0.5381550788879395,-0.05904931202530861,0.15269789099693298,0.4544786810874939,-0.07767069339752197,0.14388421177864075,0.39441436529159546,-0.08616118878126144,0.03808792680501938,0.5804633498191833,-0.008557911962270737,-0.006080277264118195,0.5486916899681091,-0.05618221312761307,0.050960928201675415,0.5769445896148682,-0.07991746068000793,0.06266602128744125,0.5912988185882568,-0.087652787566185,0.022565152496099472,0.6514500975608826,-0.00389719451777637,-0.015596926212310791,0.6188364624977112,-0.05192680284380913,0.06035444512963295,0.6431288719177246,-0.06279705464839935,0.05665931850671768,0.6510536670684814,-0.058779384940862656,0.011264011263847351,0.7190214395523071,-0.008258485235273838,-0.02115718275308609,0.6889040470123291,-0.053883202373981476,0.04680816829204559,0.7060756683349609,-0.0422457717359066,0.038702819496393204,0.7120792865753174,-0.02250008098781109,0.0005802437663078308,0.7841297388076782,-0.01582915708422661,-0.025123335421085358,0.7578696608543396,-0.03452879562973976,0.023806586861610413,0.7619999647140503,-0.01802678033709526,0.03017403930425644,0.7694590091705322,0.0007584849372506142
2,0.3650115132331848,0.7571483254432678,-3.782439534916193e-07,0.3692910671234131,0.6430959701538086,-0.041367415338754654,0.34644684195518494,0.5313707590103149,-0.062315843999385834,0.32367682456970215,0.44630712270736694,-0.07896120846271515,0.3160364627838135,0.38432127237319946,-0.08566852658987045,0.22424644231796265,0.5694655776023865,-0.02851051092147827,0.18417301774024963,0.5452294945716858,-0.07103914767503738,0.24310636520385742,0.5782255530357361,-0.08714919537305832,0.25597941875457764,0.5884352922439575,-0.09166303277015686,0.21001788973808289,0.6393473148345947,-0.02314017526805401,0.17866697907447815,0.6133366227149963,-0.0626486986875534,0.25511783361434937,0.6404824256896973,-0.06368125975131989,0.24900880455970764,0.6404227018356323,-0.05622604861855507,0.19999189674854279,0.7053395509719849,-0.025429558008909225,0.17208120226860046,0.6848975419998169,-0.06503162533044815,0.2405453771352768,0.7004098892211914,-0.047076284885406494,0.23551048338413239,0.6983740329742432,-0.026263557374477386,0.1916329264640808,0.7700629234313965,-0.03135544806718826,0.16908572614192963,0.7556530237197876,-0.048074666410684586,0.21797966957092285,0.7550013065338135,-0.02846555970609188,0.22684308886528015,0.7580488920211792,-0.008842848241329193
2,0.40675443410873413,0.7466905117034912,-4.065429095589934e-07,0.40956124663352966,0.6402184963226318,-0.036288920789957047,0.3842950165271759,0.5299299955368042,-0.05441877618432045,0.3599487543106079,0.44827979803085327,-0.06927013397216797,0.3507775068283081,0.391024649143219,-0.07530578970909119,0.2694598138332367,0.56833815574646,-0.02523893304169178,0.2343740463256836,0.5444445610046387,-0.06122703477740288,0.29006314277648926,0.5773968696594238,-0.07351340353488922,0.30048826336860657,0.5876999497413635,-0.07742797583341599,0.25498881936073303,0.6342647075653076,-0.02201463282108307,0.2273958921432495,0.6094167232513428,-0.056684043258428574,0.300322026014328,0.6363751292228699,-0.05613355338573456,0.2944853603839874,0.6377056241035461,-0.0491831935942173,0.2466367781162262,0.69813472032547,-0.02536896988749504,0.22144311666488647,0.6786985397338867,-0.061059534549713135,0.2867085635662079,0.6952356696128845,-0.042701877653598785,0.2819373607635498,0.6955665349960327,-0.02329813502728939,0.2407001107931137,0.7620203495025635,-0.0319136306643486,0.21962621808052063,0.7491394281387329,-0.0478377565741539,0.2663114070892334,0.7469253540039062,-0.02890920825302601,0.2752450406551361,0.7484833598136902,-0.010693024843931198
2,0.47321778535842896,0.7204232215881348,-3.512849957587605e-07,0.4752180278301239,0.6171867251396179,-0.03138362988829613,0.45378366112709045,0.5135483145713806,-0.04911842942237854,0.4311833083629608,0.4353151321411133,-0.0653347373008728,0.421497106552124,0.3769766688346863,-0.07410182058811188,0.34834161400794983,0.5474697351455688,-0.018590208142995834,0.3161856234073639,0.5211533308029175,-0.05148668959736824,0.36942073702812195,0.5513145327568054,-0.06263545155525208,0.38026419281959534,0.5633276104927063,-0.06648031622171402,0.33202454447746277,0.6079977750778198,-0.01773599535226822,0.3099607527256012,0.5830726623535156,-0.0493437722325325,0.3779969811439514,0.6090185046195984,-0.048861924558877945,0.37137335538864136,0.6119351387023926,-0.043052516877651215,0.32392507791519165,0.6694052815437317,-0.023187413811683655,0.30528685450553894,0.647133469581604,-0.056856073439121246,0.36536070704460144,0.6643289923667908,-0.03923177346587181,0.35963869094848633,0.6681486964225769,-0.02133098989725113,0.31855449080467224,0.7329789400100708,-0.031463537365198135,0.30403485894203186,0.7154581546783447,-0.04884474724531174,0.3485630750656128,0.7140144109725952,-0.032028988003730774,0.3550742268562317,0.7173981666564941,-0.015614681877195835
2,0.5623098015785217,0.7232868075370789,-3.791593030655349e-07,0.5656169652938843,0.6213390827178955,-0.030571069568395615,0.5395458340644836,0.5108084082603455,-0.046896085143089294,0.5189569592475891,0.43104201555252075,-0.06154518574476242,0.5106397867202759,0.37412118911743164,-0.06938797235488892,0.43676671385765076,0.5383504033088684,-0.021689174696803093,0.4184231758117676,0.5124808549880981,-0.05129269137978554,0.46841925382614136,0.5468610525131226,-0.06061283499002457,0.4741407334804535,0.5615441203117371,-0.06485415250062943,0.415581613779068,0.597224771976471,-0.021725846454501152,0.40850138664245605,0.574207603931427,-0.05092773213982582,0.4713149964809418,0.6015745997428894,-0.05063074827194214,0.46327313780784607,0.6069815754890442,-0.046395689249038696,0.40673646330833435,0.6598936319351196,-0.027389245107769966,0.40158113837242126,0.6403424143791199,-0.05909168720245361,0.45853686332702637,0.6564871668815613,-0.044162895530462265,0.45174330472946167,0.6630791425704956,-0.029600068926811218,0.4029454290866852,0.7231779098510742,-0.03586077690124512,0.4007883071899414,0.7043748497962952,-0.0539996437728405,0.443734347820282,0.7038859724998474,-0.0404677540063858,0.4468214213848114,0.7093939185142517,-0.027072826400399208
2,0.6438411474227905,0.7418065071105957,-3.2223280754806183e-07,0.6557061672210693,0.6469245553016663,-0.025368137285113335,0.6290605068206787,0.5386757850646973,-0.04081108048558235,0.6110215187072754,0.45708537101745605,-0.0571584515273571,0.60496586561203,0.3925516605377197,-0.06753379851579666,0.5195931792259216,0.5424354076385498,-0.015638886019587517,0.4944990873336792,0.5003950595855713,-0.052431169897317886,0.5282347202301025,0.5188460946083069,-0.06448481976985931,0.5518527626991272,0.5443192720413208,-0.06571950763463974,0.4903830885887146,0.5988966822624207,-0.017156921327114105,0.5154799818992615,0.5873894095420837,-0.05011516809463501,0.576736569404602,0.617960512638092,-0.048891518265008926,0.5749776363372803,0.6245005130767822,-0.04081399366259575,0.4805072546005249,0.6648831367492676,-0.025592772290110588,0.5184317827224731,0.6581048369407654,-0.060840725898742676,0.5683086514472961,0.6785527467727661,-0.04743480309844017,0.5601834058761597,0.6838783025741577,-0.03156867250800133,0.4798363447189331,0.7331362962722778,-0.036840006709098816,0.5127374529838562,0.7251556515693665,-0.058791015297174454,0.5542479753494263,0.7286511063575745,-0.049202144145965576,0.5518251657485962,0.7306981682777405,-0.03633759915828705
2,0.7317683696746826,0.7571583986282349,-2.396218690137175e-07,0.7513691782951355,0.6564359068870544,-0.011161436326801777,0.7352521419525146,0.5429527759552002,-0.019441204145550728,0.7148697972297668,0.46341174840927124,-0.030839933082461357,0.7064310312271118,0.401266485452652,-0.04121927544474602,0.619573712348938,0.5485811829566956,-0.005778084974735975,0.5954276323318481,0.5138496160507202,-0.025383949279785156,0.6025251746177673,0.5133875608444214,-0.03685004264116287,0.6096484661102295,0.5168934464454651,-0.043771062046289444,0.5856791734695435,0.6010736227035522,-0.011794579215347767,0.6231949925422668,0.593705415725708,-0.03077179193496704,0.6682767271995544,0.6212250590324402,-0.03534776344895363,0.6714253425598145,0.6343403458595276,-0.03674710541963577,0.575599730014801,0.6642038226127625,-0.0208389014005661,0.6221640110015869,0.6545308232307434,-0.0417097806930542,0.6622242331504822,0.6735185384750366,-0.03489439934492111,0.6627391576766968,0.6831251978874207,-0.028622115030884743,0.5753383040428162,0.7302945256233215,-0.0317324623465538,0.6204932928085327,0.7209202647209167,-0.04443659633398056,0.6548770070075989,0.7252624034881592,-0.03824741020798683,0.656713604927063,0.7276915311813354,-0.031403787434101105
2,0.7996714115142822,0.7594218254089355,-5.66284938940953e-07,0.8243840336799622,0.6438190937042236,-0.015398245304822922,0.8080121874809265,0.5243730545043945,-0.024125520139932632,0.7925410866737366,0.4452388882637024,-0.03416901454329491,0.787241518497467,0.38634902238845825,-0.03960413113236427,0.6825091242790222,0.5330022573471069,-0.012393975630402565,0.7215767502784729,0.5056030750274658,-0.0414695106446743,0.7601062059402466,0.5550298094749451,-0.05765927582979202,0.7519160509109497,0.5782382488250732,-0.06766580790281296,0.6527848839759827,0.5877777338027954,-0.018900752067565918,0.7252994179725647,0.5716063380241394,-0.04406879097223282,0.766193687915802,0.6128504276275635,-0.05056068301200867,0.7477815747261047,0.6267369389533997,-0.05403240770101547,0.645591676235199,0.6497509479522705,-0.029243865981698036,0.7176007032394409,0.6370089054107666,-0.05307091400027275,0.7559553384780884,0.6641921401023865,-0.048425231128931046,0.7383506894111633,0.6758309006690979,-0.044304147362709045,0.6499309539794922,0.7093089818954468,-0.041793424636125565,0.7104846835136414,0.6998040080070496,-0.05445992201566696,0.7406807541847229,0.711968183517456,-0.04995852708816528,0.7301416993141174,0.7218932509422302,-0.045017678290605545
2,0.4624464809894562,0.6114798784255981,-2.554704678914277e-07,0.49643367528915405,0.48096534609794617,-0.01266539841890335,0.5032024383544922,0.3791518211364746,-0.056518375873565674,0.5021697282791138,0.2966543436050415,-0.09814262390136719,0.48024943470954895,0.20335862040519714,-0.13473550975322723,0.433891624212265,0.38317105174064636,-0.15300942957401276,0.5426880121231079,0.36827370524406433,-0.20719072222709656,0.5463562607765198,0.4180026054382324,-0.19978263974189758,0.5145693421363831,0.43992525339126587,-0.18913520872592926,0.4252959191799164,0.45566490292549133,-0.17736829817295074,0.5477190017700195,0.4377632439136505,-0.22156724333763123,0.5364421606063843,0.4949130117893219,-0.1794091910123825,0.5003896355628967,0.5082487463951111,-0.1517636775970459,0.4284946024417877,0.5324962139129639,-0.20051676034927368,0.5390979647636414,0.517803966999054,-0.237644761800766,0.5275952816009521,0.5594483613967896,-0.18228374421596527,0.4962273836135864,0.570643424987793,-0.147723987698555,0.4379475712776184,0.5996334552764893,-0.22582635283470154,0.5159614682197571,0.5983582735061646,-0.25748905539512634,0.5129725337028503,0.6056208610534668,-0.23996242880821228,0.4910464584827423,0.6098429560661316,-0.22726550698280334
2,0.4233006238937378,0.6383528113365173,-5.510908067662967e-07,0.46561765670776367,0.49988922476768494,-0.01866048574447632,0.4908004105091095,0.3657568097114563,-0.04035266116261482,0.4878435730934143,0.2692893147468567,-0.06164855137467384,0.47095000743865967,0.18365712463855743,-0.07758930325508118,0.4489426910877228,0.37468060851097107,-0.06965567171573639,0.5741087794303894,0.3735153079032898,-0.11465207487344742,0.556360125541687,0.42533060908317566,-0.1313491016626358,0.5168513059616089,0.4296973645687103,-0.1422988474369049,0.4404505789279938,0.4545838534832001,-0.08429594337940216,0.5839105248451233,0.4476363956928253,-0.12281540781259537,0.5540584325790405,0.48696789145469666,-0.12139023095369339,0.5150465369224548,0.4891955852508545,-0.12575668096542358,0.44384199380874634,0.5334866642951965,-0.10090546309947968,0.5797966718673706,0.5234542489051819,-0.1324581503868103,0.5476178526878357,0.5545764565467834,-0.11683595180511475,0.5122200846672058,0.5539245009422302,-0.11016048491001129,0.45577821135520935,0.6062557697296143,-0.11981824040412903,0.568158745765686,0.5913777351379395,-0.13728098571300507,0.545093834400177,0.6046385765075684,-0.1298302710056305,0.5084381103515625,0.6042018532752991,-0.1284259855747223
2,0.4204210340976715,0.5891213417053223,-2.807463772569463e-07,0.44462472200393677,0.48103365302085876,-0.01590825617313385,0.4825282394886017,0.3510374426841736,-0.04074344038963318,0.4919399321079254,0.2544102668762207,-0.06357189267873764,0.48195770382881165,0.17187592387199402,-0.0814926028251648,0.48645657300949097,0.36665546894073486,-0.08146805316209793,0.6100577712059021,0.3606400787830353,-0.11871466785669327,0.5960578322410583,0.3981422483921051,-0.12934830784797668,0.5590372085571289,0.4075149893760681,-0.13335177302360535,0.4851655066013336,0.44191694259643555,-0.09279651194810867,0.6223167777061462,0.4384707510471344,-0.12077078968286514,0.5971870422363281,0.4664492905139923,-0.11315883696079254,0.555698037147522,0.471396803855896,-0.11075428873300552,0.49177032709121704,0.5224536061286926,-0.1031111478805542,0.6216760873794556,0.5124954581260681,-0.12261485308408737,0.5936450958251953,0.5303179621696472,-0.10040262341499329,0.5536304116249084,0.5338213443756104,-0.08819609135389328,0.5033787488937378,0.5985302925109863,-0.11420851945877075,0.6116740703582764,0.5795860886573792,-0.12191702425479889,0.590636134147644,0.584497332572937,-0.10422702133655548,0.5515298843383789,0.5878387689590454,-0.09400088340044022
2,0.39071691036224365,0.6064213514328003,-4.030247851005697e-07,0.403678834438324,0.486268013715744,-0.012252751737833023,0.42880523204803467,0.3639878034591675,-0.03562631085515022,0.44079872965812683,0.26508447527885437,-0.058542486280202866,0.437103807926178,0.1873411238193512,-0.07662902027368546,0.4924338757991791,0.38318684697151184,-0.05278662592172623,0.5942935943603516,0.3752210736274719,-0.07934145629405975,0.5715707540512085,0.4029015302658081,-0.08761485666036606,0.5370778441429138,0.41120171546936035,-0.09038328379392624,0.5074667930603027,0.4600633978843689,-0.06179547682404518,0.6026153564453125,0.4466937482357025,-0.07568855583667755,0.5731185078620911,0.4668545722961426,-0.06806033104658127,0.5360407829284668,0.4739358127117157,-0.06577975302934647,0.5205162167549133,0.53937828540802,-0.07058867812156677,0.6080808639526367,0.5158470273017883,-0.08006087690591812,0.5791087746620178,0.5340287685394287,-0.05706077814102173,0.5424841046333313,0.5466410517692566,-0.04409028962254524,0.5315080881118774,0.6161359548568726,-0.08011800795793533,0.6034004092216492,0.5836496949195862,-0.08131527900695801,0.5783207416534424,0.5947661399841309,-0.05884392932057381,0.5473943948745728,0.6061519384384155,-0.043776530772447586
2,0.3585127592086792,0.6325409412384033,-4.890168838755926e-07,0.36943066120147705,0.49751174449920654,-0.009932808578014374,0.38457587361335754,0.38168564438819885,-0.03166311979293823,0.3977208733558655,0.28042933344841003,-0.05270944908261299,0.39682963490486145,0.2028530240058899,-0.06918849796056747,0.4861033856868744,0.4033421277999878,-0.03783838078379631,0.556896984577179,0.3967817425727844,-0.04790491238236427,0.5311704277992249,0.42196574807167053,-0.04818198084831238,0.49918630719184875,0.43096688389778137,-0.04835152253508568,0.5101569890975952,0.4785139262676239,-0.04331541433930397,0.5691311955451965,0.46109479665756226,-0.04249194264411926,0.5391024351119995,0.47871309518814087,-0.034738875925540924,0.5072830319404602,0.4917296767234802,-0.03519963473081589,0.5242632627487183,0.5549685955047607,-0.047268692404031754,0.5802730321884155,0.5287855267524719,-0.043920714408159256,0.5543424487113953,0.5428030490875244,-0.025656359270215034,0.5223342776298523,0.55994713306427,-0.019182421267032623,0.5327016115188599,0.6268203854560852,-0.05169956758618355,0.5801723003387451,0.5926610231399536,-0.046471383422613144,0.5554362535476685,0.5998572707176208,-0.02641170658171177,0.5299567580223083,0.6148286461830139,-0.013764883391559124
2,0.3184729516506195,0.6585698127746582,-5.269546932140656e-07,0.32232367992401123,0.5204125046730042,-0.009478844702243805,0.33648979663848877,0.41257691383361816,-0.02776825986802578,0.35269540548324585,0.3150016665458679,-0.04504166170954704,0.35350197553634644,0.23863817751407623,-0.05874768644571304,0.47807925939559937,0.43356648087501526,-0.01875581406056881,0.5053011775016785,0.4327928423881531,-0.015667179599404335,0.4780622124671936,0.45267170667648315,-0.015037750825285912,0.4488650858402252,0.46710819005966187,-0.01665022037923336,0.5076097249984741,0.5081775784492493,-0.01860935240983963,0.5191115736961365,0.49606388807296753,-0.003884698962792754,0.4903251826763153,0.5055208802223206,-0.0007637353264726698,0.4632570743560791,0.5225086808204651,-0.007049335166811943,0.515373945236206,0.5845057368278503,-0.01619808003306389,0.528353214263916,0.5634997487068176,-0.0015882463194429874,0.5042620301246643,0.570031464099884,0.008151308633387089,0.47472482919692993,0.5864173173904419,0.006693169008940458,0.5135597586631775,0.6526674032211304,-0.014553899876773357,0.5322550535202026,0.6320726275444031,-0.0016411530086770654,0.5102362036705017,0.6346040964126587,0.014083030633628368,0.4864442050457001,0.6463708877563477,0.023047080263495445
2,0.4344959855079651,0.7207966446876526,-3.894800499892881e-07,0.4610021114349365,0.5955666303634644,-0.0070990705862641335,0.4991036653518677,0.47921961545944214,-0.02914055436849594,0.5208210945129395,0.3832398056983948,-0.05065270513296127,0.5221805572509766,0.30414071679115295,-0.06736765056848526,0.5750944018363953,0.5017896890640259,-0.053739994764328,0.6823912262916565,0.5212521553039551,-0.07327825576066971,0.6580460071563721,0.54966801404953,-0.07476254552602768,0.6217671632766724,0.5498117804527283,-0.07396356761455536,0.5873932242393494,0.5819341540336609,-0.06468630582094193,0.6879891157150269,0.595234215259552,-0.07089955359697342,0.6547471880912781,0.6147146224975586,-0.05861169099807739,0.6133949160575867,0.614130437374115,-0.0544474720954895,0.5945723056793213,0.6676454544067383,-0.07399491965770721,0.6841802000999451,0.6690551042556763,-0.07489627599716187,0.6507313847541809,0.6835342645645142,-0.04919458553195,0.6106269359588623,0.6873392462730408,-0.03735868260264397,0.5970377326011658,0.7516605854034424,-0.08373977243900299,0.6641567945480347,0.739071249961853,-0.08043360710144043,0.6342659592628479,0.7478393316268921,-0.05637756735086441,0.6032009124755859,0.7523621916770935,-0.04135793074965477
2,0.4222394824028015,0.7161214351654053,-3.5565244616009295e-07,0.44925543665885925,0.5942838191986084,-0.008727679960429668,0.48910897970199585,0.47672683000564575,-0.03159768134355545,0.5112205743789673,0.38001179695129395,-0.053763020783662796,0.5119712948799133,0.30052921175956726,-0.07102251052856445,0.5590108036994934,0.49883702397346497,-0.055186543613672256,0.6678346395492554,0.5153205990791321,-0.07680308818817139,0.6458553671836853,0.5477526783943176,-0.07972703129053116,0.6102594137191772,0.5503432154655457,-0.07948653399944305,0.5701761245727539,0.5783698558807373,-0.06593657284975052,0.673850417137146,0.5900298357009888,-0.07493335753679276,0.6413144469261169,0.6123033761978149,-0.0635305717587471,0.5995392799377441,0.6113304495811462,-0.058897748589515686,0.576659619808197,0.6639028787612915,-0.07528615742921829,0.6692579984664917,0.6629411578178406,-0.07881487160921097,0.6355904936790466,0.6799959540367126,-0.053077343851327896,0.595170259475708,0.6836620569229126,-0.04002635180950165,0.5789938569068909,0.7481347918510437,-0.0851515531539917,0.6477534770965576,0.735108494758606,-0.08353713899850845,0.6187872290611267,0.7446793913841248,-0.05947829410433769,0.5877506732940674,0.7484027743339539,-0.043807003647089005
2,0.40682804584503174,0.719722330570221,-3.6665167613136873e-07,0.4354732930660248,0.598448634147644,-0.007555426564067602,0.4779447913169861,0.47811809182167053,-0.029566733166575432,0.5003392696380615,0.3813263773918152,-0.05117315053939819,0.4989917576313019,0.30227920413017273,-0.06765352189540863,0.5460831522941589,0.49795469641685486,-0.05495920777320862,0.6580841541290283,0.5211670398712158,-0.07845044881105423,0.6297089457511902,0.5494131445884705,-0.08246750384569168,0.5895116925239563,0.5483704805374146,-0.08278266340494156,0.5548115968704224,0.5802590250968933,-0.06682838499546051,0.663304328918457,0.5938012003898621,-0.07724609225988388,0.6288033127784729,0.6133593916893005,-0.06594790518283844,0.5857121348381042,0.6123182773590088,-0.0612361915409565,0.5598210692405701,0.6678323745727539,-0.0774444118142128,0.6566377878189087,0.668132483959198,-0.08205541968345642,0.6217502355575562,0.6845101118087769,-0.05623500794172287,0.5801982879638672,0.688999354839325,-0.042954061180353165,0.5614231824874878,0.7534403800964355,-0.08853793889284134,0.6329138875007629,0.7423496246337891,-0.08789826929569244,0.6025601625442505,0.7517537474632263,-0.06462559103965759,0.5700557827949524,0.7560889720916748,-0.04953248053789139
2,0.38645684719085693,0.7240192890167236,-3.621365465278359e-07,0.4145667254924774,0.603385865688324,-0.007560655474662781,0.4571777880191803,0.48432934284210205,-0.030151329934597015,0.47915247082710266,0.38786250352859497,-0.052850693464279175,0.47832971811294556,0.3075158894062042,-0.07058318704366684,0.5202206969261169,0.5036553740501404,-0.056027062237262726,0.6332603693008423,0.5208131074905396,-0.08240114152431488,0.6079460382461548,0.5525017380714417,-0.0887051522731781,0.5700823664665222,0.5544028282165527,-0.09035538882017136,0.5273867845535278,0.5830326080322266,-0.06875812262296677,0.6388134360313416,0.5944187641143799,-0.0819646567106247,0.6049767732620239,0.6168317198753357,-0.07167665660381317,0.5629071593284607,0.6155809760093689,-0.06756144016981125,0.5315314531326294,0.6684192419052124,-0.08043388277292252,0.6329554915428162,0.6699792146682739,-0.08762118965387344,0.5974103212356567,0.6873744130134583,-0.0617116242647171,0.555817723274231,0.6899428963661194,-0.047974634915590286,0.5325140953063965,0.753092885017395,-0.09263698011636734,0.6091659069061279,0.7445690631866455,-0.0928535908460617,0.5790972113609314,0.7523975372314453,-0.069364033639431,0.5455679893493652,0.7530207633972168,-0.054223351180553436
2,0.3717659115791321,0.7243906855583191,-3.6719873719448515e-07,0.3988211452960968,0.6038280725479126,-0.00788094475865364,0.44043880701065063,0.4816911816596985,-0.03061906434595585,0.46043041348457336,0.38430190086364746,-0.053330644965171814,0.45760080218315125,0.3046969473361969,-0.0709594115614891,0.5021803975105286,0.5048247575759888,-0.05871408432722092,0.6165485978126526,0.5209740996360779,-0.08557721227407455,0.5904262065887451,0.5492854118347168,-0.09147872775793076,0.5518698692321777,0.5510178804397583,-0.09250622242689133,0.5099250078201294,0.5868810415267944,-0.07114790380001068,0.622698962688446,0.5946972370147705,-0.08488646894693375,0.5882250666618347,0.6131895780563354,-0.07368485629558563,0.5454180836677551,0.6131807565689087,-0.068791463971138,0.5145930051803589,0.6734383702278137,-0.08246923238039017,0.6164236664772034,0.6710373163223267,-0.09040240943431854,0.580718457698822,0.6858953833580017,-0.0642683357000351,0.5388972759246826,0.6897464394569397,-0.05003426969051361,0.5160181522369385,0.7580456733703613,-0.09426844865083694,0.5974856615066528,0.7485486268997192,-0.09509692341089249,0.5675376057624817,0.7544355392456055,-0.07169973850250244,0.5318548679351807,0.7551162838935852,-0.056497398763895035
2,0.3704977035522461,0.7342644929885864,-3.723999100202491e-07,0.3940860331058502,0.6108015179634094,-0.00888754427433014,0.4289936125278473,0.4877361059188843,-0.0327458530664444,0.44457194209098816,0.3869984447956085,-0.056203197687864304,0.44012460112571716,0.30655625462532043,-0.07486699521541595,0.4926036298274994,0.5111275315284729,-0.058171600103378296,0.6040253043174744,0.5212705135345459,-0.08459720015525818,0.5785747170448303,0.5485014319419861,-0.09079908579587936,0.5409572124481201,0.5513951182365417,-0.09199703484773636,0.5034339427947998,0.5922610759735107,-0.0692695677280426,0.6103639006614685,0.5940273404121399,-0.08165648579597473,0.5769953727722168,0.6112667918205261,-0.07088449597358704,0.5357126593589783,0.6134700179100037,-0.0666896179318428,0.5114657878875732,0.6772022843360901,-0.07931463420391083,0.6076584458351135,0.6669023036956787,-0.08549842238426208,0.5740447640419006,0.6808573007583618,-0.059678126126527786,0.5342720746994019,0.6875051259994507,-0.04614542797207832,0.5166059732437134,0.7592486143112183,-0.08985327929258347,0.5909523963928223,0.7387018203735352,-0.08860549330711365,0.5621351599693298,0.746845006942749,-0.06436522305011749,0.5300707221031189,0.7527204751968384,-0.04881373420357704
2,0.36661309003829956,0.7233462929725647,-4.3858989329237374e-07,0.39099347591400146,0.590643584728241,-0.0032230967190116644,0.4216216206550598,0.47305047512054443,-0.0226301159709692,0.4383699297904968,0.3732854425907135,-0.04172000288963318,0.433014452457428,0.2943800389766693,-0.056469209492206573,0.5183233022689819,0.4969256520271301,-0.04230210557579994,0.6023803949356079,0.5195204615592957,-0.05040808022022247,0.575389564037323,0.5461321473121643,-0.04632646217942238,0.5403248071670532,0.5434281826019287,-0.04377058520913124,0.5349280834197998,0.5737258791923523,-0.05110609158873558,0.6064721345901489,0.5872320532798767,-0.04588209465146065,0.5744588971138,0.6084702610969543,-0.03257124498486519,0.5379175543785095,0.6106531620025635,-0.02999895066022873,0.5426128506660461,0.6560474038124084,-0.05717742443084717,0.5990166068077087,0.6597647666931152,-0.04714614525437355,0.5704057812690735,0.6769578456878662,-0.025133850052952766,0.5351287126541138,0.6820230484008789,-0.018658719956874847,0.5427694916725159,0.7343123555183411,-0.06353292614221573,0.5853903889656067,0.7264907956123352,-0.053833890706300735,0.5573639869689941,0.7370518445968628,-0.03227681666612625,0.5302057266235352,0.7424753904342651,-0.01996479742228985
2,0.3594605326652527,0.6839142441749573,-4.215635840409959e-07,0.3865615129470825,0.5656143426895142,0.0003167011309415102,0.43043580651283264,0.4506177306175232,-0.01506571751087904,0.45773252844810486,0.3598664402961731,-0.03229581192135811,0.45761966705322266,0.28541600704193115,-0.04493565484881401,0.5028569102287292,0.45018813014030457,-0.03228544443845749,0.6031852960586548,0.49615827202796936,-0.05196760222315788,0.5762469172477722,0.5283419489860535,-0.05846497043967247,0.5382291078567505,0.5224589705467224,-0.062304526567459106,0.5093540549278259,0.5195437669754028,-0.04764105752110481,0.6023961305618286,0.5637029409408569,-0.05378320813179016,0.5713569521903992,0.5897562503814697,-0.04589317366480827,0.5349119305610657,0.5822386741638184,-0.04557347297668457,0.5117210149765015,0.5999606847763062,-0.06236555799841881,0.5950604677200317,0.6360547542572021,-0.06596264988183975,0.5623126029968262,0.6561264395713806,-0.04616130143404007,0.5259379744529724,0.6493026614189148,-0.038267746567726135,0.5117068290710449,0.683792233467102,-0.07730037719011307,0.5794475674629211,0.705863893032074,-0.07724770903587341,0.5454959273338318,0.7161739468574524,-0.05885396897792816,0.5104371309280396,0.7070263624191284,-0.04806311056017876
2,0.3178268074989319,0.6411449909210205,-4.2333067540312186e-07,0.36743998527526855,0.5460482239723206,0.007636576890945435,0.4399945139884949,0.45554929971694946,-0.000564419839065522,0.48324131965637207,0.3804958760738373,-0.011455392464995384,0.49272117018699646,0.3109776973724365,-0.01763085462152958,0.4837569296360016,0.40462878346443176,-0.03214871138334274,0.5884683728218079,0.49231722950935364,-0.05613552778959274,0.5574935078620911,0.5296280980110168,-0.06043003872036934,0.5232334136962891,0.5154462456703186,-0.06257818639278412,0.4723900854587555,0.4464964270591736,-0.05108121410012245,0.575374960899353,0.5602115392684937,-0.06738443672657013,0.5405378937721252,0.5859780311584473,-0.06007678806781769,0.5129004120826721,0.5651292204856873,-0.058863315731287,0.457082599401474,0.5106420516967773,-0.06885754317045212,0.5567205548286438,0.6194614171981812,-0.08227211982011795,0.5233969688415527,0.6386842727661133,-0.06787128001451492,0.49734121561050415,0.6155091524124146,-0.06155330687761307,0.4432539939880371,0.5837863087654114,-0.08599420636892319,0.5280939936637878,0.6735720038414001,-0.0903003141283989,0.502536952495575,0.6884397268295288,-0.07944834232330322,0.47613605856895447,0.6660925149917603,-0.07371924817562103
2,0.29450368881225586,0.599531888961792,-5.032089234191517e-07,0.40392211079597473,0.6163795590400696,-0.015812747180461884,0.4905261993408203,0.5832071900367737,-0.027507958933711052,0.5412273406982422,0.5650490522384644,-0.0395413376390934,0.5852404832839966,0.5605047941207886,-0.04422280192375183,0.4800353944301605,0.38087984919548035,-0.019977904856204987,0.532672643661499,0.44843757152557373,-0.055584702640771866,0.489324152469635,0.5054921507835388,-0.07014697790145874,0.4619249701499939,0.48613980412483215,-0.07989582419395447,0.43369442224502563,0.34252628684043884,-0.03076370246708393,0.48708492517471313,0.446723610162735,-0.07097135484218597,0.44438329339027405,0.5127878189086914,-0.07879386842250824,0.4222668409347534,0.4816337823867798,-0.08024324476718903,0.38253530859947205,0.3354978561401367,-0.0451662540435791,0.42901164293289185,0.4440286159515381,-0.08456139266490936,0.39895546436309814,0.507658839225769,-0.07912380993366241,0.38046303391456604,0.4756956100463867,-0.07129325717687607,0.33529549837112427,0.3484202027320862,-0.06138186901807785,0.37464481592178345,0.4438706636428833,-0.08962693810462952,0.36042091250419617,0.4968859851360321,-0.0884084478020668,0.34445539116859436,0.475899875164032,-0.08292781561613083
2,0.2889779210090637,0.5920535922050476,-4.6741917003600975e-07,0.39295482635498047,0.6205520033836365,-0.02069159410893917,0.492174357175827,0.6072776317596436,-0.03391950577497482,0.5507190823554993,0.6026427149772644,-0.04529400169849396,0.5918417572975159,0.6219694018363953,-0.04778314754366875,0.48843711614608765,0.39821121096611023,-0.02322530187666416,0.5402511954307556,0.4639516770839691,-0.060166135430336,0.4867250323295593,0.5145279765129089,-0.07590813934803009,0.4622619152069092,0.4907126724720001,-0.08589332550764084,0.44659900665283203,0.35117194056510925,-0.030745822936296463,0.49667033553123474,0.4444698095321655,-0.0723327100276947,0.4450952112674713,0.505005955696106,-0.08182454854249954,0.4279281795024872,0.46902841329574585,-0.0836295485496521,0.3986758589744568,0.3323250412940979,-0.04142019897699356,0.438140332698822,0.42500489950180054,-0.07924187183380127,0.40144503116607666,0.4877343475818634,-0.07207873463630676,0.38666069507598877,0.4517514109611511,-0.06257736682891846,0.3546028733253479,0.33140408992767334,-0.05421219766139984,0.38073527812957764,0.4102363586425781,-0.07678262889385223,0.3653419613838196,0.4650825560092926,-0.07071986049413681,0.3517751097679138,0.4413962662220001,-0.062069401144981384
2,0.28618326783180237,0.5660629868507385,-4.286080468318687e-07,0.3815157413482666,0.6131153702735901,-0.02313821204006672,0.4779219627380371,0.6318349838256836,-0.04052548110485077,0.5350807905197144,0.647193431854248,-0.056122444570064545,0.5722708702087402,0.6795230507850647,-0.06375031173229218,0.49583494663238525,0.4295840561389923,-0.027592530474066734,0.5362036228179932,0.48298490047454834,-0.061749666929244995,0.48150065541267395,0.5297356843948364,-0.07484008371829987,0.46054303646087646,0.508767306804657,-0.08310303092002869,0.45974209904670715,0.37262457609176636,-0.03354649245738983,0.4930751323699951,0.44983479380607605,-0.06882011145353317,0.4398423433303833,0.5115435719490051,-0.07504086196422577,0.4316786825656891,0.4775424599647522,-0.07596839964389801,0.41590815782546997,0.34193551540374756,-0.042506832629442215,0.4419258236885071,0.41493818163871765,-0.07603044807910919,0.4012846350669861,0.47790974378585815,-0.06639394164085388,0.39325934648513794,0.44392383098602295,-0.05648031458258629,0.3736206591129303,0.32548582553863525,-0.0535958968102932,0.391105979681015,0.38500434160232544,-0.07325419783592224,0.37224888801574707,0.4386494755744934,-0.063860222697258,0.362215518951416,0.4200670123100281,-0.0536084920167923
2,0.2653379440307617,0.5428234338760376,-4.085928253516613e-07,0.3560725450515747,0.5999406576156616,-0.028740961104631424,0.44956207275390625,0.6377095580101013,-0.04679422825574875,0.5120567679405212,0.6619881987571716,-0.06026460975408554,0.5498039126396179,0.6907430291175842,-0.06421377509832382,0.48904868960380554,0.4405940771102905,-0.0376904122531414,0.5160516500473022,0.4881564974784851,-0.06919197738170624,0.4607005715370178,0.5283602476119995,-0.07735100388526917,0.4475611746311188,0.5028971433639526,-0.08241733908653259,0.4558270573616028,0.378906786441803,-0.039982620626688004,0.47339382767677307,0.45078521966934204,-0.07621484249830246,0.41832059621810913,0.5079264640808105,-0.08390428125858307,0.41835227608680725,0.47006526589393616,-0.08721518516540527,0.4124988317489624,0.3408854305744171,-0.04426327347755432,0.4275950789451599,0.40245679020881653,-0.07878722250461578,0.3842916786670685,0.4638412892818451,-0.06758276373147964,0.38394588232040405,0.4309597611427307,-0.05767088755965233,0.3690798282623291,0.314669132232666,-0.05068035423755646,0.37739184498786926,0.3617754280567169,-0.07066889852285385,0.35722750425338745,0.4207242727279663,-0.05920080095529556,0.35243093967437744,0.40742379426956177,-0.04800063371658325
2,0.2528485059738159,0.5369964838027954,-4.220754590278375e-07,0.33668527007102966,0.5912516117095947,-0.03308060020208359,0.43221405148506165,0.632990837097168,-0.05199873074889183,0.4967353641986847,0.6676981449127197,-0.06545809656381607,0.5367749929428101,0.7060116529464722,-0.06956155598163605,0.48103076219558716,0.4431397616863251,-0.039626140147447586,0.5013787150382996,0.4887177348136902,-0.07067994773387909,0.44401395320892334,0.5251951813697815,-0.0809435248374939,0.4362230598926544,0.49878990650177,-0.08802686631679535,0.44920316338539124,0.38022518157958984,-0.040133893489837646,0.45852792263031006,0.4464115500450134,-0.07168323546648026,0.4030771255493164,0.5012403130531311,-0.07751547545194626,0.40725240111351013,0.466111958026886,-0.08095842599868774,0.4054299294948578,0.3399481475353241,-0.04357999190688133,0.41681843996047974,0.39254918694496155,-0.07449215650558472,0.37227582931518555,0.454456090927124,-0.062005870044231415,0.37537848949432373,0.42775464057922363,-0.052365489304065704,0.36050111055374146,0.3117733299732208,-0.04987149313092232,0.3661005198955536,0.346904456615448,-0.06694318354129791,0.3454660177230835,0.40617597103118896,-0.05409834906458855,0.34397411346435547,0.40033772587776184,-0.04278804361820221
2,0.24834828078746796,0.5149281024932861,-3.6679779213955044e-07,0.32193315029144287,0.572481632232666,-0.034139007329940796,0.40496188402175903,0.622584879398346,-0.05747225880622864,0.46586209535598755,0.6667662262916565,-0.07742991298437119,0.5057743191719055,0.7083596587181091,-0.08942923694849014,0.4622150659561157,0.4543372690677643,-0.034888897091150284,0.48342204093933105,0.477796345949173,-0.06813190132379532,0.42809441685676575,0.5128951668739319,-0.08089584857225418,0.4220113456249237,0.4954918920993805,-0.08852376788854599,0.4342055916786194,0.3896445333957672,-0.03540680184960365,0.44321906566619873,0.42840129137039185,-0.065553218126297,0.38681095838546753,0.4831715524196625,-0.06886261701583862,0.3924952447414398,0.45483487844467163,-0.06952372938394547,0.3946799635887146,0.3429352045059204,-0.040091175585985184,0.4075542092323303,0.3726963996887207,-0.0704973042011261,0.3610106408596039,0.43247440457344055,-0.054655395448207855,0.365003764629364,0.41245776414871216,-0.0416211299598217,0.3525194227695465,0.3046451210975647,-0.04786987230181694,0.3622289299964905,0.32038313150405884,-0.06252266466617584,0.33863407373428345,0.37638533115386963,-0.045318424701690674,0.3359858989715576,0.37836122512817383,-0.030382994562387466
2,0.26095953583717346,0.5038937926292419,-3.2456298981742293e-07,0.31891894340515137,0.578287661075592,-0.03790182247757912,0.39145365357398987,0.642220139503479,-0.0651533231139183,0.44856497645378113,0.6991763114929199,-0.09042645990848541,0.4864649772644043,0.7464002370834351,-0.10850267857313156,0.4621427357196808,0.4981387257575989,-0.032824210822582245,0.48263847827911377,0.5056764483451843,-0.06886549293994904,0.42478877305984497,0.5309277772903442,-0.08291012048721313,0.41701552271842957,0.5287168025970459,-0.09021230041980743,0.44535380601882935,0.42771250009536743,-0.03207835927605629,0.452150821685791,0.44470128417015076,-0.06548153609037399,0.38928523659706116,0.4883083403110504,-0.06548559665679932,0.39638009667396545,0.4777306318283081,-0.06104365363717079,0.4157475531101227,0.37204188108444214,-0.037142619490623474,0.42147889733314514,0.38655489683151245,-0.06995908915996552,0.36923155188560486,0.43425270915031433,-0.051418524235486984,0.3751679062843323,0.42677462100982666,-0.03433573618531227,0.38245484232902527,0.32264962792396545,-0.046094805002212524,0.3856302499771118,0.33222174644470215,-0.0616665855050087,0.35360240936279297,0.3767179548740387,-0.04401225224137306,0.3509325385093689,0.38126617670059204,-0.02755141071975231
2,0.29739052057266235,0.5507751107215881,-2.7854247264258447e-07,0.34578484296798706,0.6344886422157288,-0.035300832241773605,0.40983399748802185,0.7124402523040771,-0.06044846400618553,0.45118218660354614,0.7778064012527466,-0.08331702649593353,0.47371912002563477,0.838679850101471,-0.09938379377126694,0.5018830299377441,0.5861063003540039,-0.031775638461112976,0.5039606690406799,0.6085011959075928,-0.06676965206861496,0.4494122862815857,0.6206678152084351,-0.08016184717416763,0.44449830055236816,0.6132098436355591,-0.08718723058700562,0.4935852289199829,0.5128189325332642,-0.03220130503177643,0.4832310378551483,0.5506004691123962,-0.06422743201255798,0.42278555035591125,0.5769891738891602,-0.06719526648521423,0.43407195806503296,0.5600212812423706,-0.06573393195867538,0.46859127283096313,0.4530906677246094,-0.037736449390649796,0.4588339030742645,0.48625633120536804,-0.07066294550895691,0.40879034996032715,0.5207576155662537,-0.05815720558166504,0.4208676517009735,0.507055938243866,-0.045806657522916794,0.4383384585380554,0.40169769525527954,-0.04657064750790596,0.4310725927352905,0.42734217643737793,-0.06476712971925735,0.3981866240501404,0.4655463993549347,-0.052154894918203354,0.3994801640510559,0.46378976106643677,-0.03939799964427948
2,0.343565434217453,0.5630383491516113,-2.520423549867701e-07,0.38089418411254883,0.6606400609016418,-0.03141515702009201,0.43239912390708923,0.7475501298904419,-0.05353410914540291,0.4636731743812561,0.8217530846595764,-0.07425747066736221,0.4739891588687897,0.8876867294311523,-0.08745645731687546,0.5228028297424316,0.6557064056396484,-0.030974706634879112,0.5504742860794067,0.6730196475982666,-0.06645829975605011,0.49262499809265137,0.675853431224823,-0.07640761137008667,0.4853208065032959,0.6675010323524475,-0.08024286478757858,0.5186244249343872,0.5816498398780823,-0.03323253244161606,0.5411462187767029,0.6090201735496521,-0.06721097230911255,0.46860945224761963,0.6234498023986816,-0.06570784002542496,0.47897377610206604,0.609729528427124,-0.060173992067575455,0.5051296949386597,0.5163733959197998,-0.040746841579675674,0.5256102681159973,0.5415367484092712,-0.07555888593196869,0.46210822463035583,0.5645925998687744,-0.0561678484082222,0.46886199712753296,0.5522221326828003,-0.03816719353199005,0.48686182498931885,0.45538461208343506,-0.051249101758003235,0.4988875985145569,0.47510379552841187,-0.0694713294506073,0.4585132300853729,0.5066075921058655,-0.05222012475132942,0.454061895608902,0.5032147169113159,-0.036256980150938034
2,0.39303573966026306,0.5690340399742126,-2.6611323278302734e-07,0.4163159728050232,0.6678298115730286,-0.03272775188088417,0.4524225890636444,0.7594990730285645,-0.052327197045087814,0.47800251841545105,0.8366695642471313,-0.06983104348182678,0.4841180443763733,0.900819718837738,-0.07918782532215118,0.5432500839233398,0.6885329484939575,-0.02315123938024044,0.588569700717926,0.701079249382019,-0.060472022742033005,0.5310196876525879,0.693344235420227,-0.07517754286527634,0.5176354646682739,0.6891436576843262,-0.08006944507360458,0.5448240637779236,0.6193875074386597,-0.020964866504073143,0.5829373598098755,0.6370554566383362,-0.05430751293897629,0.512292742729187,0.6387038230895996,-0.05546174198389053,0.515647292137146,0.6332620978355408,-0.050142914056777954,0.5420790910720825,0.5574154853820801,-0.024981549009680748,0.5755558013916016,0.5719574093818665,-0.057447198778390884,0.5118903517723083,0.5811989307403564,-0.03924594819545746,0.5127284526824951,0.5785120725631714,-0.020254699513316154,0.5368642210960388,0.49729210138320923,-0.03217155113816261,0.5600290894508362,0.5069353580474854,-0.04481430724263191,0.518325686454773,0.524997353553772,-0.025525741279125214,0.5087611675262451,0.5247584581375122,-0.007428002543747425
2,0.41444340348243713,0.5619795918464661,-2.490704389401799e-07,0.43456706404685974,0.6581628918647766,-0.032908689230680466,0.4676295518875122,0.750598132610321,-0.052932459861040115,0.4898380935192108,0.8297650814056396,-0.07061837613582611,0.4937334358692169,0.8921665549278259,-0.08043913543224335,0.5588446855545044,0.6840739250183105,-0.026224954053759575,0.6048019528388977,0.6977085471153259,-0.062496818602085114,0.5495233535766602,0.6894165277481079,-0.0761638879776001,0.5382544994354248,0.6868633031845093,-0.08075722306966782,0.5627191066741943,0.6180060505867004,-0.02353302575647831,0.603071928024292,0.6363480687141418,-0.056857820600271225,0.5341485738754272,0.6358827352523804,-0.057361435145139694,0.5360903739929199,0.6305945515632629,-0.05163618549704552,0.5625459551811218,0.5586546063423157,-0.026674844324588776,0.5979472398757935,0.5736334323883057,-0.05870085582137108,0.5356016755104065,0.579875648021698,-0.03996705636382103,0.5350541472434998,0.5777326226234436,-0.02068266272544861,0.5602223873138428,0.5003854036331177,-0.032919254153966904,0.5850647687911987,0.5115344524383545,-0.045526329427957535,0.5433424115180969,0.526153564453125,-0.026406776160001755,0.5326489210128784,0.5252893567085266,-0.008495216257870197
2,0.43128103017807007,0.5547935366630554,-2.5866904707072536e-07,0.44903385639190674,0.6503204703330994,-0.03326542302966118,0.4783785045146942,0.7408855557441711,-0.0537753589451313,0.4971235394477844,0.8208680152893066,-0.07214806973934174,0.4996671676635742,0.8825977444648743,-0.08271424472332001,0.5688608288764954,0.6819764971733093,-0.026051290333271027,0.6161487698554993,0.6900451183319092,-0.06394805014133453,0.563125491142273,0.6816457509994507,-0.07851658016443253,0.5498092174530029,0.6815841794013977,-0.08266320079565048,0.5731216073036194,0.6154278516769409,-0.02308839000761509,0.6135135293006897,0.6288655400276184,-0.05683010071516037,0.5456441640853882,0.6263423562049866,-0.056970492005348206,0.548129141330719,0.6237010955810547,-0.05031402409076691,0.5744386911392212,0.5568321347236633,-0.026307156309485435,0.6105536818504333,0.5684785842895508,-0.05809679627418518,0.5499091148376465,0.572291374206543,-0.03891410306096077,0.5500035881996155,0.5722763538360596,-0.018895424902439117,0.573640763759613,0.49983781576156616,-0.032866764813661575,0.5997212529182434,0.5085123777389526,-0.04473830759525299,0.5585688352584839,0.5204662680625916,-0.025035597383975983,0.5475334525108337,0.5194027423858643,-0.006334912031888962
2,0.4382440149784088,0.5604607462882996,-2.4848324642334774e-07,0.4546356499195099,0.6567625403404236,-0.03255417197942734,0.4809621572494507,0.7445060610771179,-0.05370001867413521,0.4987409710884094,0.8229010105133057,-0.07387590408325195,0.5009618997573853,0.8841961622238159,-0.08675090968608856,0.5700668096542358,0.6858376860618591,-0.02234964445233345,0.6171900629997253,0.6969477534294128,-0.060827285051345825,0.5664374232292175,0.6882547736167908,-0.07582319527864456,0.5507107973098755,0.6834096908569336,-0.0796579048037529,0.5752923488616943,0.6194667816162109,-0.0202497411519289,0.6141247749328613,0.6342484951019287,-0.05543738976120949,0.5462514162063599,0.6313827037811279,-0.05647646635770798,0.5479526519775391,0.6272689700126648,-0.049522023648023605,0.5767216682434082,0.5610716938972473,-0.02461942657828331,0.6113712787628174,0.5735495090484619,-0.058159131556749344,0.5514466166496277,0.5774133205413818,-0.039905283600091934,0.5509487986564636,0.5754740834236145,-0.019544130191206932,0.5758984684944153,0.5033202171325684,-0.032281793653964996,0.6022685766220093,0.5123546123504639,-0.04602959752082825,0.5614657402038574,0.5260025262832642,-0.027261808514595032,0.5496071577072144,0.5261215567588806,-0.008548756130039692
2,0.39811229705810547,0.5391672253608704,-2.499717197679274e-07,0.4310305118560791,0.6289388537406921,-0.03590445592999458,0.4717281460762024,0.7106077671051025,-0.057318899780511856,0.5024569034576416,0.783499538898468,-0.07549958676099777,0.5172188878059387,0.8431339859962463,-0.08602631092071533,0.5547613501548767,0.6270000338554382,-0.03134016692638397,0.5949387550354004,0.6253793835639954,-0.06906089186668396,0.543385922908783,0.6312123537063599,-0.08527716994285583,0.5353734493255615,0.634013831615448,-0.09170880168676376,0.5472486019134521,0.5600928068161011,-0.027641944587230682,0.5847243070602417,0.5639954805374146,-0.061250168830156326,0.5198431015014648,0.5813818573951721,-0.06314454227685928,0.5228894352912903,0.5778633952140808,-0.059063203632831573,0.5375111103057861,0.5018359422683716,-0.029915716499090195,0.5719804167747498,0.5035985708236694,-0.061995502561330795,0.5143694877624512,0.5262027382850647,-0.04481200873851776,0.5152416825294495,0.5276222229003906,-0.026849742978811264,0.5265585780143738,0.44708052277565,-0.035644032061100006,0.5530417561531067,0.4443643093109131,-0.04821937531232834,0.5169069766998291,0.4717007279396057,-0.029752224683761597,0.5062114596366882,0.4787425994873047,-0.012385733425617218
2,0.37826910614967346,0.5306478142738342,-2.300135975019657e-07,0.41548922657966614,0.6181583404541016,-0.03650384768843651,0.4604375958442688,0.6948879957199097,-0.0582897886633873,0.4975047707557678,0.7663444876670837,-0.07617243379354477,0.5140258073806763,0.826344907283783,-0.08559180796146393,0.5416198372840881,0.614185631275177,-0.034720975905656815,0.5784481763839722,0.6061522364616394,-0.07210875302553177,0.5260302424430847,0.6150407791137695,-0.08543160557746887,0.5197506546974182,0.6195645332336426,-0.08975524455308914,0.5306323766708374,0.546228289604187,-0.030452890321612358,0.5675470232963562,0.5471528768539429,-0.06447501480579376,0.4995335638523102,0.5682013034820557,-0.06307854503393173,0.5058196187019348,0.5662556290626526,-0.05669737234711647,0.5185507535934448,0.48800721764564514,-0.032035958021879196,0.5513938665390015,0.4870750606060028,-0.06420831382274628,0.4925232529640198,0.5133979320526123,-0.043942105025053024,0.49603837728500366,0.5159248113632202,-0.024326248094439507,0.5057350397109985,0.433502197265625,-0.03716406598687172,0.529462993144989,0.4283828139305115,-0.04893329367041588,0.4932973086833954,0.4587683081626892,-0.02904326096177101,0.4841972589492798,0.46701306104660034,-0.01115094032138586
2,0.37942296266555786,0.540657639503479,-2.689358495899796e-07,0.417950838804245,0.6268246173858643,-0.03090766631066799,0.46843087673187256,0.706167995929718,-0.05128046125173569,0.5049223303794861,0.7707027196884155,-0.068975530564785,0.5240267515182495,0.8293099403381348,-0.07917013764381409,0.5553742051124573,0.6108241081237793,-0.028224030509591103,0.5758270025253296,0.6308438777923584,-0.06051040440797806,0.5231173634529114,0.6321278214454651,-0.07187942415475845,0.5186727046966553,0.6198418140411377,-0.07726948708295822,0.5487478971481323,0.5445585250854492,-0.027549579739570618,0.5597211122512817,0.5720745325088501,-0.057137224823236465,0.4967637062072754,0.5902676582336426,-0.05820979177951813,0.5091375708580017,0.5762776732444763,-0.055685967206954956,0.5327619314193726,0.4880802035331726,-0.031625278294086456,0.5422165989875793,0.5120483040809631,-0.0606391541659832,0.48860570788383484,0.5375127792358398,-0.04524744302034378,0.4981342852115631,0.5269386768341064,-0.03140101954340935,0.5147978067398071,0.4365389347076416,-0.03868021070957184,0.5184827446937561,0.4543902277946472,-0.052546195685863495,0.48462504148483276,0.48501938581466675,-0.037973131984472275,0.4837591350078583,0.4827089309692383,-0.02469206042587757
2,0.35479432344436646,0.5617132186889648,-2.755582499958109e-07,0.41047006845474243,0.6305400729179382,-0.03527989983558655,0.4789932072162628,0.6847498416900635,-0.05530206486582756,0.5363866090774536,0.7277844548225403,-0.07109851390123367,0.5698376893997192,0.772759735584259,-0.0786137506365776,0.5310574769973755,0.5654049515724182,-0.03217792883515358,0.5595859885215759,0.548156201839447,-0.06562712043523788,0.5097843408584595,0.5778676271438599,-0.0771743655204773,0.5044810175895691,0.5813305974006653,-0.08164466172456741,0.5071446895599365,0.505386471748352,-0.028531335294246674,0.538382351398468,0.49420738220214844,-0.06097070872783661,0.47947847843170166,0.5429345369338989,-0.05896502733230591,0.48001307249069214,0.5399137735366821,-0.05182913318276405,0.4813748896121979,0.4562440514564514,-0.030308466404676437,0.5068371295928955,0.4465053677558899,-0.061218392103910446,0.4577643573284149,0.49640321731567383,-0.04074001684784889,0.4601559638977051,0.49820131063461304,-0.021017294377088547,0.4543954133987427,0.41256415843963623,-0.03535552695393562,0.4695761203765869,0.40485960245132446,-0.04727300629019737,0.4412600100040436,0.4479835629463196,-0.02798451855778694,0.43627962470054626,0.4577116072177887,-0.010479736141860485
2,0.34334656596183777,0.5630532503128052,-2.714944855597423e-07,0.40035420656204224,0.6272861957550049,-0.03940529748797417,0.47380778193473816,0.6781312823295593,-0.059596434235572815,0.5365267395973206,0.7118419408798218,-0.073757603764534,0.57289057970047,0.7529594302177429,-0.07865364849567413,0.519660234451294,0.5510931611061096,-0.03733506426215172,0.5448427796363831,0.5288389325141907,-0.07054334878921509,0.49355295300483704,0.5659803152084351,-0.08128160983324051,0.4918646514415741,0.5695406198501587,-0.08556210994720459,0.4921295940876007,0.49245214462280273,-0.030539294704794884,0.5200046896934509,0.4777633249759674,-0.062380217015743256,0.4625861346721649,0.5324925780296326,-0.05926046147942543,0.46720802783966064,0.5283274054527283,-0.051955949515104294,0.46395179629325867,0.4452122747898102,-0.02932715229690075,0.4863542914390564,0.43398112058639526,-0.05899868160486221,0.4404304623603821,0.4876990020275116,-0.038482945412397385,0.44698914885520935,0.48796987533569336,-0.01963377743959427,0.43611183762550354,0.4037988781929016,-0.03180389851331711,0.44670170545578003,0.3979012370109558,-0.04259636253118515,0.42170220613479614,0.4425828754901886,-0.024331623688340187,0.42007923126220703,0.45091181993484497,-0.008212074637413025
2,0.3479122519493103,0.5736433267593384,-2.678372368336568e-07,0.4057326912879944,0.6369677782058716,-0.041165392845869064,0.47976937890052795,0.6808909177780151,-0.0626433864235878,0.5429823398590088,0.7115189433097839,-0.07805067300796509,0.5830202698707581,0.7468181848526001,-0.08464866131544113,0.5226543545722961,0.5486598610877991,-0.03820973262190819,0.542790949344635,0.5260418653488159,-0.07214313745498657,0.49763554334640503,0.5649476051330566,-0.08378531783819199,0.49616140127182007,0.5695507526397705,-0.08835624903440475,0.49286985397338867,0.4920387864112854,-0.031339194625616074,0.5161851644515991,0.47699224948883057,-0.06283873319625854,0.46304795145988464,0.5357506275177002,-0.06001066416501999,0.46775972843170166,0.5316662788391113,-0.05279399827122688,0.46331632137298584,0.44675883650779724,-0.030431361868977547,0.4810817539691925,0.43447768688201904,-0.06147497147321701,0.43824782967567444,0.4917444884777069,-0.04229401424527168,0.4453772306442261,0.4920806586742401,-0.023846028372645378,0.43380671739578247,0.4079768657684326,-0.0332702100276947,0.443244993686676,0.40020230412483215,-0.045888110995292664,0.4189909100532532,0.44768208265304565,-0.028227658942341805,0.4163801968097687,0.45704400539398193,-0.012013938277959824
2,0.3328034579753876,0.5780670046806335,-2.7594481366577384e-07,0.3922225832939148,0.6439288854598999,-0.036445800215005875,0.4670262038707733,0.6906680464744568,-0.05750725418329239,0.5287936925888062,0.7202802896499634,-0.07398129254579544,0.5677868723869324,0.7617337703704834,-0.08219217509031296,0.510073184967041,0.5557661652565002,-0.03343885764479637,0.5285145044326782,0.5397027730941772,-0.0670740008354187,0.47916722297668457,0.5776282548904419,-0.07930315285921097,0.47704964876174927,0.580313503742218,-0.08532574027776718,0.4814172387123108,0.49695199728012085,-0.029716404154896736,0.5046069025993347,0.4889194369316101,-0.06305523216724396,0.4510011672973633,0.5441761612892151,-0.0623587928712368,0.4538612961769104,0.5385371446609497,-0.05682959407567978,0.4506475329399109,0.4511222243309021,-0.03141142055392265,0.46814218163490295,0.4469844102859497,-0.06297396868467331,0.425321489572525,0.5020875930786133,-0.0451071560382843,0.4308103919029236,0.4995850920677185,-0.027982143685221672,0.42031288146972656,0.4135615825653076,-0.036507751792669296,0.42794448137283325,0.41526392102241516,-0.04953313246369362,0.40358540415763855,0.4603922367095947,-0.033317700028419495,0.4028130769729614,0.4656183123588562,-0.01856503076851368
2,0.3217560052871704,0.568626344203949,-2.725161891703465e-07,0.37313172221183777,0.639569878578186,-0.03136328235268593,0.44607529044151306,0.6957916617393494,-0.04931759089231491,0.4996725022792816,0.7345771789550781,-0.06438671052455902,0.5298120975494385,0.7761884927749634,-0.07224403321743011,0.5058876276016235,0.5756062865257263,-0.026944192126393318,0.5257166624069214,0.5787634253501892,-0.05764469504356384,0.47497957944869995,0.5976678729057312,-0.06670774519443512,0.46962326765060425,0.5924493074417114,-0.07074228674173355,0.48500823974609375,0.5153961777687073,-0.026876406744122505,0.5054177045822144,0.5303605198860168,-0.05919858440756798,0.44718748331069946,0.5678123235702515,-0.058862704783678055,0.4531398415565491,0.5561593174934387,-0.05318031087517738,0.4583132863044739,0.4658765196800232,-0.03200067579746246,0.4738865792751312,0.47844409942626953,-0.06630522757768631,0.4263855218887329,0.5219701528549194,-0.051752351224422455,0.43204832077026367,0.5143999457359314,-0.036011677235364914,0.4296253025531769,0.42285478115081787,-0.03969713672995567,0.4394091069698334,0.4359871447086334,-0.05861201137304306,0.41205352544784546,0.4771463871002197,-0.04605202004313469,0.4107038378715515,0.47944578528404236,-0.032812751829624176
2,0.31799066066741943,0.5790426135063171,-2.971345054447738e-07,0.3727274537086487,0.6427225470542908,-0.026205718517303467,0.44512122869491577,0.6914702653884888,-0.03917982801795006,0.49882280826568604,0.7193458676338196,-0.05011467635631561,0.5258147716522217,0.751250147819519,-0.053666695952415466,0.49024292826652527,0.5632186532020569,-0.014509140513837337,0.5209189653396606,0.5709668397903442,-0.0452033169567585,0.4709802567958832,0.5937842726707458,-0.057182613760232925,0.46209079027175903,0.5871740579605103,-0.062412917613983154,0.46782994270324707,0.5141515135765076,-0.014831507578492165,0.5027058720588684,0.5298295021057129,-0.04626065492630005,0.4467896819114685,0.5664270520210266,-0.04864685609936714,0.4476231634616852,0.5529544949531555,-0.04468419775366783,0.4438341557979584,0.47156742215156555,-0.020651202648878098,0.4749428331851959,0.4860297739505768,-0.054016321897506714,0.42815524339675903,0.526682436466217,-0.04208557680249214,0.4272851347923279,0.514501690864563,-0.02750241570174694,0.41870200634002686,0.43107256293296814,-0.02862791158258915,0.4430793225765228,0.450624942779541,-0.04529896005988121,0.4155346751213074,0.48680299520492554,-0.03276871517300606,0.4081653356552124,0.4813763499259949,-0.019665217027068138
2,0.31540730595588684,0.6339244842529297,-2.1473974243235716e-07,0.3739597797393799,0.688775897026062,-0.023662131279706955,0.44380053877830505,0.7323374152183533,-0.03743704780936241,0.4915616810321808,0.7540553212165833,-0.05080089718103409,0.5174471735954285,0.7632572650909424,-0.05792687460780144,0.481519877910614,0.6078447699546814,-0.011295177973806858,0.5172989368438721,0.6298456788063049,-0.04144833981990814,0.4756432771682739,0.6560888290405273,-0.05321834236383438,0.46312275528907776,0.6419790983200073,-0.058241620659828186,0.4612128436565399,0.5603530406951904,-0.01388995349407196,0.4971022605895996,0.5843806266784668,-0.04569772630929947,0.44632861018180847,0.622016191482544,-0.04926208034157753,0.4407622516155243,0.6026648283004761,-0.046262361109256744,0.435986191034317,0.5182570219039917,-0.0219151321798563,0.46787112951278687,0.5414745807647705,-0.0569576621055603,0.4232751131057739,0.5829461812973022,-0.046251166611909866,0.41635844111442566,0.5637048482894897,-0.03243200480937958,0.40534260869026184,0.47912758588790894,-0.031695060431957245,0.43275830149650574,0.5088257789611816,-0.05153166130185127,0.4057340919971466,0.5458835959434509,-0.03980829939246178,0.39445894956588745,0.534844160079956,-0.026983631774783134
2,0.41435810923576355,0.8176939487457275,-2.883019192267966e-07,0.43932753801345825,0.7219403982162476,-0.0026208602357655764,0.469736784696579,0.6357804536819458,-0.01594466343522072,0.4903601408004761,0.56464684009552,-0.02974965237081051,0.4925905466079712,0.5076699256896973,-0.04006834328174591,0.536483883857727,0.6419246792793274,-0.025051122531294823,0.6013243198394775,0.6801959276199341,-0.03515162318944931,0.5860636830329895,0.7069414258003235,-0.036810893565416336,0.5599918365478516,0.7067017555236816,-0.03799387067556381,0.5447531342506409,0.6965709328651428,-0.034265462309122086,0.6025639772415161,0.7350924015045166,-0.03496798500418663,0.5803197622299194,0.7579759359359741,-0.028629520907998085,0.5520399212837219,0.7540944814682007,-0.028465716168284416,0.5475043058395386,0.7595580816268921,-0.042642828077077866,0.597585141658783,0.7914788126945496,-0.041636209934949875,0.5746066570281982,0.8085956573486328,-0.02757091261446476,0.5467780232429504,0.8048919439315796,-0.022782279178500175,0.5456942915916443,0.8233109712600708,-0.05139126628637314,0.5863894820213318,0.8412783741950989,-0.04904109612107277,0.5630097985267639,0.8515818119049072,-0.03491771221160889,0.5393447875976562,0.8479833602905273,-0.02621839940547943
2,0.3946385681629181,0.7697083950042725,-2.6819802201316634e-07,0.43056797981262207,0.6908470988273621,-0.0027004682924598455,0.48216164112091064,0.6116451025009155,-0.013578373938798904,0.5148911476135254,0.5509427189826965,-0.02562173455953598,0.5252220034599304,0.4976755678653717,-0.0339694507420063,0.5268449783325195,0.5991479158401489,-0.02850094623863697,0.6110628247261047,0.6735254526138306,-0.05263746157288551,0.5882856249809265,0.7009321451187134,-0.06297218799591064,0.5584589242935181,0.6915199756622314,-0.06851781159639359,0.520754873752594,0.6431299448013306,-0.040683820843696594,0.6040089726448059,0.7261063456535339,-0.05640129745006561,0.5761579275131226,0.7480279207229614,-0.05367095395922661,0.5479371547698975,0.732318639755249,-0.0535900853574276,0.5115588903427124,0.6998052597045898,-0.05341646075248718,0.5880643129348755,0.7760528326034546,-0.06568393856287003,0.5599043965339661,0.7912774085998535,-0.053657352924346924,0.5338597893714905,0.7722795605659485,-0.04739146679639816,0.5022898316383362,0.7617394328117371,-0.06653391569852829,0.5661205053329468,0.820366382598877,-0.07180984318256378,0.5419967770576477,0.8292497396469116,-0.061337679624557495,0.5166365504264832,0.8117803335189819,-0.05483362451195717
2,0.10558019578456879,0.8069206476211548,-2.7493598508954165e-07,0.12749333679676056,0.7111033201217651,-0.010020693764090538,0.1626318246126175,0.6090842485427856,-0.03335706889629364,0.17586474120616913,0.5294143557548523,-0.05378906428813934,0.17320838570594788,0.4631907343864441,-0.07024955749511719,0.18617013096809387,0.642923891544342,-0.08169777691364288,0.28289639949798584,0.646101176738739,-0.10414740443229675,0.2597411572933197,0.6645267009735107,-0.10118504613637924,0.22570230066776276,0.6626254320144653,-0.09624302387237549,0.18700562417507172,0.7091720700263977,-0.08860428631305695,0.2843798100948334,0.7038326263427734,-0.10219427943229675,0.2574196457862854,0.715805172920227,-0.08520128577947617,0.22323106229305267,0.7170721292495728,-0.07697663456201553,0.19128656387329102,0.7739758491516113,-0.09238621592521667,0.2822704315185547,0.7599858045578003,-0.09845975786447525,0.25492018461227417,0.768335223197937,-0.07026348263025284,0.21985220909118652,0.7740495204925537,-0.055422306060791016,0.19705680012702942,0.8341848254203796,-0.09624474495649338,0.2723464369773865,0.8121278882026672,-0.09373769909143448,0.25039681792259216,0.8133745193481445,-0.07071726769208908,0.21896538138389587,0.8174368143081665,-0.05737892910838127
2,0.1452750414609909,0.8161409497261047,-2.645254255639884e-07,0.17999792098999023,0.7213617563247681,-0.01343199796974659,0.22569023072719574,0.6156683564186096,-0.03906888887286186,0.2417231798171997,0.5356782674789429,-0.06256880611181259,0.2356116622686386,0.46315306425094604,-0.08204437792301178,0.21678875386714935,0.6413111686706543,-0.08676572144031525,0.32380062341690063,0.657502293586731,-0.12309268116950989,0.3005565404891968,0.6789844632148743,-0.13213931024074554,0.2634773850440979,0.671896755695343,-0.1350529044866562,0.2059413343667984,0.7097731232643127,-0.09757905453443527,0.32355397939682007,0.7179032564163208,-0.1272922158241272,0.2959553599357605,0.7314271926879883,-0.11834470182657242,0.2587442398071289,0.7290157079696655,-0.11424917727708817,0.20581313967704773,0.7806664705276489,-0.10655345767736435,0.3185845613479614,0.7808170914649963,-0.1246950626373291,0.28969115018844604,0.7882375717163086,-0.0992668867111206,0.25291138887405396,0.7895107865333557,-0.08460032194852829,0.212281733751297,0.8477848172187805,-0.11640611290931702,0.30535072088241577,0.8363454341888428,-0.12168654054403305,0.2865734100341797,0.8333501219749451,-0.10323161631822586,0.2541380524635315,0.8334115743637085,-0.0927889496088028
2,0.1815546751022339,0.8275469541549683,-2.613679725982365e-07,0.231697216629982,0.7310786247253418,-0.022970354184508324,0.2824910581111908,0.6290985345840454,-0.05301246792078018,0.29621583223342896,0.5472818613052368,-0.07919685542583466,0.28836020827293396,0.4675424098968506,-0.10069478303194046,0.24745585024356842,0.6548506021499634,-0.1028427854180336,0.357471227645874,0.6826831102371216,-0.1462748497724533,0.3350847065448761,0.7063632011413574,-0.15825733542442322,0.2980218231678009,0.6991822123527527,-0.16346226632595062,0.22688880562782288,0.7309056520462036,-0.11215019971132278,0.35604965686798096,0.7512527704238892,-0.1515350639820099,0.3263120651245117,0.7622622847557068,-0.14504030346870422,0.2857681214809418,0.7573519945144653,-0.14296723902225494,0.22196629643440247,0.8063989281654358,-0.12034958600997925,0.34653910994529724,0.8145685195922852,-0.1472196727991104,0.31646719574928284,0.817268967628479,-0.12345090508460999,0.2795288562774658,0.812387228012085,-0.1098937913775444,0.2253102958202362,0.8732308745384216,-0.13018840551376343,0.32606956362724304,0.8740209341049194,-0.14137348532676697,0.305338591337204,0.8685389757156372,-0.12469079345464706,0.27060285210609436,0.863411545753479,-0.11608811467885971
2,0.24247156083583832,0.8515762090682983,-4.592110087742185e-07,0.28871864080429077,0.7544727921485901,-0.030453277751803398,0.3134635090827942,0.6377183794975281,-0.04466806724667549,0.3251644968986511,0.54481041431427,-0.055073633790016174,0.33277207612991333,0.4581601023674011,-0.06239427626132965,0.24390698969364166,0.6381857991218567,-0.054439958184957504,0.3596856892108917,0.6832085251808167,-0.08589669317007065,0.3432823419570923,0.7170537114143372,-0.10232850164175034,0.30447646975517273,0.7102226614952087,-0.11616621911525726,0.21817141771316528,0.7053093910217285,-0.05710666626691818,0.35205766558647156,0.7522724866867065,-0.08235161751508713,0.3263278305530548,0.7741255760192871,-0.0863741934299469,0.2889517843723297,0.7670162916183472,-0.09610918164253235,0.20797908306121826,0.7769530415534973,-0.06273461878299713,0.3331768810749054,0.8190508484840393,-0.08753559738397598,0.3086208701133728,0.8378749489784241,-0.08183549344539642,0.2741306722164154,0.8277934789657593,-0.0820535272359848,0.2084309309720993,0.8426057696342468,-0.07251296192407608,0.3083532154560089,0.8763569593429565,-0.095277801156044,0.2939543128013611,0.8830946683883667,-0.09959498792886734,0.2625070810317993,0.8763943910598755,-0.1042952835559845
2,0.1989569365978241,0.8552699685096741,-3.3756845141397207e-07,0.2733112573623657,0.7410115599632263,-0.006719118915498257,0.3145389258861542,0.6299157738685608,-0.040803395211696625,0.3388378620147705,0.5379421710968018,-0.07611064612865448,0.3479648530483246,0.4350728690624237,-0.10708565264940262,0.23414024710655212,0.5970842242240906,-0.11897817999124527,0.3488199710845947,0.6403710246086121,-0.16994459927082062,0.34053894877433777,0.6938498616218567,-0.17143744230270386,0.3065110146999359,0.6950052380561829,-0.16995619237422943,0.20694708824157715,0.6678994297981262,-0.14585226774215698,0.3442062437534332,0.7166534662246704,-0.1950370818376541,0.3197503387928009,0.7596043348312378,-0.1740434467792511,0.28049561381340027,0.754859447479248,-0.16266454756259918,0.19227281212806702,0.7499939203262329,-0.1713002324104309,0.31606394052505493,0.7919360399246216,-0.21257789433002472,0.2916504442691803,0.8242378234863281,-0.17579594254493713,0.2548461854457855,0.8198857307434082,-0.15422385931015015,0.1851106584072113,0.8249106407165527,-0.19795693457126617,0.2785157561302185,0.8573724627494812,-0.2288988083600998,0.26833224296569824,0.8659555912017822,-0.21748772263526917,0.23741696774959564,0.8578851222991943,-0.21110455691814423
2,0.20759204030036926,0.8376344442367554,-2.749958696313115e-07,0.29319727420806885,0.7199376225471497,-0.018074242398142815,0.32189252972602844,0.6074318885803223,-0.06393646448850632,0.3376254141330719,0.5202038288116455,-0.10648085176944733,0.342926561832428,0.41830742359161377,-0.14389170706272125,0.20665906369686127,0.5747094750404358,-0.17111392319202423,0.32378649711608887,0.6126559376716614,-0.2245599776506424,0.3195999264717102,0.6752670407295227,-0.21091802418231964,0.2853763699531555,0.6854717135429382,-0.1985509842634201,0.17241376638412476,0.644920825958252,-0.1957731693983078,0.3069860339164734,0.6846715211868286,-0.23898959159851074,0.2957097291946411,0.7451412081718445,-0.190158873796463,0.2584037780761719,0.7437373399734497,-0.15999792516231537,0.15607279539108276,0.7261553406715393,-0.21971434354782104,0.27669090032577515,0.7640569806098938,-0.25745898485183716,0.2715053856372833,0.8063212037086487,-0.19646994769573212,0.2344309538602829,0.7986400127410889,-0.16120561957359314,0.14993470907211304,0.7993710041046143,-0.24676676094532013,0.22300826013088226,0.8456178903579712,-0.28858768939971924,0.23446853458881378,0.8493806719779968,-0.27807316184043884,0.21890532970428467,0.8319237232208252,-0.27081796526908875
2,0.25518879294395447,0.7210188508033752,-6.032569785929809e-07,0.32503780722618103,0.5973368287086487,-0.024016963317990303,0.37497270107269287,0.46919742226600647,-0.05247538164258003,0.3947201073169708,0.36753666400909424,-0.07747963070869446,0.3999289274215698,0.2621069848537445,-0.0963035598397255,0.3303653299808502,0.453683078289032,-0.10571920871734619,0.4661605656147003,0.5090131163597107,-0.15468880534172058,0.44534188508987427,0.5643869638442993,-0.1640397310256958,0.40088871121406555,0.5542323589324951,-0.1694134771823883,0.30573606491088867,0.5363718271255493,-0.12042659521102905,0.46493929624557495,0.5872797966003418,-0.1644338220357895,0.4292522072792053,0.6283590793609619,-0.1548604816198349,0.3869938552379608,0.6190505623817444,-0.1540081799030304,0.29293036460876465,0.6263732314109802,-0.13543839752674103,0.44284626841545105,0.6680811047554016,-0.17185628414154053,0.4105531573295593,0.6999152898788452,-0.14867079257965088,0.3756085932254791,0.6944475173950195,-0.1372293084859848,0.2910884916782379,0.7135720252990723,-0.15291175246238708,0.4108336567878723,0.7390574812889099,-0.17641693353652954,0.3910326361656189,0.7459350228309631,-0.168169766664505,0.3555901348590851,0.7352297306060791,-0.16587132215499878
2,0.307534784078598,0.7144947648048401,-3.915190234238253e-07,0.3484192192554474,0.5929663181304932,-0.0057420553639531136,0.39795663952827454,0.4761679470539093,-0.025498924776911736,0.42961129546165466,0.3828757405281067,-0.044375400990247726,0.43964794278144836,0.3074690103530884,-0.05828138813376427,0.4672982096672058,0.5086792707443237,-0.051820140331983566,0.5603213906288147,0.5455207228660583,-0.06679233908653259,0.534864604473114,0.5734007954597473,-0.06460724771022797,0.4973299503326416,0.5690046548843384,-0.061749137938022614,0.47108736634254456,0.5898644328117371,-0.061597760766744614,0.5619902610778809,0.6180680990219116,-0.06443478912115097,0.5323548913002014,0.6389336585998535,-0.051312487572431564,0.49319618940353394,0.6353330612182617,-0.047763582319021225,0.47100090980529785,0.6755303144454956,-0.06909304112195969,0.5532023310661316,0.6910632848739624,-0.06833755224943161,0.5231287479400635,0.7073206901550293,-0.04402719810605049,0.4842735230922699,0.7070003747940063,-0.03369808569550514,0.46622124314308167,0.757436215877533,-0.07664141803979874,0.5375792980194092,0.7568045854568481,-0.07220432162284851,0.5100899934768677,0.7651445865631104,-0.04926546663045883,0.47743871808052063,0.7645374536514282,-0.035476718097925186
2,0.37440985441207886,0.7173462510108948,-4.7241570655387477e-07,0.4104353189468384,0.5904331803321838,0.0006071250536479056,0.4494028389453888,0.4817805290222168,-0.013320165686309338,0.47841352224349976,0.39116591215133667,-0.027468912303447723,0.4888666868209839,0.32075345516204834,-0.03722577169537544,0.5478296279907227,0.5199359059333801,-0.025708647444844246,0.6134012341499329,0.552431046962738,-0.02456657402217388,0.5877258777618408,0.5782321095466614,-0.017285769805312157,0.554767370223999,0.5743455290794373,-0.013555795885622501,0.5582514405250549,0.5915674567222595,-0.03377261385321617,0.6092624068260193,0.62069171667099,-0.019232384860515594,0.5804349184036255,0.6404596567153931,-0.007359724957495928,0.5475378632545471,0.6370241045951843,-0.007624450605362654,0.5578505396842957,0.6694586277008057,-0.03898312896490097,0.6020973920822144,0.6849604249000549,-0.023600753396749496,0.5761951804161072,0.7007558345794678,-0.005811396986246109,0.5427367687225342,0.6999847292900085,-0.0031100816559046507,0.5500314235687256,0.7441900968551636,-0.04410465434193611,0.5925149321556091,0.7465853095054626,-0.031785961240530014,0.5671268105506897,0.755121111869812,-0.012337197549641132,0.5388780832290649,0.7554943561553955,-0.0016991148004308343
2,0.4213675856590271,0.6973218321800232,-5.261454703031632e-07,0.43542665243148804,0.5817486047744751,0.0017957385862246156,0.463506817817688,0.4939066767692566,-0.008008099161088467,0.49040886759757996,0.4166386127471924,-0.01848306693136692,0.5019496083259583,0.35427218675613403,-0.026421673595905304,0.5798429846763611,0.5337175726890564,-0.01009456068277359,0.6045742630958557,0.5718851089477539,-0.0016217980301007628,0.5809280276298523,0.5890761017799377,0.0043900334276258945,0.5568058490753174,0.5897253751754761,0.0056578973308205605,0.5972596406936646,0.5960612297058105,-0.014858189970254898,0.6009301543235779,0.6355054378509521,0.007351154927164316,0.5733962655067444,0.6422616243362427,0.015512535348534584,0.5489973425865173,0.6385664343833923,0.011209515854716301,0.5960031747817993,0.6614341139793396,-0.017043717205524445,0.5936203002929688,0.6865780353546143,0.0045949360355734825,0.5704948306083679,0.6912250518798828,0.014757825993001461,0.5461863875389099,0.687205970287323,0.010912694968283176,0.5865718126296997,0.7198624014854431,-0.01975654438138008,0.5854777693748474,0.7389906048774719,-0.0030179957393556833,0.562919020652771,0.7419089674949646,0.009942642413079739,0.5413631796836853,0.7378872632980347,0.014916173182427883
2,0.41970694065093994,0.6981912851333618,-5.121588060319482e-07,0.4336032271385193,0.5819206833839417,0.0008205679478123784,0.46230417490005493,0.49238044023513794,-0.009164218790829182,0.4892798662185669,0.4151984453201294,-0.019797632470726967,0.49973011016845703,0.3517169952392578,-0.027978351339697838,0.5759795308113098,0.5344633460044861,-0.01007802877575159,0.6022634506225586,0.5705239176750183,-0.0035722912289202213,0.5793611407279968,0.5873424410820007,0.00010044404189102352,0.5558605194091797,0.5884164571762085,-7.351404292421648e-06,0.5931476950645447,0.5956237316131592,-0.01434953324496746,0.5976594686508179,0.6336171627044678,0.006646462716162205,0.5708450675010681,0.640923023223877,0.014074878767132759,0.5470454692840576,0.6376458406448364,0.009404639713466167,0.5922835469245911,0.6598841547966003,-0.016441242769360542,0.5895410180091858,0.6847040057182312,0.004432932008057833,0.5673329830169678,0.688999354839325,0.01389558706432581,0.5429919958114624,0.6850720643997192,0.009737314656376839,0.5836784839630127,0.7170397043228149,-0.019192183390259743,0.5805856585502625,0.7358668446540833,-0.002452797954902053,0.5588456392288208,0.7385751605033875,0.010015278123319149,0.537776529788971,0.7350516319274902,0.014625400304794312
2,0.398110032081604,0.5337007641792297,-3.1838180802878924e-07,0.45213839411735535,0.6081096529960632,0.0017205552430823445,0.5089303255081177,0.6483170390129089,-0.000995574751868844,0.5466887950897217,0.6842133402824402,-0.008280354551970959,0.5675579309463501,0.7176679372787476,-0.01052748505026102,0.5671787261962891,0.5333880186080933,0.017582647502422333,0.5935134887695312,0.5919939279556274,-0.008237908594310284,0.5477074980735779,0.5915569067001343,-0.020216146484017372,0.5406826138496399,0.5600132346153259,-0.02686024084687233,0.5577651262283325,0.49237245321273804,0.003098798915743828,0.5863422751426697,0.5601418614387512,-0.02487349696457386,0.532232940196991,0.5657246112823486,-0.029874783009290695,0.530804455280304,0.5308955311775208,-0.029279302805662155,0.5424224734306335,0.4551585614681244,-0.015308705158531666,0.5708909034729004,0.5188766121864319,-0.04500651732087135,0.5193610787391663,0.534874439239502,-0.03486453741788864,0.5135276913642883,0.5006838440895081,-0.02300436608493328,0.5223718881607056,0.42418691515922546,-0.03356919810175896,0.5500439405441284,0.4802258014678955,-0.050124626606702805,0.5147129893302917,0.4993724822998047,-0.03855014964938164,0.5025975704193115,0.4718136489391327,-0.026777004823088646
2,0.3865514397621155,0.44918692111968994,-2.174068640670157e-07,0.41744858026504517,0.5303199887275696,-0.037841979414224625,0.4548196494579315,0.6055892705917358,-0.056696049869060516,0.4921935200691223,0.6726429462432861,-0.07043137401342392,0.5125129818916321,0.7208813428878784,-0.07597151398658752,0.5348039865493774,0.5273716449737549,-0.031459543853998184,0.5626461505889893,0.5128237009048462,-0.06755688041448593,0.5142572522163391,0.5196262001991272,-0.08416808396577835,0.5100786685943604,0.5301408767700195,-0.09016149491071701,0.5253787040710449,0.4656711220741272,-0.0240054689347744,0.5559597611427307,0.4582316279411316,-0.056378286331892014,0.4980112314224243,0.4734303951263428,-0.05817500874400139,0.5001620650291443,0.47922712564468384,-0.05379146710038185,0.516457736492157,0.41214829683303833,-0.022615352645516396,0.5472372770309448,0.4030396342277527,-0.05236731842160225,0.49311041831970215,0.42312490940093994,-0.036183521151542664,0.49290305376052856,0.43369364738464355,-0.019138971343636513,0.5071882605552673,0.36215314269065857,-0.02487332560122013,0.5303118228912354,0.3550317883491516,-0.03379085287451744,0.49474477767944336,0.37486040592193604,-0.015477168373763561,0.4836423397064209,0.3842290937900543,0.0011156797409057617
2,0.9162365794181824,0.8119683861732483,-1.4215643773241027e-07,0.8831043243408203,0.6794020533561707,-0.0081449244171381,0.8377063870429993,0.5598931908607483,-0.029296906664967537,0.8135926127433777,0.4556780457496643,-0.04903963580727577,0.8021257519721985,0.37315884232521057,-0.0697561651468277,0.7734408378601074,0.6157768964767456,-0.06423524767160416,0.6735305190086365,0.6324476003646851,-0.08051600307226181,0.7014720439910889,0.6476923227310181,-0.08209532499313354,0.7377133965492249,0.6499460339546204,-0.08141088485717773,0.7665919661521912,0.7022718191146851,-0.07093799859285355,0.6687625646591187,0.7022960782051086,-0.07933621853590012,0.7001981139183044,0.71158367395401,-0.07054412364959717,0.7398216128349304,0.7146518230438232,-0.06837876886129379,0.7646810412406921,0.7850709557533264,-0.07438342273235321,0.677622377872467,0.7671164870262146,-0.07839389145374298,0.7085674405097961,0.774806559085846,-0.05769116431474686,0.746358335018158,0.7797330617904663,-0.047920141369104385,0.7665526866912842,0.8609287738800049,-0.07787959277629852,0.6967798471450806,0.834384024143219,-0.08041928708553314,0.7262470722198486,0.8365190625190735,-0.06090538203716278,0.7591518759727478,0.8430145382881165,-0.0475163497030735
2,0.9085586667060852,0.7419394254684448,-2.2874854721521842e-07,0.8688774108886719,0.6159480214118958,-0.0006737479125149548,0.8137984871864319,0.5019621253013611,-0.01670985482633114,0.7817444205284119,0.4020775258541107,-0.033845480531454086,0.7665967345237732,0.3226676285266876,-0.052665598690509796,0.7556591629981995,0.5524433255195618,-0.04577476158738136,0.6623974442481995,0.5823401212692261,-0.06509126722812653,0.689985990524292,0.5976511240005493,-0.07250598818063736,0.7266015410423279,0.5912351608276367,-0.07529296725988388,0.7537500858306885,0.6338428258895874,-0.056168582290410995,0.6640139222145081,0.6494511365890503,-0.06459493190050125,0.6935951709747314,0.6595437526702881,-0.058467473834753036,0.728473424911499,0.6556791067123413,-0.0579727441072464,0.7576674222946167,0.713622510433197,-0.06428923457860947,0.6793220043182373,0.7156346440315247,-0.06926923245191574,0.7083473205566406,0.7225832939147949,-0.050848398357629776,0.7427079677581787,0.7214525938034058,-0.041920773684978485,0.7653682827949524,0.7890166640281677,-0.07200175523757935,0.6974973678588867,0.7791290283203125,-0.07268019765615463,0.7256348133087158,0.7796013355255127,-0.0530109740793705,0.7579792141914368,0.7802219390869141,-0.03942599520087242
2,0.7980301976203918,0.7175532579421997,-1.3546167565436917e-07,0.7598310112953186,0.5973361730575562,5.389771467889659e-05,0.7133219838142395,0.49403029680252075,-0.011217948980629444,0.6802931427955627,0.40554800629615784,-0.023829998448491096,0.6590259075164795,0.3378855586051941,-0.03754400834441185,0.6280579566955566,0.5503100156784058,-0.022039176896214485,0.5653933882713318,0.5879045128822327,-0.02873470075428486,0.5903384685516357,0.603356122970581,-0.03320376202464104,0.6209970712661743,0.5972388386726379,-0.03590978682041168,0.6261587142944336,0.6264485120773315,-0.029526684433221817,0.5703883171081543,0.6547684669494629,-0.0265277661383152,0.5965349078178406,0.6635279059410095,-0.023499878123402596,0.6271106600761414,0.6573630571365356,-0.026088356971740723,0.6347340941429138,0.6994004845619202,-0.03506167605519295,0.5846948623657227,0.7134311199188232,-0.029997115954756737,0.6074956059455872,0.7198651432991028,-0.01855357363820076,0.6363002061843872,0.7151389718055725,-0.015577239915728569,0.6482789516448975,0.7649795413017273,-0.040676288306713104,0.6020340323448181,0.7704086303710938,-0.03434641659259796,0.6219154596328735,0.7725398540496826,-0.018888819962739944,0.6468443870544434,0.7691611647605896,-0.008564863353967667
2,0.7134428024291992,0.7004456520080566,-1.1747233941150625e-07,0.6730766296386719,0.5816559791564941,0.0010249087354168296,0.6283774375915527,0.48200154304504395,-0.009118781425058842,0.5906920433044434,0.4011954069137573,-0.02198408544063568,0.5657423734664917,0.3354479670524597,-0.03686487674713135,0.5293045043945312,0.5454148054122925,-0.008641567081212997,0.4778691232204437,0.5893592238426208,-0.015174372121691704,0.5032041072845459,0.6012473702430725,-0.02403753064572811,0.5342420935630798,0.594595193862915,-0.029726557433605194,0.5269920825958252,0.6143772602081299,-0.016553392633795738,0.48542964458465576,0.6515721678733826,-0.012866268865764141,0.5099932551383972,0.6569763422012329,-0.01562848500907421,0.5417770147323608,0.6480961441993713,-0.02179108001291752,0.5364848375320435,0.6841913461685181,-0.023100629448890686,0.4963834583759308,0.7059457898139954,-0.018645239993929863,0.5190912485122681,0.7093944549560547,-0.011180161498486996,0.5489537119865417,0.7013642191886902,-0.009873522445559502,0.5506739020347595,0.750871479511261,-0.02998965233564377,0.5092723965644836,0.7622689604759216,-0.02515127696096897,0.5318899750709534,0.7577091455459595,-0.011188945733010769,0.5594412088394165,0.7489796876907349,-0.0007731398800387979
2,0.6404942870140076,0.6923304796218872,-2.1590918208858056e-07,0.6083019375801086,0.5734166502952576,-0.004037539940327406,0.5626108646392822,0.472034752368927,-0.014161666855216026,0.5195130705833435,0.39687055349349976,-0.025321727618575096,0.4916353225708008,0.3348220884799957,-0.038460955023765564,0.45764073729515076,0.5367319583892822,-0.016749350354075432,0.41759610176086426,0.5923265814781189,-0.021796653047204018,0.44439810514450073,0.612280547618866,-0.028844714164733887,0.4759034514427185,0.6076439619064331,-0.03361159935593605,0.4537509083747864,0.6108049154281616,-0.020985595881938934,0.42981836199760437,0.6574788689613342,-0.01573207788169384,0.4565623700618744,0.6662352681159973,-0.017398951575160027,0.4864872097969055,0.6534186005592346,-0.023813461884856224,0.4650620222091675,0.6830310225486755,-0.02340218983590603,0.44158145785331726,0.7119617462158203,-0.018734261393547058,0.4670499861240387,0.7199649810791016,-0.012069953605532646,0.49703526496887207,0.7094258666038513,-0.012171085923910141,0.48095741868019104,0.7501934170722961,-0.02653106115758419,0.4578094482421875,0.7658411860466003,-0.02339170314371586,0.4841810464859009,0.7675868272781372,-0.01157171931117773,0.511239767074585,0.757512629032135,-0.0027076785918325186
2,0.5788110494613647,0.6791112422943115,-1.3507062135431624e-07,0.5427072048187256,0.5627277493476868,-0.003188022878021002,0.4966011941432953,0.47158634662628174,-0.013697465881705284,0.45458006858825684,0.39723658561706543,-0.02518986351788044,0.43025273084640503,0.33651798963546753,-0.03799356147646904,0.3839729428291321,0.5507348775863647,-0.012515949085354805,0.36945319175720215,0.5782040953636169,-0.012749026529490948,0.4025876820087433,0.5873240828514099,-0.019764939323067665,0.4281708002090454,0.5852378606796265,-0.026531226933002472,0.38061487674713135,0.6289845705032349,-0.016458785161376,0.3763557970523834,0.6434524655342102,-0.005878443829715252,0.40577831864356995,0.644335150718689,-0.007971190847456455,0.4331517517566681,0.6383180022239685,-0.015739429742097855,0.39516979455947876,0.6997278928756714,-0.018107837066054344,0.3878698945045471,0.7037374377250671,-0.00817355141043663,0.4145232141017914,0.7020494937896729,-0.0029969685710966587,0.44301995635032654,0.695167064666748,-0.00509125180542469,0.41556021571159363,0.7591836452484131,-0.02040318213403225,0.40728920698165894,0.7577307820320129,-0.01277160830795765,0.4332980811595917,0.7516528367996216,-0.0006390338530763984,0.45713722705841064,0.7430258393287659,0.007836960256099701
2,0.5306745767593384,0.6727735996246338,-1.1172129887881965e-07,0.5004338026046753,0.5580483078956604,-0.0030718750786036253,0.4575648009777069,0.47147810459136963,-0.012954343110322952,0.4167534410953522,0.3945866823196411,-0.023735199123620987,0.3895657956600189,0.3348963260650635,-0.03600165620446205,0.34427446126937866,0.5474958419799805,-0.011150514706969261,0.33513620495796204,0.5725424289703369,-0.00935449544340372,0.36751532554626465,0.5818524956703186,-0.015490226447582245,0.391918420791626,0.5819752812385559,-0.02183752879500389,0.3388482928276062,0.622506856918335,-0.013926981016993523,0.3432488441467285,0.635655403137207,0.0012633412843570113,0.37240707874298096,0.6365721821784973,0.00037305307341739535,0.39698851108551025,0.6309229731559753,-0.008132800459861755,0.35298508405685425,0.6912934184074402,-0.014478522352874279,0.35358962416648865,0.6934788227081299,-0.0005620314623229206,0.3794144093990326,0.6908950209617615,0.004025449510663748,0.4059012532234192,0.6841894388198853,-5.841488473379286e-06,0.37221595644950867,0.7507339715957642,-0.015713881701231003,0.3711632490158081,0.7490936517715454,-0.005273604299873114,0.3966098427772522,0.7421842813491821,0.006187465041875839,0.4196886122226715,0.734692394733429,0.013130160048604012
2,0.6367722749710083,0.4924015700817108,-6.109679020482872e-07,0.5748509168624878,0.5538939237594604,-0.0033784699626266956,0.516369104385376,0.5794042944908142,-0.012433787807822227,0.48194605112075806,0.6014919877052307,-0.026473386213183403,0.4666949212551117,0.625761091709137,-0.03535250201821327,0.453673392534256,0.4266221523284912,0.015127744525671005,0.41508471965789795,0.493243545293808,-0.016621626913547516,0.46740806102752686,0.5164481401443481,-0.0362430214881897,0.4901828467845917,0.4999871850013733,-0.04676907882094383,0.4648470878601074,0.39004915952682495,0.002879061968997121,0.42803046107292175,0.4732874631881714,-0.03133338317275047,0.48945996165275574,0.4993079900741577,-0.03571265563368797,0.5065844655036926,0.46934229135513306,-0.031166737899184227,0.48435088992118835,0.3598894476890564,-0.014721752144396305,0.4526682496070862,0.4400249421596527,-0.04165026545524597,0.5098215937614441,0.47080230712890625,-0.025171155110001564,0.5249605178833008,0.441568523645401,-0.008155551739037037,0.5114623308181763,0.337097704410553,-0.0346689410507679,0.4863024652004242,0.40970495343208313,-0.04616479203104973,0.5239248275756836,0.43642622232437134,-0.033138349652290344,0.5384463667869568,0.4081873595714569,-0.019657425582408905
2,0.6367825865745544,0.4566078186035156,-5.147809929439973e-07,0.5890718102455139,0.5362106561660767,-0.02364986576139927,0.5369300842285156,0.6011461615562439,-0.045293454080820084,0.4933116137981415,0.650688111782074,-0.07025087624788284,0.4688557982444763,0.6879494786262512,-0.08860830217599869,0.45908454060554504,0.4731386601924896,-0.0007003311184234917,0.4241552948951721,0.5014513731002808,-0.0383957102894783,0.4773290157318115,0.5167162418365479,-0.05457653850317001,0.49759548902511597,0.5074869990348816,-0.059657420963048935,0.46974417567253113,0.42714571952819824,-0.004168781451880932,0.4385407269001007,0.4624519646167755,-0.046945445239543915,0.5042476654052734,0.48424670100212097,-0.04879413917660713,0.508245050907135,0.46158623695373535,-0.03827815502882004,0.4847812354564667,0.38230717182159424,-0.01543181762099266,0.46211057901382446,0.416812002658844,-0.05016268789768219,0.5181580781936646,0.44075697660446167,-0.03197741135954857,0.5211051106452942,0.4194263815879822,-0.0101044662296772,0.5037624835968018,0.33704185485839844,-0.030213121324777603,0.48786839842796326,0.3730714023113251,-0.04005081206560135,0.5234703421592712,0.39721763134002686,-0.02348717302083969,0.5278784036636353,0.3770429790019989,-0.006700342055410147
2,0.6266867518424988,0.4645560383796692,-5.275828698358964e-07,0.5930159091949463,0.5535045862197876,-0.027684638276696205,0.5492407083511353,0.6253508925437927,-0.045815855264663696,0.5053542256355286,0.6817228198051453,-0.06589263677597046,0.48543062806129456,0.7295767068862915,-0.07865476608276367,0.46329185366630554,0.520881712436676,0.0032604795414954424,0.42195814847946167,0.5261135697364807,-0.02868960238993168,0.47713297605514526,0.5293510556221008,-0.042084623128175735,0.49562323093414307,0.5260326862335205,-0.04602423310279846,0.467970073223114,0.4655226767063141,0.004897587466984987,0.4355066120624542,0.4752245545387268,-0.029856020584702492,0.5007769465446472,0.4868963658809662,-0.032102759927511215,0.5000557899475098,0.480368047952652,-0.024329833686351776,0.4775415360927582,0.41337263584136963,-0.0012704781256616116,0.45275357365608215,0.4219217896461487,-0.029287775978446007,0.5060375928878784,0.4381154775619507,-0.012810097075998783,0.5055729150772095,0.4296801686286926,0.005928112659603357,0.4898275136947632,0.3628338873386383,-0.01108771376311779,0.46991461515426636,0.3716677129268646,-0.015547032468020916,0.5047876238822937,0.39307841658592224,0.002133529633283615,0.5089504718780518,0.384735107421875,0.018457284197211266
2,0.6176641583442688,0.47179538011550903,-5.8845677131103e-07,0.5849019289016724,0.5599659085273743,-0.021734388545155525,0.5429084897041321,0.6345364451408386,-0.034117165952920914,0.5049656629562378,0.6987141370773315,-0.048565976321697235,0.49058014154434204,0.7522691488265991,-0.055927325040102005,0.4642254710197449,0.5353754162788391,0.007709654048085213,0.42139753699302673,0.5443683862686157,-0.022140763700008392,0.4778425395488739,0.5461791753768921,-0.0361175574362278,0.49404600262641907,0.5432351231575012,-0.04146520793437958,0.46676498651504517,0.4812946617603302,0.008123863488435745,0.4301873743534088,0.4951458275318146,-0.02533099055290222,0.4947235584259033,0.5035644173622131,-0.030046798288822174,0.4955788552761078,0.49666979908943176,-0.025163326412439346,0.47426310181617737,0.43009161949157715,0.0017531756311655045,0.44452565908432007,0.44059255719184875,-0.02539161965250969,0.5007854700088501,0.4546973407268524,-0.01067615021020174,0.5012859106063843,0.44556817412376404,0.006230865605175495,0.4844622015953064,0.38024017214775085,-0.007420989219099283,0.4617269039154053,0.38962531089782715,-0.010927395895123482,0.49984824657440186,0.40995872020721436,0.0067498511634767056,0.5035573840141296,0.40118950605392456,0.022297678515315056
2,0.6184875965118408,0.4741097092628479,-5.075754643257824e-07,0.5926225185394287,0.5572043657302856,-0.03481413051486015,0.5551946759223938,0.6359767317771912,-0.054503634572029114,0.5213593244552612,0.7120910882949829,-0.0728190690279007,0.5149054527282715,0.7682124972343445,-0.08282049000263214,0.4696936011314392,0.5612178444862366,-0.01335473544895649,0.4259101152420044,0.5571058988571167,-0.04299250245094299,0.4851621091365814,0.5553216934204102,-0.051721129566431046,0.497163861989975,0.5597525835037231,-0.05379052087664604,0.47309014201164246,0.5012747049331665,-0.007178961765021086,0.43389201164245605,0.5045345425605774,-0.04127853736281395,0.501437246799469,0.5106011033058167,-0.04201927036046982,0.4958564043045044,0.5146477222442627,-0.03458414226770401,0.4787314236164093,0.4461060166358948,-0.007812159601598978,0.44616150856018066,0.4475703537464142,-0.03826909884810448,0.5032821297645569,0.45864543318748474,-0.021776558831334114,0.5022703409194946,0.45896175503730774,-0.0032189171761274338,0.48365917801856995,0.3961959183216095,-0.01183968037366867,0.4584423303604126,0.3973133862018585,-0.018865840509533882,0.49809545278549194,0.41188180446624756,-0.0014612567611038685,0.5033045411109924,0.4089900255203247,0.01423798780888319
2,0.6262720823287964,0.48261964321136475,-5.02327111462364e-07,0.5999825596809387,0.5661888718605042,-0.03764982521533966,0.5646051168441772,0.6485084295272827,-0.05685755982995033,0.5332236289978027,0.7305270433425903,-0.07434210181236267,0.5249629020690918,0.7878304123878479,-0.08324243873357773,0.47829410433769226,0.5860292911529541,-0.007933363318443298,0.4343740940093994,0.5852981209754944,-0.038134340196847916,0.49224328994750977,0.5771872401237488,-0.04809606447815895,0.5037904977798462,0.5828036069869995,-0.050831861793994904,0.478298544883728,0.5263378620147705,0.00023311014228966087,0.4385954737663269,0.530796229839325,-0.034369826316833496,0.5056107640266418,0.5299546122550964,-0.03674869239330292,0.4991258978843689,0.5387952923774719,-0.03026353009045124,0.4818320572376251,0.4712798297405243,0.00067807239247486,0.44839563965797424,0.47193872928619385,-0.03189513087272644,0.5048545002937317,0.4771556258201599,-0.017098667100071907,0.5040150880813599,0.4817673861980438,0.0010591843165457249,0.48541030287742615,0.4214680790901184,-0.0024175008293241262,0.45900681614875793,0.4216846823692322,-0.011457592248916626,0.500047504901886,0.43281808495521545,0.004700010642409325,0.5071672797203064,0.43387824296951294,0.019888389855623245
2,0.6253558397293091,0.47998905181884766,-5.499855433299672e-07,0.6015249490737915,0.5688697099685669,-0.03283824026584625,0.5675498247146606,0.6538676619529724,-0.04697847366333008,0.5371086597442627,0.7319589853286743,-0.059993233531713486,0.5283007621765137,0.7835716009140015,-0.06441750377416611,0.4820250868797302,0.5883519649505615,0.0013096202164888382,0.4361535906791687,0.5899247527122498,-0.02800733409821987,0.4942021369934082,0.5803747177124023,-0.03966594859957695,0.5052767395973206,0.5853385329246521,-0.04374365508556366,0.4820130467414856,0.5296847820281982,0.007749199867248535,0.4408855438232422,0.5358800888061523,-0.0263920109719038,0.5056874752044678,0.5333520770072937,-0.03144369274377823,0.5009030699729919,0.541193962097168,-0.02692432887852192,0.4842674732208252,0.4759516417980194,0.006507286336272955,0.4483555853366852,0.47863709926605225,-0.025891192257404327,0.5049066543579102,0.48186030983924866,-0.013255327008664608,0.5040265917778015,0.4848778247833252,0.0037295911461114883,0.4856465756893158,0.4248388111591339,0.0021235609892755747,0.45861372351646423,0.4277786612510681,-0.006668035872280598,0.5006757974624634,0.43751612305641174,0.00888929795473814,0.5069220662117004,0.43719926476478577,0.023787986487150192
2,0.5622286200523376,0.4952092468738556,-6.705852797495027e-07,0.5483098030090332,0.573250949382782,-0.053308069705963135,0.5062839984893799,0.6551746129989624,-0.08647673577070236,0.47070300579071045,0.728630542755127,-0.11279776692390442,0.45246556401252747,0.7977180480957031,-0.13101565837860107,0.3807007074356079,0.5783053636550903,-0.05600845813751221,0.42188626527786255,0.5517092347145081,-0.08907008916139603,0.46407437324523926,0.5551655292510986,-0.09862921386957169,0.45714491605758667,0.5705071687698364,-0.10548078268766403,0.3704775869846344,0.5072014331817627,-0.04959426820278168,0.43302085995674133,0.485565721988678,-0.08720488846302032,0.4826871454715729,0.5075388550758362,-0.09172775596380234,0.4632987976074219,0.5273141860961914,-0.09211970120668411,0.38293683528900146,0.44254451990127563,-0.048665884882211685,0.44435223937034607,0.4286516308784485,-0.08733513206243515,0.4869684875011444,0.45462197065353394,-0.07948122173547745,0.4721883237361908,0.47385549545288086,-0.07104142755270004,0.40476927161216736,0.38612139225006104,-0.053128402680158615,0.4542141258716583,0.3715822994709015,-0.08060955256223679,0.4891185164451599,0.4029313921928406,-0.0799676701426506,0.48224249482154846,0.4282400608062744,-0.07641617208719254
2,0.5626085996627808,0.5219956636428833,-5.94542484577687e-07,0.5589901804924011,0.6219154596328735,-0.015253420919179916,0.5368268489837646,0.7079831957817078,-0.017557693645358086,0.5174187421798706,0.761137068271637,-0.023085113614797592,0.5113025903701782,0.7911382913589478,-0.021833913400769234,0.44799578189849854,0.6829379796981812,0.026322798803448677,0.419348806142807,0.7165514230728149,-0.00043454839033074677,0.4683586359024048,0.6834086179733276,-0.011748391203582287,0.4816548526287079,0.6649277210235596,-0.013583851046860218,0.43366649746894836,0.633276104927063,0.023985469713807106,0.4083299934864044,0.6643009781837463,-0.007614979986101389,0.4701394736766815,0.6316845417022705,-0.010333280079066753,0.4724045395851135,0.6188583374023438,-0.00024782278342172503,0.4246024191379547,0.5829809308052063,0.013642340898513794,0.40615159273147583,0.6069565415382385,-0.01437619049102068,0.46336522698402405,0.5844253897666931,-0.0008759549236856401,0.4645095765590668,0.5718855857849121,0.01879156194627285,0.418302983045578,0.5272382497787476,0.0009293631883338094,0.4048745632171631,0.5518538355827332,-0.0039034707006067038,0.44685161113739014,0.5463973879814148,0.012683525681495667,0.44851699471473694,0.5351788401603699,0.029802920296788216
2,0.6696012020111084,0.6904892921447754,-1.7431788990052155e-07,0.7161144018173218,0.6157426834106445,-0.010861460119485855,0.7419021725654602,0.5394989252090454,-0.02130354754626751,0.7592144012451172,0.47472625970840454,-0.030971447005867958,0.7764264345169067,0.4285147190093994,-0.041397225111722946,0.6317927241325378,0.477615624666214,-0.01933438517153263,0.6489856839179993,0.5006476640701294,-0.023089880123734474,0.6621377468109131,0.5302245020866394,-0.031888198107481,0.66558438539505,0.5472956299781799,-0.04051192104816437,0.5923461318016052,0.511237382888794,-0.020205704495310783,0.6166384816169739,0.5368839502334595,-0.014523676596581936,0.6319519281387329,0.5594133734703064,-0.018921323120594025,0.6374940276145935,0.5731881856918335,-0.028826894238591194,0.5694243907928467,0.5565985441207886,-0.020049022510647774,0.5888836979866028,0.5741090178489685,-0.017841748893260956,0.6053145527839661,0.5902705788612366,-0.018752368167042732,0.6133489608764648,0.6035205125808716,-0.02424074523150921,0.5532405376434326,0.6042190194129944,-0.02098468691110611,0.5672961473464966,0.6164007782936096,-0.02104329690337181,0.5841323137283325,0.630350649356842,-0.016503045335412025,0.5924073457717896,0.641874372959137,-0.014001138508319855
2,0.7431780099868774,0.7158405184745789,-3.69836179459071e-08,0.7094613313674927,0.5998345613479614,-0.002281142631545663,0.6809163093566895,0.5171473026275635,-0.015290728770196438,0.6523840427398682,0.43623924255371094,-0.02825930155813694,0.6394215226173401,0.37145185470581055,-0.04140261188149452,0.5759861469268799,0.5765735507011414,-0.019764434546232224,0.5480188727378845,0.5860094428062439,-0.01628798618912697,0.5788940191268921,0.5944307446479797,-0.0168103389441967,0.6046906113624573,0.5987964868545532,-0.018992194905877113,0.5659180879592896,0.6505916714668274,-0.022618534043431282,0.5487989187240601,0.6382555961608887,-0.00908751506358385,0.5760484337806702,0.6409691572189331,-0.006115254946053028,0.6012141704559326,0.6475005149841309,-0.01087896153330803,0.5736218094825745,0.7174097895622253,-0.022238239645957947,0.5559664368629456,0.6946693658828735,-0.007760331500321627,0.5787190198898315,0.6968439221382141,0.0009277731878682971,0.6050352454185486,0.7034624218940735,-0.00010191358160227537,0.5867742300033569,0.7735523581504822,-0.022172387689352036,0.5670526623725891,0.7521824240684509,-0.011102787218987942,0.5896677374839783,0.7511510848999023,0.003564462997019291,0.6125073432922363,0.7547918558120728,0.01286425068974495
2,0.7369884848594666,0.7327181696891785,-7.268942425753266e-08,0.7233017683029175,0.6100010871887207,-0.006404496729373932,0.7083364129066467,0.5179163813591003,-0.019999120384454727,0.692139208316803,0.4325203597545624,-0.03385848179459572,0.6881930232048035,0.36790043115615845,-0.047395024448633194,0.5861892104148865,0.5558103322982788,-0.014461783692240715,0.5811989307403564,0.5384207367897034,-0.014793714508414268,0.6120011210441589,0.5569512248039246,-0.021284379065036774,0.6324601173400879,0.5758424401283264,-0.028033001348376274,0.5659527778625488,0.6244803667068481,-0.016852905973792076,0.5714035034179688,0.6011052131652832,-0.007751553785055876,0.6002371311187744,0.6120221614837646,-0.010280772112309933,0.6206277012825012,0.6290267705917358,-0.01842149719595909,0.5646714568138123,0.6897348165512085,-0.01732904277741909,0.5666268467903137,0.6621055006980896,-0.007671814411878586,0.5912621021270752,0.6679835915565491,-0.0030088978819549084,0.6133697032928467,0.6821966171264648,-0.005286262836307287,0.570044994354248,0.7464120388031006,-0.018619878217577934,0.5626482367515564,0.7223843336105347,-0.010016263462603092,0.5845094919204712,0.7232478857040405,0.0024213227443397045,0.6037006378173828,0.7304927110671997,0.010739016346633434
2,0.7297041416168213,0.7246378064155579,-4.382248874890138e-08,0.7058581113815308,0.603102445602417,-0.0029068286530673504,0.6806250214576721,0.5172250270843506,-0.01479413267225027,0.6553781032562256,0.4341835081577301,-0.026728615164756775,0.6437695026397705,0.3695223927497864,-0.0387481227517128,0.5704940557479858,0.5708616375923157,-0.01635371334850788,0.5509542226791382,0.5671484470367432,-0.01349589228630066,0.5829080939292908,0.5782799124717712,-0.01622062362730503,0.6075891256332397,0.5878347158432007,-0.019983576610684395,0.5566573143005371,0.6448018550872803,-0.018810726702213287,0.5464842319488525,0.6251459121704102,-0.00531198363751173,0.5742170214653015,0.630386233329773,-0.0037226479034870863,0.5986085534095764,0.6414896249771118,-0.00945670809596777,0.5612650513648987,0.7116561532020569,-0.018420521169900894,0.5496826767921448,0.685882031917572,-0.0043189637362957,0.5730190277099609,0.688106119632721,0.0033262246288359165,0.5984340310096741,0.6972986459732056,0.0019265750888735056,0.5716229677200317,0.767393946647644,-0.01842266507446766,0.55497807264328,0.7426472902297974,-0.007297213654965162,0.5776276588439941,0.7429249286651611,0.007275234442204237,0.5997101068496704,0.7489339113235474,0.01656348444521427
2,0.7360595464706421,0.7141903042793274,-1.022558677732377e-07,0.6923086643218994,0.6002563238143921,0.0021565353963524103,0.6542697548866272,0.5206331610679626,-0.009274620562791824,0.61979079246521,0.4412924349308014,-0.021306727081537247,0.6028661131858826,0.3772434890270233,-0.03539259731769562,0.5539942979812622,0.578076958656311,-0.021369418129324913,0.5221571326255798,0.6258065700531006,-0.014181832782924175,0.5497817993164062,0.647217333316803,-0.013425028882920742,0.5689284205436707,0.6539511680603027,-0.016631511971354485,0.5500959753990173,0.6537753343582153,-0.02682952582836151,0.5326542854309082,0.6757420301437378,-0.011963126249611378,0.5590037107467651,0.6797235012054443,-0.009406072087585926,0.5844818353652954,0.6787654161453247,-0.0159233957529068,0.5629729628562927,0.7248646020889282,-0.027755234390497208,0.5432197451591492,0.7266802787780762,-0.01277172565460205,0.5645514130592346,0.7293974161148071,-0.004469779785722494,0.5911949276924133,0.7302212119102478,-0.006591770797967911,0.5803332924842834,0.7861757874488831,-0.0285003874450922,0.5545101165771484,0.7785047292709351,-0.019285906106233597,0.5765244960784912,0.7751165628433228,-0.0055695995688438416,0.6003281474113464,0.7730282545089722,0.0031132742296904325
2,0.7404616475105286,0.6894330978393555,-1.8619154218413314e-07,0.6883214116096497,0.5901528000831604,0.009279523976147175,0.6402897834777832,0.5142369270324707,0.000692605332005769,0.5995767116546631,0.44116756319999695,-0.010027044452726841,0.5789188742637634,0.38091087341308594,-0.023646226152777672,0.5506953001022339,0.5689823627471924,-0.017401695251464844,0.51573646068573,0.6348728537559509,-0.011128060519695282,0.5480848550796509,0.6478273868560791,-0.00981058832257986,0.5730538964271545,0.6387410163879395,-0.011609046719968319,0.5533591508865356,0.6410356163978577,-0.026300771161913872,0.5324394106864929,0.6897350549697876,-0.011263233609497547,0.5601948499679565,0.6940865516662598,-0.007460942491889,0.5870335102081299,0.6834909915924072,-0.012363087385892868,0.5711397528648376,0.7110451459884644,-0.030278729274868965,0.5508260130882263,0.7383439540863037,-0.013062166050076485,0.5742764472961426,0.7405921220779419,-0.003543954575434327,0.6007394194602966,0.731857180595398,-0.005347645841538906,0.592928409576416,0.7737488150596619,-0.033602457493543625,0.571937084197998,0.7866461277008057,-0.02124924212694168,0.5966225266456604,0.7827833890914917,-0.006808082573115826,0.6204055547714233,0.7737975120544434,0.0019305628957226872
2,0.7467596530914307,0.6666536927223206,-2.45746775817679e-07,0.6903384923934937,0.5762845277786255,0.007728744298219681,0.6325849890708923,0.5030107498168945,-0.001659156521782279,0.5880128145217896,0.43504202365875244,-0.012867802754044533,0.5652372241020203,0.37624266743659973,-0.027037449181079865,0.5484186410903931,0.5561994314193726,-0.022456049919128418,0.5117757320404053,0.6349763870239258,-0.02104790136218071,0.5447288155555725,0.6460244059562683,-0.021198133006691933,0.5689792633056641,0.6307672262191772,-0.023320551961660385,0.55637127161026,0.6252555251121521,-0.03161047026515007,0.5333205461502075,0.6920380592346191,-0.022239046171307564,0.5632281303405762,0.6939929127693176,-0.018414584919810295,0.5892661213874817,0.6757149696350098,-0.02190912328660488,0.577450156211853,0.6943109631538391,-0.036242466419935226,0.5587193965911865,0.7373452186584473,-0.024307217448949814,0.5858084559440613,0.736025333404541,-0.013952424749732018,0.6112324595451355,0.7201632261276245,-0.014038428664207458,0.6020038723945618,0.7589040994644165,-0.04037122055888176,0.5867376327514648,0.7801124453544617,-0.03216804563999176,0.6155945658683777,0.7723863124847412,-0.018774431198835373,0.6386853456497192,0.7579942345619202,-0.009987696073949337
2,0.7164815664291382,0.4167841970920563,-4.974242528987816e-07,0.6859827637672424,0.4984368085861206,-0.04060615599155426,0.6356912851333618,0.5854713320732117,-0.06191255524754524,0.6107714176177979,0.6652584671974182,-0.08073613792657852,0.6176651120185852,0.7226420640945435,-0.09173396229743958,0.5515371561050415,0.5157650113105774,-0.022886095568537712,0.5178776383399963,0.5089108943939209,-0.05470259115099907,0.5791540741920471,0.5018920302391052,-0.06156882271170616,0.5891910195350647,0.5019946098327637,-0.0632716715335846,0.5521957278251648,0.4468607008457184,-0.01827573962509632,0.5284568071365356,0.4457719027996063,-0.0568886436522007,0.5993902087211609,0.4516340494155884,-0.05539970472455025,0.5923761129379272,0.4532929062843323,-0.045993003994226456,0.56200110912323,0.38483726978302,-0.021423302590847015,0.5460937023162842,0.3834344148635864,-0.06017760932445526,0.6081668138504028,0.3986554741859436,-0.044263120740652084,0.6042994260787964,0.4020698666572571,-0.025004500523209572,0.5750097036361694,0.3293672204017639,-0.028379293158650398,0.5632763504981995,0.32820233702659607,-0.04433080926537514,0.608178436756134,0.3496963381767273,-0.02992428094148636,0.614190936088562,0.35712534189224243,-0.015778152272105217
2,0.701357901096344,0.43427059054374695,-5.826213396176172e-07,0.6899954080581665,0.519250214099884,-0.04185357689857483,0.6597284078598022,0.6135101318359375,-0.06520434468984604,0.6443482637405396,0.6938564777374268,-0.08410446345806122,0.6399260759353638,0.7564082145690918,-0.09440213441848755,0.5553135871887207,0.5721709132194519,-0.037459149956703186,0.5430916547775269,0.56988525390625,-0.06655175983905792,0.598641037940979,0.5418386459350586,-0.07048389315605164,0.6064726710319519,0.5417347550392151,-0.07163242250680923,0.5388651490211487,0.5052524209022522,-0.032899387180805206,0.5383885502815247,0.5053126215934753,-0.06884294003248215,0.6035192012786865,0.48943227529525757,-0.0682084783911705,0.5973221063613892,0.4975101053714752,-0.06277471035718918,0.5387539863586426,0.4394245147705078,-0.03396474942564964,0.5402378439903259,0.4365966022014618,-0.0713217481970787,0.6003575921058655,0.43254533410072327,-0.05446477234363556,0.5984084010124207,0.440002977848053,-0.03767706826329231,0.5471710562705994,0.37988439202308655,-0.03880409151315689,0.5431236624717712,0.3743981122970581,-0.059366561472415924,0.5906196236610413,0.38233649730682373,-0.04622584208846092,0.5990014672279358,0.3921874463558197,-0.033346518874168396
2,0.8308253288269043,0.6871311664581299,4.611523607422896e-08,0.754379391670227,0.5968478918075562,-0.007641849108040333,0.7040866017341614,0.5267298221588135,-0.029289599508047104,0.6665562987327576,0.44756725430488586,-0.05052703246474266,0.646150529384613,0.37855809926986694,-0.07088853418827057,0.6126869916915894,0.6498852968215942,-0.04071124643087387,0.5662853717803955,0.6704269051551819,-0.04436785355210304,0.6025758385658264,0.6535093188285828,-0.045155078172683716,0.633380651473999,0.6416703462600708,-0.0466022714972496,0.6263160109519958,0.7325517535209656,-0.04367448762059212,0.5830865502357483,0.7281785607337952,-0.03648759424686432,0.6147134900093079,0.7121113538742065,-0.03136315569281578,0.6467510461807251,0.7045277953147888,-0.03387211635708809,0.6525920033454895,0.8002769947052002,-0.04322824999690056,0.617583155632019,0.7801148295402527,-0.031106911599636078,0.6446550488471985,0.7687636613845825,-0.019353510811924934,0.6767510175704956,0.76459801197052,-0.018153520300984383,0.6813308596611023,0.8550947904586792,-0.04381290450692177,0.6495107412338257,0.8365761041641235,-0.03278782591223717,0.6746601462364197,0.8212277889251709,-0.016254769638180733,0.7008799314498901,0.8136247992515564,-0.005694840103387833
2,0.8586229085922241,0.6544607281684875,-1.4297108918981394e-07,0.8814729452133179,0.5553563237190247,-0.006972406525164843,0.8964020013809204,0.4709198474884033,-0.020745547488331795,0.9077258110046387,0.3946741819381714,-0.03555288910865784,0.9219096302986145,0.3365098237991333,-0.05136207118630409,0.768609344959259,0.44545912742614746,-0.016356337815523148,0.7660955786705017,0.4545227885246277,-0.02147059328854084,0.7887101173400879,0.4833962917327881,-0.031657710671424866,0.8072089552879333,0.501699686050415,-0.04013364017009735,0.7316169142723083,0.4976554811000824,-0.019593285396695137,0.7453473210334778,0.5129566192626953,-0.012716399505734444,0.7684227824211121,0.5368251204490662,-0.016777047887444496,0.78758704662323,0.5507555603981018,-0.025892086327075958,0.7131017446517944,0.5583304166793823,-0.021277109161019325,0.7264503836631775,0.5629205703735352,-0.01583963818848133,0.7483596205711365,0.580810010433197,-0.01350600179284811,0.768544614315033,0.594997763633728,-0.016758261248469353,0.7022027373313904,0.6183427572250366,-0.023979833349585533,0.7117437124252319,0.6201126575469971,-0.019975529983639717,0.7351364493370056,0.6327463984489441,-0.010120660066604614,0.7537113428115845,0.6419528126716614,-0.0029181644786149263
2,0.8373865485191345,0.6575628519058228,-3.765242695408233e-08,0.7983884811401367,0.5453065037727356,-0.0019232999766245484,0.7633782029151917,0.46197596192359924,-0.014675077050924301,0.7375568151473999,0.3820822834968567,-0.029081840068101883,0.7275370359420776,0.317791223526001,-0.04421704262495041,0.6558856964111328,0.5183228850364685,-0.012812678702175617,0.61622154712677,0.5502013564109802,-0.01650596782565117,0.6467685699462891,0.5636258125305176,-0.024341575801372528,0.6774021983146667,0.5636557340621948,-0.03013981133699417,0.6480856537818909,0.5938810706138611,-0.018037129193544388,0.6211085319519043,0.6087998747825623,-0.011719879694283009,0.6504324674606323,0.613249659538269,-0.014347884804010391,0.6815608143806458,0.6118109822273254,-0.02075175940990448,0.6561161279678345,0.6668283343315125,-0.021101735532283783,0.6298875212669373,0.6660745143890381,-0.013177644461393356,0.6538436412811279,0.6698240041732788,-0.0070562176406383514,0.6839681267738342,0.6709762215614319,-0.007122483104467392,0.6694682836532593,0.732021152973175,-0.024742882698774338,0.6431538462638855,0.7243597507476807,-0.01787615567445755,0.6663100719451904,0.7208821773529053,-0.004588531795889139,0.6918693780899048,0.717693567276001,0.0055603752844035625
2,0.8353881239891052,0.6505073308944702,-2.0997262595301436e-07,0.7879515886306763,0.5442448258399963,0.0046771252527832985,0.7417125701904297,0.459687203168869,-0.0044959960505366325,0.7088391780853271,0.382933109998703,-0.017024388536810875,0.6929923295974731,0.3220657706260681,-0.03140763193368912,0.6397209763526917,0.5166882276535034,-0.005507083144038916,0.6015428304672241,0.5697070360183716,-0.010818290524184704,0.6333214044570923,0.5877517461776733,-0.02010953240096569,0.6643794178962708,0.5835660696029663,-0.0265109371393919,0.6368647217750549,0.5894203782081604,-0.014394430443644524,0.6143379211425781,0.6357426643371582,-0.008532162755727768,0.6446440815925598,0.6437063813209534,-0.011425021104514599,0.6741495132446289,0.6332933306694031,-0.01800493337213993,0.6488997936248779,0.6617155075073242,-0.021113159134984016,0.627951979637146,0.6915140748023987,-0.01401144452393055,0.6541478037834167,0.6966213583946228,-0.007623505778610706,0.6831783056259155,0.6884623765945435,-0.007529956288635731,0.6660050749778748,0.728304386138916,-0.027932826429605484,0.641523003578186,0.7463887333869934,-0.02143355831503868,0.6671372056007385,0.7461872100830078,-0.007522422354668379,0.6930282115936279,0.7378454208374023,0.003217178164049983
2,0.8069134950637817,0.6395688056945801,-1.5891592397565546e-07,0.759996771812439,0.5285801887512207,0.005407590419054031,0.7164342999458313,0.4434535801410675,-0.003998748026788235,0.682928740978241,0.36710408329963684,-0.016720974817872047,0.6660734415054321,0.30519726872444153,-0.03191663324832916,0.6081129312515259,0.5051694512367249,-0.005786683410406113,0.5789571404457092,0.5614272952079773,-0.006930777337402105,0.6105356812477112,0.5787927508354187,-0.014378554187715054,0.6403498649597168,0.5737111568450928,-0.020788589492440224,0.6043254137039185,0.5813409090042114,-0.014500225894153118,0.5905287265777588,0.6254494190216064,-0.005112130660563707,0.6216851472854614,0.6325527429580688,-0.007903858087956905,0.6523361206054688,0.6220828890800476,-0.015213482081890106,0.6168069839477539,0.6558678150177002,-0.020290762186050415,0.6041089296340942,0.6838183999061584,-0.009468845091760159,0.6320422291755676,0.6885826587677002,-0.004265262745320797,0.6625099182128906,0.6805442571640015,-0.006210437044501305,0.6357212066650391,0.7231190204620361,-0.02622435800731182,0.625922441482544,0.7431066036224365,-0.018463030457496643,0.6545522212982178,0.7405805587768555,-0.006423132494091988,0.6807570457458496,0.7302528619766235,0.002632486168295145
2,0.7220713496208191,0.6624497175216675,-1.4652970037332125e-07,0.6697531342506409,0.5496262311935425,0.00048742484068498015,0.6218631267547607,0.46616330742836,-0.010759154334664345,0.5872586369514465,0.38862884044647217,-0.02546537108719349,0.5700905323028564,0.32338812947273254,-0.04199424386024475,0.5093463063240051,0.5458148717880249,-0.004223373252898455,0.4953736364841461,0.5988238453865051,-0.010007323697209358,0.530647873878479,0.6033907532691956,-0.023656176403164864,0.5582267045974731,0.5919893980026245,-0.03431767597794533,0.509190559387207,0.6203256845474243,-0.012364713475108147,0.5020824074745178,0.661558985710144,-0.008468062616884708,0.533322811126709,0.6602863073348999,-0.016595350578427315,0.5637584328651428,0.6480079293251038,-0.026538537815213203,0.5244174003601074,0.6912032961845398,-0.01860812120139599,0.5184644460678101,0.7174862623214722,-0.013355188071727753,0.5460438132286072,0.7140223979949951,-0.011388865299522877,0.5744239687919617,0.7017839550971985,-0.013718863017857075,0.5452664494514465,0.7558088302612305,-0.025676771998405457,0.5360202193260193,0.7735118865966797,-0.021241238340735435,0.5624340772628784,0.7627324461936951,-0.010515964590013027,0.58565354347229,0.7468769550323486,-0.001731776399537921
2,0.6697037220001221,0.673358678817749,-2.0291605551392422e-07,0.6027846336364746,0.569866955280304,-0.0006741434917785227,0.5451393723487854,0.4883559048175812,-0.014764840714633465,0.5010377764701843,0.4155861437320709,-0.031352169811725616,0.4747571051120758,0.35301730036735535,-0.05044758692383766,0.4401114881038666,0.5943204760551453,-0.01754593662917614,0.4129951298236847,0.6645339131355286,-0.024080850183963776,0.44975125789642334,0.6675602793693542,-0.03427405282855034,0.48318254947662354,0.6504436731338501,-0.04185537248849869,0.4498647153377533,0.6776871681213379,-0.025622067973017693,0.4282395839691162,0.7287228107452393,-0.02219918929040432,0.4616078734397888,0.725956380367279,-0.02626814693212509,0.4967304468154907,0.7071365714073181,-0.03395765647292137,0.47513100504875183,0.7520166635513306,-0.031143272295594215,0.4503064453601837,0.786973774433136,-0.02642122469842434,0.4807907044887543,0.7815428972244263,-0.020200323313474655,0.5152716040611267,0.7629561424255371,-0.020462680608034134,0.5055007338523865,0.8175393342971802,-0.03720177710056305,0.48176226019859314,0.8433821797370911,-0.036304231733083725,0.51220703125,0.8300827741622925,-0.024154862388968468,0.5418594479560852,0.8114342093467712,-0.014065809547901154
2,0.6460894346237183,0.6451472043991089,-2.4255925268334977e-07,0.5745306611061096,0.5473189949989319,-2.9654274840140715e-05,0.513274073600769,0.4748058319091797,-0.015317435376346111,0.46750715374946594,0.40307337045669556,-0.03492721915245056,0.43959328532218933,0.3402740955352783,-0.05622109770774841,0.39936238527297974,0.574917197227478,-0.013302120380103588,0.34915652871131897,0.6527554392814636,-0.028710072860121727,0.3876102864742279,0.6619834303855896,-0.04487481340765953,0.42584094405174255,0.6436529159545898,-0.054780591279268265,0.4109819829463959,0.6577332615852356,-0.022723689675331116,0.38505852222442627,0.7165937423706055,-0.027243301272392273,0.4227783977985382,0.7115703225135803,-0.03409701585769653,0.45920899510383606,0.6871957182884216,-0.04181768000125885,0.43881547451019287,0.7335634231567383,-0.0309382826089859,0.41794833540916443,0.7722274661064148,-0.03209225460886955,0.4501813054084778,0.7643925547599792,-0.026174690574407578,0.4865189790725708,0.7414596676826477,-0.024594822898507118,0.4694933295249939,0.8016995191574097,-0.04002360627055168,0.45147010684013367,0.8284226655960083,-0.04142042621970177,0.4828222692012787,0.8135132193565369,-0.030039887875318527,0.5138931274414062,0.7890819311141968,-0.019067026674747467
1,0.6538368463516235,0.5743474960327148,-7.704808240305283e-07,0.556014895439148,0.5879008173942566,-0.017673330381512642,0.45147252082824707,0.5280591249465942,-0.023052038624882698,0.42839205265045166,0.4359104335308075,-0.032331958413124084,0.4885479509830475,0.4059858024120331,-0.03534846752882004,0.4680538773536682,0.3943464457988739,0.015178093686699867,0.4238441288471222,0.37463298439979553,-0.02445724979043007,0.46425455808639526,0.4464672803878784,-0.04151555895805359,0.4883737564086914,0.45681896805763245,-0.04778584837913513,0.5120437741279602,0.35465332865715027,0.006768047343939543,0.47165316343307495,0.3494216799736023,-0.03593572601675987,0.5135338306427002,0.43915656208992004,-0.034323468804359436,0.5342116951942444,0.4416656196117401,-0.019027797505259514,0.560425341129303,0.33160150051116943,-0.011290205642580986,0.5258402228355408,0.34450238943099976,-0.05088357999920845,0.5617523789405823,0.4339865446090698,-0.03190451115369797,0.5788533091545105,0.4330982267856598,-0.005623802542686462,0.6170254945755005,0.3170328438282013,-0.03266631439328194,0.5764275193214417,0.3366578221321106,-0.04621173441410065,0.5974022150039673,0.3992168605327606,-0.029169095680117607,0.6143896579742432,0.39570093154907227,-0.010371151380240917
1,0.6646794080734253,0.5793161988258362,-7.563670010313217e-07,0.5664224624633789,0.59485924243927,-0.018639087677001953,0.4621654450893402,0.53346848487854,-0.02510230615735054,0.4409683048725128,0.4389902651309967,-0.035294871777296066,0.500190258026123,0.4109121859073639,-0.03935869038105011,0.47709721326828003,0.40189793705940247,0.013306372798979282,0.431826114654541,0.3800334632396698,-0.026424404233694077,0.4740942120552063,0.4490302503108978,-0.04448552802205086,0.4992614984512329,0.4617834687232971,-0.051848508417606354,0.5215598940849304,0.3594346344470978,0.005088294390588999,0.48104971647262573,0.35310500860214233,-0.03720797598361969,0.5253328680992126,0.44131824374198914,-0.036698613315820694,0.5451728105545044,0.44741716980934143,-0.022825218737125397,0.571115255355835,0.33555394411087036,-0.01259530521929264,0.5361214280128479,0.3473398685455322,-0.05148791894316673,0.573388397693634,0.4364490807056427,-0.03236836940050125,0.5890756249427795,0.4387284815311432,-0.0067391484044492245,0.6289448738098145,0.32110321521759033,-0.033685892820358276,0.5884978175163269,0.3412237763404846,-0.04736371338367462,0.609734296798706,0.4038432538509369,-0.030273228883743286,0.6252343058586121,0.4017208218574524,-0.01184132881462574
1,0.6679569482803345,0.5775799751281738,-7.474269523299881e-07,0.5684468746185303,0.5902079939842224,-0.018768014386296272,0.4660775661468506,0.5293575525283813,-0.025678835809230804,0.44657427072525024,0.4382617473602295,-0.03633140027523041,0.5066327452659607,0.4110909700393677,-0.04101650044322014,0.4815000891685486,0.3950622081756592,0.013053708709776402,0.4382433295249939,0.3770359456539154,-0.0259146336466074,0.47935807704925537,0.44785237312316895,-0.043062008917331696,0.5034346580505371,0.4591675102710724,-0.04988064989447594,0.5261139869689941,0.3541935980319977,0.004906770307570696,0.4877815842628479,0.3517720103263855,-0.03656865283846855,0.530794620513916,0.4405398368835449,-0.03553095459938049,0.5502914190292358,0.4439687430858612,-0.021506529301404953,0.5758067965507507,0.33119702339172363,-0.01267867349088192,0.5436083674430847,0.34894195199012756,-0.05117259547114372,0.5793272852897644,0.4372488856315613,-0.03286147490143776,0.5948550701141357,0.4366585910320282,-0.007822561077773571,0.6332717537879944,0.3176351487636566,-0.033643387258052826,0.5938313007354736,0.3417137861251831,-0.04653531685471535,0.6148539781570435,0.4032198488712311,-0.02956627495586872,0.6311053037643433,0.3996460437774658,-0.011280122213065624
1,0.6668184399604797,0.5778658390045166,-8.234412689489545e-07,0.572273313999176,0.5895852446556091,-0.016637595370411873,0.4704820513725281,0.5265809893608093,-0.02154715172946453,0.4491385817527771,0.4428393542766571,-0.029648002237081528,0.5068525671958923,0.41842207312583923,-0.03162818029522896,0.49426716566085815,0.3598147928714752,0.014341244474053383,0.4489876925945282,0.37674441933631897,-0.02027171291410923,0.4857279658317566,0.4479159414768219,-0.03695657104253769,0.5089715719223022,0.4558264911174774,-0.0454353466629982,0.5378944277763367,0.322354257106781,0.005760628264397383,0.49414557218551636,0.3640047609806061,-0.031278010457754135,0.533092737197876,0.4483265280723572,-0.02956181764602661,0.5552505254745483,0.4464603066444397,-0.017564764246344566,0.5855590105056763,0.30828744173049927,-0.011827853508293629,0.5459728837013245,0.36426350474357605,-0.04673611745238304,0.5781840085983276,0.4484558701515198,-0.027788076549768448,0.5962468385696411,0.44219788908958435,-0.004678685218095779,0.6388108730316162,0.30732160806655884,-0.03311464935541153,0.5921453833580017,0.36063066124916077,-0.04833712428808212,0.6111760139465332,0.4252670109272003,-0.03441363573074341,0.6292608976364136,0.42252054810523987,-0.018529681488871574
1,0.6707399487495422,0.5765500068664551,-7.56262750201131e-07,0.5776828527450562,0.5917088389396667,-0.021412450820207596,0.4852232038974762,0.5353643894195557,-0.031100498512387276,0.46062642335891724,0.46362626552581787,-0.04194926843047142,0.5073724389076233,0.4471132457256317,-0.04511222243309021,0.5168411731719971,0.33939921855926514,0.008615588769316673,0.4592165946960449,0.39095592498779297,-0.026821887120604515,0.4979439973831177,0.4593910276889801,-0.04698785021901131,0.5238708853721619,0.4564376473426819,-0.05932530015707016,0.5584436058998108,0.30704692006111145,0.0011529517360031605,0.49912795424461365,0.3852050304412842,-0.036289844661951065,0.5422489047050476,0.4635884165763855,-0.0365435890853405,0.5668559074401855,0.4539763331413269,-0.027485506609082222,0.601951003074646,0.3048824667930603,-0.015159708447754383,0.5462209582328796,0.3920477032661438,-0.05102222040295601,0.5816166996955872,0.46848347783088684,-0.03332178294658661,0.6036938428878784,0.456836462020874,-0.012253846041858196,0.6471437215805054,0.3215940296649933,-0.03596106916666031,0.5919755697250366,0.4004020094871521,-0.05658089742064476,0.6128881573677063,0.4566970765590668,-0.04757120832800865,0.6327657103538513,0.4480340778827667,-0.03449654206633568
1,0.6796340346336365,0.5787712335586548,-6.75250078074896e-07,0.5806432366371155,0.5786665081977844,-0.023219529539346695,0.5007601976394653,0.52299565076828,-0.038966450840234756,0.4706709086894989,0.46790647506713867,-0.05539283528923988,0.5059614181518555,0.4620427191257477,-0.06409948319196701,0.5508679747581482,0.3082786500453949,0.00031220936216413975,0.47501468658447266,0.3762907087802887,-0.035999055951833725,0.5067741274833679,0.4431096613407135,-0.060473449528217316,0.5348973274230957,0.43514662981033325,-0.07687441259622574,0.5876477360725403,0.29166579246520996,-0.008008822798728943,0.5067968368530273,0.3867036700248718,-0.04537013918161392,0.5416970252990723,0.4547084867954254,-0.050148118287324905,0.5705451965332031,0.4413599967956543,-0.04685960337519646,0.6225911378860474,0.3070136308670044,-0.024171030148863792,0.5453885793685913,0.4032064378261566,-0.057023562490940094,0.574331521987915,0.4685400426387787,-0.0420459546148777,0.6007978320121765,0.45592036843299866,-0.02562115155160427,0.654928982257843,0.3424057364463806,-0.04531891271471977,0.5904490351676941,0.4228920340538025,-0.06625202298164368,0.609049379825592,0.46706998348236084,-0.06025903671979904,0.6324369311332703,0.4544468820095062,-0.05013154074549675
1,0.6994004845619202,0.5850397348403931,-5.922270815972297e-07,0.5985430479049683,0.5630869269371033,-0.02135484479367733,0.5315704941749573,0.5134252309799194,-0.04201008751988411,0.49310365319252014,0.4761786460876465,-0.06272987276315689,0.49798429012298584,0.4520402252674103,-0.07599663734436035,0.5936485528945923,0.29220300912857056,-0.010489570908248425,0.49418342113494873,0.36735522747039795,-0.046939246356487274,0.5211261510848999,0.4233112633228302,-0.07193420827388763,0.5497798919677734,0.41259995102882385,-0.0879567563533783,0.6196077466011047,0.29380473494529724,-0.018710969015955925,0.5103627443313599,0.39573249220848083,-0.053626835346221924,0.543769359588623,0.4480583965778351,-0.06095971539616585,0.5742519497871399,0.4324433505535126,-0.062338344752788544,0.6400532722473145,0.3250705599784851,-0.03276784345507622,0.5373309850692749,0.4281756281852722,-0.06051810085773468,0.567760169506073,0.4771949052810669,-0.04939427599310875,0.5957642793655396,0.46081775426864624,-0.03914649784564972,0.653978705406189,0.37704986333847046,-0.0511617586016655,0.5758332014083862,0.4628390967845917,-0.07110651582479477,0.5983486771583557,0.4986492395401001,-0.0679231584072113,0.6255672574043274,0.48322486877441406,-0.06094770133495331
1,0.6979033350944519,0.5961589813232422,-6.176036322358414e-07,0.6007960438728333,0.5617596507072449,-0.020740345120429993,0.538277804851532,0.5106673240661621,-0.04450158402323723,0.49820849299430847,0.47347986698150635,-0.06856232136487961,0.507085382938385,0.4579358398914337,-0.0852036103606224,0.6055883765220642,0.29730069637298584,-0.019171318039298058,0.5017626881599426,0.37156248092651367,-0.054510511457920074,0.5224053263664246,0.4314953088760376,-0.07363171130418777,0.55194091796875,0.43052446842193604,-0.08470381796360016,0.6289083957672119,0.3085581660270691,-0.028581907972693443,0.5117497444152832,0.4139004349708557,-0.06432747095823288,0.5396566987037659,0.4712963402271271,-0.06879505515098572,0.5691075325012207,0.46118736267089844,-0.06782341003417969,0.6451433300971985,0.3461551368236542,-0.04292913153767586,0.5345245599746704,0.4542601406574249,-0.07167335599660873,0.5616844892501831,0.5080211162567139,-0.059852320700883865,0.588750422000885,0.4977211356163025,-0.048829153180122375,0.6539062261581421,0.40290674567222595,-0.06128564476966858,0.5706160068511963,0.48715880513191223,-0.07979226857423782,0.5901783108711243,0.5243341326713562,-0.07537440955638885,0.6165173053741455,0.5137201547622681,-0.0676482617855072
1,0.7196348905563354,0.6010264158248901,-5.529886379918025e-07,0.6568711996078491,0.5432499051094055,-0.009273391216993332,0.5890246629714966,0.4847290813922882,-0.028951790183782578,0.5247029662132263,0.46821287274360657,-0.04935538396239281,0.48846548795700073,0.47540318965911865,-0.06462769955396652,0.6067625284194946,0.3185935914516449,-0.0229325108230114,0.49337559938430786,0.39567792415618896,-0.05540459603071213,0.5176677107810974,0.4514445960521698,-0.07269936800003052,0.5525334477424622,0.44734105467796326,-0.0834827795624733,0.6158430576324463,0.34493255615234375,-0.03650595247745514,0.49465876817703247,0.44789570569992065,-0.06638360023498535,0.5266154408454895,0.49789169430732727,-0.0691460520029068,0.5597522854804993,0.4884362518787384,-0.07070200145244598,0.6201210021972656,0.3963513970375061,-0.052741531282663345,0.5055032968521118,0.49840348958969116,-0.07613915950059891,0.5408297777175903,0.547086775302887,-0.06413397938013077,0.5737531781196594,0.5346153378486633,-0.056832026690244675,0.6230280995368958,0.463613361120224,-0.07127220928668976,0.534161388874054,0.5480057597160339,-0.09206327795982361,0.5616958141326904,0.5804714560508728,-0.08978920429944992,0.5919228792190552,0.5649416446685791,-0.08567016571760178
1,0.7295620441436768,0.595750629901886,-3.797741783273523e-07,0.6987455487251282,0.487394243478775,-0.003422841662541032,0.6310532093048096,0.414456844329834,-0.018297914415597916,0.5611910820007324,0.4073221683502197,-0.0329732671380043,0.5211430191993713,0.44770553708076477,-0.04596370831131935,0.607158362865448,0.32792407274246216,-0.03503430634737015,0.5028940439224243,0.4011412560939789,-0.05820174887776375,0.531522274017334,0.44286224246025085,-0.06695228815078735,0.561835765838623,0.4326688349246979,-0.07210883498191833,0.6048345565795898,0.3787992298603058,-0.04654349014163017,0.5008572936058044,0.47124963998794556,-0.06462203711271286,0.5343039631843567,0.5024049878120422,-0.05996327847242355,0.5634356141090393,0.4886632561683655,-0.05868828296661377,0.6024805903434753,0.4455181062221527,-0.05779789760708809,0.5073107481002808,0.5321953296661377,-0.06990225613117218,0.5415192246437073,0.5573142170906067,-0.05666154995560646,0.5708993077278137,0.5393565893173218,-0.050899047404527664,0.6012192964553833,0.520089328289032,-0.07001695781946182,0.5292181968688965,0.5885881185531616,-0.08042933791875839,0.5592113137245178,0.6060413718223572,-0.07317306101322174,0.5858005881309509,0.5904514193534851,-0.06752538681030273
1,0.7381252646446228,0.5984172821044922,-3.920571032267617e-07,0.7012351751327515,0.48568421602249146,0.0018502000020816922,0.6273958086967468,0.4203019142150879,-0.012346437200903893,0.5529730319976807,0.42515960335731506,-0.026887638494372368,0.5140098929405212,0.47283828258514404,-0.040645916014909744,0.6021720767021179,0.34948164224624634,-0.03458421304821968,0.507213294506073,0.42868340015411377,-0.05427166819572449,0.5359385013580322,0.4688017964363098,-0.060947127640247345,0.5637619495391846,0.4579559862613678,-0.06507685035467148,0.599295973777771,0.4035022556781769,-0.04777206853032112,0.5065976977348328,0.4974641501903534,-0.060969941318035126,0.5384237766265869,0.525428295135498,-0.05447319149971008,0.5662634372711182,0.5125030875205994,-0.05292066931724548,0.597634494304657,0.47301363945007324,-0.05951600521802902,0.512866735458374,0.562490701675415,-0.06623328477144241,0.5475194454193115,0.5833030343055725,-0.05197956785559654,0.5757167935371399,0.5654946565628052,-0.04694148525595665,0.5981157422065735,0.5487380027770996,-0.07156796008348465,0.5359992384910583,0.6194230318069458,-0.07674606144428253,0.5642362833023071,0.633982241153717,-0.06747395545244217,0.5871541500091553,0.6185706257820129,-0.06159905344247818
1,0.7442203164100647,0.6043498516082764,-2.848150870704558e-07,0.7020185589790344,0.4888211190700531,0.016890553757548332,0.634795069694519,0.4269593358039856,0.011524740606546402,0.5732682347297668,0.4417639374732971,0.0037028775550425053,0.5407059192657471,0.4912174642086029,-0.006392213981598616,0.6032130718231201,0.40895676612854004,-0.028910959139466286,0.5204333662986755,0.4412904977798462,-0.03876449167728424,0.5439605712890625,0.465036541223526,-0.04026845842599869,0.5734143257141113,0.46584129333496094,-0.04058341681957245,0.5968896150588989,0.48679670691490173,-0.045073240995407104,0.5214365124702454,0.5118066668510437,-0.0456257238984108,0.5463213324546814,0.5295629501342773,-0.035843852907419205,0.5767583847045898,0.5308371186256409,-0.0333884172141552,0.5946855545043945,0.5664910078048706,-0.05696358531713486,0.5282629132270813,0.5822713375091553,-0.05413487181067467,0.5562506318092346,0.5952681303024292,-0.03626556321978569,0.586756706237793,0.5953283309936523,-0.029210349544882774,0.5977283120155334,0.6445220112800598,-0.06674935668706894,0.5427361726760864,0.6456706523895264,-0.06233977526426315,0.5703269243240356,0.6520782709121704,-0.04278816282749176,0.596660852432251,0.6522810459136963,-0.03028266131877899
1,0.7450112104415894,0.6416497826576233,-2.183843719194556e-07,0.7020792365074158,0.5229389071464539,0.009181510657072067,0.6315475702285767,0.4583503007888794,0.002052777912467718,0.5646618604660034,0.45909756422042847,-0.004536996595561504,0.5275164246559143,0.5044165849685669,-0.012588128447532654,0.6113431453704834,0.4690512418746948,-0.04574298486113548,0.5267082452774048,0.4869277775287628,-0.05628109350800514,0.5511248707771301,0.4989597201347351,-0.05494401231408119,0.5816532373428345,0.500004768371582,-0.052373096346855164,0.6048635840415955,0.5521714091300964,-0.05641568824648857,0.5267359614372253,0.5554315447807312,-0.058159079402685165,0.5517295002937317,0.5648759603500366,-0.04645950719714165,0.5833240151405334,0.5702025294303894,-0.04198909178376198,0.6006410717964172,0.631450891494751,-0.06241961568593979,0.5379183292388916,0.6234471797943115,-0.05786467716097832,0.5629157423973083,0.6279280185699463,-0.037798505276441574,0.5914959907531738,0.6311057806015015,-0.029649758711457253,0.6012303233146667,0.7034149169921875,-0.06697358191013336,0.5498047471046448,0.6827274560928345,-0.058896228671073914,0.5742936134338379,0.6847265958786011,-0.038012679666280746,0.5971910357475281,0.689414918422699,-0.025725694373250008
1,0.751513659954071,0.6806032061576843,-1.6856043316693103e-07,0.7149723172187805,0.5615496635437012,0.005795677192509174,0.6448178291320801,0.49437206983566284,-0.0015818855026736856,0.5780739188194275,0.49195218086242676,-0.007903750985860825,0.5390199422836304,0.5337533950805664,-0.014563709497451782,0.6208068132400513,0.5097101926803589,-0.04916609078645706,0.528770923614502,0.5154864192008972,-0.06277066469192505,0.5577064156532288,0.5232775807380676,-0.06278631836175919,0.5917479991912842,0.5252563953399658,-0.05985717847943306,0.6132550835609436,0.5966213941574097,-0.05787518620491028,0.531158447265625,0.5840944647789001,-0.06152145937085152,0.5576066970825195,0.5872575640678406,-0.05044335499405861,0.589081346988678,0.5936099290847778,-0.04564720392227173,0.6081957221031189,0.6757553219795227,-0.06247123330831528,0.5413557887077332,0.648209810256958,-0.05950012058019638,0.5680418610572815,0.6501452326774597,-0.03906533122062683,0.5960228443145752,0.6577165722846985,-0.0299284216016531,0.6080117225646973,0.7431349754333496,-0.0660068690776825,0.5558599233627319,0.7023353576660156,-0.05918001011013985,0.5809664130210876,0.703547477722168,-0.03820870816707611,0.6032435297966003,0.7138465642929077,-0.025354716926813126
1,0.7553365230560303,0.6877031326293945,-2.1561602636666066e-07,0.7256407141685486,0.5690449476242065,0.0049513401463627815,0.6613839864730835,0.4921201467514038,-0.0034066231455653906,0.5921775698661804,0.4757506847381592,-0.010222070850431919,0.5487565994262695,0.5103132724761963,-0.017425088211894035,0.6407250761985779,0.5115604996681213,-0.05411268025636673,0.5415452718734741,0.509695827960968,-0.06836407631635666,0.5671882629394531,0.518706738948822,-0.06749540567398071,0.6016932129859924,0.5231435894966125,-0.06375661492347717,0.6300580501556396,0.5946783423423767,-0.062471773475408554,0.5391275882720947,0.5774457454681396,-0.06764393299818039,0.5652100443840027,0.582123339176178,-0.05570819228887558,0.5980486869812012,0.5906620025634766,-0.05015451833605766,0.6210911273956299,0.6705865859985352,-0.06646610051393509,0.5445634126663208,0.6416657567024231,-0.06493358314037323,0.5709017515182495,0.6442470550537109,-0.04359376057982445,0.6001167297363281,0.652329683303833,-0.03365703299641609,0.6164723634719849,0.7366880178451538,-0.06931803375482559,0.5572038292884827,0.697615921497345,-0.06452388316392899,0.5811985731124878,0.6994110941886902,-0.04425022378563881,0.6042187809944153,0.7091943025588989,-0.031850386410951614
1,0.7513493299484253,0.6736687421798706,-2.583856542059948e-07,0.7274996042251587,0.5597747564315796,0.0012943189358338714,0.6607046127319336,0.4808657467365265,-0.010210811160504818,0.5890390276908875,0.460267037153244,-0.020106708630919456,0.5431714653968811,0.49210125207901,-0.02997366152703762,0.656549334526062,0.48577651381492615,-0.05536381155252457,0.5530723929405212,0.4868897795677185,-0.07625600695610046,0.5773824453353882,0.5031636357307434,-0.0806630402803421,0.6102831959724426,0.510973334312439,-0.0803355947136879,0.644178032875061,0.5656276345252991,-0.06503487378358841,0.5471992492675781,0.5553476810455322,-0.07790239155292511,0.5728148818016052,0.5675209164619446,-0.06897462159395218,0.6034891605377197,0.5778937935829163,-0.06462182849645615,0.6304541230201721,0.6409875154495239,-0.07148726284503937,0.5494035482406616,0.6198868751525879,-0.07861317694187164,0.5767847895622253,0.6294817924499512,-0.05769876763224602,0.6052971482276917,0.637511670589447,-0.04612651839852333,0.6184881329536438,0.7095047831535339,-0.07707207649946213,0.5577991604804993,0.6772955656051636,-0.0786588042974472,0.5833351016044617,0.6858990788459778,-0.059384964406490326,0.6062040328979492,0.6964043974876404,-0.04675964266061783
1,0.7587424516677856,0.6751810908317566,-3.8385118728001544e-07,0.7331420183181763,0.5715188384056091,0.0005069353501312435,0.6676985025405884,0.4885035753250122,-0.012317472137510777,0.5946974754333496,0.476062536239624,-0.024042965844273567,0.5531918406486511,0.5153073072433472,-0.036048490554094315,0.6567156910896301,0.45164954662323,-0.05162466689944267,0.5526136159896851,0.4894416630268097,-0.0705048218369484,0.5649504065513611,0.5296154618263245,-0.07012893259525299,0.5907463431358337,0.5342422127723694,-0.06798146665096283,0.6539583802223206,0.5209688544273376,-0.0637737512588501,0.5484341979026794,0.5649678707122803,-0.08113895356655121,0.5705951452255249,0.5930127501487732,-0.07079339027404785,0.6019614934921265,0.5880038142204285,-0.06480016559362411,0.6476384401321411,0.5955530405044556,-0.07340069860219955,0.5488104820251465,0.6299500465393066,-0.08922530710697174,0.5774803161621094,0.6506143808364868,-0.07117035984992981,0.6102965474128723,0.6430379152297974,-0.05996771901845932,0.6405694484710693,0.671761691570282,-0.08176203072071075,0.5663239359855652,0.6849957704544067,-0.09470950067043304,0.5923929810523987,0.6990796327590942,-0.08235079050064087,0.6198666095733643,0.6944156289100647,-0.07243205606937408
1,0.7678259611129761,0.6777594089508057,-4.811084863831638e-07,0.7422637939453125,0.5723610520362854,0.0019105732208117843,0.6744750142097473,0.48896217346191406,-0.010291513986885548,0.5948805212974548,0.46999961137771606,-0.022103503346443176,0.5544959306716919,0.5051170587539673,-0.033317141234874725,0.663661003112793,0.4333859980106354,-0.04339289665222168,0.5522262454032898,0.4832853674888611,-0.064765065908432,0.5714897513389587,0.5272731781005859,-0.067154660820961,0.5985546708106995,0.5241261124610901,-0.06710641831159592,0.6638451218605042,0.4947478771209717,-0.05652838572859764,0.5485997200012207,0.5553279519081116,-0.07477446645498276,0.5746511816978455,0.5868211984634399,-0.06467023491859436,0.6048151850700378,0.5790534615516663,-0.05887855216860771,0.659538984298706,0.5652999877929688,-0.06809520721435547,0.5541547536849976,0.6219139099121094,-0.08266770839691162,0.5838039517402649,0.6459972262382507,-0.06543923914432526,0.6151707768440247,0.6352084875106812,-0.05528479814529419,0.653305172920227,0.6403001546859741,-0.07892866432666779,0.5705580711364746,0.6775715947151184,-0.0904923751950264,0.5971761345863342,0.6932624578475952,-0.08052387833595276,0.6261336803436279,0.6844608187675476,-0.0725189670920372
1,0.774228572845459,0.6579639315605164,-5.1986995686093e-07,0.7449176907539368,0.5615756511688232,-0.0003451261727605015,0.66953444480896,0.4949713945388794,-0.014973843470215797,0.5896903276443481,0.4899964928627014,-0.02915082313120365,0.5493895411491394,0.5323129892349243,-0.041321296244859695,0.6607354283332825,0.3980218768119812,-0.0435747355222702,0.5525516867637634,0.4739796221256256,-0.061625998467206955,0.5768299102783203,0.5228075385093689,-0.06186206638813019,0.6066108345985413,0.5181675553321838,-0.06273812055587769,0.6658439636230469,0.4401419162750244,-0.055643800646066666,0.5514490008354187,0.5402798056602478,-0.07351136952638626,0.5830617547035217,0.577601969242096,-0.06460732966661453,0.6140038371086121,0.5730429887771606,-0.0614345408976078,0.6655151844024658,0.5058796405792236,-0.06612575799226761,0.5597246289253235,0.6032164096832275,-0.08068986237049103,0.5964879393577576,0.6365258097648621,-0.0681551843881607,0.6294683814048767,0.6332109570503235,-0.06346415728330612,0.6638349294662476,0.57915198802948,-0.0766863152384758,0.5846045613288879,0.6626905798912048,-0.09554047882556915,0.6037581562995911,0.6961326599121094,-0.09672656655311584,0.6212449073791504,0.7019246220588684,-0.09721501171588898
1,0.708707332611084,0.5749508738517761,-5.626041001960402e-07,0.6405320167541504,0.6362674236297607,-0.02007397636771202,0.5552904009819031,0.6411598920822144,-0.024237364530563354,0.5166029930114746,0.578027069568634,-0.030851678922772408,0.5396581292152405,0.5197585821151733,-0.03162313252687454,0.5381428599357605,0.5765849947929382,0.012427915818989277,0.4986405372619629,0.5486847758293152,-0.02263590693473816,0.5481711626052856,0.5775805711746216,-0.03856069594621658,0.5617319345474243,0.5837249159812927,-0.04437895119190216,0.5604283213615417,0.5251769423484802,0.008999813348054886,0.524941623210907,0.5029425024986267,-0.029705984517931938,0.5811171531677246,0.5454453825950623,-0.03482891991734505,0.5888400077819824,0.5498700141906738,-0.026357196271419525,0.584245502948761,0.4774530529975891,-0.002766057848930359,0.5528133511543274,0.46441206336021423,-0.03991213068366051,0.605869472026825,0.5103671550750732,-0.02769867330789566,0.614726185798645,0.5143033862113953,-0.007092984393239021,0.6124786138534546,0.4288184642791748,-0.017197908833622932,0.5807147026062012,0.4282124936580658,-0.030292268842458725,0.6162059307098389,0.46518754959106445,-0.015213213860988617,0.6289921402931213,0.46845629811286926,0.0016556683694943786
1,0.7001445889472961,0.5502942800521851,-5.200961368245771e-07,0.6347088813781738,0.6147865653038025,-0.022354062646627426,0.5562357306480408,0.6258207559585571,-0.028985224664211273,0.5139630436897278,0.5660468935966492,-0.03816806152462959,0.5307248830795288,0.5063552260398865,-0.04149701073765755,0.5348042845726013,0.5697690844535828,0.013527773320674896,0.494402676820755,0.5456475615501404,-0.022505616769194603,0.5442646741867065,0.5672339797019958,-0.039815567433834076,0.5587239265441895,0.5721474289894104,-0.0461692251265049,0.5546109080314636,0.5179068446159363,0.010024795308709145,0.5196346044540405,0.49819716811180115,-0.028833089396357536,0.575770914554596,0.5339313745498657,-0.03598100319504738,0.5824217200279236,0.5393173098564148,-0.029052510857582092,0.5763500928878784,0.47047802805900574,-0.002134272363036871,0.5459393262863159,0.4559915363788605,-0.04053913801908493,0.599507212638855,0.4966756999492645,-0.029482869431376457,0.607340395450592,0.5023311972618103,-0.009321275167167187,0.6030747294425964,0.42247530817985535,-0.017101528123021126,0.5720318555831909,0.4188796281814575,-0.03081365115940571,0.6091445684432983,0.45122286677360535,-0.014956662431359291,0.6226674914360046,0.45546025037765503,0.0027138495352119207
1,0.6337214708328247,0.5545487999916077,-4.2338368189120956e-07,0.5831915736198425,0.635809063911438,-0.013449972495436668,0.5165849328041077,0.6668522953987122,-0.011888189241290092,0.4705856442451477,0.6249547600746155,-0.014136354438960552,0.47747865319252014,0.5633826851844788,-0.010791335254907608,0.5006586909294128,0.6223194003105164,0.03429390862584114,0.4588469862937927,0.6127094626426697,0.005966336466372013,0.5032458305358887,0.6202505826950073,-0.011073121801018715,0.5158336758613586,0.621432900428772,-0.018145836889743805,0.5091572999954224,0.5704038739204407,0.030226942151784897,0.4727535545825958,0.563988208770752,-0.0012934034457430243,0.5254068970680237,0.579867959022522,-0.012083219364285469,0.5311673283576965,0.5795534253120422,-0.00895463116466999,0.520337700843811,0.5217312574386597,0.018143128603696823,0.48537328839302063,0.5178671479225159,-0.012010188773274422,0.5381966829299927,0.5372514724731445,-0.004678838886320591,0.5469784736633301,0.5345892310142517,0.011389347724616528,0.5345019102096558,0.4682089686393738,0.003614424727857113,0.5073967576026917,0.4715338945388794,-0.004560846369713545,0.5440114736557007,0.4901394248008728,0.008755513466894627,0.5563028454780579,0.48565906286239624,0.023549547418951988
1,0.6053112745285034,0.6359930038452148,-4.355776184183924e-07,0.5426529049873352,0.6898748874664307,0.0033527750056236982,0.48950523138046265,0.6935480833053589,0.01150523591786623,0.46363282203674316,0.6522189378738403,0.01238414365798235,0.45890817046165466,0.6088269948959351,0.015779105946421623,0.4940987527370453,0.6207085847854614,0.05121540650725365,0.45893803238868713,0.6208358407020569,0.03627604618668556,0.48519572615623474,0.6430760025978088,0.02432898059487343,0.5024169683456421,0.638753354549408,0.01998486928641796,0.5036107301712036,0.583692729473114,0.04284379258751869,0.4639160931110382,0.5780949592590332,0.02086605317890644,0.5034660696983337,0.6101759076118469,0.008732960559427738,0.5240892171859741,0.6022961139678955,0.010971319861710072,0.5130293965339661,0.5454506874084473,0.028995824977755547,0.47177571058273315,0.5440765619277954,0.006516177672892809,0.5115231871604919,0.5805429220199585,0.00831629615277052,0.5355945825576782,0.5718827843666077,0.02046455815434456,0.5288869738578796,0.49858278036117554,0.01460693497210741,0.48601865768432617,0.5040508508682251,0.007072352338582277,0.509728193283081,0.5385000109672546,0.016900209710001945,0.5331616401672363,0.538675844669342,0.030164895579218864
1,0.6270905137062073,0.7027550935745239,-4.199409602279047e-07,0.6346350312232971,0.6012628674507141,0.02164137363433838,0.6036421060562134,0.5209541916847229,0.02423091232776642,0.5560129284858704,0.49151208996772766,0.02284308150410652,0.5159046649932861,0.5032689571380615,0.020999453961849213,0.6046241521835327,0.44135624170303345,0.004206348210573196,0.5174624919891357,0.4524396061897278,0.0012592588318511844,0.5264952778816223,0.494437575340271,-0.002150247571989894,0.548973798751831,0.5111817121505737,-0.005933121778070927,0.5748665928840637,0.46113863587379456,-0.011742615140974522,0.4921700060367584,0.49075397849082947,-0.007671761326491833,0.5051941871643066,0.5312615633010864,-0.00553173990920186,0.5307583808898926,0.5446358919143677,-0.008583344519138336,0.5445922017097473,0.49731719493865967,-0.024623753502964973,0.47116386890411377,0.5296120047569275,-0.014983604662120342,0.4885101020336151,0.5720015168190002,-0.006357070058584213,0.5152781009674072,0.5803374648094177,-0.008176993578672409,0.515953779220581,0.5445752143859863,-0.03675587847828865,0.4630301594734192,0.5757483243942261,-0.03573884442448616,0.4833187162876129,0.6135594248771667,-0.029814766719937325,0.5089861750602722,0.6186490654945374,-0.02673901431262493
1,0.6246466040611267,0.700599193572998,-1.976763712718821e-07,0.6330747604370117,0.5875982642173767,0.010274942964315414,0.599581241607666,0.5006873607635498,0.006535311695188284,0.545806348323822,0.4733983278274536,0.001975469524040818,0.504424512386322,0.49857062101364136,-0.003475647885352373,0.5922871232032776,0.4465254545211792,-0.013240699656307697,0.5223625302314758,0.4430322051048279,-0.015665700659155846,0.5347580909729004,0.47689226269721985,-0.01818154565989971,0.5559253692626953,0.4929819107055664,-0.020623957738280296,0.5560401678085327,0.4880703389644623,-0.022913701832294464,0.4985441267490387,0.48524385690689087,-0.016496526077389717,0.5097071528434753,0.5151945948600769,-0.011907768435776234,0.5298332571983337,0.5343647003173828,-0.01302808802574873,0.5216389298439026,0.5384495258331299,-0.029400723055005074,0.47903236746788025,0.5325053930282593,-0.019759951159358025,0.49327149987220764,0.5591344833374023,-0.009820062667131424,0.5132834315299988,0.5754913091659546,-0.008512881584465504,0.49208489060401917,0.592062771320343,-0.035149987787008286,0.4670988917350769,0.579504132270813,-0.026594236493110657,0.4837157428264618,0.6043154001235962,-0.01313840877264738,0.49982553720474243,0.6196541786193848,-0.004811495076864958
1,0.6462997794151306,0.6738722920417786,-1.8538693780101312e-07,0.6295770406723022,0.563368558883667,0.012247832491993904,0.5849410891532898,0.4944673478603363,0.00728897238150239,0.531464159488678,0.48676005005836487,0.0010337248677387834,0.49557143449783325,0.5212460160255432,-0.006772875320166349,0.5654974579811096,0.450166791677475,-0.020658673718571663,0.4981865882873535,0.4638379216194153,-0.022726964205503464,0.5159041285514832,0.49274489283561707,-0.021634334698319435,0.5392845869064331,0.5041319131851196,-0.021600184962153435,0.5388737320899963,0.5010940432548523,-0.032136350870132446,0.4851822853088379,0.5142366290092468,-0.026096435263752937,0.5008977055549622,0.5403371453285217,-0.018906939774751663,0.523501992225647,0.5535018444061279,-0.01850767247378826,0.5160640478134155,0.5603001117706299,-0.039618995040655136,0.474203884601593,0.5680001974105835,-0.030190173536539078,0.49313557147979736,0.5912563800811768,-0.017663639038801193,0.5155668258666992,0.601379930973053,-0.015201154164969921,0.4985582232475281,0.623166024684906,-0.04605827480554581,0.4717971086502075,0.6182597875595093,-0.03885148838162422,0.4930219054222107,0.6370639801025391,-0.02426525205373764,0.5116508603096008,0.6451209187507629,-0.015194202773272991
1,0.6569018959999084,0.6475009918212891,-2.0366840658425645e-07,0.6262959241867065,0.5427195429801941,0.013474742881953716,0.5752629637718201,0.49090576171875,0.008905175141990185,0.5245962738990784,0.5030835270881653,0.002671192167326808,0.4972666800022125,0.5478370189666748,-0.00552900368347764,0.5472596883773804,0.4537447392940521,-0.020151659846305847,0.4878782033920288,0.49089425802230835,-0.02089880220592022,0.5092411041259766,0.516350507736206,-0.019031699746847153,0.5336447358131409,0.5195977687835693,-0.018950557336211205,0.5289766192436218,0.5117017030715942,-0.032015424221754074,0.48521003127098083,0.5472166538238525,-0.02394728735089302,0.506098747253418,0.5689212083816528,-0.01620616763830185,0.5304877758026123,0.5732451677322388,-0.01606004498898983,0.5175986289978027,0.5781190991401672,-0.03967827558517456,0.4850810766220093,0.6049608588218689,-0.02838129922747612,0.5086683034896851,0.6218473315238953,-0.016495132818818092,0.5325484275817871,0.6231297850608826,-0.015201407484710217,0.5126118063926697,0.6456872820854187,-0.04628646373748779,0.4931625723838806,0.6578506827354431,-0.038462866097688675,0.5172929763793945,0.6706780195236206,-0.025019723922014236,0.5368734002113342,0.6730203628540039,-0.01705220527946949
1,0.6827037930488586,0.6226162314414978,-2.978742656978284e-07,0.6373028755187988,0.5319080948829651,0.018182288855314255,0.5775115489959717,0.4898773431777954,0.018834775313735008,0.5261354446411133,0.503341794013977,0.01656997948884964,0.5027109980583191,0.5449679493904114,0.012706954963505268,0.5380814075469971,0.4665175676345825,-0.007903320714831352,0.4827355742454529,0.5132631659507751,-0.005646553356200457,0.5031083822250366,0.5380753874778748,-0.0021246755495667458,0.525957465171814,0.5378201007843018,-0.0010074357269331813,0.5309950709342957,0.5231435894966125,-0.02073483355343342,0.48984599113464355,0.5751492381095886,-0.011285987682640553,0.511577844619751,0.5937885046005249,-0.0029001799412071705,0.535431981086731,0.5895932912826538,-0.0017750045517459512,0.5312466025352478,0.5875437259674072,-0.029616644605994225,0.501291036605835,0.631499171257019,-0.017589790746569633,0.5244079828262329,0.6439746618270874,-0.0066469581797719,0.5467841625213623,0.6371859908103943,-0.005566654726862907,0.5377404689788818,0.6531355381011963,-0.03715304285287857,0.5165542960166931,0.6800413131713867,-0.028523696586489677,0.5406560301780701,0.6893883347511292,-0.016145411878824234,0.5603979825973511,0.6862415075302124,-0.008787957951426506
1,0.6980431079864502,0.611806333065033,-3.3154194056805864e-07,0.6487966179847717,0.5263516306877136,0.01330295018851757,0.5819491744041443,0.49207884073257446,0.009926822036504745,0.5217273831367493,0.5095835328102112,0.00549335777759552,0.4855828881263733,0.5392874479293823,0.0006714267074130476,0.5487284064292908,0.47055381536483765,-0.02622329071164131,0.4783368706703186,0.5216895341873169,-0.031586114317178726,0.5006543397903442,0.5386700630187988,-0.028238732367753983,0.5264778137207031,0.5347095727920532,-0.0252783615142107,0.5511863827705383,0.5364311337471008,-0.037867020815610886,0.48873984813690186,0.5868175029754639,-0.03716614469885826,0.5135852694511414,0.5986956357955933,-0.026234939694404602,0.5394149422645569,0.5904616713523865,-0.02199859917163849,0.5567512512207031,0.6050466895103455,-0.04577300697565079,0.5055732727050781,0.6427187919616699,-0.04094516858458519,0.5309106111526489,0.6491289734840393,-0.02403576672077179,0.5545139312744141,0.6394245624542236,-0.017489692196249962,0.5665538311004639,0.6712822318077087,-0.052208755165338516,0.5245375633239746,0.6904916763305664,-0.04716978594660759,0.5481956005096436,0.6949674487113953,-0.0314205065369606,0.5682740211486816,0.6907291412353516,-0.02141430974006653
1,0.7132085561752319,0.5287823677062988,-2.842275819148199e-07,0.6716245412826538,0.4302549958229065,-0.0009171110577881336,0.5952202081680298,0.3770619034767151,-0.015620142221450806,0.5197405815124512,0.4012628495693207,-0.028449684381484985,0.48999908566474915,0.4560912847518921,-0.04111237823963165,0.5860664248466492,0.3529648184776306,-0.05443382263183594,0.48974570631980896,0.4083707928657532,-0.07549732178449631,0.5116154551506042,0.431701123714447,-0.0789119303226471,0.538100004196167,0.4268418550491333,-0.07913970947265625,0.5898197293281555,0.42681610584259033,-0.065528504550457,0.4945632517337799,0.4784473478794098,-0.08210545778274536,0.5195826888084412,0.4924173951148987,-0.07325331121683121,0.549686074256897,0.4839347302913666,-0.06832186877727509,0.591130256652832,0.5002499222755432,-0.07408934831619263,0.506094753742218,0.5417174100875854,-0.08731918036937714,0.5355023741722107,0.5479537844657898,-0.0686657503247261,0.5657874941825867,0.5364170074462891,-0.05711410194635391,0.5932155251502991,0.5726442337036133,-0.0816977396607399,0.5277683734893799,0.5946258306503296,-0.09050273895263672,0.5556145310401917,0.5977166891098022,-0.07562564313411713,0.581347644329071,0.5888209342956543,-0.06449023634195328
1,0.637449324131012,0.5336595177650452,-2.167929835650284e-07,0.5888193249702454,0.42101916670799255,0.007886147126555443,0.502970278263092,0.36404263973236084,-0.005002952180802822,0.42217162251472473,0.3940137028694153,-0.018044449388980865,0.38709908723831177,0.4545121490955353,-0.03212673217058182,0.47725945711135864,0.3362254202365875,-0.047857411205768585,0.3781128227710724,0.39605477452278137,-0.06748469918966293,0.4100039601325989,0.41443535685539246,-0.07335445284843445,0.44235944747924805,0.4043521285057068,-0.07576877623796463,0.47892746329307556,0.42393049597740173,-0.06369200348854065,0.3850593566894531,0.4700396955013275,-0.07570034265518188,0.41790974140167236,0.4820586144924164,-0.0665307343006134,0.4527987241744995,0.4754520356655121,-0.06286100298166275,0.48089903593063354,0.5090609192848206,-0.07580416649580002,0.40009167790412903,0.5393009185791016,-0.08253496140241623,0.4356207251548767,0.5467284917831421,-0.06073013320565224,0.4698161780834198,0.538577139377594,-0.04900774732232094,0.4864027798175812,0.5909280776977539,-0.08660005778074265,0.4218028485774994,0.5956975817680359,-0.08851759135723114,0.45440396666526794,0.5996980667114258,-0.06756877154111862,0.48273882269859314,0.5959884524345398,-0.052950575947761536
1,0.5832089185714722,0.5427732467651367,-3.623213729042618e-07,0.5251317024230957,0.433144211769104,0.02591828443109989,0.4448606073856354,0.3889545500278473,0.02533070184290409,0.38265958428382874,0.4205877184867859,0.021171296015381813,0.3594239056110382,0.48304077982902527,0.014279207214713097,0.4041188657283783,0.36029091477394104,-0.0228689257055521,0.32741764187812805,0.411110520362854,-0.02135983668267727,0.3569965958595276,0.4327186346054077,-0.014572616666555405,0.3880529999732971,0.42907363176345825,-0.01112125813961029,0.4030291438102722,0.43902748823165894,-0.040814850479364395,0.33906346559524536,0.487441748380661,-0.03047994151711464,0.3708361089229584,0.5020312666893005,-0.016074959188699722,0.4024868607521057,0.49527424573898315,-0.012510859407484531,0.4086470305919647,0.5196207761764526,-0.052561402320861816,0.3561244010925293,0.5533562898635864,-0.037335384637117386,0.38985681533813477,0.561598002910614,-0.017758626490831375,0.41965919733047485,0.5547361373901367,-0.01317682396620512,0.4215172827243805,0.5982478857040405,-0.06190686672925949,0.38040974736213684,0.60557621717453,-0.04873107001185417,0.4124701917171478,0.6102848052978516,-0.027899902313947678,0.43815043568611145,0.6082504391670227,-0.01630542241036892
1,0.5882045030593872,0.548808753490448,-3.2753325740486616e-07,0.534863293170929,0.448937326669693,0.022003185003995895,0.46661749482154846,0.4093124568462372,0.021496586501598358,0.4125284254550934,0.4321046471595764,0.01781439408659935,0.38977769017219543,0.48275262117385864,0.012098245322704315,0.4200037121772766,0.3865458369255066,-0.01635693572461605,0.3575054109096527,0.437049925327301,-0.01578996144235134,0.385692298412323,0.451328843832016,-0.011862904764711857,0.4151698648929596,0.4449887275695801,-0.009759671054780483,0.41921716928482056,0.4580134451389313,-0.03110485151410103,0.36599451303482056,0.49995216727256775,-0.02166346274316311,0.3937685191631317,0.5119351148605347,-0.010487675666809082,0.42265772819519043,0.5062289237976074,-0.00823822058737278,0.4255995452404022,0.5312629342079163,-0.040716834366321564,0.3822992444038391,0.559629499912262,-0.026983965188264847,0.41041332483291626,0.5665239095687866,-0.010823167860507965,0.43790125846862793,0.5602205395698547,-0.00722526153549552,0.4383049011230469,0.6021738052368164,-0.048365745693445206,0.40231001377105713,0.6092722415924072,-0.035810187458992004,0.4298612177371979,0.6115056872367859,-0.01741301640868187,0.45396384596824646,0.6074439287185669,-0.006794952787458897
1,0.6640584468841553,0.5529294610023499,-3.2819099260450457e-07,0.6152772307395935,0.45122888684272766,0.012405444867908955,0.54360032081604,0.40876367688179016,0.006024178117513657,0.48160868883132935,0.42801469564437866,-0.002723440993577242,0.45265787839889526,0.47705182433128357,-0.012878411449491978,0.5169309973716736,0.3848058581352234,-0.024498719722032547,0.4421164393424988,0.4328222870826721,-0.03927670046687126,0.4681578576564789,0.44934865832328796,-0.04663211107254028,0.49696972966194153,0.4428892135620117,-0.05059747397899628,0.5172563791275024,0.45442789793014526,-0.03939322382211685,0.44622960686683655,0.4976736903190613,-0.04680837318301201,0.4706982672214508,0.5100031495094299,-0.041542258113622665,0.49985015392303467,0.503784716129303,-0.040232762694358826,0.5200062990188599,0.5264146327972412,-0.05152864754199982,0.4616081416606903,0.5584478378295898,-0.0541125126183033,0.4879501461982727,0.5658708214759827,-0.03922498598694801,0.514839768409729,0.5566826462745667,-0.0322701558470726,0.5272587537765503,0.5947122573852539,-0.062402304261922836,0.4819784462451935,0.6098055243492126,-0.060923270881175995,0.5081924200057983,0.6143152117729187,-0.044628921896219254,0.5310548543930054,0.6077982783317566,-0.033742181956768036
1,0.767169713973999,0.5826537609100342,-4.804968511962215e-07,0.7236655354499817,0.4837620258331299,0.011746561154723167,0.6519990563392639,0.4294135570526123,0.0035471480805426836,0.5833135843276978,0.4389607310295105,-0.006516698747873306,0.5506065487861633,0.4846135973930359,-0.01734391413629055,0.6340226531028748,0.4055454134941101,-0.040900155901908875,0.5428487658500671,0.4494399428367615,-0.05790648236870766,0.5658512115478516,0.4722607731819153,-0.06048218533396721,0.5930794477462769,0.46852758526802063,-0.060935065150260925,0.6359209418296814,0.47639989852905273,-0.05686773732304573,0.5448379516601562,0.5193030834197998,-0.07040509581565857,0.5708400011062622,0.5368577837944031,-0.06202784180641174,0.6001827716827393,0.531191885471344,-0.0579528771340847,0.6376951932907104,0.5503596663475037,-0.0694737359881401,0.5541127324104309,0.5815239548683167,-0.07818533480167389,0.579660177230835,0.5921789407730103,-0.062414757907390594,0.6070821285247803,0.583824098110199,-0.05384645238518715,0.6421061754226685,0.6209006905555725,-0.08033916354179382,0.5703231692314148,0.6366372108459473,-0.08555225282907486,0.565887451171875,0.6520627737045288,-0.07539600133895874,0.5653679370880127,0.6610726714134216,-0.06892426311969757
1,0.8155136704444885,0.6329845786094666,-3.2003097771848843e-07,0.7729694843292236,0.5329453349113464,0.004949582275003195,0.6979568600654602,0.4768984019756317,-0.005251406226307154,0.6272777915000916,0.48998433351516724,-0.015488374046981335,0.5897390842437744,0.5355932712554932,-0.025701135396957397,0.6861782073974609,0.4609032869338989,-0.04211791977286339,0.5894327163696289,0.49569207429885864,-0.06170906871557236,0.6139407753944397,0.5180820822715759,-0.0669935867190361,0.6428486704826355,0.5140750408172607,-0.06852681189775467,0.6874890327453613,0.5343450903892517,-0.05448951944708824,0.5924006700515747,0.5636758804321289,-0.0682021751999855,0.6205155849456787,0.5785183906555176,-0.059828706085681915,0.651559591293335,0.5723082423210144,-0.054970793426036835,0.6883799433708191,0.6069837212562561,-0.06428369134664536,0.6053375601768494,0.6222136616706848,-0.07393442839384079,0.6341904997825623,0.6303837299346924,-0.05488520488142967,0.6635597944259644,0.6255501508712769,-0.04287947714328766,0.6908338665962219,0.6747220754623413,-0.07296926528215408,0.6316966414451599,0.6695160865783691,-0.07664335519075394,0.653813898563385,0.6718263030052185,-0.059949763119220734,0.6758557558059692,0.6715104579925537,-0.04784740135073662
1,0.83885657787323,0.727573573589325,-2.361733777433983e-07,0.8019737601280212,0.6264644861221313,0.0067335390485823154,0.7362269163131714,0.5747663378715515,-0.0032867128029465675,0.6727097034454346,0.5910674333572388,-0.0142451710999012,0.6348376274108887,0.6334335803985596,-0.025504685938358307,0.7185278534889221,0.5657041072845459,-0.037396062165498734,0.62277752161026,0.5766953229904175,-0.05829231068491936,0.6429291367530823,0.5945606231689453,-0.06599178910255432,0.6753255724906921,0.5970844626426697,-0.06802282482385635,0.7142773270606995,0.6417728066444397,-0.04926929622888565,0.6226658225059509,0.6497860550880432,-0.06221208721399307,0.6484649777412415,0.6571923494338989,-0.0569271519780159,0.680154025554657,0.6554946899414062,-0.053842850029468536,0.7118927836418152,0.7150239944458008,-0.058634933084249496,0.6332780718803406,0.7122002243995667,-0.06647362560033798,0.6616930961608887,0.7125656604766846,-0.049404241144657135,0.6904634833335876,0.7107721567153931,-0.038976918905973434,0.71338951587677,0.7800108790397644,-0.06670228391885757,0.6587596535682678,0.7642462253570557,-0.06875588744878769,0.6831645369529724,0.7580324411392212,-0.052084781229496,0.7045798301696777,0.7559589743614197,-0.04009673371911049
1,0.8630731105804443,0.756523072719574,-2.461904955453065e-07,0.8235412240028381,0.6610633134841919,0.003199715632945299,0.7524110078811646,0.6067301034927368,-0.00776500953361392,0.6824276447296143,0.6203503608703613,-0.018564308062195778,0.6425325870513916,0.662900447845459,-0.0297403521835804,0.7439928650856018,0.5978250503540039,-0.04170574992895126,0.6460641622543335,0.6144173741340637,-0.061618201434612274,0.6649959087371826,0.6333049535751343,-0.06866112351417542,0.6968120336532593,0.6362440586090088,-0.07057884335517883,0.7416936159133911,0.6729324460029602,-0.05233416333794594,0.6470935940742493,0.6838493943214417,-0.06352541595697403,0.6703575849533081,0.6933731436729431,-0.05765644460916519,0.702403724193573,0.6947616338729858,-0.055139463394880295,0.7396990060806274,0.7464301586151123,-0.0604022815823555,0.6592675447463989,0.7462624907493591,-0.06760530918836594,0.6846073269844055,0.7495956420898438,-0.050441764295101166,0.7144543528556824,0.7507491111755371,-0.04048766568303108,0.739239513874054,0.8143052458763123,-0.06736569851636887,0.6749333739280701,0.7996124625205994,-0.06956028938293457,0.6976804733276367,0.7973496317863464,-0.05228719487786293,0.722304105758667,0.7995372414588928,-0.04025207832455635
1,0.7812570333480835,0.781999945640564,-1.3191331049711152e-07,0.7388883233070374,0.678305983543396,0.005929154343903065,0.6664525270462036,0.6277152299880981,-0.00048738287296146154,0.5984479784965515,0.6453967690467834,-0.007005646359175444,0.5649443864822388,0.6933425068855286,-0.014112105593085289,0.6511324644088745,0.6238639950752258,-0.02982938103377819,0.5634111166000366,0.6400960087776184,-0.04274114966392517,0.5809247493743896,0.6537887454032898,-0.04729413986206055,0.6083849668502808,0.6568233966827393,-0.048232682049274445,0.6460629105567932,0.6966052651405334,-0.03895464539527893,0.5632452964782715,0.7042518258094788,-0.04353179782629013,0.5871304273605347,0.7102259397506714,-0.037060294300317764,0.617476761341095,0.7132349610328674,-0.033901941031217575,0.6455592513084412,0.7672756314277649,-0.04527534171938896,0.5770441293716431,0.7627965211868286,-0.045513518154621124,0.6000146269798279,0.7611343264579773,-0.030426282435655594,0.6270126700401306,0.7624128460884094,-0.02247719280421734,0.6486766338348389,0.8313770294189453,-0.050474345684051514,0.5962303280830383,0.8106464147567749,-0.046903762966394424,0.6167032718658447,0.8057774305343628,-0.030029291287064552,0.6385267376899719,0.8100715279579163,-0.018550697714090347
1,0.6494545340538025,0.7566161751747131,-1.4503167733437294e-07,0.6159396767616272,0.6566184759140015,0.01269830297678709,0.5637203454971313,0.601536214351654,0.010555150918662548,0.508159339427948,0.6112226843833923,0.007594808470457792,0.47836893796920776,0.6494897603988647,0.0036962702870368958,0.5151903033256531,0.6111297011375427,-0.02310427650809288,0.4486348330974579,0.6323216557502747,-0.02435852773487568,0.4663501977920532,0.6394779682159424,-0.018492624163627625,0.49300238490104675,0.6394424438476562,-0.013532230630517006,0.5098890066146851,0.6821244359016418,-0.032830994576215744,0.44879645109176636,0.6920697689056396,-0.02818608283996582,0.4680970311164856,0.696409285068512,-0.018104637041687965,0.49436959624290466,0.6986984014511108,-0.014538165181875229,0.5115827322006226,0.7506612539291382,-0.038429178297519684,0.4577065706253052,0.7489265203475952,-0.031307246536016464,0.4763520061969757,0.7487028241157532,-0.015985259786248207,0.5015367865562439,0.7491169571876526,-0.010069914162158966,0.5197810530662537,0.8148761987686157,-0.042243342846632004,0.4692050814628601,0.8012325763702393,-0.03531341627240181,0.4876442551612854,0.7953779697418213,-0.018599122762680054,0.5093778371810913,0.7943528890609741,-0.007758250925689936
1,0.5977540612220764,0.7357950210571289,-2.2685972567160206e-07,0.5584456324577332,0.6380842328071594,0.014098522253334522,0.4966651499271393,0.5893672704696655,0.01621772162616253,0.4398587644100189,0.5940865278244019,0.01692836917936802,0.41366294026374817,0.6347100734710693,0.016169527545571327,0.4501989185810089,0.5938506722450256,-0.011404863558709621,0.3906267285346985,0.6207255721092224,-0.010778038762509823,0.4128290116786957,0.633781909942627,-0.008912255056202412,0.43903329968452454,0.631044328212738,-0.007407278288155794,0.44450461864471436,0.6641262173652649,-0.01941070333123207,0.398472398519516,0.6845375895500183,-0.010212402790784836,0.4217044711112976,0.6925597190856934,-0.001774486037902534,0.44783762097358704,0.6901764869689941,-4.1211609641322866e-05,0.44704604148864746,0.7327905893325806,-0.0238746777176857,0.4097387492656708,0.7436689138412476,-0.012159893289208412,0.4313372075557709,0.7472031116485596,0.000496335094794631,0.4566098153591156,0.744889497756958,0.0036648684181272984,0.4557582437992096,0.7950882315635681,-0.026877598837018013,0.42042064666748047,0.7927807569503784,-0.015234892256557941,0.4405003488063812,0.7934910655021667,0.0007452356512658298,0.46172893047332764,0.791805624961853,0.01042253989726305
1,0.4954439103603363,0.715000569820404,-2.209360161486984e-07,0.44799357652664185,0.6182156801223755,0.023087870329618454,0.3909028470516205,0.5779206156730652,0.029564479365944862,0.34040746092796326,0.5914269685745239,0.03318963572382927,0.31748586893081665,0.6334176659584045,0.03537222743034363,0.3303373456001282,0.5838873386383057,0.005508992820978165,0.28502506017684937,0.6015861630439758,0.017764005810022354,0.30481576919555664,0.6165618896484375,0.026130205020308495,0.33089107275009155,0.6192407011985779,0.03075798600912094,0.32089996337890625,0.6536645293235779,-0.0034052287228405476,0.2948988974094391,0.6667994260787964,0.02041439712047577,0.31859254837036133,0.6746253371238708,0.031155698001384735,0.34279027581214905,0.6728647351264954,0.031878575682640076,0.32812172174453735,0.721298336982727,-0.007491448428481817,0.30747756361961365,0.7251937985420227,0.01604197733104229,0.3318061828613281,0.7259966731071472,0.026288412511348724,0.35739070177078247,0.7242087721824646,0.024893052875995636,0.34431642293930054,0.7819800972938538,-0.009373067878186703,0.32820987701416016,0.7764854431152344,0.008753687143325806,0.351982980966568,0.7713228464126587,0.02330937050282955,0.3740282654762268,0.7674081325531006,0.031177926808595657
1,0.3379177451133728,0.3741950988769531,-5.183792950447241e-07,0.29245948791503906,0.45027318596839905,-0.009883329272270203,0.22717972099781036,0.4871988892555237,-0.009932522661983967,0.17498740553855896,0.4511262774467468,-0.014703149907290936,0.17744623124599457,0.3917645215988159,-0.015392962843179703,0.20097143948078156,0.43276476860046387,0.028422238305211067,0.15900443494319916,0.4307844340801239,0.0002251041732961312,0.20401249825954437,0.44160372018814087,-0.016340387985110283,0.22170250117778778,0.4408436119556427,-0.023037875071167946,0.20914886891841888,0.38325491547584534,0.022481827065348625,0.1686192750930786,0.3828742206096649,-0.007966298609972,0.22238817811012268,0.4016193747520447,-0.016040878370404243,0.23602961003780365,0.400119811296463,-0.011274083517491817,0.21960951387882233,0.3362461030483246,0.009474696591496468,0.1808791160583496,0.3381090760231018,-0.020192932337522507,0.23406091332435608,0.36114388704299927,-0.011165465228259563,0.2506764531135559,0.36001846194267273,0.005990705452859402,0.23423822224140167,0.2851566672325134,-0.005398727022111416,0.19950547814369202,0.29546111822128296,-0.01563757285475731,0.23598255217075348,0.31475284695625305,-0.0024817888624966145,0.252893328666687,0.3104119300842285,0.01253272220492363
1,0.5400388836860657,0.2803061008453369,-5.010144263906113e-07,0.5097364187240601,0.3420761227607727,-0.017197366803884506,0.45130395889282227,0.3734602928161621,-0.02351921796798706,0.4105072319507599,0.3444603681564331,-0.031099362298846245,0.40074580907821655,0.30036863684654236,-0.03509584441781044,0.419038325548172,0.3280738592147827,-0.002763015916571021,0.37725675106048584,0.3161485195159912,-0.03199410066008568,0.4181552827358246,0.32029783725738525,-0.046142444014549255,0.4398835003376007,0.32628148794174194,-0.05089749023318291,0.4275398850440979,0.281404972076416,-0.00613824836909771,0.3927138149738312,0.27004745602607727,-0.03669356554746628,0.4412773549556732,0.2834605872631073,-0.042653683573007584,0.4564070701599121,0.29636552929878235,-0.038503505289554596,0.4388000965118408,0.23884540796279907,-0.014812399633228779,0.4101673662662506,0.22894904017448425,-0.044039271771907806,0.4579002261161804,0.24682752788066864,-0.03409873694181442,0.4722616672515869,0.26088473200798035,-0.01911935955286026,0.4544408321380615,0.19771279394626617,-0.02541719563305378,0.4311666786670685,0.19174325466156006,-0.03921962529420853,0.46657922863960266,0.20810618996620178,-0.027213813737034798,0.4808090031147003,0.21837325394153595,-0.01408143900334835
1,0.34932178258895874,0.5739251375198364,-2.1131496907855762e-07,0.40120136737823486,0.6585947275161743,-0.066233791410923,0.4829283356666565,0.7314872741699219,-0.10554596781730652,0.5175647735595703,0.6699120998382568,-0.13493213057518005,0.4820834994316101,0.588760256767273,-0.1547323763370514,0.6096713542938232,0.5670000314712524,-0.058059245347976685,0.5992669463157654,0.6061872839927673,-0.11342994123697281,0.5315213799476624,0.633768618106842,-0.1431962549686432,0.5199997425079346,0.617687463760376,-0.16075722873210907,0.5915746688842773,0.4726305603981018,-0.04991886764764786,0.5556492209434509,0.5291183590888977,-0.10307528078556061,0.4905083477497101,0.5766612887382507,-0.1185954138636589,0.49596861004829407,0.5596726536750793,-0.12241575121879578,0.5499471426010132,0.40528249740600586,-0.05050171539187431,0.4950959384441376,0.475963294506073,-0.10002569109201431,0.4467287063598633,0.5323355793952942,-0.09857455641031265,0.4589814841747284,0.5201802849769592,-0.091158427298069,0.5008596777915955,0.35584986209869385,-0.057426828891038895,0.44444507360458374,0.43770086765289307,-0.08698916435241699,0.4122048020362854,0.4925517439842224,-0.0879645049571991,0.4245316982269287,0.48905083537101746,-0.08378434181213379
1,0.3316308259963989,0.6176590323448181,-2.658666744537186e-07,0.40312421321868896,0.7085422873497009,-0.04260649159550667,0.5054319500923157,0.7871307134628296,-0.06960023194551468,0.5622962713241577,0.775098443031311,-0.09326908737421036,0.5353125333786011,0.7195676565170288,-0.10787908732891083,0.6114784479141235,0.624504804611206,-0.0187273770570755,0.6311516165733337,0.7011690139770508,-0.0614471361041069,0.556155264377594,0.7127708196640015,-0.08370590955018997,0.5399746894836426,0.6745866537094116,-0.09761396795511246,0.5925970077514648,0.541384220123291,-0.020947229117155075,0.6113701462745667,0.6326951384544373,-0.06790389120578766,0.5250244140625,0.6640906929969788,-0.07827128469944,0.521317183971405,0.6249983906745911,-0.07693197578191757,0.5549951791763306,0.4784412980079651,-0.030389800667762756,0.5712195038795471,0.5719755291938782,-0.07747577875852585,0.49853798747062683,0.6159635186195374,-0.06600343436002731,0.49004700779914856,0.5776118040084839,-0.04957406967878342,0.5093017816543579,0.43148094415664673,-0.04379585012793541,0.5232616662979126,0.5233674049377441,-0.06927943229675293,0.4744473099708557,0.5631489157676697,-0.055565156042575836,0.46348443627357483,0.5305567979812622,-0.03994528949260712
1,0.36374932527542114,0.637563169002533,-2.879569649394398e-07,0.4501706063747406,0.6969292759895325,-0.019820161163806915,0.5222472548484802,0.7155094742774963,-0.0436851792037487,0.5738667845726013,0.7252407670021057,-0.06996448338031769,0.6168807148933411,0.7290812730789185,-0.08910234272480011,0.5996336340904236,0.49484017491340637,-0.014654387719929218,0.6516586542129517,0.628478467464447,-0.05754997953772545,0.5944362878799438,0.6679874658584595,-0.08315487951040268,0.5599978566169739,0.6523290872573853,-0.09791760891675949,0.5768552422523499,0.45893269777297974,-0.027534624561667442,0.6281535625457764,0.6269590854644775,-0.06675766408443451,0.5627108216285706,0.6600351929664612,-0.07469858974218369,0.5319395065307617,0.6348328590393066,-0.07467560470104218,0.5411662459373474,0.4538905620574951,-0.04597410932183266,0.5813114047050476,0.6171137094497681,-0.07998359203338623,0.5230523943901062,0.6464789509773254,-0.07153361290693283,0.49791356921195984,0.6206364631652832,-0.060783885419368744,0.4972701668739319,0.4727539122104645,-0.0675787404179573,0.5253218412399292,0.6049954891204834,-0.08568470180034637,0.48832347989082336,0.6309796571731567,-0.07787355035543442,0.4691685438156128,0.6096202731132507,-0.06827197223901749
1,0.39247167110443115,0.6546754837036133,-2.52457311944454e-07,0.4301769733428955,0.5411338806152344,0.015413591638207436,0.4947463870048523,0.46899208426475525,0.004776102490723133,0.5592159032821655,0.4579152762889862,-0.0105897793546319,0.5947585105895996,0.48217564821243286,-0.02311703935265541,0.5206853747367859,0.3932092785835266,-0.025241585448384285,0.6298274993896484,0.44879478216171265,-0.04246094822883606,0.6120336651802063,0.4972341060638428,-0.04519138112664223,0.5807028412818909,0.4979279041290283,-0.047312576323747635,0.527280330657959,0.4424837529659271,-0.047658760100603104,0.6359374523162842,0.5149964690208435,-0.05627214163541794,0.6112138032913208,0.5551837086677551,-0.049303699284791946,0.5816392302513123,0.5470517873764038,-0.04819142818450928,0.5336097478866577,0.5114805698394775,-0.06761474907398224,0.6302874088287354,0.5811777710914612,-0.07084611058235168,0.6000956892967224,0.6139779090881348,-0.05509377643465996,0.5694194436073303,0.6010509133338928,-0.04879807308316231,0.538305401802063,0.5892570614814758,-0.08693155646324158,0.617414653301239,0.6438693404197693,-0.08049870282411575,0.5878578424453735,0.6670695543289185,-0.06359146535396576,0.557403028011322,0.6539714932441711,-0.05434645712375641
1,0.4417399764060974,0.6579548120498657,-3.1096277552933316e-07,0.45026695728302,0.5274548530578613,0.02044128067791462,0.4916937053203583,0.4431516230106354,0.015958640724420547,0.5467288494110107,0.41646742820739746,0.0070542339235544205,0.5874489545822144,0.4316156804561615,0.0005996917607262731,0.5085951685905457,0.3726533055305481,-0.01024386752396822,0.5981703996658325,0.3694075644016266,-0.01417604461312294,0.5931531190872192,0.41408467292785645,-0.010487360879778862,0.5655028820037842,0.43099474906921387,-0.007965791039168835,0.5403900742530823,0.4245372414588928,-0.02942529134452343,0.6227689981460571,0.433822900056839,-0.021049581468105316,0.6116190552711487,0.47377118468284607,-0.011336914263665676,0.5843769311904907,0.48509252071380615,-0.009923834353685379,0.5714661478996277,0.4910968840122223,-0.045076560229063034,0.6375634670257568,0.4995500445365906,-0.03269564360380173,0.6188907027244568,0.5368717908859253,-0.014912289567291737,0.5910806059837341,0.5473911762237549,-0.009793538600206375,0.5969616174697876,0.5627214312553406,-0.05975643917918205,0.6479564309120178,0.561226487159729,-0.043141819536685944,0.6245322227478027,0.5929343700408936,-0.02121596783399582,0.5990665555000305,0.6035130620002747,-0.008973423391580582
1,0.49812743067741394,0.6779040694236755,-3.886155468535435e-07,0.4584997892379761,0.558978796005249,0.006483111530542374,0.4567272961139679,0.46917325258255005,0.0007841695914976299,0.4975506067276001,0.42681884765625,-0.006543356459587812,0.543495774269104,0.4331824481487274,-0.011791020631790161,0.500881016254425,0.417607843875885,-0.016097160056233406,0.5418409109115601,0.35333317518234253,-0.020476363599300385,0.5358744263648987,0.3923546075820923,-0.020017629489302635,0.5192707180976868,0.42307376861572266,-0.01952136866748333,0.5544366240501404,0.4472706913948059,-0.02467479556798935,0.5828179121017456,0.39371201395988464,-0.01625159941613674,0.5742491483688354,0.4278484582901001,-0.00847060140222311,0.5559713244438171,0.4591609537601471,-0.0071291811764240265,0.5994818806648254,0.48792052268981934,-0.03104516677558422,0.6128217577934265,0.4474165141582489,-0.02005481906235218,0.6022772192955017,0.47680193185806274,-0.006978929042816162,0.5840781927108765,0.5072882175445557,-0.0032434414606541395,0.6327909231185913,0.5353428721427917,-0.03723477944731712,0.6350318789482117,0.5005609393119812,-0.02637861855328083,0.6212058067321777,0.5235632061958313,-0.009914478287100792,0.6069338917732239,0.550114631652832,0.0006755050271749496
1,0.45297500491142273,0.629768967628479,-3.871933529353555e-07,0.39973121881484985,0.5592823028564453,0.004075160715728998,0.3839254081249237,0.48617032170295715,0.007008584216237068,0.4109971523284912,0.4479803442955017,0.01062720362097025,0.44693177938461304,0.4586033225059509,0.014643526636064053,0.45814049243927,0.4030361473560333,0.0003325809957459569,0.45400363206863403,0.4050624668598175,0.013712774962186813,0.44759246706962585,0.43095076084136963,0.02062639221549034,0.4427616596221924,0.4484904408454895,0.022036604583263397,0.5033501982688904,0.42453113198280334,-0.0013768477365374565,0.49140432476997375,0.4304618239402771,0.020046761259436607,0.4821893572807312,0.45517870783805847,0.02666625939309597,0.4775894284248352,0.4778735935688019,0.025386672466993332,0.536323606967926,0.4630887806415558,-0.0007132908212952316,0.5183990597724915,0.4714308977127075,0.016853224486112595,0.5076522827148438,0.4894687235355377,0.020190104842185974,0.5004186630249023,0.5103299021720886,0.016479426994919777,0.5578709840774536,0.5072462558746338,1.5537591480097035e-06,0.5435548424720764,0.5063726902008057,0.011584310792386532,0.5322598218917847,0.5226556062698364,0.01862257532775402,0.5246240496635437,0.5409141182899475,0.02195289358496666
1,0.45599618554115295,0.6201568841934204,-3.7858694668102544e-07,0.4046062231063843,0.5486779808998108,0.005058909300714731,0.39005041122436523,0.47683197259902954,0.00787405576556921,0.41570591926574707,0.43977606296539307,0.010850225575268269,0.4511365294456482,0.45061659812927246,0.014159297570586205,0.4602329730987549,0.3947928249835968,0.0005283579812385142,0.456576943397522,0.39770498871803284,0.01146294828504324,0.45030608773231506,0.42233744263648987,0.01631397008895874,0.44577455520629883,0.4393286108970642,0.016428450122475624,0.5053849816322327,0.41567787528038025,-0.002847157884389162,0.49515724182128906,0.42391830682754517,0.01547246240079403,0.48577529191970825,0.4481256604194641,0.020404353737831116,0.4814315736293793,0.47141164541244507,0.018628498539328575,0.5398278832435608,0.4532119631767273,-0.0038756108842790127,0.5263079404830933,0.46299320459365845,0.010450644418597221,0.5143221616744995,0.4813190996646881,0.013246096670627594,0.5066492557525635,0.5031533241271973,0.010099136270582676,0.5641559958457947,0.4974987804889679,-0.0047170743346214294,0.5546286106109619,0.49907076358795166,0.005000609438866377,0.5418574810028076,0.5161789655685425,0.012063178233802319,0.5333378314971924,0.5354369878768921,0.0160879734903574
1,0.4143117666244507,0.7033601999282837,-3.585627155189286e-07,0.44732382893562317,0.5863369107246399,0.007499239407479763,0.5048937797546387,0.5142696499824524,-0.0016932502621784806,0.5662295818328857,0.4954638183116913,-0.011410863138735294,0.6096655130386353,0.5208879113197327,-0.017809109762310982,0.5282701253890991,0.4938661754131317,-0.035392876714468,0.6182935237884521,0.5084128975868225,-0.043965306133031845,0.5985718369483948,0.5339792370796204,-0.03898044303059578,0.5665042996406555,0.535118818283081,-0.034217074513435364,0.543003261089325,0.5667314529418945,-0.04729815572500229,0.6272571086883545,0.572732150554657,-0.046447787433862686,0.6050442457199097,0.5942888855934143,-0.03397603705525398,0.5725326538085938,0.5987699031829834,-0.028664421290159225,0.5560526847839355,0.6423646807670593,-0.05558941513299942,0.6263864636421204,0.636054277420044,-0.049796849489212036,0.6032488942146301,0.6548044085502625,-0.0280616357922554,0.5715910792350769,0.6621466279029846,-0.017939656972885132,0.5617554187774658,0.7128213047981262,-0.06314169615507126,0.6177191734313965,0.6918045282363892,-0.052797313779592514,0.5942496657371521,0.7050707936286926,-0.030093254521489143,0.56729656457901,0.7157842516899109,-0.01601625792682171
1,0.35677415132522583,0.5790308713912964,-3.2758981660663267e-07,0.4066474139690399,0.6524914503097534,-0.03519557788968086,0.4884134531021118,0.716215193271637,-0.050828948616981506,0.5379860401153564,0.6713202595710754,-0.06218012422323227,0.5160001516342163,0.5950350165367126,-0.0653548389673233,0.5518386363983154,0.6165880560874939,-0.020249156281352043,0.6020302772521973,0.6218593120574951,-0.052869055420160294,0.5343119502067566,0.6430740356445312,-0.06701663881540298,0.5207909941673279,0.6330393552780151,-0.07459542900323868,0.5330720543861389,0.5536637902259827,-0.017429877072572708,0.5753781795501709,0.5598808526992798,-0.05236786603927612,0.5035448670387268,0.5972558259963989,-0.0581962950527668,0.5015200972557068,0.5797215104103088,-0.056140996515750885,0.5076278448104858,0.4988132417201996,-0.020070888102054596,0.5416249632835388,0.5037493705749512,-0.05664069578051567,0.4794977605342865,0.5487789511680603,-0.043779682368040085,0.4769299626350403,0.5370224714279175,-0.02801183983683586,0.4803163409233093,0.4422398507595062,-0.02502182498574257,0.5067159533500671,0.46113061904907227,-0.0416020005941391,0.46572911739349365,0.5004777312278748,-0.024944815784692764,0.45537111163139343,0.4941096603870392,-0.009302348829805851
1,0.34050023555755615,0.588469922542572,-3.2799604809952143e-07,0.37847766280174255,0.667131245136261,-0.04187001660466194,0.4430142045021057,0.7505394220352173,-0.06567884236574173,0.48606252670288086,0.732752799987793,-0.08403976261615753,0.4817180633544922,0.6647984981536865,-0.09443343430757523,0.5517891645431519,0.6446899175643921,-0.033084794878959656,0.5594217777252197,0.6718970537185669,-0.0707242339849472,0.49406927824020386,0.687520444393158,-0.08773913234472275,0.48311325907707214,0.6744492650032043,-0.09720579534769058,0.5458332300186157,0.5711847543716431,-0.02947116643190384,0.5393031239509583,0.6021794080734253,-0.06768804043531418,0.4692589342594147,0.6301890015602112,-0.07481558620929718,0.4738270342350006,0.6125820279121399,-0.07422657310962677,0.5214730501174927,0.5091258883476257,-0.0317300520837307,0.5072176456451416,0.5430623292922974,-0.07018014788627625,0.4463662803173065,0.5792241096496582,-0.05983846262097359,0.4502768814563751,0.5634763240814209,-0.04727509245276451,0.4898703694343567,0.4519212245941162,-0.03763558343052864,0.468067467212677,0.4971346855163574,-0.059976574033498764,0.4274194538593292,0.5307349562644958,-0.05123410373926163,0.42906075716018677,0.5191782116889954,-0.040637850761413574
1,0.32781872153282166,0.622604489326477,-1.9037457832382643e-07,0.3575361669063568,0.7117339372634888,-0.04350816458463669,0.3863901197910309,0.7789613604545593,-0.08002429455518723,0.41167011857032776,0.8097819089889526,-0.11341357231140137,0.4154013395309448,0.7797929644584656,-0.14152809977531433,0.5437360405921936,0.6905041933059692,-0.045231327414512634,0.5047167539596558,0.7684366703033447,-0.08931265026330948,0.44946059584617615,0.7603623270988464,-0.11735551059246063,0.44034552574157715,0.7348651885986328,-0.1352509707212448,0.5387933254241943,0.6194705963134766,-0.04603037238121033,0.48191598057746887,0.7143658995628357,-0.08380280435085297,0.4187619388103485,0.7124930620193481,-0.09473244100809097,0.42081788182258606,0.687694251537323,-0.09960570931434631,0.5114860534667969,0.5607239603996277,-0.0524786077439785,0.4527636766433716,0.651283860206604,-0.086154043674469,0.40362799167633057,0.6589351296424866,-0.08183814585208893,0.40772002935409546,0.6367940306663513,-0.07599850744009018,0.47168371081352234,0.5128414034843445,-0.06375076621770859,0.42198091745376587,0.5869027972221375,-0.08263978362083435,0.38683536648750305,0.6063646674156189,-0.0781627744436264,0.3896079361438751,0.5968263149261475,-0.07203535735607147
1,0.3245651423931122,0.6475049257278442,-2.3912357960398367e-07,0.3781801462173462,0.7271891832351685,-0.021443404257297516,0.428994357585907,0.7742531895637512,-0.04255062714219093,0.46473830938339233,0.8042698502540588,-0.06354466080665588,0.4949662387371063,0.8076089024543762,-0.07888510823249817,0.5457327365875244,0.6254600882530212,-0.026119414716959,0.5475835204124451,0.7492064833641052,-0.05898396298289299,0.5011110305786133,0.7519826889038086,-0.07734596729278564,0.49213534593582153,0.7223238945007324,-0.08979813754558563,0.5239147543907166,0.5863455533981323,-0.03395259752869606,0.5091193914413452,0.7357527017593384,-0.06380875408649445,0.46368393301963806,0.7327739596366882,-0.07081753760576248,0.4612882733345032,0.7017030715942383,-0.07541639357805252,0.4838305711746216,0.5707424283027649,-0.04567086324095726,0.4647229015827179,0.7171992659568787,-0.07127673178911209,0.425437867641449,0.714093804359436,-0.06694701313972473,0.4220130443572998,0.683633029460907,-0.06386978179216385,0.43539679050445557,0.5730445384979248,-0.06053036451339722,0.4176756739616394,0.6941380500793457,-0.0763242170214653,0.389401912689209,0.6952091455459595,-0.07561706751585007,0.38661032915115356,0.6684347987174988,-0.0740775614976883
1,0.2678059935569763,0.694320559501648,-3.2812477002153173e-07,0.2949332594871521,0.5893653631210327,0.005934666842222214,0.35610339045524597,0.5232592821121216,-0.006047943141311407,0.4219978451728821,0.5160213708877563,-0.019982846453785896,0.46157020330429077,0.544867753982544,-0.030253838747739792,0.3599735498428345,0.4917525053024292,-0.04106181487441063,0.4636964499950409,0.48798102140426636,-0.05936003103852272,0.44551461935043335,0.5227317810058594,-0.059052687138319016,0.4118431508541107,0.5332682132720947,-0.05497721582651138,0.3731376826763153,0.561552107334137,-0.05508754774928093,0.4731909930706024,0.5537577867507935,-0.06453645974397659,0.4494689106941223,0.5807164311408997,-0.053515441715717316,0.4158775806427002,0.5881868600845337,-0.046654295176267624,0.38956913352012634,0.6353667378425598,-0.06657218188047409,0.4792933464050293,0.6191393136978149,-0.06879312545061111,0.45556673407554626,0.6411864161491394,-0.046166256070137024,0.4247169494628906,0.6508486270904541,-0.03252734616398811,0.40432628989219666,0.705752968788147,-0.07762390375137329,0.4828316569328308,0.6733519434928894,-0.06943642348051071,0.46299755573272705,0.6846350431442261,-0.045796263962984085,0.43630751967430115,0.6960867047309875,-0.030439751222729683
1,0.27778398990631104,0.5543619990348816,-2.518976884857693e-07,0.2971854507923126,0.4302273988723755,0.016754211857914925,0.345238596200943,0.35268494486808777,0.007202084641903639,0.40769556164741516,0.3372127413749695,-0.005312349181622267,0.45097267627716064,0.3647887408733368,-0.015304310247302055,0.3536882996559143,0.2922382652759552,-0.0313057079911232,0.4587596654891968,0.29243940114974976,-0.04077170044183731,0.44856956601142883,0.3349768817424774,-0.036331985145807266,0.41720736026763916,0.34783345460891724,-0.03252409026026726,0.37974274158477783,0.3541318476200104,-0.05035844072699547,0.47898584604263306,0.36256128549575806,-0.04817318916320801,0.4624313414096832,0.40101876854896545,-0.03546792268753052,0.4323936700820923,0.4080425500869751,-0.03164533153176308,0.40722236037254333,0.42631736397743225,-0.06524744629859924,0.48851633071899414,0.430618554353714,-0.056864991784095764,0.4645601511001587,0.46523499488830566,-0.03410070762038231,0.43409764766693115,0.472260445356369,-0.025491608306765556,0.4300912916660309,0.5004124641418457,-0.07908708602190018,0.4895890951156616,0.4935912489891052,-0.06499040126800537,0.4624169170856476,0.5229506492614746,-0.04046836495399475,0.4360955059528351,0.5318142771720886,-0.026688648387789726
1,0.20773708820343018,0.6600919961929321,-3.410934255043685e-07,0.23239701986312866,0.5247550010681152,-0.00025921236374415457,0.2937951982021332,0.439765065908432,-0.01660272665321827,0.36366701126098633,0.42974409461021423,-0.03212321549654007,0.40965595841407776,0.46979838609695435,-0.04382585734128952,0.2975139617919922,0.41273215413093567,-0.05349969118833542,0.4192050099372864,0.4065178632736206,-0.07275348901748657,0.3973862826824188,0.443420946598053,-0.07414225488901138,0.35988715291023254,0.45050540566444397,-0.07203208655118942,0.3253922462463379,0.5022904872894287,-0.063507080078125,0.43199604749679565,0.4856643080711365,-0.06827318668365479,0.408040851354599,0.5145767331123352,-0.056103624403476715,0.3704860210418701,0.5243728160858154,-0.050742510706186295,0.35442915558815,0.5885093212127686,-0.07044120877981186,0.43213969469070435,0.557702898979187,-0.06535318493843079,0.40868324041366577,0.5825364589691162,-0.04123903810977936,0.37583813071250916,0.5942349433898926,-0.029903903603553772,0.3789503276348114,0.6640443801879883,-0.07751383632421494,0.43126052618026733,0.6180276870727539,-0.06293318420648575,0.40580230951309204,0.6364768743515015,-0.03578802943229675,0.3806021213531494,0.6538755297660828,-0.019772088155150414
1,0.2090025693178177,0.6779879927635193,-3.006451265719079e-07,0.2362665832042694,0.5369027853012085,-0.0012417323887348175,0.30080512166023254,0.4443987309932709,-0.01752615161240101,0.37095731496810913,0.42718052864074707,-0.031950049102306366,0.4118698239326477,0.4714209735393524,-0.04267650842666626,0.3091582655906677,0.4381108283996582,-0.05780131742358208,0.42694559693336487,0.42637479305267334,-0.07445860654115677,0.3994986116886139,0.4522615373134613,-0.071565642952919,0.35934823751449585,0.4630569517612457,-0.06592267006635666,0.3367460370063782,0.534420907497406,-0.06640906631946564,0.4437432885169983,0.5005035996437073,-0.0722394585609436,0.41650092601776123,0.5173386335372925,-0.058675616979599,0.3776101768016815,0.5363990664482117,-0.05027499422430992,0.3636956214904785,0.6229283213615417,-0.07115983963012695,0.4474033713340759,0.5733349323272705,-0.0681338757276535,0.41987213492393494,0.5888983607292175,-0.044352684170007706,0.3843085765838623,0.6079217791557312,-0.03107806295156479,0.3864128589630127,0.6982927322387695,-0.07550110667943954,0.4447000026702881,0.6364457607269287,-0.06318986415863037,0.41747865080833435,0.6485199332237244,-0.03703410550951958,0.39169347286224365,0.6713843941688538,-0.020208656787872314
1,0.4276224672794342,0.5766531229019165,-2.9236431942081254e-07,0.45880231261253357,0.43740034103393555,0.011931968852877617,0.5093176960945129,0.35736721754074097,0.006316270213574171,0.5662136077880859,0.3503990173339844,-0.0036144633777439594,0.6051447987556458,0.39260077476501465,-0.011260122060775757,0.5458264946937561,0.32360124588012695,-0.005245712120085955,0.6282963752746582,0.32070958614349365,-0.015043896622955799,0.6113430857658386,0.36434483528137207,-0.022630725055933,0.577732264995575,0.3750167489051819,-0.027254382148385048,0.5803513526916504,0.3963569700717926,-0.020197387784719467,0.6428695917129517,0.3967020511627197,-0.016346385702490807,0.6251439452171326,0.4320070743560791,-0.015787949785590172,0.590065598487854,0.44364359974861145,-0.018327374011278152,0.60709547996521,0.4765399098396301,-0.03325600549578667,0.6464540958404541,0.47604700922966003,-0.022949598729610443,0.6274924278259277,0.5029345750808716,-0.010761925019323826,0.5956167578697205,0.5114542841911316,-0.006978543475270271,0.6219171285629272,0.5553564429283142,-0.04637964814901352,0.6502763032913208,0.5458567142486572,-0.032630085945129395,0.6288121342658997,0.5627999901771545,-0.013239570893347263,0.6011685729026794,0.5730835199356079,-0.0003249327128287405
1,0.5035616755485535,0.5253802537918091,-5.818652653033496e-07,0.5258440375328064,0.37064528465270996,0.02627638913691044,0.5840457081794739,0.29087066650390625,0.03188374638557434,0.6480974555015564,0.2774541974067688,0.03350648283958435,0.6925217509269714,0.31726086139678955,0.03621434420347214,0.6773554086685181,0.25956588983535767,0.006911342032253742,0.7257007360458374,0.24744649231433868,0.023610547184944153,0.7029578685760498,0.27337580919265747,0.0375075563788414,0.6753631234169006,0.2885049879550934,0.04494773596525192,0.713697612285614,0.33868518471717834,-0.005939490161836147,0.7393637299537659,0.3341071903705597,0.02637404389679432,0.7118443846702576,0.3536285161972046,0.04047829657793045,0.6826967000961304,0.36963820457458496,0.04161827266216278,0.730591893196106,0.42626771330833435,-0.013508694246411324,0.7399489879608154,0.4115677773952484,0.017436416819691658,0.7143507599830627,0.42493510246276855,0.03028482012450695,0.6834113597869873,0.4395425021648407,0.02861969545483589,0.7318812012672424,0.5050729513168335,-0.019103163853287697,0.736295223236084,0.48584216833114624,0.00900348275899887,0.710978090763092,0.49521470069885254,0.029446685686707497,0.6831613183021545,0.5068586468696594,0.04009705036878586
1,0.4184291958808899,0.3824078440666199,-4.860573312726046e-07,0.4656310975551605,0.22851303219795227,0.021692883223295212,0.5263482332229614,0.1568082571029663,0.015807434916496277,0.5871756672859192,0.1650949865579605,0.006135993171483278,0.6232744455337524,0.22366519272327423,-0.0014163862215355039,0.5706080794334412,0.07797566056251526,-0.016208406537771225,0.6407038569450378,0.12442207336425781,-0.014599286951124668,0.6175466775894165,0.17063036561012268,-0.008450711145997047,0.5819017291069031,0.17874012887477875,-0.00641972292214632,0.6089092493057251,0.1558338701725006,-0.03636350482702255,0.6645978093147278,0.1988985538482666,-0.022975651547312737,0.6390028595924377,0.2338528335094452,-0.012601908296346664,0.6012292504310608,0.24068769812583923,-0.010891346260905266,0.6339044570922852,0.24998579919338226,-0.05125337466597557,0.668781042098999,0.28394627571105957,-0.03302121162414551,0.640958309173584,0.30913400650024414,-0.017156211659312248,0.6048675775527954,0.3120656907558441,-0.013859455473721027,0.6444767713546753,0.3467310667037964,-0.0651475191116333,0.6637106537818909,0.36404019594192505,-0.04538361355662346,0.6346207857131958,0.38179415464401245,-0.024109534919261932,0.6053643226623535,0.38400697708129883,-0.011379486881196499
1,0.23565983772277832,0.7159987092018127,-3.45412871638473e-07,0.26290732622146606,0.5905833840370178,0.006901238579303026,0.3210829794406891,0.513825535774231,-0.005688406527042389,0.3848474323749542,0.5093286633491516,-0.020643364638090134,0.42884567379951477,0.5467268824577332,-0.03275815024971962,0.33419832587242126,0.47950851917266846,-0.03412310779094696,0.43948742747306824,0.4767770767211914,-0.052100084722042084,0.42153236269950867,0.515628457069397,-0.05721201002597809,0.38641420006752014,0.5252038836479187,-0.0585683174431324,0.35481953620910645,0.5553151965141296,-0.04974531754851341,0.45133447647094727,0.5512282848358154,-0.05437375605106354,0.4289083480834961,0.582727313041687,-0.04647771269083023,0.3921957015991211,0.5902506113052368,-0.04413050413131714,0.37572503089904785,0.6358354687690735,-0.06294052302837372,0.454443097114563,0.6189226508140564,-0.05982451140880585,0.43009036779403687,0.646252453327179,-0.03773893788456917,0.3957047462463379,0.6566793918609619,-0.027189070358872414,0.39191845059394836,0.713513195514679,-0.07603918015956879,0.44894683361053467,0.6811743974685669,-0.06487448513507843,0.42267173528671265,0.7006290555000305,-0.038919802755117416,0.3940221667289734,0.7149459719657898,-0.022869357839226723
1,0.2871667146682739,0.7316038608551025,-3.040808280729834e-07,0.31358590722084045,0.6043455004692078,0.007767143659293652,0.370554119348526,0.529451310634613,-0.0015339681413024664,0.4326198101043701,0.5214976668357849,-0.013280704617500305,0.4735153317451477,0.556816041469574,-0.022000376135110855,0.39253443479537964,0.49768978357315063,-0.024558287113904953,0.4904997944831848,0.4932745099067688,-0.039028268307447433,0.4741874933242798,0.5249716639518738,-0.04193827137351036,0.43947935104370117,0.5354424715042114,-0.0407586432993412,0.417326956987381,0.5742868185043335,-0.037608999758958817,0.5062819123268127,0.5660973191261292,-0.03881722316145897,0.48732858896255493,0.5916275978088379,-0.030585400760173798,0.4549953043460846,0.6020086407661438,-0.027118364349007607,0.4402306079864502,0.6536098122596741,-0.04856450855731964,0.5173222422599792,0.6342164874076843,-0.04552334547042847,0.4952034652233124,0.6545061469078064,-0.027072837576270103,0.4627431631088257,0.6661254167556763,-0.01722363568842411,0.45691290497779846,0.7282153367996216,-0.05891374126076698,0.5184106826782227,0.6924749612808228,-0.04878785088658333,0.49622970819473267,0.7080512642860413,-0.025696663185954094,0.46893739700317383,0.7244876027107239,-0.01017395593225956
1,0.4060516655445099,0.7078172564506531,-3.5598955605564697e-07,0.43400079011917114,0.5762064456939697,0.0099130067974329,0.4780178964138031,0.4992780089378357,0.0036219970788806677,0.5341622233390808,0.47154414653778076,-0.004084460902959108,0.5773881077766418,0.4993650019168854,-0.008432261645793915,0.5300820469856262,0.47279414534568787,-0.016949782148003578,0.6012176871299744,0.466747522354126,-0.018098637461662292,0.5855617523193359,0.49920809268951416,-0.012307003140449524,0.5546870231628418,0.5127027034759521,-0.007531350012868643,0.5594065189361572,0.5454776883125305,-0.02736937254667282,0.6153308749198914,0.542759120464325,-0.016444586217403412,0.596207857131958,0.5675039887428284,-0.0061144051142036915,0.564896285533905,0.5796636343002319,-0.0032190715428441763,0.5793602466583252,0.6253983974456787,-0.034547533839941025,0.6171612739562988,0.6139500737190247,-0.021424587815999985,0.5972607135772705,0.6317132115364075,-0.0052980477921664715,0.568044126033783,0.644802987575531,-0.00013845533248968422,0.5883967876434326,0.7019165754318237,-0.040876973420381546,0.6114132404327393,0.6790299415588379,-0.026604032143950462,0.589934229850769,0.6905568838119507,-0.00651365565136075,0.5665843486785889,0.705068826675415,0.006334203761070967
1,0.48632436990737915,0.6677049994468689,-4.3750739564529795e-07,0.5063614845275879,0.526685893535614,0.012194239534437656,0.550970196723938,0.4425114393234253,0.011350399814546108,0.6110998392105103,0.4187906086444855,0.008930407464504242,0.6523136496543884,0.4498819410800934,0.009102610871195793,0.6197307705879211,0.42883801460266113,-0.009140513837337494,0.681418240070343,0.4324601888656616,-0.0013282656436786056,0.6650909781455994,0.4664159417152405,0.009539751335978508,0.6349675059318542,0.47833624482154846,0.016158439218997955,0.652716875076294,0.5007347464561462,-0.018412092700600624,0.6936507225036621,0.5105559229850769,0.0004776388523168862,0.675058901309967,0.5374900102615356,0.011700982227921486,0.645730197429657,0.548485517501831,0.013621900230646133,0.6737814545631409,0.5794435739517212,-0.023887401446700096,0.7004448175430298,0.577517032623291,-0.006637393031269312,0.6819789409637451,0.5978090763092041,0.007158797234296799,0.6527149677276611,0.609502375125885,0.010178526863455772,0.6826525330543518,0.653158962726593,-0.028330804780125618,0.7090083956718445,0.6371274590492249,-0.013566133566200733,0.6901166439056396,0.6525515913963318,0.005002583842724562,0.6656595468521118,0.6655904650688171,0.017057698220014572
1,0.5582254528999329,0.6408239603042603,-4.887329509983829e-07,0.5736205577850342,0.504152238368988,0.010709468275308609,0.6201052665710449,0.42039987444877625,0.010407292284071445,0.67833012342453,0.4059809744358063,0.008232603780925274,0.7156993746757507,0.4459143280982971,0.007233026437461376,0.7144408822059631,0.4107464551925659,-0.003411482088267803,0.7454848289489746,0.4170070290565491,0.003404581220820546,0.7202082872390747,0.43825313448905945,0.007108910474926233,0.6941819190979004,0.4470660090446472,0.007435393985360861,0.7432252168655396,0.4852445423603058,-0.012083939276635647,0.7538620233535767,0.48670071363449097,0.005618650931864977,0.7291964888572693,0.5014011859893799,0.011166892945766449,0.701667070388794,0.5146929621696472,0.009434303268790245,0.7544926404953003,0.5624761581420898,-0.017429806292057037,0.750421941280365,0.5532318949699402,1.8037137124338187e-05,0.729470431804657,0.562743067741394,0.008594515733420849,0.7023586630821228,0.5737239718437195,0.00807326938956976,0.7521769404411316,0.6307848691940308,-0.022296078503131866,0.7464855313301086,0.6168221831321716,-0.0059868087992072105,0.724911630153656,0.6233446002006531,0.009291972033679485,0.701978325843811,0.6331911087036133,0.018596934154629707
1,0.6732948422431946,0.5826584696769714,-5.558991347243136e-07,0.6703897714614868,0.44642674922943115,0.03508630394935608,0.7058193683624268,0.367134153842926,0.056548237800598145,0.7577952146530151,0.3488249182701111,0.07446233928203583,0.7922069430351257,0.3828369081020355,0.09198817610740662,0.824813187122345,0.35849499702453613,0.04564453288912773,0.8309009671211243,0.35650932788848877,0.08591652661561966,0.8028101325035095,0.372472882270813,0.10577154159545898,0.7833064794540405,0.3858436048030853,0.1140805259346962,0.8559812903404236,0.43017837405204773,0.039002373814582825,0.8422738909721375,0.42459607124328613,0.09151998907327652,0.8136274218559265,0.435609370470047,0.10317886620759964,0.7935018539428711,0.4564443528652191,0.10066116601228714,0.8629513382911682,0.5052144527435303,0.03831598907709122,0.8429691791534424,0.4973835051059723,0.08460042625665665,0.8173086047172546,0.5015594959259033,0.08916822820901871,0.7960776686668396,0.5169816017150879,0.08022111654281616,0.8588378429412842,0.5754712820053101,0.04051349684596062,0.8485056757926941,0.5639927983283997,0.08013395220041275,0.8241693377494812,0.5687786936759949,0.0956527441740036,0.803709089756012,0.5816120505332947,0.10094375908374786
1,0.5967666506767273,0.571823000907898,-3.353729880473111e-07,0.6457293033599854,0.650788426399231,-0.005679062567651272,0.7102358937263489,0.6853196620941162,-0.012896779924631119,0.764798104763031,0.692863404750824,-0.025386735796928406,0.7756722569465637,0.6554450392723083,-0.033042650669813156,0.7742127776145935,0.5556549429893494,0.02286047860980034,0.8040147423744202,0.6314764618873596,-0.010544278658926487,0.7555049061775208,0.6433882117271423,-0.030281348153948784,0.7253976464271545,0.6174460649490356,-0.04017452150583267,0.7740604281425476,0.5120773911476135,0.008766591548919678,0.8144683837890625,0.6044852137565613,-0.028377052396535873,0.7474991083145142,0.6271905303001404,-0.03771957382559776,0.7222394943237305,0.5949112772941589,-0.03511739894747734,0.7665581107139587,0.47674381732940674,-0.011442825198173523,0.8015074729919434,0.5852294564247131,-0.05079147219657898,0.7346787452697754,0.6058763265609741,-0.04361827298998833,0.7095983028411865,0.5668322443962097,-0.029034728184342384,0.7485833168029785,0.4481971859931946,-0.03266749158501625,0.7686487436294556,0.5576452016830444,-0.05655288323760033,0.7224286794662476,0.578985869884491,-0.04930507019162178,0.7010935544967651,0.5476329922676086,-0.038497790694236755
1,0.5520423650741577,0.5665144920349121,-3.9428687159670517e-07,0.6149811744689941,0.6654560565948486,-0.007365973200649023,0.6901525855064392,0.713687539100647,-0.013079270720481873,0.7465205788612366,0.7037126421928406,-0.02323344349861145,0.761429488658905,0.6534684896469116,-0.02689472585916519,0.7534458041191101,0.6143949031829834,0.019540507346391678,0.7846876978874207,0.685082197189331,-0.012718449346721172,0.7249548435211182,0.6866347789764404,-0.024154003709554672,0.7084792852401733,0.6501564383506775,-0.029291512444615364,0.7535499334335327,0.5547036528587341,0.004998286720365286,0.7999246120452881,0.6277672648429871,-0.03525497391819954,0.7200604677200317,0.6398279070854187,-0.04007553681731224,0.7078762650489807,0.6030887365341187,-0.0332268588244915,0.7428568005561829,0.5002168416976929,-0.015509719960391521,0.774215042591095,0.5822081565856934,-0.06182964891195297,0.6953266263008118,0.5985682010650635,-0.04938850551843643,0.6818996071815491,0.5548214316368103,-0.029522990807890892,0.7217913866043091,0.4475085139274597,-0.03621892258524895,0.7410520911216736,0.5390395522117615,-0.06368707865476608,0.6877809166908264,0.5612466931343079,-0.05074712261557579,0.6731428503990173,0.5254198908805847,-0.03479751572012901
1,0.508510410785675,0.5496554970741272,-4.2248936438227247e-07,0.5472071170806885,0.6475817561149597,-0.04131848365068436,0.6260233521461487,0.7520959377288818,-0.059593722224235535,0.6878251433372498,0.7268252372741699,-0.07263827323913574,0.6930254101753235,0.6490837931632996,-0.07671649754047394,0.7307114601135254,0.6533863544464111,-0.02137001045048237,0.7600039839744568,0.6902016401290894,-0.05530775338411331,0.681742250919342,0.6925320625305176,-0.06750176846981049,0.6702708005905151,0.6744279265403748,-0.07396503537893295,0.7320859432220459,0.5798014998435974,-0.017010604962706566,0.7450439929962158,0.6212490797042847,-0.05361909419298172,0.656933069229126,0.6356960535049438,-0.056841183453798294,0.6606107950210571,0.6140301823616028,-0.052085936069488525,0.7167099118232727,0.5138478875160217,-0.019285302609205246,0.7172346711158752,0.5536001324653625,-0.06042364984750748,0.6382179260253906,0.5780227780342102,-0.04589235782623291,0.6394973993301392,0.5597320795059204,-0.028368128463625908,0.6942670345306396,0.44625967741012573,-0.024570029228925705,0.6887755393981934,0.4966126084327698,-0.04678255692124367,0.6331118941307068,0.5228329300880432,-0.032130852341651917,0.6282442212104797,0.5068496465682983,-0.016314683482050896
1,0.43056127429008484,0.5491166710853577,-3.4797045600498677e-07,0.44957849383354187,0.6400116682052612,-0.04503442719578743,0.49395009875297546,0.7473008036613464,-0.07208260893821716,0.5457801222801208,0.7489776015281677,-0.09401725232601166,0.5624695420265198,0.6839367151260376,-0.10713491588830948,0.6353989839553833,0.6817808151245117,-0.03490316495299339,0.6464858055114746,0.7056400775909424,-0.07836956530809402,0.5780090689659119,0.7033889293670654,-0.09634876251220703,0.5645850300788879,0.6863385438919067,-0.1043693795800209,0.6460844278335571,0.6055147051811218,-0.031472496688365936,0.6330583095550537,0.6342033743858337,-0.07512053847312927,0.5530703067779541,0.6405224204063416,-0.08282873779535294,0.5583844184875488,0.6247276663780212,-0.0804397240281105,0.6358569264411926,0.5329251885414124,-0.03482936695218086,0.6045711040496826,0.5606902837753296,-0.07942326366901398,0.5348543524742126,0.5766260027885437,-0.0700656995177269,0.5399832129478455,0.5639305114746094,-0.055741265416145325,0.6152412295341492,0.4599999189376831,-0.04193904623389244,0.5731430649757385,0.4944501519203186,-0.06778903305530548,0.5249013900756836,0.5180840492248535,-0.060626622289419174,0.5294814705848694,0.5118482112884521,-0.04949057847261429
1,0.2889060080051422,0.6049057841300964,1.5856022272942027e-08,0.39038270711898804,0.6379126310348511,-0.08837234973907471,0.45715615153312683,0.6576406359672546,-0.16055668890476227,0.4624149203300476,0.6994696855545044,-0.2189682275056839,0.41270649433135986,0.7183911800384521,-0.2711595892906189,0.4749845862388611,0.41181209683418274,-0.18214711546897888,0.4653518795967102,0.6288012862205505,-0.269621342420578,0.4267166554927826,0.684567391872406,-0.3056872487068176,0.41122007369995117,0.6388614773750305,-0.32765498757362366,0.3852042555809021,0.3935278654098511,-0.17847940325737,0.39042094349861145,0.633854866027832,-0.25401514768600464,0.3679850697517395,0.6722279787063599,-0.25257089734077454,0.3666687607765198,0.6008527874946594,-0.2504294216632843,0.3009352684020996,0.41663697361946106,-0.18118678033351898,0.31136536598205566,0.6310642957687378,-0.24278958141803741,0.3084716498851776,0.6605557799339294,-0.21474304795265198,0.31575679779052734,0.5990440249443054,-0.19243016839027405,0.22733856737613678,0.45494991540908813,-0.19412386417388916,0.23473979532718658,0.6107351183891296,-0.24356316030025482,0.24972902238368988,0.6445208191871643,-0.23966199159622192,0.2649719715118408,0.6144211888313293,-0.23167793452739716
1,0.27550768852233887,0.635650634765625,1.3540088161789754e-08,0.38564375042915344,0.6239343285560608,-0.05409960448741913,0.4671761393547058,0.6283621788024902,-0.10511735081672668,0.4977981150150299,0.6645799875259399,-0.15041926503181458,0.45750540494918823,0.7038642764091492,-0.19136542081832886,0.4434720277786255,0.3723950684070587,-0.11042038351297379,0.4992360770702362,0.5788784623146057,-0.16601338982582092,0.4712902307510376,0.6249984502792358,-0.18990810215473175,0.44792860746383667,0.581684947013855,-0.20805740356445312,0.3668232262134552,0.39193639159202576,-0.1163700744509697,0.4381152391433716,0.6229068636894226,-0.16576887667179108,0.4095805585384369,0.6492586135864258,-0.1665903627872467,0.39044880867004395,0.5912702679634094,-0.17093373835086823,0.2980869710445404,0.4503525495529175,-0.1265641152858734,0.36525624990463257,0.6610736846923828,-0.16807949542999268,0.34781405329704285,0.6703141927719116,-0.1552918553352356,0.33172541856765747,0.6118624806404114,-0.14739027619361877,0.24141943454742432,0.5214759111404419,-0.14349836111068726,0.29870206117630005,0.6824076771736145,-0.1783318817615509,0.3016870319843292,0.6856712102890015,-0.1822977364063263,0.2905235290527344,0.639987051486969,-0.18385572731494904
1,0.2597813606262207,0.6355504989624023,4.302805791667197e-07,0.3775789141654968,0.6124153733253479,-0.0519518107175827,0.4609729051589966,0.620715856552124,-0.12425372004508972,0.518081784248352,0.6640307903289795,-0.1907782256603241,0.5094149112701416,0.6911555528640747,-0.2528344988822937,0.4303585886955261,0.41144195199012756,-0.17251233756542206,0.5198948979377747,0.582919716835022,-0.23266951739788055,0.5000842213630676,0.6293011903762817,-0.24084709584712982,0.46782824397087097,0.6031450033187866,-0.24455422163009644,0.3606693744659424,0.4554492235183716,-0.18500962853431702,0.4694456458091736,0.6483408212661743,-0.2399015575647354,0.44589152932167053,0.6806271076202393,-0.22079914808273315,0.4237107038497925,0.6385244727134705,-0.21013858914375305,0.30318567156791687,0.5290079712867737,-0.19801150262355804,0.4058479070663452,0.7040319442749023,-0.23785541951656342,0.3938842713832855,0.7171114087104797,-0.2016037553548813,0.37239110469818115,0.6766157150268555,-0.17979349195957184,0.2578042149543762,0.6094719171524048,-0.21722270548343658,0.34389299154281616,0.7420974969863892,-0.24727557599544525,0.35457998514175415,0.7455790042877197,-0.23635312914848328,0.3432731628417969,0.7115828990936279,-0.2286883294582367
1,0.24151960015296936,0.650933027267456,3.543746345258114e-07,0.32796186208724976,0.5690235495567322,-0.01606713980436325,0.4342481791973114,0.543350875377655,-0.06456189602613449,0.5187013149261475,0.5720667243003845,-0.10939124971628189,0.5364955067634583,0.6141307950019836,-0.15104378759860992,0.3814827799797058,0.4353660047054291,-0.14269950985908508,0.4964856505393982,0.5348733067512512,-0.17825478315353394,0.49678725004196167,0.5927565097808838,-0.17273211479187012,0.46458858251571655,0.5937950611114502,-0.166582390666008,0.33458977937698364,0.5057991743087769,-0.1644960343837738,0.4820087254047394,0.6225998997688293,-0.19486646354198456,0.4651886224746704,0.6674072742462158,-0.16636893153190613,0.42687663435935974,0.6492745280265808,-0.14992178976535797,0.30083218216896057,0.5942149758338928,-0.18117956817150116,0.4464103877544403,0.698137104511261,-0.1955541968345642,0.4252597987651825,0.7206209897994995,-0.15093931555747986,0.3857070803642273,0.7009933590888977,-0.1268089860677719,0.2770358622074127,0.6886262893676758,-0.20014213025569916,0.40329888463020325,0.7621417045593262,-0.2050812989473343,0.40442466735839844,0.763971209526062,-0.176995649933815,0.38053077459335327,0.7426555156707764,-0.16081635653972626
1,0.25393927097320557,0.6590602397918701,-3.617592980731388e-08,0.2927868366241455,0.5404131412506104,-0.008911103941500187,0.3770795464515686,0.46542906761169434,-0.03986845538020134,0.4620397090911865,0.4630086123943329,-0.06936706602573395,0.5053302645683289,0.5072513222694397,-0.09479029476642609,0.3618810772895813,0.4314573109149933,-0.09858440607786179,0.5024629831314087,0.46133533120155334,-0.1315900832414627,0.49343469738960266,0.5021265149116516,-0.1344602406024933,0.45679184794425964,0.5066269040107727,-0.1324923038482666,0.3519129753112793,0.5114436745643616,-0.11387640982866287,0.5013858675956726,0.5439436435699463,-0.13825689256191254,0.47675231099128723,0.5728933215141296,-0.12194166332483292,0.4324617385864258,0.5688593983650208,-0.11301220953464508,0.3532974421977997,0.5997369885444641,-0.1255641132593155,0.49692779779434204,0.6192124485969543,-0.13670268654823303,0.4650154113769531,0.6352740526199341,-0.10619371384382248,0.4195980429649353,0.6304122805595398,-0.08919991552829742,0.3610646724700928,0.6880309581756592,-0.13818836212158203,0.48538917303085327,0.6871793270111084,-0.13701729476451874,0.4624606668949127,0.6937935948371887,-0.11159731447696686,0.42035555839538574,0.6912627816200256,-0.09625761210918427
1,0.30317190289497375,0.5910987854003906,-3.7825773802069307e-07,0.39917781949043274,0.6416546702384949,-0.018206140026450157,0.48346951603889465,0.64373379945755,-0.035123955458402634,0.5281661152839661,0.6292544007301331,-0.05366596579551697,0.5028150081634521,0.6074331998825073,-0.06599738448858261,0.5198630094528198,0.4312567114830017,-0.006061009131371975,0.5627042651176453,0.5354589819908142,-0.04304678738117218,0.5173929929733276,0.5752325057983398,-0.06947098672389984,0.49215975403785706,0.5597450137138367,-0.08799190819263458,0.48924267292022705,0.39888879656791687,-0.017416736111044884,0.5252097845077515,0.5344811677932739,-0.0536358617246151,0.4806402027606964,0.5725504159927368,-0.0664418563246727,0.460487425327301,0.5544921159744263,-0.07277241349220276,0.4506513178348541,0.39718565344810486,-0.03420354053378105,0.478293776512146,0.5391173958778381,-0.0631866529583931,0.44057437777519226,0.5683767795562744,-0.0634254515171051,0.4235104024410248,0.5433135032653809,-0.06170731782913208,0.41176918148994446,0.4211726486682892,-0.05471428856253624,0.43018853664398193,0.545886754989624,-0.0710480585694313,0.4025057554244995,0.5646148324012756,-0.07380035519599915,0.38760221004486084,0.5374650955200195,-0.07486650347709656
1,0.2972400188446045,0.5921356678009033,-3.3879842931128223e-07,0.3682086169719696,0.6563355326652527,-0.034672100096940994,0.46021437644958496,0.6914620399475098,-0.05634533241391182,0.5026324391365051,0.662350594997406,-0.07502905279397964,0.46638450026512146,0.6160873174667358,-0.08631065487861633,0.522137463092804,0.5137398838996887,-0.021562712267041206,0.5468301773071289,0.5916062593460083,-0.05681242793798447,0.48600172996520996,0.6213074326515198,-0.07647263258695602,0.4687434732913971,0.5958731770515442,-0.08998636901378632,0.49887847900390625,0.45610499382019043,-0.023637115955352783,0.5093879699707031,0.5590946078300476,-0.05852136388421059,0.448835551738739,0.5977537035942078,-0.06686393171548843,0.4428706467151642,0.5677558779716492,-0.06854027509689331,0.4609716832637787,0.42360228300094604,-0.03158235549926758,0.4625430405139923,0.5331838130950928,-0.0641346275806427,0.4128514528274536,0.5718031525611877,-0.058783575892448425,0.40439990162849426,0.5408117175102234,-0.05149640142917633,0.4190938472747803,0.4083852171897888,-0.04362858459353447,0.4187624454498291,0.5122433304786682,-0.06244165450334549,0.38479992747306824,0.5452237129211426,-0.05891398340463638,0.3743646740913391,0.5193010568618774,-0.05367397144436836
1,0.31993886828422546,0.5892266035079956,-2.992528607137501e-07,0.37854787707328796,0.6510205268859863,-0.03294357284903526,0.4679289758205414,0.7024160623550415,-0.05008465424180031,0.5163437128067017,0.6695051193237305,-0.06340540200471878,0.4922439455986023,0.6119595766067505,-0.06985022127628326,0.532916247844696,0.5622243881225586,-0.016475552693009377,0.5592419505119324,0.6144474744796753,-0.04658091813325882,0.4994608759880066,0.637797474861145,-0.062281712889671326,0.4867337942123413,0.6113572716712952,-0.07298831641674042,0.514376163482666,0.501610279083252,-0.016119137406349182,0.5324785709381104,0.5661674737930298,-0.04808713123202324,0.4693639576435089,0.6032006144523621,-0.05530569702386856,0.46434247493743896,0.5736222863197327,-0.055577777326107025,0.4837343394756317,0.45746323466300964,-0.02102220430970192,0.4912233054637909,0.529231071472168,-0.05520452558994293,0.4379056394100189,0.570517361164093,-0.04817637428641319,0.43041178584098816,0.5405024886131287,-0.03797517716884613,0.44882482290267944,0.42305445671081543,-0.028718270361423492,0.4560636878013611,0.4983888864517212,-0.04863986000418663,0.41878271102905273,0.5335497856140137,-0.04092375934123993,0.40757325291633606,0.5078874826431274,-0.0314549021422863
1,0.3671707212924957,0.5723285675048828,-3.7456973700500384e-07,0.4059850573539734,0.6503085494041443,-0.023938003927469254,0.4807441532611847,0.7095472812652588,-0.031808625906705856,0.5403226613998413,0.6736891865730286,-0.03738178685307503,0.5402200818061829,0.6083270311355591,-0.03585607931017876,0.5296489596366882,0.6425362229347229,-0.009262577630579472,0.5794147253036499,0.6414039134979248,-0.036105409264564514,0.5202723741531372,0.6516689658164978,-0.045646172016859055,0.5033574104309082,0.6480820775032043,-0.049543894827365875,0.5206239223480225,0.5858288407325745,-0.008462565951049328,0.5627650022506714,0.5855744481086731,-0.03628953546285629,0.49572205543518066,0.6085912585258484,-0.036902934312820435,0.4931386411190033,0.6006151437759399,-0.031396180391311646,0.5049918293952942,0.5342451930046082,-0.012438320554792881,0.5422014594078064,0.5338522791862488,-0.04468023031949997,0.4809347093105316,0.5643822550773621,-0.029214724898338318,0.47408026456832886,0.5597617030143738,-0.011569495312869549,0.4859330356121063,0.47751927375793457,-0.01782873645424843,0.512114405632019,0.49014922976493835,-0.03461995720863342,0.47214800119400024,0.5201261639595032,-0.019143562763929367,0.46202537417411804,0.5170297026634216,-0.00368287181481719
1,0.3915349841117859,0.5691860914230347,-3.322099928482203e-07,0.42939117550849915,0.6444833278656006,-0.01971708983182907,0.4905686676502228,0.7032524943351746,-0.02806182950735092,0.5480812788009644,0.6783059239387512,-0.035287175327539444,0.5622329711914062,0.619590699672699,-0.03630005940794945,0.5405476093292236,0.6463766098022461,-0.0062253582291305065,0.5910903215408325,0.6471393704414368,-0.03403814509510994,0.5351071953773499,0.6518404483795166,-0.045318931341171265,0.5187413096427917,0.6492809057235718,-0.049673084169626236,0.5342095494270325,0.591895341873169,-0.006881297565996647,0.5792437791824341,0.5947972536087036,-0.03693440183997154,0.514559805393219,0.6107980608940125,-0.04070486128330231,0.5090856552124023,0.6048902273178101,-0.03675202652812004,0.5216863751411438,0.5407364964485168,-0.011680827476084232,0.5612270832061768,0.5423148274421692,-0.04517100378870964,0.5012669563293457,0.565258264541626,-0.031144386157393456,0.49212318658828735,0.5624000430107117,-0.0134127764031291,0.5064593553543091,0.4838734269142151,-0.017296375706791878,0.5351989269256592,0.49636945128440857,-0.034237805753946304,0.4955768287181854,0.5202952027320862,-0.018787914887070656,0.4840855002403259,0.5180051326751709,-0.0026825068052858114
1,0.41470810770988464,0.6134006977081299,-2.7229600618738914e-07,0.43498852849006653,0.6904709339141846,-0.02959263138473034,0.47661107778549194,0.7753642797470093,-0.04374408349394798,0.5206731557846069,0.7676753997802734,-0.05371510237455368,0.5337579250335693,0.7110164761543274,-0.056435342878103256,0.5562419295310974,0.7191777229309082,-0.0199943445622921,0.5841657519340515,0.7518227100372314,-0.048004984855651855,0.5278980731964111,0.7380622625350952,-0.0587678924202919,0.5230922102928162,0.7192398309707642,-0.06420984864234924,0.5589678287506104,0.664438784122467,-0.01704060100018978,0.5841167569160461,0.6974597573280334,-0.04764164984226227,0.5196611285209656,0.6929330229759216,-0.05232008546590805,0.5245903730392456,0.6745498180389404,-0.05058632045984268,0.5542241334915161,0.6136745810508728,-0.01830940507352352,0.5737788081169128,0.6430220603942871,-0.04987940937280655,0.5147748589515686,0.6474100351333618,-0.03821241110563278,0.5171658992767334,0.6300769448280334,-0.024836182594299316,0.5473734736442566,0.5603941082954407,-0.02149168774485588,0.5546402931213379,0.5956509113311768,-0.03781379386782646,0.5139505863189697,0.6049991250038147,-0.02519666962325573,0.5108421444892883,0.5879833698272705,-0.012656677514314651
1,0.4158574342727661,0.614864706993103,-2.512001913146378e-07,0.4365599751472473,0.6907573938369751,-0.02598145417869091,0.4751889109611511,0.7709108591079712,-0.03948047384619713,0.5157888531684875,0.763369083404541,-0.049945928156375885,0.5312781929969788,0.7097397446632385,-0.05396069586277008,0.5527837872505188,0.7157899737358093,-0.019398273900151253,0.5811190605163574,0.7475127577781677,-0.0468805767595768,0.5274780988693237,0.733927309513092,-0.05664995685219765,0.519596517086029,0.7158908843994141,-0.06081950291991234,0.555985689163208,0.6630329489707947,-0.01843547262251377,0.5815824270248413,0.6942843794822693,-0.04794040322303772,0.5200468301773071,0.6884161233901978,-0.0515657477080822,0.5212956666946411,0.6707016229629517,-0.049073755741119385,0.552162230014801,0.61344313621521,-0.021384842693805695,0.5745965838432312,0.6418769955635071,-0.05236849933862686,0.5165351629257202,0.6446001529693604,-0.03979109972715378,0.5141791701316833,0.62782222032547,-0.025545569136738777,0.5449948310852051,0.5592287182807922,-0.025944646447896957,0.5554584264755249,0.5940925478935242,-0.04272099956870079,0.5159313082695007,0.6036127805709839,-0.029624920338392258,0.5106445550918579,0.5884680151939392,-0.01630093902349472
1,0.41914647817611694,0.6118150353431702,-2.2411697386814922e-07,0.4356723129749298,0.6878626942634583,-0.029503725469112396,0.4769265651702881,0.7676838636398315,-0.043814051896333694,0.5190454721450806,0.7560099363327026,-0.05460226908326149,0.5291501879692078,0.6978365778923035,-0.05921165272593498,0.555977463722229,0.7167669534683228,-0.0201848316937685,0.585788369178772,0.7476966381072998,-0.04819738492369652,0.5323317646980286,0.733000636100769,-0.05817063897848129,0.5195213556289673,0.7120887041091919,-0.06171649694442749,0.5591843128204346,0.6624947786331177,-0.017710931599140167,0.5833200216293335,0.6920879483222961,-0.04766358807682991,0.5216602087020874,0.6866204142570496,-0.05177941918373108,0.5205975770950317,0.6681243777275085,-0.048714399337768555,0.5540703535079956,0.6116108298301697,-0.01957021839916706,0.5744330883026123,0.638259768486023,-0.0513916090130806,0.5172369480133057,0.6432430148124695,-0.040099091827869415,0.5140373110771179,0.6264339685440063,-0.025749580934643745,0.5449789762496948,0.5565006732940674,-0.023256562650203705,0.5563548803329468,0.5904800891876221,-0.0408121757209301,0.5172576308250427,0.6022359132766724,-0.02830965630710125,0.5117665529251099,0.5877652764320374,-0.014794825576245785
1,0.42142805457115173,0.6055761575698853,-1.948118750760841e-07,0.4392026960849762,0.6853159666061401,-0.030306342989206314,0.48344409465789795,0.760737955570221,-0.04406246542930603,0.5267348885536194,0.7364761829376221,-0.0539182685315609,0.5347434878349304,0.6741585731506348,-0.05758235603570938,0.5554269552230835,0.709587574005127,-0.01816025748848915,0.5827740430831909,0.7373809814453125,-0.04484274610877037,0.5315159559249878,0.7233155369758606,-0.05482659116387367,0.5216399431228638,0.7056779861450195,-0.05919376760721207,0.558691680431366,0.6570886969566345,-0.01555542554706335,0.5842034220695496,0.6851873397827148,-0.04545757919549942,0.524614155292511,0.679929792881012,-0.050695229321718216,0.5232774615287781,0.6623246073722839,-0.04830333590507507,0.5542954802513123,0.6073280572891235,-0.017410801723599434,0.5769818425178528,0.6326241493225098,-0.04984060674905777,0.5200591087341309,0.637177586555481,-0.03991533815860748,0.5168892741203308,0.6209403276443481,-0.026285391300916672,0.5465937256813049,0.5530650019645691,-0.021100759506225586,0.5579420924186707,0.5866302847862244,-0.03931890428066254,0.518651008605957,0.5976021885871887,-0.027656855061650276,0.5135313272476196,0.5827963352203369,-0.014847618527710438
1,0.42234140634536743,0.5979025363922119,-2.0540318246276001e-07,0.4417177438735962,0.6746876239776611,-0.026909397915005684,0.4847976267337799,0.7477406859397888,-0.03956015780568123,0.5286699533462524,0.7245979905128479,-0.04901506006717682,0.5412667393684387,0.6665363311767578,-0.05302293971180916,0.553735613822937,0.6965653896331787,-0.01859963685274124,0.5845361948013306,0.7204534411430359,-0.04320158809423447,0.5341246128082275,0.7071511149406433,-0.052135296165943146,0.5238288044929504,0.6917084455490112,-0.056060370057821274,0.5575551986694336,0.6448118090629578,-0.01687944121658802,0.5865932106971741,0.6693925261497498,-0.0441131517291069,0.5273705124855042,0.6654573678970337,-0.04821276292204857,0.5227053761482239,0.649914026260376,-0.045610085129737854,0.5529242753982544,0.5951273441314697,-0.01874932087957859,0.5803551077842712,0.6161110997200012,-0.0491587296128273,0.5226399898529053,0.6226388812065125,-0.038062576204538345,0.5144026279449463,0.6094140410423279,-0.023868026211857796,0.5441044569015503,0.5397087931632996,-0.022013729438185692,0.5606945753097534,0.5685973763465881,-0.039115823805332184,0.5219438672065735,0.5832266807556152,-0.026297755539417267,0.5130645036697388,0.5734162926673889,-0.012665432877838612
1,0.4473309814929962,0.5866988897323608,-2.1383135617725202e-07,0.46571677923202515,0.6626169681549072,-0.026206128299236298,0.5124011635780334,0.7365115880966187,-0.03745734319090843,0.557322084903717,0.7162538170814514,-0.045075222849845886,0.5665593147277832,0.6571449041366577,-0.047140080481767654,0.5790064334869385,0.6860162019729614,-0.01810699887573719,0.6075299382209778,0.7080450654029846,-0.040727000683546066,0.5564579963684082,0.697807252407074,-0.04780362918972969,0.545851469039917,0.684015691280365,-0.05084243044257164,0.5821431279182434,0.633186936378479,-0.016054315492510796,0.6114364266395569,0.655128538608551,-0.042107176035642624,0.5519282817840576,0.6544332504272461,-0.04437769949436188,0.5460214614868164,0.6403181552886963,-0.04072251915931702,0.5769039988517761,0.582291841506958,-0.017538364976644516,0.6036716103553772,0.6002171635627747,-0.04662465676665306,0.5457906126976013,0.609717845916748,-0.03453543782234192,0.5372219085693359,0.5977031588554382,-0.020253963768482208,0.5675157904624939,0.526633620262146,-0.02041775919497013,0.5841165781021118,0.5536524653434753,-0.03663717582821846,0.5450870394706726,0.5685789585113525,-0.023892557248473167,0.5366199016571045,0.5583465099334717,-0.010893763974308968
1,0.4787886142730713,0.5693707466125488,-2.3121708636608673e-07,0.49867233633995056,0.643440842628479,-0.022061951458454132,0.5442520976066589,0.7177281975746155,-0.031434010714292526,0.5903504490852356,0.7107900381088257,-0.0384225957095623,0.6010117530822754,0.6538637280464172,-0.04054921865463257,0.6142626404762268,0.6630067825317383,-0.012046610936522484,0.6411169171333313,0.6882224678993225,-0.03475812077522278,0.59085613489151,0.6807683110237122,-0.04337644949555397,0.581628680229187,0.665296196937561,-0.04731367528438568,0.6166025996208191,0.6129609942436218,-0.011820412240922451,0.6452485918998718,0.6390902400016785,-0.03839155659079552,0.5864048600196838,0.638798713684082,-0.0428316593170166,0.5809805393218994,0.6214938163757324,-0.04051058366894722,0.61061030626297,0.5638684034347534,-0.014830334112048149,0.6381698250770569,0.5859985947608948,-0.044415686279535294,0.5803143978118896,0.5948391556739807,-0.03331201523542404,0.5715678930282593,0.5795831680297852,-0.019416701048612595,0.6007187962532043,0.5082905292510986,-0.01886250637471676,0.6179936528205872,0.537729799747467,-0.0348609983921051,0.5789069533348083,0.55240398645401,-0.022033249959349632,0.570149302482605,0.5414162874221802,-0.008861561305820942
1,0.5439836382865906,0.5712061524391174,-2.0827604885198525e-07,0.5604172945022583,0.6420455574989319,-0.02448696829378605,0.6059485673904419,0.7133841514587402,-0.033507607877254486,0.6569022536277771,0.7113010287284851,-0.04028358682990074,0.6846727132797241,0.6711151003837585,-0.04179839789867401,0.6672376394271851,0.6554772853851318,-0.005352079402655363,0.6964948177337646,0.6811715364456177,-0.030464977025985718,0.6488680839538574,0.6742411851882935,-0.03948364406824112,0.6396632194519043,0.6599754691123962,-0.04232175275683403,0.6719410419464111,0.6092783808708191,-0.004149674437940121,0.7055817246437073,0.6388376355171204,-0.033857639878988266,0.643836259841919,0.6349688172340393,-0.03781522437930107,0.6369777917861938,0.6168177127838135,-0.03226293995976448,0.6686791777610779,0.5611782073974609,-0.007765466812998056,0.6988413333892822,0.5867547988891602,-0.04316090792417526,0.6382853984832764,0.5916077494621277,-0.03232148662209511,0.628763735294342,0.5741679072380066,-0.01546663511544466,0.6605119705200195,0.5050563812255859,-0.012424198910593987,0.6769872307777405,0.5368591547012329,-0.03432633727788925,0.6366395354270935,0.5485134124755859,-0.023280728608369827,0.6284424066543579,0.5345019698143005,-0.009031737223267555
1,0.5913329124450684,0.5638586282730103,-3.0205083589862625e-07,0.6118825674057007,0.6436885595321655,-0.023443562909960747,0.6727065443992615,0.7168824076652527,-0.02999400533735752,0.7326200008392334,0.7041451930999756,-0.03507145866751671,0.7504400014877319,0.6532773375511169,-0.033280227333307266,0.729261577129364,0.6755081415176392,0.0003672588209155947,0.7701447606086731,0.7014538645744324,-0.025850949808955193,0.7159276008605957,0.6890782713890076,-0.03481541946530342,0.7017974257469177,0.6789337992668152,-0.03746429458260536,0.7336609363555908,0.6237847805023193,0.0006111812544986606,0.771517276763916,0.6466598510742188,-0.030333342030644417,0.7077231407165527,0.6397444009780884,-0.033473167568445206,0.7017935514450073,0.6297334432601929,-0.027148010209202766,0.7310441732406616,0.5715001821517944,-0.0047082495875656605,0.7638494968414307,0.5929690599441528,-0.0409664623439312,0.7001185417175293,0.5947784781455994,-0.028669774532318115,0.6906040906906128,0.5856990218162537,-0.01043777633458376,0.7260765433311462,0.5136046409606934,-0.01125189010053873,0.7473489046096802,0.5442457795143127,-0.030455414205789566,0.7028412818908691,0.5519871711730957,-0.016781438142061234,0.6924394369125366,0.5417168140411377,-0.001126753049902618
1,0.5462117791175842,0.4739428758621216,-2.7742163410948706e-07,0.5777690410614014,0.5524813532829285,-0.02505229413509369,0.6389841437339783,0.6212059259414673,-0.03277592360973358,0.6914850473403931,0.5889914035797119,-0.038647834211587906,0.6935886144638062,0.5258338451385498,-0.03799205273389816,0.6958843469619751,0.5698508620262146,-0.0023308906238526106,0.7371742129325867,0.5803313851356506,-0.029225893318653107,0.6821669340133667,0.577301025390625,-0.040591225028038025,0.6656843423843384,0.5742077827453613,-0.0452585443854332,0.69510817527771,0.5140588879585266,-0.0019749116618186235,0.7296118140220642,0.5225719213485718,-0.03186211362481117,0.6660191416740417,0.5296154022216797,-0.03692504018545151,0.6592087149620056,0.5246056914329529,-0.03305291011929512,0.6860813498497009,0.4608551561832428,-0.007061919197440147,0.7151732444763184,0.4671424329280853,-0.04239080101251602,0.6533488631248474,0.48342573642730713,-0.03265988081693649,0.6437311172485352,0.4810934364795685,-0.01695030927658081,0.6729839444160461,0.4021409749984741,-0.013580034486949444,0.6930198669433594,0.4198994040489197,-0.032601531594991684,0.6511191129684448,0.4402230381965637,-0.020138423889875412,0.6401603817939758,0.4392455220222473,-0.0056694443337619305
1,0.500304639339447,0.4450334906578064,-2.7695477911038324e-07,0.5334007143974304,0.5220860242843628,-0.03292197734117508,0.6014721393585205,0.5946017503738403,-0.04554937407374382,0.6555243134498596,0.5569742321968079,-0.054268524050712585,0.6588326692581177,0.485154390335083,-0.05533786863088608,0.6666998863220215,0.5323851704597473,-0.012657629325985909,0.709570050239563,0.5471817255020142,-0.04264715313911438,0.6488667726516724,0.5432848334312439,-0.05337445065379143,0.6338526606559753,0.5318228006362915,-0.05745154246687889,0.6647505760192871,0.47139737010002136,-0.009993432089686394,0.7030748724937439,0.4829567074775696,-0.044279202818870544,0.6329571008682251,0.4930785596370697,-0.04898199066519737,0.6285359263420105,0.4807583689689636,-0.04400812089443207,0.6533492803573608,0.4135205149650574,-0.012990263290703297,0.6846996545791626,0.4205992519855499,-0.052738551050424576,0.6171471476554871,0.44336608052253723,-0.04097997769713402,0.6098431348800659,0.43581631779670715,-0.023287445306777954,0.6378894448280334,0.3490666151046753,-0.017717283219099045,0.6573493480682373,0.3692040741443634,-0.03962847590446472,0.6118581891059875,0.3971386253833771,-0.025633392855525017,0.6027437448501587,0.3948359191417694,-0.009548056870698929
1,0.49123048782348633,0.41113168001174927,-2.8922488581883954e-07,0.5255885720252991,0.4982088804244995,-0.03491493687033653,0.5996832847595215,0.5776174068450928,-0.04872635379433632,0.6601616144180298,0.5361266136169434,-0.05836903303861618,0.6535025238990784,0.4564656913280487,-0.06005004793405533,0.669765055179596,0.5087483525276184,-0.01689262129366398,0.7185291051864624,0.5231127738952637,-0.04794597998261452,0.6519507169723511,0.5200161337852478,-0.057989563792943954,0.6349652409553528,0.5096824169158936,-0.06207553669810295,0.6666567325592041,0.441599577665329,-0.015054767020046711,0.7091124057769775,0.4518274962902069,-0.05165458098053932,0.6325079202651978,0.4647112488746643,-0.055121488869190216,0.6267184615135193,0.453273206949234,-0.04902713745832443,0.6524259448051453,0.3773654103279114,-0.018928734585642815,0.6862112283706665,0.38363927602767944,-0.06198769807815552,0.6133081316947937,0.4107597768306732,-0.048551466315984726,0.6043722629547119,0.40355944633483887,-0.029186321422457695,0.632994532585144,0.30668461322784424,-0.024588588625192642,0.654361367225647,0.32687708735466003,-0.04899904504418373,0.6047497391700745,0.3597656786441803,-0.03410407528281212,0.5936804413795471,0.35798656940460205,-0.017237026244401932
1,0.5140841007232666,0.3960638642311096,-4.0551287838752614e-07,0.5534588098526001,0.49321436882019043,-0.03528807312250137,0.6393864154815674,0.5830890536308289,-0.04739641025662422,0.7064340710639954,0.5362234711647034,-0.05501299723982811,0.7061454057693481,0.44930675625801086,-0.0532454289495945,0.7139875292778015,0.5051376819610596,-0.016474531963467598,0.7731927037239075,0.5160505771636963,-0.052330777049064636,0.6956246495246887,0.5148500204086304,-0.06554632633924484,0.674845814704895,0.5046383142471313,-0.07103145867586136,0.7080451250076294,0.43093618750572205,-0.014772554859519005,0.7586222887039185,0.4380548894405365,-0.05339818447828293,0.6706320643424988,0.45374199748039246,-0.05710545927286148,0.664854109287262,0.44271939992904663,-0.0509173646569252,0.6921055316925049,0.35993096232414246,-0.019330359995365143,0.7382915616035461,0.36328989267349243,-0.0636349692940712,0.6539501547813416,0.39232006669044495,-0.04580830782651901,0.64380943775177,0.3866513669490814,-0.02345927432179451,0.6715725064277649,0.2813316583633423,-0.025822333991527557,0.7001925706863403,0.30077266693115234,-0.0492207333445549,0.6436881422996521,0.33347034454345703,-0.02945317141711712,0.6314932107925415,0.3301318287849426,-0.008990018628537655
1,0.5426816940307617,0.39283090829849243,-4.7606300768165966e-07,0.5788024663925171,0.5161831974983215,-0.041244685649871826,0.6726150512695312,0.6199265718460083,-0.05478960648179054,0.7591713666915894,0.5769215226173401,-0.06384061276912689,0.7806264162063599,0.4870809316635132,-0.061977725476026535,0.7578145861625671,0.5383954644203186,-0.014642557129263878,0.8269098997116089,0.5544856190681458,-0.05817537009716034,0.7395691871643066,0.5520258545875549,-0.0742669329047203,0.7153339385986328,0.5441122651100159,-0.08003082871437073,0.7550954222679138,0.4543679356575012,-0.01097484678030014,0.8156291246414185,0.4706982970237732,-0.05886978656053543,0.7112143635749817,0.48314908146858215,-0.06370512396097183,0.7038501501083374,0.47091054916381836,-0.055505987256765366,0.743007481098175,0.37378332018852234,-0.015310085378587246,0.7961147427558899,0.3870778977870941,-0.0704338401556015,0.6968766450881958,0.41094252467155457,-0.050140101462602615,0.6865600943565369,0.40327566862106323,-0.022857164964079857,0.7277494668960571,0.28436464071273804,-0.02178078703582287,0.7603276968002319,0.3144015073776245,-0.051546286791563034,0.692984938621521,0.3428565561771393,-0.029983926564455032,0.6792516112327576,0.3347070813179016,-0.006276708096265793
1,0.4425122141838074,0.30820634961128235,-7.413349862872565e-07,0.484449565410614,0.4553721845149994,-0.03963445499539375,0.6094090342521667,0.5707641839981079,-0.04711316153407097,0.7117408514022827,0.5085322856903076,-0.04996788501739502,0.7084606289863586,0.3890370726585388,-0.04042956605553627,0.7072089910507202,0.476379930973053,-0.015666384249925613,0.795455813407898,0.4729524254798889,-0.06303496658802032,0.6884406805038452,0.4773327112197876,-0.08532051742076874,0.6562243103981018,0.47742247581481934,-0.09702416509389877,0.6939738988876343,0.3741608262062073,-0.013135508634150028,0.7742185592651367,0.3645322024822235,-0.06474443525075912,0.6509146690368652,0.39630597829818726,-0.07224227488040924,0.6356267929077148,0.39243295788764954,-0.06672457605600357,0.6740214228630066,0.28001347184181213,-0.01806468702852726,0.7487539052963257,0.26375913619995117,-0.07491808384656906,0.6306746006011963,0.30856919288635254,-0.05053717643022537,0.6053690910339355,0.31233710050582886,-0.021018698811531067,0.654069721698761,0.1752067655324936,-0.025225620716810226,0.7055652141571045,0.17935433983802795,-0.05578385666012764,0.6259950399398804,0.22561928629875183,-0.030910560861229897,0.599288821220398,0.23466438055038452,-0.005297265015542507
1,0.43797194957733154,0.4293269217014313,-5.212589826442127e-07,0.4867686331272125,0.5620685815811157,-0.04519512504339218,0.5958976149559021,0.6944394111633301,-0.05918366089463234,0.6894153952598572,0.6583482027053833,-0.06863562017679214,0.7126748561859131,0.551666259765625,-0.06611882895231247,0.6941038370132446,0.5947780609130859,-0.01181828323751688,0.7597601413726807,0.6192178130149841,-0.05838847532868385,0.6630575656890869,0.6161420345306396,-0.07582125812768936,0.6435608863830566,0.6037681102752686,-0.08325902372598648,0.6907598376274109,0.4975738525390625,-0.009784494526684284,0.7499107122421265,0.5196231007575989,-0.0631757602095604,0.6332520842552185,0.5339897274971008,-0.07049631327390671,0.631439745426178,0.5158839225769043,-0.06354764848947525,0.6738393306732178,0.4045654535293579,-0.01665608212351799,0.7250474095344543,0.4201604425907135,-0.08035869151353836,0.6125826239585876,0.44995200634002686,-0.05917567387223244,0.6054971814155579,0.43582335114479065,-0.030495386570692062,0.6524195075035095,0.29957449436187744,-0.025594808161258698,0.6840662360191345,0.3355349898338318,-0.06021035462617874,0.6057862043380737,0.3709638714790344,-0.03539453446865082,0.5928996205329895,0.3601198196411133,-0.008995352312922478
1,0.4304810166358948,0.5245412588119507,-3.437995985677844e-07,0.4867650270462036,0.6465904712677002,-0.03990193456411362,0.5778206586837769,0.7574623823165894,-0.05503324791789055,0.6564018130302429,0.7229902744293213,-0.06538361310958862,0.6710489988327026,0.6231308579444885,-0.06670904159545898,0.6538880467414856,0.6513568758964539,-0.01403975859284401,0.7028520107269287,0.685070276260376,-0.048050299286842346,0.6282150745391846,0.6875718235969543,-0.05857552960515022,0.6177874803543091,0.6643245816230774,-0.063624806702137,0.6530773639678955,0.5716309547424316,-0.011982938274741173,0.7069223523139954,0.5998321771621704,-0.053268447518348694,0.6134997010231018,0.6166022419929504,-0.05871528759598732,0.6115418672561646,0.5916332006454468,-0.054058145731687546,0.6399466395378113,0.4946623742580414,-0.016612784937024117,0.6888480186462402,0.5197070240974426,-0.06761546432971954,0.5976220369338989,0.5480568408966064,-0.05107023939490318,0.5906633138656616,0.5231127738952637,-0.029223091900348663,0.6188520193099976,0.40695318579673767,-0.02302519604563713,0.6519443392753601,0.45218977332115173,-0.05200972408056259,0.5903815031051636,0.4817471206188202,-0.03267625719308853,0.5770796537399292,0.4578167498111725,-0.012622400186955929
1,0.40604400634765625,0.5827775001525879,-4.0819989521878597e-07,0.4555704891681671,0.6960728168487549,-0.03429117798805237,0.5418026447296143,0.7993608713150024,-0.04732222482562065,0.6175082921981812,0.7777594327926636,-0.05736212432384491,0.6206924319267273,0.6843993067741394,-0.05857580527663231,0.6195799708366394,0.6882113218307495,-0.009476319886744022,0.6695058345794678,0.7286933064460754,-0.044427379965782166,0.5910788774490356,0.7270854711532593,-0.05729496106505394,0.5787573456764221,0.7039042711257935,-0.06369545310735703,0.6158196330070496,0.6165833473205566,-0.009660791605710983,0.6683671474456787,0.65716153383255,-0.05495062842965126,0.5744561553001404,0.6675164699554443,-0.0630301758646965,0.5684418678283691,0.6391004323959351,-0.05854267627000809,0.6033620834350586,0.5483059287071228,-0.015884937718510628,0.6520602703094482,0.5832604169845581,-0.06537771970033646,0.5631564855575562,0.6060289144515991,-0.04946937784552574,0.5512091517448425,0.5807321667671204,-0.027061713859438896,0.5865035057067871,0.4698491394519806,-0.02391251176595688,0.6207402944564819,0.5204453468322754,-0.049036525189876556,0.5604882836341858,0.5446885824203491,-0.029950931668281555,0.5445063710212708,0.5212980508804321,-0.009941321797668934
1,0.35695040225982666,0.5767345428466797,-4.0202056084126525e-07,0.40170523524284363,0.6847149133682251,-0.03570229560136795,0.48491090536117554,0.7825686931610107,-0.050219811499118805,0.5531565546989441,0.7411669492721558,-0.06065812334418297,0.5660205483436584,0.6528046727180481,-0.06255785375833511,0.56496262550354,0.6855176687240601,-0.018333541229367256,0.6159822940826416,0.7093532085418701,-0.05489019677042961,0.5382829308509827,0.7124167680740356,-0.06811297684907913,0.5216730237007141,0.7019183039665222,-0.07419142127037048,0.5608000755310059,0.610355019569397,-0.01685846596956253,0.6089029312133789,0.6370388865470886,-0.05853959172964096,0.5178518295288086,0.6511520743370056,-0.06373033672571182,0.511195957660675,0.6330018043518066,-0.05909278243780136,0.5463317036628723,0.5400578379631042,-0.021379459649324417,0.5899410247802734,0.5647766590118408,-0.06887657940387726,0.5036503672599792,0.5890719890594482,-0.051478900015354156,0.49350306391716003,0.5731519460678101,-0.02973114512860775,0.5258173942565918,0.462060809135437,-0.027568181976675987,0.554345965385437,0.5059682726860046,-0.05371715873479843,0.49546340107917786,0.5337375402450562,-0.03469880297780037,0.4809954762458801,0.5193153619766235,-0.014991882257163525
1,0.270513117313385,0.5851671695709229,-4.1134288153443777e-07,0.31415122747421265,0.6818463802337646,-0.03213956579566002,0.39658236503601074,0.7736397981643677,-0.044943030923604965,0.46076151728630066,0.7357099652290344,-0.05427996814250946,0.46209824085235596,0.651953399181366,-0.0556325800716877,0.4812626540660858,0.6758416891098022,-0.015805428847670555,0.5294364094734192,0.7017199993133545,-0.04941785708069801,0.45435938239097595,0.7043566703796387,-0.06130954250693321,0.4397989511489868,0.687946081161499,-0.06693309545516968,0.47418856620788574,0.6043674349784851,-0.016104334965348244,0.5160672664642334,0.6325744390487671,-0.05477488413453102,0.43067729473114014,0.6489213109016418,-0.06010647863149643,0.4279460310935974,0.6260346174240112,-0.05614965409040451,0.45677292346954346,0.5387643575668335,-0.021723253652453423,0.4929487705230713,0.5641070008277893,-0.06662385910749435,0.41190651059150696,0.5929400324821472,-0.05178946629166603,0.4048437774181366,0.5746616721153259,-0.03215157985687256,0.43306827545166016,0.46744048595428467,-0.028684934601187706,0.4591726064682007,0.507988691329956,-0.05333620682358742,0.40329843759536743,0.5400328636169434,-0.03530186414718628,0.39050471782684326,0.5264755487442017,-0.016304362565279007
1,0.20364472270011902,0.5764685273170471,-3.3022368484125764e-07,0.2522942125797272,0.6656112670898438,-0.033832669258117676,0.3325406610965729,0.7513338923454285,-0.048717234283685684,0.389294296503067,0.7153691053390503,-0.059670522809028625,0.3825790584087372,0.6351495385169983,-0.06316109746694565,0.4209057092666626,0.6445213556289673,-0.016996968537569046,0.45751699805259705,0.6743645668029785,-0.04825884476304054,0.38731780648231506,0.6787311434745789,-0.060757268220186234,0.37543734908103943,0.6619744300842285,-0.06806986033916473,0.4112927317619324,0.5751248598098755,-0.016178222373127937,0.44354015588760376,0.6065905094146729,-0.053110271692276,0.36474019289016724,0.6259165406227112,-0.059705499559640884,0.3609180748462677,0.6043031811714172,-0.05754014104604721,0.39101797342300415,0.5125611424446106,-0.020478446036577225,0.41336020827293396,0.5439386367797852,-0.06293723732233047,0.33998700976371765,0.5756680369377136,-0.051401589065790176,0.3320508599281311,0.5565805435180664,-0.035087984055280685,0.36335664987564087,0.4465591013431549,-0.026575736701488495,0.3784872591495514,0.4935000538825989,-0.050678011029958725,0.3270903527736664,0.5277723670005798,-0.036509785801172256,0.31572937965393066,0.5141234993934631,-0.020854318514466286
1,0.1567239910364151,0.5263855457305908,-2.3467886478556466e-07,0.21184083819389343,0.6052235960960388,-0.03943965956568718,0.3076498508453369,0.68229079246521,-0.05591604486107826,0.3585723042488098,0.6404640674591064,-0.06694991141557693,0.3223443031311035,0.5603107213973999,-0.0696314349770546,0.3904950022697449,0.5567336082458496,-0.017467884346842766,0.4127310812473297,0.5943837761878967,-0.047433387488126755,0.3434072732925415,0.6060069799423218,-0.060466110706329346,0.3340931236743927,0.5863968133926392,-0.06924990564584732,0.3810226321220398,0.4817769229412079,-0.014731449075043201,0.39840167760849,0.5223504304885864,-0.049260664731264114,0.3235335946083069,0.5508362650871277,-0.05518956854939461,0.3222258687019348,0.5295494198799133,-0.052474264055490494,0.3544728755950928,0.42008736729621887,-0.0179830901324749,0.3525109589099884,0.4639730155467987,-0.05478781834244728,0.2893536686897278,0.5043545365333557,-0.04655139148235321,0.28993797302246094,0.48567333817481995,-0.03412747383117676,0.3210133910179138,0.36405351758003235,-0.02437923289835453,0.3158266842365265,0.4174536466598511,-0.04267266020178795,0.2732127606868744,0.4564518332481384,-0.03213915228843689,0.26999330520629883,0.44406822323799133,-0.020859070122241974
1,0.08387036621570587,0.63805091381073,1.1313018077885317e-08,0.20050491392612457,0.6660996079444885,-0.05954818055033684,0.28336769342422485,0.6921647787094116,-0.11622770875692368,0.3059755265712738,0.7305048704147339,-0.16797137260437012,0.24063068628311157,0.7469696998596191,-0.216318741440773,0.27511000633239746,0.4140455424785614,-0.1258399486541748,0.30156198143959045,0.6243746280670166,-0.1920439749956131,0.26867765188217163,0.6764872074127197,-0.22141075134277344,0.25149646401405334,0.6350454688072205,-0.2415536344051361,0.18891707062721252,0.4132035970687866,-0.13394315540790558,0.23183608055114746,0.6560090184211731,-0.19174811244010925,0.20346620678901672,0.691679835319519,-0.19635997712612152,0.19368726015090942,0.6335091590881348,-0.20232664048671722,0.10703568905591965,0.4548272490501404,-0.1462436467409134,0.14989329874515533,0.6773057579994202,-0.1960843950510025,0.14046570658683777,0.6975014805793762,-0.18501505255699158,0.13762524724006653,0.6393938660621643,-0.177419513463974,0.035929322242736816,0.5152217149734497,-0.16557258367538452,0.06944024562835693,0.6868542432785034,-0.20395466685295105,0.08392338454723358,0.7037519812583923,-0.20642217993736267,0.09127643704414368,0.6657902598381042,-0.20669274032115936
1,0.23154090344905853,0.6861348748207092,1.1038070013569268e-08,0.34900790452957153,0.709883451461792,-0.03976551443338394,0.43635478615760803,0.7551652193069458,-0.08774075657129288,0.47854480147361755,0.812943696975708,-0.1346280574798584,0.45589718222618103,0.8431925177574158,-0.17881418764591217,0.46047505736351013,0.496036171913147,-0.10234136879444122,0.49264660477638245,0.7375030517578125,-0.1617562621831894,0.45486581325531006,0.7704086303710938,-0.19300922751426697,0.43429020047187805,0.7132807970046997,-0.2165936827659607,0.3727521300315857,0.4953416585922241,-0.11899682879447937,0.4177221655845642,0.769149899482727,-0.16819502413272858,0.3860722482204437,0.7772729396820068,-0.17248903214931488,0.37284472584724426,0.7090703845024109,-0.18150989711284637,0.2860133945941925,0.538499116897583,-0.1385522484779358,0.33379632234573364,0.7890682220458984,-0.18101072311401367,0.312765508890152,0.7891870737075806,-0.16536769270896912,0.2995672821998596,0.7267471551895142,-0.15638451278209686,0.20736129581928253,0.5983131527900696,-0.16405974328517914,0.25625506043434143,0.7969926595687866,-0.19949539005756378,0.25914663076400757,0.8026188015937805,-0.19792421162128448,0.2512398362159729,0.7582672834396362,-0.1952776312828064
1,0.36124107241630554,0.6559993028640747,1.8036708127056045e-07,0.49079427123069763,0.7247182726860046,-0.04710956662893295,0.5888108015060425,0.7977584004402161,-0.10282726585865021,0.6211035847663879,0.8788228631019592,-0.1560974419116974,0.567633867263794,0.9044262170791626,-0.20705494284629822,0.6169079542160034,0.5257959961891174,-0.12422072887420654,0.6229469776153564,0.7827047109603882,-0.1886138617992401,0.5781336426734924,0.8151794075965881,-0.21943645179271698,0.5637660622596741,0.756771981716156,-0.24168682098388672,0.5219517350196838,0.5106452703475952,-0.1409440040588379,0.5370747447013855,0.8153253197669983,-0.19506287574768066,0.5018863677978516,0.8124003410339355,-0.19758425652980804,0.49715501070022583,0.7368172407150269,-0.20472662150859833,0.4256998300552368,0.5401761531829834,-0.16032558679580688,0.4488619267940521,0.8200887441635132,-0.20466530323028564,0.4255000948905945,0.8060818910598755,-0.1857132613658905,0.4203869104385376,0.733696699142456,-0.1742091178894043,0.34011757373809814,0.585399329662323,-0.18637552857398987,0.3688167929649353,0.8128571510314941,-0.22017166018486023,0.36670565605163574,0.8113111853599548,-0.21424221992492676,0.3607836663722992,0.7583221197128296,-0.20904822647571564
1,0.4082413911819458,0.6741086840629578,3.0634234349236067e-07,0.5480470061302185,0.7413479685783386,-0.08458817005157471,0.6377435326576233,0.7952687740325928,-0.17054595053195953,0.6780868172645569,0.8549501895904541,-0.24840350449085236,0.6693798303604126,0.8718456029891968,-0.31964635848999023,0.7057069540023804,0.5065649747848511,-0.18073353171348572,0.7120471000671387,0.7860082387924194,-0.27467080950737,0.6575213670730591,0.8385905027389526,-0.313361793756485,0.6328837871551514,0.7888623476028442,-0.3376041054725647,0.6010276079177856,0.47819238901138306,-0.1859121173620224,0.613945722579956,0.8003442883491516,-0.2765480875968933,0.5605676770210266,0.8216251134872437,-0.282886803150177,0.5568066835403442,0.7445746064186096,-0.2880443334579468,0.4962790012359619,0.5027234554290771,-0.19701950252056122,0.511566162109375,0.798577070236206,-0.26967301964759827,0.4812295436859131,0.7983298301696777,-0.24826069176197052,0.48003262281417847,0.718041181564331,-0.23251961171627045,0.40272772312164307,0.543830394744873,-0.2174232006072998,0.4245615005493164,0.7801370620727539,-0.27187225222587585,0.4210750460624695,0.7865808010101318,-0.2716175317764282,0.4232737421989441,0.7223547101020813,-0.26835334300994873
1,0.3784133195877075,0.6654937267303467,1.2440554542081372e-07,0.5215615034103394,0.7064305543899536,-0.059914059937000275,0.6245405077934265,0.7401814460754395,-0.1188637912273407,0.6487307548522949,0.8034654259681702,-0.1754777580499649,0.5993475914001465,0.8412524461746216,-0.2264314442873001,0.6769710779190063,0.4174001216888428,-0.09762746840715408,0.7048121094703674,0.683882474899292,-0.16806095838546753,0.6543708443641663,0.7265289425849915,-0.20775441825389862,0.6401695609092712,0.6678426861763,-0.23835252225399017,0.5775383710861206,0.3968731164932251,-0.11002502590417862,0.6099146008491516,0.7219444513320923,-0.171921044588089,0.5589107871055603,0.7350996136665344,-0.18337169289588928,0.5572237968444824,0.6515977382659912,-0.19614969193935394,0.47370433807373047,0.43361490964889526,-0.12994353473186493,0.5052319169044495,0.7407132387161255,-0.18037648499011993,0.47083592414855957,0.7317909002304077,-0.17153485119342804,0.4682179093360901,0.6418733596801758,-0.16697652637958527,0.37768012285232544,0.4926083981990814,-0.15846069157123566,0.4116360545158386,0.7383068203926086,-0.1985788643360138,0.4035012423992157,0.7314445972442627,-0.20444713532924652,0.39936769008636475,0.656528115272522,-0.20775644481182098
1,0.1983555257320404,0.6106897592544556,1.7991921197335614e-07,0.30674976110458374,0.6551138162612915,-0.08805463463068008,0.38578855991363525,0.6770579218864441,-0.15544520318508148,0.3710057735443115,0.7102503180503845,-0.20950743556022644,0.28829455375671387,0.7355036735534668,-0.2582140862941742,0.408468097448349,0.3703988790512085,-0.16089771687984467,0.3718845844268799,0.6011231541633606,-0.24351543188095093,0.3513535261154175,0.6492687463760376,-0.2881758213043213,0.3571305572986603,0.5967485308647156,-0.31881511211395264,0.303714394569397,0.34011203050613403,-0.15596598386764526,0.286681592464447,0.6173892021179199,-0.2170318216085434,0.27849331498146057,0.6502559185028076,-0.22252942621707916,0.2871202528476715,0.5594882965087891,-0.23021374642848969,0.20386256277561188,0.3630366027355194,-0.1574784219264984,0.19997790455818176,0.6220893263816833,-0.20620863139629364,0.20749744772911072,0.6423417925834656,-0.1818595975637436,0.2192569375038147,0.560183048248291,-0.16593202948570251,0.11438988149166107,0.4066588580608368,-0.17020352184772491,0.11448808014392853,0.603818416595459,-0.21106497943401337,0.1340315192937851,0.6337471008300781,-0.2058473825454712,0.15104278922080994,0.588726282119751,-0.19827556610107422
1,0.19900774955749512,0.5936993956565857,2.437037380786933e-07,0.3032977879047394,0.638099193572998,-0.08411148190498352,0.37587201595306396,0.6771543025970459,-0.1539429873228073,0.35654354095458984,0.7292232513427734,-0.21216030418872833,0.2751052677631378,0.7551057934761047,-0.2663385570049286,0.39597809314727783,0.3794894218444824,-0.1619182676076889,0.3568533658981323,0.6121175289154053,-0.24141430854797363,0.34308889508247375,0.654005229473114,-0.28302520513534546,0.35216084122657776,0.6027700901031494,-0.31236499547958374,0.2905530333518982,0.35136619210243225,-0.15950512886047363,0.27267786860466003,0.6284979581832886,-0.2176477015018463,0.26743456721305847,0.6584270000457764,-0.22098863124847412,0.2768797278404236,0.5671796202659607,-0.22891730070114136,0.19034214317798615,0.37672823667526245,-0.16276097297668457,0.18402794003486633,0.6312471032142639,-0.21019092202186584,0.19347067177295685,0.650531530380249,-0.18411143124103546,0.20593532919883728,0.5683230757713318,-0.16841274499893188,0.10042953491210938,0.4221930205821991,-0.17673635482788086,0.09713417291641235,0.6163111329078674,-0.21814817190170288,0.11750206351280212,0.6425302028656006,-0.21271912753582,0.13496524095535278,0.596636176109314,-0.20620623230934143
1,0.3513546586036682,0.7541168928146362,-4.2158706037298543e-07,0.39980000257492065,0.6240189671516418,0.00831699464470148,0.4720824062824249,0.5477110743522644,-0.0007318809512071311,0.53766930103302,0.5348207950592041,-0.011155577376484871,0.5791156888008118,0.571735680103302,-0.01804889738559723,0.49558505415916443,0.535591721534729,-0.03622141107916832,0.5983874201774597,0.5459098219871521,-0.048109427094459534,0.5728609561920166,0.5704692602157593,-0.04467353597283363,0.5358316898345947,0.5740993022918701,-0.03964231163263321,0.5079664587974548,0.6246880888938904,-0.0494762547314167,0.6027318239212036,0.6215513348579407,-0.05025136470794678,0.5751219391822815,0.6351795792579651,-0.037736475467681885,0.5373729467391968,0.6415451765060425,-0.03125450387597084,0.517675518989563,0.7135683298110962,-0.05922946333885193,0.5958436727523804,0.6946094632148743,-0.053724538534879684,0.5689617395401001,0.7056188583374023,-0.03137863054871559,0.5344154834747314,0.7149987816810608,-0.019872333854436874,0.5215045809745789,0.7938382625579834,-0.06813601404428482,0.5839065909385681,0.7558547258377075,-0.05508742108941078,0.5589396357536316,0.7622461318969727,-0.029412891715765,0.5306517481803894,0.7770149111747742,-0.012969671748578548
1,0.41046977043151855,0.7192516326904297,-3.4844916285692307e-07,0.44875216484069824,0.591988742351532,0.014302880503237247,0.5054847598075867,0.5232547521591187,0.010446256026625633,0.5621100664138794,0.5114516615867615,0.00446728290989995,0.597461998462677,0.5465950965881348,0.0010456874733790755,0.5371063947677612,0.49836188554763794,-0.01750747486948967,0.6207490563392639,0.5084279775619507,-0.02066667191684246,0.6021760106086731,0.5376811623573303,-0.01614219881594181,0.5710471868515015,0.5407410860061646,-0.01211508922278881,0.5581000447273254,0.5759075880050659,-0.030218131840229034,0.6280357241630554,0.5773739814758301,-0.02133157290518284,0.6085323095321655,0.6002092361450195,-0.010345794260501862,0.5782253742218018,0.6068431735038757,-0.006586271338164806,0.5738691687583923,0.6575349569320679,-0.03930005058646202,0.6249026656150818,0.6464049220085144,-0.026565222069621086,0.6052887439727783,0.665642499923706,-0.009363465942442417,0.5774415135383606,0.6744696497917175,-0.0031035321298986673,0.580431342124939,0.7331255674362183,-0.047229278832674026,0.6158852577209473,0.7075574398040771,-0.03188709542155266,0.5944119095802307,0.7207212448120117,-0.010849871672689915,0.5728328227996826,0.7336774468421936,0.0022462995257228613
1,0.5502594709396362,0.5061742067337036,-2.7930590817959455e-07,0.5843381285667419,0.3945052921772003,0.007428375538438559,0.6399339437484741,0.3299190402030945,-0.004414065275341272,0.7023470997810364,0.32327738404273987,-0.0185516607016325,0.7432295680046082,0.3620266318321228,-0.029173145070672035,0.6664023399353027,0.2807282507419586,-0.02494059130549431,0.7600279450416565,0.30049657821655273,-0.03981264308094978,0.7412598729133606,0.3332381844520569,-0.044424597173929214,0.7090795636177063,0.3329258859157562,-0.046570539474487305,0.6813223958015442,0.34712696075439453,-0.039975013583898544,0.7652222514152527,0.370456337928772,-0.04277200996875763,0.7446741461753845,0.39963504672050476,-0.036784589290618896,0.7144163250923157,0.4001215100288391,-0.035970959812402725,0.6954015493392944,0.42249128222465515,-0.05310061201453209,0.7623881697654724,0.4420895576477051,-0.05004982650279999,0.7395639419555664,0.4649077355861664,-0.03306889161467552,0.7099475860595703,0.46428796648979187,-0.025977393612265587,0.7046703696250916,0.4979044198989868,-0.0661962553858757,0.757391095161438,0.5037214159965515,-0.05634473264217377,0.7310041785240173,0.5198624134063721,-0.03615469112992287,0.7041438817977905,0.5217915773391724,-0.023958679288625717
1,0.3980199098587036,0.5807299613952637,-4.12498707191844e-07,0.486469030380249,0.6308513283729553,-0.0352989099919796,0.5700384378433228,0.6409101486206055,-0.06283435970544815,0.597285270690918,0.6129470467567444,-0.0879901722073555,0.5623506307601929,0.5813491344451904,-0.10783632844686508,0.6216738820075989,0.4069271981716156,-0.029925212264060974,0.6371064186096191,0.5244274735450745,-0.07246115058660507,0.5863955020904541,0.5662001967430115,-0.10330093652009964,0.5678320527076721,0.5430684685707092,-0.12569954991340637,0.5762925744056702,0.3576816916465759,-0.03604208678007126,0.5903065204620361,0.4992784857749939,-0.07211677730083466,0.5414617657661438,0.5459352731704712,-0.08549841493368149,0.5274264812469482,0.5216931104660034,-0.09439680725336075,0.5203227400779724,0.3435627520084381,-0.04787381738424301,0.5311030149459839,0.4878467917442322,-0.07868447154760361,0.49462851881980896,0.5289925336837769,-0.07749103754758835,0.4836864173412323,0.4996277093887329,-0.07636472582817078,0.4637923240661621,0.3539285957813263,-0.06452112644910812,0.47437185049057007,0.4727505147457123,-0.08160648494958878,0.45134007930755615,0.5073570013046265,-0.07971750199794769,0.4412004351615906,0.4803503751754761,-0.07778123766183853
1,0.2779613435268402,0.64637291431427,-2.3530533610482962e-07,0.32053059339523315,0.7293274998664856,-0.04862945154309273,0.3721112906932831,0.7887622117996216,-0.08305837959051132,0.3728064298629761,0.76482754945755,-0.11092624068260193,0.34768146276474,0.7108877301216125,-0.133722722530365,0.5264785289764404,0.6300644278526306,-0.057627394795417786,0.4358309507369995,0.6965129375457764,-0.10738515108823776,0.39983856678009033,0.7135593891143799,-0.14068852365016937,0.4177093207836151,0.6918856501579285,-0.163535013794899,0.4978368878364563,0.5420046448707581,-0.057553015649318695,0.3948679566383362,0.6265817284584045,-0.09802401065826416,0.3593764901161194,0.6587823629379272,-0.11300504207611084,0.3801628053188324,0.6337510943412781,-0.12398269772529602,0.44811713695526123,0.47930508852005005,-0.06306581944227219,0.351999431848526,0.5615947246551514,-0.09921830892562866,0.3194529116153717,0.6059485673904419,-0.09506481885910034,0.33742019534111023,0.588929295539856,-0.09161188453435898,0.3902166485786438,0.43517881631851196,-0.07442792505025864,0.31529515981674194,0.5041700601577759,-0.09879464656114578,0.29010987281799316,0.5507981181144714,-0.09629032760858536,0.3059042692184448,0.5497269630432129,-0.0918489322066307
1,0.7585211992263794,0.7016140818595886,-3.2331419674846984e-07,0.7435426712036133,0.5846100449562073,-0.0014743657084181905,0.6747287511825562,0.4886493682861328,-0.019296087324619293,0.5890336036682129,0.46474605798721313,-0.034625012427568436,0.5344620943069458,0.4924440383911133,-0.049730006605386734,0.6865682601928711,0.47232478857040405,-0.06926806271076202,0.5594282150268555,0.4708700180053711,-0.09484656155109406,0.5795313715934753,0.4991118907928467,-0.0992577075958252,0.610528826713562,0.5049009919166565,-0.09933602064847946,0.6721406579017639,0.5564623475074768,-0.08146955072879791,0.543861448764801,0.5420913696289062,-0.10282649099826813,0.570354163646698,0.5670278072357178,-0.09263399243354797,0.6072793006896973,0.5798906683921814,-0.08644676208496094,0.6514938473701477,0.6344582438468933,-0.09019980579614639,0.5375372171401978,0.612532913684845,-0.10587178170681,0.569212019443512,0.633267879486084,-0.08179333060979843,0.606749415397644,0.6427993774414062,-0.06633447855710983,0.6299625635147095,0.7077021598815918,-0.09793733060359955,0.5473788380622864,0.6734338998794556,-0.10866662859916687,0.5748202800750732,0.6897942423820496,-0.09034304320812225,0.6044167280197144,0.7017474174499512,-0.07682202011346817
1,0.7691277861595154,0.6503757238388062,-5.809264962408633e-07,0.7301279306411743,0.5526304841041565,0.000325622851960361,0.6479332447052002,0.4823918342590332,-0.01647028513252735,0.5628752112388611,0.4763381779193878,-0.033600691705942154,0.5243736505508423,0.5195620656013489,-0.048597197979688644,0.6549944281578064,0.37357228994369507,-0.05035914108157158,0.5310097932815552,0.449127733707428,-0.07502903044223785,0.5508953332901001,0.5028851628303528,-0.07767397165298462,0.5844488143920898,0.5018258690834045,-0.0785803496837616,0.6657976508140564,0.41805794835090637,-0.0658336877822876,0.5316118001937866,0.5199703574180603,-0.08932596445083618,0.5612227916717529,0.560907781124115,-0.07993943244218826,0.5956001877784729,0.5516967177391052,-0.07548948377370834,0.6699116230010986,0.4894804358482361,-0.0798947736620903,0.5411537885665894,0.5865157246589661,-0.09890098124742508,0.5737777948379517,0.6192763447761536,-0.08239120244979858,0.6103021502494812,0.6072579622268677,-0.0742773562669754,0.6703711152076721,0.5717745423316956,-0.09394191950559616,0.5651671290397644,0.645496129989624,-0.11478857696056366,0.5726708769798279,0.678499162197113,-0.11192959547042847,0.5888596177101135,0.6813995242118835,-0.10920383036136627
1,0.7409287691116333,0.6114436984062195,-4.1943863493543176e-07,0.6315305829048157,0.5960441827774048,-0.024987930431962013,0.5615094900131226,0.559522807598114,-0.05498981848359108,0.5165682435035706,0.534148633480072,-0.08314327895641327,0.5408650040626526,0.5284643769264221,-0.10461141914129257,0.6070455312728882,0.33642423152923584,-0.03465844690799713,0.5172227025032043,0.43519923090934753,-0.07047043740749359,0.5482919812202454,0.4849664270877838,-0.0899994969367981,0.5775536298751831,0.4697780907154083,-0.10219266265630722,0.6428030133247375,0.3498604893684387,-0.04166386276483536,0.5425316095352173,0.4859340190887451,-0.07245270907878876,0.5756643414497375,0.522351086139679,-0.07378103584051132,0.6016696095466614,0.4977441728115082,-0.07323352992534637,0.6705877184867859,0.39642953872680664,-0.05317762866616249,0.5768371224403381,0.5265146493911743,-0.07584217190742493,0.6049461960792542,0.5593924522399902,-0.06449425220489502,0.6298410296440125,0.5359236001968384,-0.05633044242858887,0.6893552541732788,0.4614849388599396,-0.0688193216919899,0.6191578507423401,0.5716690421104431,-0.08304288983345032,0.6411230564117432,0.5941716432571411,-0.0801418274641037,0.664531409740448,0.5722628831863403,-0.07568243145942688
1,0.6791614890098572,0.6355540752410889,-6.930079052835936e-07,0.5920810103416443,0.6665151119232178,-0.05049669370055199,0.49954432249069214,0.6410427093505859,-0.07772742956876755,0.49122366309165955,0.5778013467788696,-0.0995170846581459,0.5636203289031982,0.549983561038971,-0.11268498003482819,0.46793586015701294,0.3978605270385742,-0.030191224068403244,0.4599560797214508,0.4609372913837433,-0.07036510854959488,0.49916309118270874,0.5406565070152283,-0.09379736334085464,0.5192992091178894,0.5406927466392517,-0.10844550281763077,0.5252139568328857,0.3530220091342926,-0.026449009776115417,0.5278128981590271,0.4630294740200043,-0.06347694247961044,0.5584046840667725,0.5428854823112488,-0.06764169782400131,0.5692694187164307,0.5398336052894592,-0.0626993253827095,0.5881025195121765,0.3490540385246277,-0.03227530047297478,0.5998084545135498,0.4828185439109802,-0.06541933864355087,0.6163522005081177,0.5511967539787292,-0.05833183601498604,0.6198413372039795,0.5399928092956543,-0.04627019539475441,0.6493386030197144,0.3655300438404083,-0.04543866217136383,0.6532412767410278,0.49265921115875244,-0.06458031386137009,0.6664467453956604,0.5454380512237549,-0.06280937790870667,0.6747463345527649,0.534140408039093,-0.055624011904001236
1,0.6054006218910217,0.6273348927497864,-6.82601751123002e-07,0.521300733089447,0.6735978126525879,-0.06608361005783081,0.43745753169059753,0.651129961013794,-0.10427635163068771,0.45966440439224243,0.5814650058746338,-0.13180480897426605,0.5288419723510742,0.5305935144424438,-0.14804401993751526,0.3875545859336853,0.40289801359176636,-0.06043900549411774,0.4256478548049927,0.4748143255710602,-0.11182323843240738,0.4647887051105499,0.553040087223053,-0.14064310491085052,0.4697750210762024,0.5492419004440308,-0.16002246737480164,0.45259609818458557,0.3389698266983032,-0.05173875764012337,0.4977855384349823,0.45293518900871277,-0.10057168453931808,0.5154727697372437,0.5390331149101257,-0.10770446062088013,0.5071872472763062,0.5240947008132935,-0.10711938142776489,0.5201346278190613,0.32194969058036804,-0.053242798894643784,0.5718569159507751,0.4500962793827057,-0.09264658391475677,0.570669412612915,0.5296489596366882,-0.08163583278656006,0.5510302186012268,0.5126916170120239,-0.07020511478185654,0.5878976583480835,0.32922500371932983,-0.06385663896799088,0.6249766945838928,0.4440857470035553,-0.09299556165933609,0.6198433041572571,0.5153245329856873,-0.09454040229320526,0.5989271998405457,0.5121070742607117,-0.09057501703500748
1,0.6084692478179932,0.5851096510887146,-5.142304075889115e-07,0.5196651220321655,0.6469570994377136,-0.0928177535533905,0.464618444442749,0.6234326362609863,-0.15056759119033813,0.5147431492805481,0.5758823752403259,-0.18941661715507507,0.5835404992103577,0.5356260538101196,-0.21624429523944855,0.42331182956695557,0.34884408116340637,-0.12056287378072739,0.5059086680412292,0.4565950632095337,-0.17208321392536163,0.5242606997489929,0.5430217981338501,-0.1966300755739212,0.5104196071624756,0.5287718176841736,-0.21850384771823883,0.48865532875061035,0.30560407042503357,-0.1026795506477356,0.5686980485916138,0.4316501021385193,-0.1646389663219452,0.567783772945404,0.524445116519928,-0.17931519448757172,0.5470425486564636,0.5044227838516235,-0.18741704523563385,0.5514171719551086,0.3050563931465149,-0.09124520421028137,0.6315646171569824,0.4382617771625519,-0.13972438871860504,0.6182444095611572,0.5225536823272705,-0.12768729031085968,0.5909414291381836,0.5056307911872864,-0.1184234470129013,0.6083974838256836,0.3273833394050598,-0.08985729515552521,0.6659325361251831,0.4371766149997711,-0.12725453078746796,0.6593042612075806,0.509811282157898,-0.12768866121768951,0.6389117240905762,0.5030837655067444,-0.12450577318668365
1,0.6677340865135193,0.5587465167045593,-4.5799131953572214e-07,0.5839481949806213,0.5831043720245361,-0.0737307071685791,0.5203091502189636,0.5684114694595337,-0.1239619255065918,0.5514048933982849,0.5630980730056763,-0.16155438125133514,0.6315719485282898,0.5546489357948303,-0.1898832470178604,0.5080347061157227,0.30499786138534546,-0.08924522250890732,0.5578797459602356,0.44623035192489624,-0.14370985329151154,0.5589271783828735,0.5154789090156555,-0.1753416508436203,0.5441861152648926,0.48710623383522034,-0.19793647527694702,0.582567036151886,0.27982252836227417,-0.08000808954238892,0.6303773522377014,0.44256165623664856,-0.13321509957313538,0.6182245016098022,0.5133181214332581,-0.14242993295192719,0.6001377701759338,0.4789944589138031,-0.1448914110660553,0.6523064374923706,0.2944391965866089,-0.07905758172273636,0.6947745084762573,0.456424355506897,-0.12517407536506653,0.6704383492469788,0.5169041752815247,-0.11488546431064606,0.6466559171676636,0.48878106474876404,-0.10250791907310486,0.7117624878883362,0.3266012966632843,-0.08697176724672318,0.7371650338172913,0.45178547501564026,-0.12027603387832642,0.7138522267341614,0.5124344229698181,-0.1195874959230423,0.6925386786460876,0.5077621340751648,-0.11298401653766632
1,0.7103506326675415,0.5249205231666565,-5.714958319913421e-07,0.627620279788971,0.5240552425384521,-0.054525408893823624,0.5610308647155762,0.5046058297157288,-0.09634634107351303,0.56928950548172,0.5175288319587708,-0.13127996027469635,0.6230984330177307,0.5321681499481201,-0.15963038802146912,0.564974308013916,0.24503323435783386,-0.062255050987005234,0.5788523554801941,0.338249534368515,-0.11664724349975586,0.5880511403083801,0.42580878734588623,-0.15102633833885193,0.5867039561271667,0.4344281554222107,-0.17205695807933807,0.6404014825820923,0.2327854335308075,-0.06298210471868515,0.6501024961471558,0.35954007506370544,-0.11209431290626526,0.641981840133667,0.4486066997051239,-0.1266069859266281,0.6336199641227722,0.4443211853504181,-0.13122007250785828,0.7092104554176331,0.25796815752983093,-0.07094227522611618,0.7185555696487427,0.3877107799053192,-0.11446250230073929,0.6962831616401672,0.4716651737689972,-0.10861881077289581,0.6787301898002625,0.46898457407951355,-0.0984482392668724,0.7674806714057922,0.30037832260131836,-0.08551815897226334,0.7704839110374451,0.41476577520370483,-0.11337105184793472,0.7468502521514893,0.4886152744293213,-0.10778415203094482,0.7282217741012573,0.4966161251068115,-0.09735379368066788
1,0.772162139415741,0.4904992878437042,-4.416428112108406e-07,0.6539153456687927,0.4839622974395752,-0.022172845900058746,0.5664957761764526,0.47477033734321594,-0.058493513613939285,0.5026435852050781,0.4888190031051636,-0.09341549873352051,0.517770528793335,0.4814164936542511,-0.12066992372274399,0.568123996257782,0.22692623734474182,-0.04877932742238045,0.48326072096824646,0.3868938684463501,-0.08706126362085342,0.5249943733215332,0.42937836050987244,-0.10528992861509323,0.5571195483207703,0.39757201075553894,-0.11699170619249344,0.6148627996444702,0.2466086447238922,-0.0629735067486763,0.5205687880516052,0.44861897826194763,-0.09424655139446259,0.5619181394577026,0.46494561433792114,-0.09534268081188202,0.5851026773452759,0.4228105843067169,-0.09723898768424988,0.6601985096931458,0.30112898349761963,-0.07998302578926086,0.5722712874412537,0.4952114224433899,-0.09929950535297394,0.6063815951347351,0.5072428584098816,-0.08235013484954834,0.6270797848701477,0.46441686153411865,-0.07394237816333771,0.7001957893371582,0.37866905331611633,-0.10112881660461426,0.6278582215309143,0.5329625606536865,-0.1114252358675003,0.6518927216529846,0.5368643999099731,-0.10176565498113632,0.6731690168380737,0.4965529143810272,-0.09408033639192581
1,0.7761984467506409,0.5200479030609131,-5.308615982357878e-07,0.7027547359466553,0.4487413465976715,-0.006674572825431824,0.6083624362945557,0.41158396005630493,-0.030505307018756866,0.5309023857116699,0.44331246614456177,-0.05448934808373451,0.5104050636291504,0.49254295229911804,-0.07528966665267944,0.5802035331726074,0.26236921548843384,-0.04833325743675232,0.47701185941696167,0.4186156094074249,-0.08037426322698593,0.5198760628700256,0.45640504360198975,-0.09369204193353653,0.5566571950912476,0.430644690990448,-0.10318142920732498,0.6047969460487366,0.2946985363960266,-0.06512123346328735,0.49769532680511475,0.48676273226737976,-0.09295632690191269,0.5461457967758179,0.5081765055656433,-0.091957688331604,0.577547550201416,0.47672238945961,-0.09410183876752853,0.6323308944702148,0.35801512002944946,-0.08164629340171814,0.5270985960960388,0.5363523960113525,-0.10306873917579651,0.5733330845832825,0.5503115653991699,-0.08761485666036606,0.6048054695129395,0.5134758353233337,-0.08085346966981888,0.6590099334716797,0.4407700002193451,-0.09937118738889694,0.5702663064002991,0.5769977569580078,-0.12149478495121002,0.6054640412330627,0.5854887962341309,-0.11530860513448715,0.6371028423309326,0.5530775189399719,-0.10929270088672638
1,0.4634341597557068,0.5785067081451416,-4.4653842223851825e-07,0.36271408200263977,0.6395171880722046,-0.029977692291140556,0.28833630681037903,0.664610743522644,-0.06515533477067947,0.2400180548429489,0.677786111831665,-0.09681796282529831,0.2643529772758484,0.6547344923019409,-0.12048499286174774,0.2327977865934372,0.4329180121421814,-0.049248721450567245,0.20556792616844177,0.5837351083755493,-0.0863671600818634,0.25403091311454773,0.6099676489830017,-0.10366462171077728,0.27059271931648254,0.5739966630935669,-0.11528342217206955,0.2760257422924042,0.41170114278793335,-0.057566918432712555,0.25042054057121277,0.5977690815925598,-0.09213107079267502,0.2913004755973816,0.6122996807098389,-0.09208845347166061,0.3008481562137604,0.569599449634552,-0.09092295169830322,0.3256262242794037,0.4262852072715759,-0.07022950798273087,0.3001439571380615,0.5997768640518188,-0.09684552997350693,0.3322308361530304,0.6121929883956909,-0.08171768486499786,0.3415864408016205,0.5714433193206787,-0.07108479738235474,0.3744538128376007,0.4635959267616272,-0.08744972199201584,0.35567396879196167,0.6004713773727417,-0.10604023933410645,0.3775287866592407,0.6096450090408325,-0.1014123484492302,0.387628436088562,0.5758035182952881,-0.09515798836946487
1,0.4596083164215088,0.5851765871047974,-4.10536017625418e-07,0.35642123222351074,0.6332640051841736,-0.03533397242426872,0.27804625034332275,0.6527960300445557,-0.07073776423931122,0.23651909828186035,0.6634016036987305,-0.10087032616138458,0.2745676636695862,0.6450788378715515,-0.12308855354785919,0.23797446489334106,0.41199493408203125,-0.05537285655736923,0.21295355260372162,0.5678516030311584,-0.09263961762189865,0.2570931911468506,0.597133457660675,-0.1112203523516655,0.27151939272880554,0.5617247819900513,-0.12419220805168152,0.28984150290489197,0.39479753375053406,-0.06074438616633415,0.2637180685997009,0.5866918563842773,-0.09307754784822464,0.29957258701324463,0.6037492752075195,-0.09309649467468262,0.3073381185531616,0.5614973306655884,-0.09272574633359909,0.3456352651119232,0.4155060946941376,-0.07082626968622208,0.318469762802124,0.5945695042610168,-0.09631124883890152,0.3431842029094696,0.6092947721481323,-0.08257944136857986,0.3524177670478821,0.5687834024429321,-0.07264307886362076,0.3986586928367615,0.45993226766586304,-0.08580981940031052,0.3746986389160156,0.6017540693283081,-0.10449668020009995,0.3913266658782959,0.6103963255882263,-0.10064789652824402,0.4009230434894562,0.5754114389419556,-0.09470668435096741
1,0.45211857557296753,0.5987222790718079,-3.267930992478796e-07,0.3488450050354004,0.6432198882102966,-0.04878515377640724,0.2716060280799866,0.6604718565940857,-0.08756200969219208,0.24283933639526367,0.6683340668678284,-0.11805231869220734,0.29642799496650696,0.6534595489501953,-0.1409052163362503,0.23925204575061798,0.42073962092399597,-0.0680689737200737,0.22758446633815765,0.5836473703384399,-0.10798565298318863,0.26652368903160095,0.6098449230194092,-0.12880368530750275,0.2768752872943878,0.5708239078521729,-0.14300355315208435,0.298526406288147,0.40273040533065796,-0.06561969965696335,0.2836078405380249,0.596984326839447,-0.09812872856855392,0.31176185607910156,0.6159360408782959,-0.09900986403226852,0.31422731280326843,0.5710691213607788,-0.09954719990491867,0.36018526554107666,0.42322543263435364,-0.06875398010015488,0.3427734971046448,0.6038559675216675,-0.09469863027334213,0.3564792275428772,0.6218692660331726,-0.08074747025966644,0.3619577884674072,0.5833101272583008,-0.06985636800527573,0.41624340415000916,0.4667397141456604,-0.07815204560756683,0.39656275510787964,0.6045771241188049,-0.09640848636627197,0.40207213163375854,0.6129056811332703,-0.09262625873088837,0.4062109887599945,0.5780787467956543,-0.0866227075457573
