label,feature_0,feature_1,feature_2,feature_3,feature_4,feature_5,feature_6,feature_7,feature_8,feature_9,feature_10,feature_11,feature_12,feature_13,feature_14,feature_15,feature_16,feature_17,feature_18,feature_19,feature_20,feature_21,feature_22,feature_23,feature_24,feature_25,feature_26,feature_27,feature_28,feature_29,feature_30,feature_31,feature_32,feature_33,feature_34,feature_35,feature_36,feature_37,feature_38,feature_39,feature_40,feature_41,feature_42,feature_43,feature_44,feature_45,feature_46,feature_47,feature_48,feature_49,feature_50,feature_51,feature_52,feature_53,feature_54,feature_55,feature_56,feature_57,feature_58,feature_59,feature_60,feature_61,feature_62,thumb_tip_base_distance,thumb_tip_joint_distance
0.0,0.3283932209014892,0.7086461782455444,6.245296049200988e-07,0.3853513896465301,0.7078860402107239,-0.0376362539827823,0.4392231702804565,0.6913595199584961,-0.0623818524181842,0.4875448346138,0.6891599893569946,-0.0850841552019119,0.5292607545852661,0.6953201293945312,-0.1086725741624832,0.4100630581378937,0.5560131669044495,-0.0461117774248123,0.4440616369247436,0.489840030670166,-0.0722607299685478,0.4638812839984894,0.4462400674819946,-0.0911124274134635,0.4797055721282959,0.4063253998756408,-0.1048739328980445,0.3749189972877502,0.5301543474197388,-0.0458925515413284,0.4056423008441925,0.4472298622131347,-0.0694971829652786,0.4253714680671692,0.3937609195709228,-0.0853049308061599,0.4401175379753113,0.3465512692928314,-0.096976637840271,0.3361632823944092,0.5272508263587952,-0.0497123785316944,0.3387222290039062,0.438830018043518,-0.0755703225731849,0.3412831425666809,0.381356418132782,-0.0937799960374832,0.345579981803894,0.3298358619213104,-0.1058113649487495,0.2969304323196411,0.5450986623764038,-0.0565638355910778,0.2744874060153961,0.4815775752067566,-0.080949991941452,0.2586475014686584,0.4421173930168152,-0.0933182686567306,0.247146651148796,0.4025702476501465,-0.1014322116971015,0.10131773751006597,0.04831747937762552
0.0,0.3575191497802734,0.703093945980072,6.23765856744285e-07,0.416775494813919,0.7059769630432129,-0.0402826406061649,0.4751810431480407,0.6896640658378601,-0.0659007728099823,0.5249418020248413,0.6800786852836609,-0.08899487555027,0.5652453303337097,0.6741334199905396,-0.1129912585020065,0.4419967234134674,0.5561436414718628,-0.0516978725790977,0.4769478142261505,0.4874365329742431,-0.0783253535628318,0.4973660707473755,0.4438858032226562,-0.096186526119709,0.5136736631393433,0.4046556949615478,-0.1091485768556594,0.4068690240383148,0.532695472240448,-0.0506646633148193,0.4385241568088531,0.4520056843757629,-0.0758731663227081,0.4592555165290832,0.3994677662849426,-0.0921625420451164,0.4747094213962555,0.3519315123558044,-0.1042624339461326,0.3683831095695495,0.5310025811195374,-0.0535691864788532,0.3683761358261108,0.4404146075248718,-0.0816134139895439,0.3696220517158508,0.3825048804283142,-0.1002855449914932,0.3732185661792755,0.3317705392837524,-0.1127192601561546,0.3294925093650818,0.5493775010108948,-0.0595355927944183,0.3049020767211914,0.484722763299942,-0.086094357073307,0.2885069251060486,0.4451055526733398,-0.0996259599924087,0.2762998640537262,0.4070071876049042,-0.10865518450737,0.10281191871280436,0.04728157112782676
0.0,0.3873319029808044,0.6831023097038269,3.041760692212847e-07,0.4396544992923736,0.669770359992981,-0.0130945462733507,0.4748359322547912,0.6197871565818787,-0.0182567201554775,0.4986390769481659,0.5868597626686096,-0.0234971158206462,0.5195063352584839,0.568366289138794,-0.0303009413182735,0.4626800417900085,0.5314692258834839,-0.0271911490708589,0.4842511713504791,0.4606915712356567,-0.043154701590538,0.4947760701179504,0.417163074016571,-0.0516628250479698,0.5038560628890991,0.3813344836235046,-0.0590848438441753,0.4374169409275055,0.5236519575119019,-0.0347682908177375,0.4551192224025726,0.4448118805885315,-0.0553735457360744,0.4663507342338562,0.393668919801712,-0.0720855891704559,0.4756493866443634,0.3496429622173309,-0.0836248770356178,0.4104944467544555,0.5400349497795105,-0.0429254546761512,0.4044723808765411,0.4706634283065796,-0.066511794924736,0.401003748178482,0.4228954315185547,-0.0885308533906936,0.3994047045707702,0.380789041519165,-0.1038164868950843,0.3846394419670105,0.5755532383918762,-0.0510315783321857,0.3633555173873901,0.5428235530853271,-0.0755086168646812,0.351614236831665,0.5195018649101257,-0.0922105312347412,0.343342661857605,0.4945071339607239,-0.1040968671441078,0.0691709026725107,0.02870092461907267
0.0,0.3788873553276062,0.7138229608535767,2.0247240684057038e-07,0.3665621876716614,0.6416748762130737,0.0151721974834799,0.3633387684822082,0.5862870216369629,0.012357129715383,0.3596590757369995,0.535805881023407,0.0085473377257585,0.3516467809677124,0.4993536472320556,0.004918054677546,0.4220199286937713,0.5526303648948669,-0.027495227754116,0.4420582354068756,0.4718025922775268,-0.0429582297801971,0.4523884654045105,0.4253500699996948,-0.0484919250011444,0.4609349071979522,0.3896570801734924,-0.0507171787321567,0.4404101371765136,0.5749433636665344,-0.0388781353831291,0.4705875217914581,0.4861513972282409,-0.0606018118560314,0.4867884218692779,0.4333287477493286,-0.0699692741036415,0.4979007840156555,0.3956345915794372,-0.0748354792594909,0.4570787250995636,0.6115623116493225,-0.0454781465232372,0.5121806263923645,0.5577656626701355,-0.0629546046257019,0.5396254062652588,0.526025652885437,-0.0684759393334388,0.5575687885284424,0.5015264749526978,-0.0700582116842269,0.4681364595890045,0.6536778211593628,-0.0486087203025817,0.5195939540863037,0.6429277062416077,-0.0601119473576545,0.546284019947052,0.6360370516777039,-0.0619373992085456,0.5676954984664917,0.6226100325584412,-0.0611386485397815,0.08803098315298702,0.03749845211863187
0.0,0.4134629368782043,0.7336010932922363,1.475440996046018e-07,0.3800705671310425,0.6740447878837585,0.015007110312581,0.3578068614006042,0.626843273639679,0.0143631044775247,0.33578622341156,0.5834589600563049,0.0117584336549043,0.3140890300273895,0.5561354160308838,0.0085246870294213,0.4293714165687561,0.5665886998176575,-0.0081096803769469,0.4376777112483978,0.4829323589801788,-0.0128370495513081,0.441009521484375,0.4395324885845184,-0.0126225408166646,0.4461337625980377,0.4046553373336792,-0.0121260061860084,0.458329290151596,0.5737441778182983,-0.0158083550631999,0.4749318361282348,0.4834967851638794,-0.0264580883085727,0.4830345511436462,0.433849960565567,-0.031355645507574,0.4897153079509735,0.3991408348083496,-0.0342459231615066,0.4845145940780639,0.6008639335632324,-0.0200682040303945,0.5303155779838562,0.539173424243927,-0.0285075027495622,0.5564667582511902,0.5019792914390564,-0.0348890721797943,0.57508784532547,0.4723868668079376,-0.0384039245545864,0.5017576217651367,0.6361048221588135,-0.0210180524736642,0.5489771962165833,0.603334903717041,-0.0259421076625585,0.5737942457199097,0.583196222782135,-0.0273374896496534,0.5954897403717041,0.5611435770988464,-0.0275000371038913,0.08333628876966387,0.03503999680503754
0.0,0.4122076630592346,0.6874520182609558,1.5700295818987797e-07,0.3771348297595978,0.6367291212081909,0.0159714426845312,0.3553923368453979,0.5939683318138123,0.0204689372330904,0.3357864916324615,0.5559428930282593,0.0218428969383239,0.3181371390819549,0.5308836102485657,0.0225770138204097,0.4300642907619476,0.5421295166015625,0.0155891254544258,0.4429121315479278,0.4761981070041656,0.0200574584305286,0.4494587779045105,0.441624104976654,0.0220146980136632,0.4561692178249359,0.4134919345378876,0.0229355636984109,0.4570757150650024,0.5483987927436829,0.0081317583099007,0.4790105819702148,0.4751637279987335,0.010356212966144,0.4906312227249145,0.4343544840812683,0.008195137605071,0.4993086457252502,0.408202975988388,0.0056940740905702,0.4813086688518524,0.5723793506622314,0.0022499933838844,0.5257481932640076,0.5216330885887146,0.0032503372058272,0.5512149930000305,0.4928053319454193,-0.0019915441516786,0.569239616394043,0.470989853143692,-0.0059869633987545,0.4967926740646362,0.6036787629127502,-0.0012079018633812,0.5414231419563293,0.5741925239562988,0.0010949987918138,0.5643436312675476,0.5573294758796692,0.0020586648024618,0.5842925906181335,0.5406201481819153,0.0025340367574244,0.07329444618970757,0.0306595209760571
0.0,0.3317706882953644,0.7695287466049194,1.1735388625311316e-06,0.4265550673007965,0.7367355823516846,-0.065393827855587,0.5088986754417419,0.6798685193061829,-0.1058701202273368,0.5779888033866882,0.6365386843681335,-0.1414202451705932,0.6444178819656372,0.6122527718544006,-0.1778919249773025,0.422660619020462,0.4762738049030304,-0.0790591016411781,0.4673932194709778,0.3525255918502807,-0.1248378902673721,0.4971125423908233,0.2704523801803589,-0.1576502025127411,0.520822286605835,0.1969645321369171,-0.1809670478105545,0.3597320318222046,0.4476931095123291,-0.0760312527418136,0.3877319395542145,0.2960579097270965,-0.1173300296068191,0.4084392786026001,0.1967514753341674,-0.1465106010437011,0.4234004616737366,0.1113608181476593,-0.1673096865415573,0.2978292107582092,0.4608586132526397,-0.0796176418662071,0.2747698724269867,0.3157076835632324,-0.122944988310337,0.2614571154117584,0.215007483959198,-0.1541822850704193,0.2547010779380798,0.1276466250419616,-0.1742152571678161,0.2403837442398071,0.5077017545700073,-0.0882650986313819,0.1932372748851776,0.4078902006149292,-0.1265629976987838,0.1662160009145736,0.3364694714546203,-0.1477876305580139,0.1477020978927612,0.2639295756816864,-0.1618198901414871,0.16770356287142962,0.0795789636486678
0.0,0.3309181332588196,0.8005800247192383,1.085080384655157e-06,0.4239871799945831,0.7697111964225769,-0.064014159142971,0.5068429708480835,0.7100498080253601,-0.1046280115842819,0.5722237825393677,0.6569697260856628,-0.1400014609098434,0.6376899480819702,0.618844211101532,-0.1763234287500381,0.4145761728286743,0.5182241201400757,-0.0850821286439895,0.4539365172386169,0.3886065483093261,-0.1315481215715408,0.4802595973014831,0.3048467636108398,-0.1634648740291595,0.501301109790802,0.2279536724090576,-0.1862042844295501,0.351161926984787,0.4931375682353973,-0.0831678956747055,0.3776977956295013,0.3360492289066314,-0.124531902372837,0.3965965509414673,0.2366572320461273,-0.1528253853321075,0.409576952457428,0.1499162912368774,-0.1740107387304306,0.2895421087741852,0.5082404613494873,-0.0871562510728836,0.2621356844902038,0.3639994859695434,-0.1305719465017318,0.2441479861736297,0.2637182772159576,-0.1613109409809112,0.2336130738258361,0.1751956045627594,-0.1821194589138031,0.2326738238334655,0.5567712783813477,-0.0959362313151359,0.1800446659326553,0.4568356275558471,-0.1344357430934906,0.1487879604101181,0.388762354850769,-0.1552735716104507,0.1260762810707092,0.3181975483894348,-0.1698868870735168,0.1748703096699062,0.08401582631528874
0.0,0.3461113274097442,0.7657708525657654,9.436786854166712e-07,0.4309211075305938,0.7439677715301514,-0.0591597780585289,0.5078460574150085,0.6933518052101135,-0.0968774035573005,0.5701959729194641,0.6491459012031555,-0.1297884136438369,0.628398060798645,0.6154189705848694,-0.1639499962329864,0.4270020425319671,0.5239655375480652,-0.0825509205460548,0.46320441365242,0.4125902652740478,-0.126232698559761,0.4867478609085083,0.3403686285018921,-0.1554064601659774,0.5052617788314819,0.2739583849906921,-0.175910085439682,0.3717195987701416,0.501369297504425,-0.0805570632219314,0.3979509770870209,0.366510808467865,-0.1199088171124458,0.4165090024471283,0.2802612483501434,-0.1447356790304184,0.4288794696331024,0.2053996920585632,-0.1631937175989151,0.3172222375869751,0.5129781365394592,-0.0839113444089889,0.2941483855247497,0.3855530023574829,-0.1247810870409011,0.2798330783843994,0.2981312572956085,-0.1511150598526001,0.2722644507884979,0.2207827568054199,-0.1688136607408523,0.2666462659835815,0.5532344579696655,-0.0917536541819572,0.2209482342004776,0.4643245041370392,-0.1278023570775985,0.1939919590950012,0.4046604633331299,-0.1464723646640777,0.1748259961605072,0.3437577486038208,-0.1595286726951599,0.1584457160063737,0.07544536173564195
0.0,0.3670013844966888,0.7243752479553223,7.636500640728627e-07,0.4410500526428222,0.6984513401985168,-0.0425160452723503,0.5089383125305176,0.6455607414245605,-0.0680308863520622,0.5646120309829712,0.6058080196380615,-0.0909833684563636,0.6107327342033386,0.5816124081611633,-0.1149999573826789,0.4410922229290008,0.5003248453140259,-0.0562237277626991,0.4726538956165313,0.4017358422279358,-0.0877617076039314,0.4909421801567077,0.3405587673187256,-0.1089976578950882,0.5046138763427734,0.2851033210754394,-0.1241102963685989,0.3939880728721618,0.4819433391094208,-0.0564615167677402,0.4172587990760803,0.3687148690223694,-0.0859482213854789,0.4321840107440948,0.2952856123447418,-0.1055498048663139,0.4409121572971344,0.2314192354679107,-0.1197892799973487,0.3474546074867248,0.4924199879169464,-0.0608985610306263,0.3286392092704773,0.3830423057079315,-0.0918357670307159,0.3158649802207947,0.3108497858047485,-0.1134907379746437,0.3077098131179809,0.2469817996025085,-0.1277628391981125,0.3043896555900574,0.5267837047576904,-0.0687033757567405,0.2657950520515442,0.4509207606315613,-0.0967874377965927,0.2420620769262313,0.4009407460689544,-0.1119770929217338,0.2248537838459015,0.3510942161083221,-0.1221131384372711,0.1290642756317554,0.057352797873668114
0.0,0.3891030848026275,0.7144036293029785,6.710125717290794e-07,0.4582520723342895,0.6945790648460388,-0.0375070013105869,0.5212234854698181,0.6527387499809265,-0.0606912225484848,0.5710842609405518,0.6207678914070129,-0.0817500576376915,0.612367570400238,0.600089430809021,-0.1035609319806099,0.4651776254177093,0.5168461203575134,-0.0491561256349086,0.4980022311210632,0.432465523481369,-0.0779003351926803,0.5162371397018433,0.3796950578689575,-0.0976569205522537,0.5297170877456665,0.3316569626331329,-0.1116996333003044,0.4242223501205444,0.497240662574768,-0.0498750060796737,0.4500833451747894,0.3966128826141357,-0.0768982023000717,0.4659716784954071,0.3327218294143677,-0.0951093882322311,0.475784420967102,0.2785521447658539,-0.1080974116921424,0.3825424313545227,0.5031267404556274,-0.0543151386082172,0.3699254989624023,0.4027378559112549,-0.0829048082232475,0.3607612550258636,0.3378572762012481,-0.1022087633609771,0.3554413914680481,0.2823338508605957,-0.1146438643336296,0.3424391150474548,0.5312649011611938,-0.061565026640892,0.3103953301906585,0.460461676120758,-0.0868332013487815,0.2913470268249511,0.4150036871433258,-0.0997018665075302,0.2784290313720703,0.371407151222229,-0.1080464050173759,0.11365301145972162,0.05106490587722163
0.0,0.4004086256027221,0.7059324383735657,5.88199100093334e-07,0.4632714688777923,0.6913589239120483,-0.0338348783552646,0.5207505226135254,0.655541718006134,-0.0542500913143157,0.5670167207717896,0.6293097734451294,-0.0728035494685173,0.603674054145813,0.6111575961112976,-0.0918008908629417,0.4731986224651336,0.5308501720428467,-0.0428303107619285,0.5026111006736755,0.4555382132530212,-0.066957950592041,0.5185244083404541,0.4088284075260162,-0.0832755118608474,0.5300657153129578,0.3664621710777282,-0.0950068980455398,0.4368278980255127,0.5114346742630005,-0.0427121222019195,0.4611605107784271,0.4246082305908203,-0.065587542951107,0.4761029779911041,0.3696061670780182,-0.0805141851305961,0.4852088987827301,0.3223169445991516,-0.0911091268062591,0.399510771036148,0.5149663090705872,-0.0460528917610645,0.3897084593772888,0.4258651435375213,-0.0705092027783393,0.382826566696167,0.3689471483230591,-0.0867336764931678,0.3785119354724884,0.3199831843376159,-0.0971719697117805,0.3643722534179687,0.5390247106552124,-0.0520449951291084,0.3367644548416137,0.4755103290081024,-0.0741464868187904,0.3202379941940307,0.4342534840106964,-0.085357092320919,0.3087325394153595,0.3950560688972473,-0.092541217803955,0.10127351531818714,0.045101669726402366
0.0,0.4132353067398071,0.691700279712677,4.915171984976041e-07,0.467486560344696,0.6806938648223877,-0.0215437728911638,0.51338130235672,0.6512442827224731,-0.0339743383228778,0.552203893661499,0.626868724822998,-0.0460512414574623,0.583148717880249,0.611863911151886,-0.0582385100424289,0.480313092470169,0.537132203578949,-0.0195774585008621,0.5048375725746155,0.474305659532547,-0.0338683612644672,0.5186036229133606,0.4373386800289154,-0.0443702675402164,0.5286367535591125,0.4056181907653808,-0.0520447194576263,0.4498462378978729,0.5205013751983643,-0.0206596199423074,0.4708732068538666,0.4479513466358185,-0.0342109538614749,0.4837186336517334,0.4022828936576843,-0.044489562511444,0.4914435446262359,0.3648684024810791,-0.0516401790082454,0.4178046286106109,0.5228502750396729,-0.0247896388173103,0.4096825122833252,0.4480456411838531,-0.0407924614846706,0.4052270948886871,0.4006651043891907,-0.0536495000123977,0.4027765095233917,0.3619292974472046,-0.0618518479168415,0.3872309327125549,0.5416610836982727,-0.0307005438953638,0.3645468354225158,0.4877326786518097,-0.0459459163248539,0.3515084981918335,0.4531201720237732,-0.0545029006898403,0.3437175452709198,0.4208269715309143,-0.0598245337605476,0.0837081594774735,0.03648638231993194
0.0,0.4246709644794464,0.7157022953033447,2.1829227137004642e-07,0.4664196670055389,0.7075486183166504,-0.0081735476851463,0.4954952597618103,0.6710990071296692,-0.0110108274966478,0.5137559175491333,0.6442756056785583,-0.0150450821965932,0.5308772921562195,0.6262611150741577,-0.0195368528366088,0.4929817318916321,0.5735969543457031,-0.0065836617723107,0.5108619332313538,0.5153604745864868,-0.0163070056587457,0.5218313336372375,0.4810262322425842,-0.0227106809616088,0.5305879712104797,0.4538103640079498,-0.0274873673915863,0.4745143949985504,0.563418984413147,-0.0121527556329965,0.4900020956993103,0.4947468042373657,-0.0224314667284488,0.5005366802215576,0.4527785181999206,-0.0300104655325412,0.5081508159637451,0.4193103909492492,-0.0344237834215164,0.4543987810611725,0.5708311796188354,-0.0196281466633081,0.4529650807380676,0.5050162076950073,-0.0324792265892028,0.4534984529018402,0.4632526636123657,-0.0428061634302139,0.4547951817512512,0.4281778335571289,-0.0490624047815799,0.4331077337265014,0.5939172506332397,-0.0278400741517543,0.4223783910274505,0.5513022541999817,-0.0411848649382591,0.4161748588085174,0.5225692987442017,-0.0487457998096942,0.4122272133827209,0.4964222311973572,-0.053239855915308,0.05774961375142155,0.02525548145759095
0.0,0.4067974984645843,0.7109985947608948,6.556732614626526e-07,0.4553558528423309,0.7173709869384766,-0.0430196747183799,0.4960562288761139,0.7033143639564514,-0.0669856071472168,0.5344369411468506,0.6939007043838501,-0.0856997892260551,0.5686296820640564,0.6947780847549438,-0.1036427095532417,0.4776339828968048,0.5651289224624634,-0.0431627929210662,0.5069690346717834,0.5074852705001831,-0.0604831092059612,0.525421142578125,0.4699311256408691,-0.0722014531493187,0.5407430529594421,0.4425033032894134,-0.0802708119153976,0.4543785154819488,0.5434591770172119,-0.0325905792415142,0.4823015332221985,0.4774201512336731,-0.0466431900858879,0.501295268535614,0.4354792237281799,-0.0552760064601898,0.5166911482810974,0.402809739112854,-0.0611056014895439,0.4285752475261688,0.5400938391685486,-0.0263096746057271,0.4359625577926636,0.4677325785160064,-0.0416119657456874,0.4411965906620025,0.4186494052410126,-0.0546476319432258,0.4474231600761413,0.378857672214508,-0.0631631687283515,0.4009409248828888,0.5519595146179199,-0.0235900711268186,0.3922319710254669,0.4986474215984344,-0.0382473394274711,0.3894667625427246,0.4617176055908203,-0.0484394058585166,0.3910641968250274,0.4298334121704101,-0.0552885644137859,0.08175278176939528,0.03862462579254985
0.0,0.3165883421897888,0.664785623550415,8.889235232345527e-07,0.3532915413379669,0.7040306329727173,-0.1001187041401863,0.3733868896961212,0.7073332071304321,-0.1666854172945022,0.3963763117790222,0.7176309823989868,-0.2142328172922134,0.4190562963485718,0.7357513904571533,-0.2620968520641327,0.3442115783691406,0.5687313675880432,-0.1699195653200149,0.3573359251022339,0.5059298276901245,-0.2219684273004531,0.3669187128543854,0.455766499042511,-0.25431889295578,0.3765740394592285,0.4081740081310272,-0.276266872882843,0.3298350870609283,0.5271086096763611,-0.1345944553613662,0.3406167030334472,0.4320544898509979,-0.1886472254991531,0.3531995117664337,0.3631232976913452,-0.2219503372907638,0.3656559288501739,0.3041776120662689,-0.2462235689163208,0.3236768841743469,0.5048648715019226,-0.0993706136941909,0.3377551138401031,0.417789101600647,-0.1395515203475952,0.3511284291744232,0.3546220958232879,-0.1681590974330902,0.3658589720726013,0.3077670633792877,-0.1879564672708511,0.3225127160549164,0.4968011081218719,-0.0698213502764701,0.3242875039577484,0.433120846748352,-0.0954285711050033,0.3260851502418518,0.3886787593364715,-0.1149489060044288,0.3308379054069519,0.3508957922458648,-0.1309916228055954,0.10952912732409349,0.05597943115928358
0.0,0.3844409883022308,0.66469806432724,3.566865700577182e-07,0.435015320777893,0.6874420046806335,-0.0396725796163082,0.4848795533180237,0.691064178943634,-0.067830204963684,0.5343210697174072,0.6999697685241699,-0.09232047945261,0.575290322303772,0.7018516659736633,-0.1196067258715629,0.4524142742156982,0.6118329763412476,-0.0804865360260009,0.4853217005729675,0.563187301158905,-0.1120360270142555,0.5063849091529846,0.5303676128387451,-0.1301814615726471,0.5245108008384705,0.4970602989196777,-0.1435227841138839,0.4199040532112121,0.577875554561615,-0.0784701034426689,0.4382427632808685,0.508594810962677,-0.1090878024697303,0.4520665407180786,0.4637618660926819,-0.1258363425731659,0.4622617065906524,0.4186335206031799,-0.1402117162942886,0.3879950046539306,0.5634505748748779,-0.0774672105908393,0.3808749616146087,0.4901860058307647,-0.1067746430635452,0.3761507868766784,0.4384230077266693,-0.1221573054790496,0.3736911714076996,0.3906626105308532,-0.1342301219701767,0.3604548275470733,0.5678113698959351,-0.0790241882205009,0.3390655219554901,0.5081031918525696,-0.1044441908597946,0.3247546851634979,0.470983624458313,-0.1161006167531013,0.3135853409767151,0.4357420206069946,-0.1257352083921432,0.10474390264994625,0.04926013031988024
0.0,0.3313730955123901,0.5215710401535034,2.815469315464725e-07,0.3893007934093475,0.5537323951721191,0.0065850033424794,0.4392154812812805,0.5898376107215881,0.0022833694238215,0.4855973720550537,0.6036297678947449,-0.0044690719805657,0.5199334025382996,0.5955773591995239,-0.0130274249240756,0.3963437080383301,0.6768491864204407,-0.0092898244038224,0.4153316617012024,0.74648517370224,-0.016859782859683,0.4248121380805969,0.7863593101501465,-0.0217290017753839,0.4330679774284363,0.8239355683326721,-0.0257224962115287,0.3606626093387604,0.6958458423614502,-0.0192592274397611,0.3715041875839233,0.7819544076919556,-0.0275610629469156,0.3760968446731567,0.8345586061477661,-0.0341964960098266,0.3774994909763336,0.8781066536903381,-0.0400958061218261,0.3233960270881653,0.695620059967041,-0.0276779253035783,0.3029598295688629,0.7728482484817505,-0.0376783609390258,0.2865044176578522,0.8203951120376587,-0.047341264784336,0.2740294635295868,0.8591400980949402,-0.0538017377257347,0.2925232648849487,0.6781066060066223,-0.0342368297278881,0.2634027600288391,0.7379997968673706,-0.0402329042553901,0.2450488656759262,0.769702136516571,-0.0416527055203914,0.227027952671051,0.7975211143493652,-0.0427881702780723,0.08235744015089282,0.03629117909695058
0.0,0.3335971534252167,0.5192497968673706,3.2496271273885213e-07,0.3900814354419708,0.5558093786239624,0.0086136069148778,0.4350249767303467,0.5969774127006531,0.0049125710502266,0.4749905467033386,0.6237900853157043,-0.0005175514379516,0.5023391842842102,0.622722864151001,-0.00761479139328,0.3853067457675934,0.6919357776641846,-0.0157294776290655,0.4023224711418152,0.778917133808136,-0.0230368338525295,0.4114395380020141,0.8271671533584595,-0.0257030725479125,0.4159688353538513,0.8696101307868958,-0.0281369443982839,0.3520358204841614,0.705175518989563,-0.0257126316428184,0.3599186837673187,0.8027223348617554,-0.0374958142638206,0.3636240363121032,0.8643181920051575,-0.0450049564242363,0.3622870445251465,0.9111009240150452,-0.0510590896010398,0.3184906244277954,0.6987931132316589,-0.0330462902784347,0.2949341833591461,0.7855059504508972,-0.0441794134676456,0.2769055068492889,0.8414605855941772,-0.0549538768827915,0.2615717947483063,0.8861300945281982,-0.0623393356800079,0.2914508879184723,0.6774234771728516,-0.0380074456334114,0.2574225664138794,0.7427049875259399,-0.0461739301681518,0.2355381250381469,0.7774949669837952,-0.0499661564826965,0.215397372841835,0.8092848062515259,-0.0525590106844902,0.07315029472789442,0.028274683968662888
0.0,0.3199524283409118,0.5343846678733826,3.043934384550085e-07,0.3816967010498047,0.5229083299636841,0.0040367348119616,0.4359237551689148,0.5240097045898438,-0.0001753555698087,0.4776728749275207,0.5069502592086792,-0.0061629908159375,0.5019037127494812,0.4782407879829407,-0.0141269080340862,0.4376989305019378,0.6302512884140015,-0.0112854689359664,0.4929881393909454,0.679874837398529,-0.0169662758708,0.5244008302688599,0.7084054946899414,-0.0199031736701726,0.5492907166481018,0.733860194683075,-0.0225896313786506,0.415969043970108,0.6697843074798584,-0.0218485239893198,0.4689486622810364,0.7360908389091492,-0.0273475535213947,0.502292275428772,0.7793036699295044,-0.0330185778439044,0.5254060626029968,0.8141858577728271,-0.0383556112647056,0.3867648541927337,0.6933162808418274,-0.0314234755933284,0.4100227653980255,0.7737516164779663,-0.0393805392086505,0.4210826456546783,0.8258635997772217,-0.0490054711699485,0.4296370446681976,0.8663813471794128,-0.0561391785740852,0.356984406709671,0.7004859447479248,-0.0396463982760906,0.3630918264389038,0.7700093388557434,-0.0469826869666576,0.3633806705474853,0.8101460337638855,-0.0497302152216434,0.3624168038368225,0.8431030511856079,-0.0516542680561542,0.0815033394767753,0.03840301052096287
0.0,0.3268879652023315,0.6750640869140625,2.6216605419904226e-07,0.3579558432102203,0.5999525785446167,0.0055542411282658,0.3969062864780426,0.5454322099685669,0.0005954496446065,0.423540860414505,0.4904782772064209,-0.0056466269306838,0.4297994673252105,0.4449376165866852,-0.0134068233892321,0.4698312282562256,0.6039628386497498,-0.0151491379365324,0.5362299680709839,0.5823575258255005,-0.0219752583652734,0.5703797936439514,0.5698779821395874,-0.0251927450299263,0.5970133543014526,0.5602098703384399,-0.0277502816170454,0.4744678139686584,0.6507071256637573,-0.0250584986060857,0.5502394437789917,0.6378667950630188,-0.0310519728809595,0.592744767665863,0.6275408864021301,-0.0358476303517818,0.6237363815307617,0.6196579933166504,-0.0402317196130752,0.4635021388530731,0.6982616186141968,-0.0332909934222698,0.5313113331794739,0.7249264121055603,-0.041040152311325,0.5734174847602844,0.739618182182312,-0.0493997372686862,0.6048935651779175,0.7496254444122314,-0.0559654086828231,0.4428227245807647,0.7378445267677307,-0.0396288111805915,0.4883577823638916,0.7758386135101318,-0.0466412119567394,0.516381025314331,0.7972399592399597,-0.0489094071090221,0.5416514277458191,0.8152095079421997,-0.0504666529595851,0.10666390343198771,0.04661912246299735
0.0,0.3290817141532898,0.7291252613067627,2.2971873647748003e-07,0.3453060090541839,0.6506901979446411,0.0027855993248522,0.3737379312515259,0.5873360633850098,-0.0026190006174147,0.3933776319026947,0.5306789875030518,-0.0083068050444126,0.3963623642921448,0.4860995411872864,-0.015374831855297,0.4542841613292694,0.6214125156402588,-0.0214589964598417,0.5179570913314819,0.5793527364730835,-0.0298152100294828,0.5518011450767517,0.557471513748169,-0.0331041142344474,0.577818751335144,0.5408216714859009,-0.0354585126042366,0.4678420424461365,0.6674219965934753,-0.029870631173253,0.5399531126022339,0.6346594095230103,-0.0370720438659191,0.5793125033378601,0.6127365231513977,-0.0419361926615238,0.6077617406845093,0.5951167941093445,-0.0460615046322345,0.4674335420131683,0.718995988368988,-0.0366366617381572,0.5365734696388245,0.725340723991394,-0.0462883561849594,0.5796634554862976,0.7290775775909424,-0.0558969341218471,0.6115278005599976,0.7307242155075073,-0.0630080178380012,0.4557095468044281,0.7664562463760376,-0.0415830388665199,0.5049219727516174,0.795280933380127,-0.0515845604240894,0.5363229513168335,0.8118237853050232,-0.0562669746577739,0.5639734268188477,0.8245120048522949,-0.0590034462511539,0.10451511674235896,0.045234861161014085
0.0,0.3406837880611419,0.748332142829895,2.288079770096374e-07,0.3461394906044006,0.6722332239151001,0.0026259953156113,0.3645778000354767,0.6060305237770081,-0.0021188957616686,0.3741837441921234,0.5498330593109131,-0.0074069779366254,0.3687324523925781,0.5091418027877808,-0.0142337400466203,0.4465122520923614,0.6159760355949402,-0.0183987002819776,0.501069188117981,0.561831533908844,-0.0263945404440164,0.5311065316200256,0.5331432223320007,-0.0296609699726104,0.5535157918930054,0.5114171504974365,-0.0320186279714107,0.4665753245353699,0.656183123588562,-0.0269183944910764,0.5301018953323364,0.6049800515174866,-0.032614953815937,0.5643313527107239,0.5742756724357605,-0.0361046493053436,0.5879009962081909,0.5508711934089661,-0.0393238887190818,0.4728110134601593,0.7058255672454834,-0.034250009804964,0.5395824313163757,0.6911020874977112,-0.0426389649510383,0.5802735090255737,0.6805892586708069,-0.0510825552046299,0.6086466312408447,0.6709922552108765,-0.057666391134262,0.4670673608779907,0.7561143636703491,-0.0400349497795105,0.5163456201553345,0.7708181738853455,-0.0495243184268474,0.5483182072639465,0.7767473459243774,-0.0539458319544792,0.5747056007385254,0.778380274772644,-0.0566396042704582,0.09773154477028044,0.041618500941547745
0.0,0.4045453667640686,0.7979326248168945,2.6040524403470044e-07,0.3824121654033661,0.7274045348167419,-0.0014076551888138,0.3734976053237915,0.6649335026741028,-0.0090712159872055,0.3643766641616821,0.6117672324180603,-0.0165393073111772,0.3479950428009033,0.578357994556427,-0.0250845458358526,0.4560301005840301,0.6284580826759338,-0.0217586141079664,0.4756540656089782,0.5489817261695862,-0.0322769843041896,0.4873391985893249,0.5047476291656494,-0.0370247326791286,0.4965013265609741,0.4717113971710205,-0.0395122580230236,0.4852758049964905,0.654863715171814,-0.0278446543961763,0.5305550694465637,0.5824123620986938,-0.0381211601197719,0.5562417507171631,0.5407453179359436,-0.0432945154607296,0.5755326151847839,0.5113064050674438,-0.0464019887149333,0.5031709671020508,0.6923722624778748,-0.033061433583498,0.5580059885978699,0.6491914987564087,-0.0458084270358085,0.593772292137146,0.6225407719612122,-0.0558525621891021,0.6208329200744629,0.6015980243682861,-0.0616004951298236,0.5109801888465881,0.7339659333229065,-0.0368108451366424,0.5614352226257324,0.7181206345558167,-0.0474283024668693,0.5917408466339111,0.7077575325965881,-0.0512602292001247,0.6179864406585693,0.6962411403656006,-0.0527490898966789,0.0916631116311744,0.03817794905893599
0.0,0.4531174004077911,0.8151594400405884,2.4207679416576866e-07,0.4191679060459137,0.7462653517723083,0.0083749564364552,0.4060227274894714,0.6811503171920776,0.0125669240951538,0.3871549963951111,0.6343936920166016,0.0146869365125894,0.3636797070503235,0.61058509349823,0.0150749711319804,0.4841856956481933,0.6269142627716064,0.0063239727169275,0.4928613901138305,0.5457756519317627,0.005944890435785,0.500349223613739,0.5011377334594727,0.005974655970931,0.5075715780258179,0.4704207181930542,0.006430173292756,0.5187888741493225,0.6429333686828613,-0.0012938268482685,0.5567717552185059,0.5658453702926636,0.0002762387157417,0.5779874920845032,0.5225225687026978,-0.0019611045718193,0.5940825343132019,0.4945824146270752,-0.0032391073182225,0.5438857078552246,0.6735789179801941,-0.008680235594511,0.5922626256942749,0.623397707939148,-0.0129801779985427,0.6219400763511658,0.5931809544563293,-0.0246918201446533,0.6449364423751831,0.5693458318710327,-0.0325615853071212,0.5578713417053223,0.7113333344459534,-0.0142563916742801,0.6064165830612183,0.7014368772506714,-0.0219950824975967,0.6368767023086548,0.6950977444648743,-0.0284652877599,0.662186861038208,0.6889234185218811,-0.0318453460931777,0.08233269383915352,0.033437840003450424
0.0,0.264857679605484,0.5548036098480225,6.252474236134731e-07,0.3068300485610962,0.493627518415451,-0.0400019362568855,0.3297586143016815,0.4248425662517547,-0.0655863583087921,0.3494467437267303,0.3657313585281372,-0.0877578258514404,0.3739755749702453,0.3246898651123047,-0.111127458512783,0.2306629866361618,0.3599350452423095,-0.0594301410019397,0.2159857004880905,0.2784872055053711,-0.0888364240527153,0.2053785175085067,0.2246280312538147,-0.1083997264504432,0.1930471956729889,0.178220123052597,-0.1227563172578811,0.1905389130115509,0.3769083023071289,-0.0585816316306591,0.1547234803438186,0.2903501689434051,-0.0863946825265884,0.1325717717409134,0.2333612889051437,-0.1039372161030769,0.1108644977211952,0.1869956254959106,-0.1167175322771072,0.1641560494899749,0.4151250422000885,-0.0609393119812011,0.1047178953886032,0.3612738251686096,-0.0909619331359863,0.0662260949611663,0.3220459520816803,-0.111916646361351,0.0342132300138473,0.2874661982059479,-0.1256478428840637,0.1515070497989654,0.4650415182113647,-0.066025972366333,0.0921401232481002,0.4455410242080688,-0.0943072810769081,0.0554677844047546,0.4332146346569061,-0.1102733239531517,0.0233644098043441,0.4178387522697449,-0.120842270553112,0.11857358459658394,0.053218488091083094
0.0,0.3076120615005493,0.6876029968261719,5.153062261342711e-07,0.367584228515625,0.6574039459228516,-0.0403274558484554,0.4095107614994049,0.6110443472862244,-0.0667720586061477,0.4435765445232391,0.5677690505981445,-0.0897827222943306,0.470217615365982,0.5309527516365051,-0.1149565577507019,0.3332895636558532,0.5362285375595093,-0.0726561993360519,0.3388603627681732,0.455971896648407,-0.1052427515387535,0.342336893081665,0.4039225280284881,-0.1252160668373108,0.3421906232833862,0.3555599451065063,-0.1398099213838577,0.2895362675189972,0.5359264612197876,-0.0722683817148208,0.2763153910636902,0.44601970911026,-0.1057338789105415,0.2695626318454742,0.3838690817356109,-0.1268011778593063,0.2584668099880218,0.3282684683799743,-0.1430927067995071,0.254700243473053,0.5582430362701416,-0.0735850855708122,0.2109995186328888,0.4868406951427459,-0.1074705645442009,0.1803154051303863,0.4395854771137237,-0.1290725022554397,0.1539352089166641,0.3962907195091247,-0.1442441195249557,0.2312946021556854,0.5965126752853394,-0.0772724226117134,0.1789612472057342,0.5633742809295654,-0.1082984134554863,0.1457777619361877,0.546193540096283,-0.1243514418601989,0.1166546791791915,0.526286780834198,-0.1358541250228881,0.11145282301452762,0.05195102036019422
0.0,0.3046145439147949,0.6887087821960449,5.112830763209786e-07,0.3647425472736358,0.6643006205558777,-0.0375354290008544,0.4102410972118377,0.6195065379142761,-0.0614848099648952,0.4489956200122833,0.580694854259491,-0.0829325094819068,0.4813989698886871,0.5500773191452026,-0.1063115522265434,0.3394384980201721,0.5343436598777771,-0.062248483300209,0.3527424037456512,0.4581878781318664,-0.0921303927898407,0.3606876730918884,0.4077467024326324,-0.111173614859581,0.3647124767303467,0.3600821495056152,-0.1250816881656646,0.2958143949508667,0.527886688709259,-0.0627141147851944,0.2902580797672272,0.4387436509132385,-0.0913145169615745,0.2890900373458862,0.3775270581245422,-0.1090335398912429,0.2831054925918579,0.3219781816005707,-0.1227528527379036,0.2600464224815368,0.5454970002174377,-0.0655202567577362,0.2227545231580734,0.4707702100276947,-0.0952350944280624,0.1967555880546569,0.4209264814853668,-0.1139611676335334,0.1743477582931518,0.3741373419761657,-0.1271389722824096,0.2346931546926498,0.5817885994911194,-0.0709888115525245,0.1850005239248275,0.5437813401222229,-0.0986053273081779,0.1527563333511352,0.5219646096229553,-0.1122807636857032,0.1251744776964187,0.4980973303318023,-0.1219348236918449,0.10905638947155186,0.050338754249016335
0.0,0.2992206811904907,0.686665952205658,5.377791580940539e-07,0.3558340668678283,0.689543604850769,-0.034009113907814,0.4104591608047485,0.6714194416999817,-0.0565954931080341,0.4591919779777527,0.6565877199172974,-0.077038824558258,0.5001962780952454,0.6451660990715027,-0.0994258671998977,0.372483879327774,0.5693567991256714,-0.0583583824336528,0.4108643233776092,0.5077113509178162,-0.0864668264985084,0.4333454668521881,0.4665613770484924,-0.1037276908755302,0.4506150484085083,0.4277338981628418,-0.1160681545734405,0.3347606658935547,0.5403378009796143,-0.0597638040781021,0.3594489097595215,0.4562642276287079,-0.0862666144967079,0.3786995708942413,0.4017141461372375,-0.1010617911815643,0.3910368978977203,0.3535880148410797,-0.1122215315699577,0.2963093817234039,0.5372169017791748,-0.0635167807340622,0.2834398150444031,0.4503211081027984,-0.0917779207229614,0.2749889194965362,0.3925667405128479,-0.1087238267064094,0.2699158489704132,0.3409298658370971,-0.120270662009716,0.261045753955841,0.5568335056304932,-0.0695261359214782,0.2295456230640411,0.4949731230735779,-0.0956178605556488,0.2076503336429596,0.457453966140747,-0.1076625138521194,0.1904071569442749,0.4204651117324829,-0.1159370318055152,0.10284176760259271,0.04809351025979592
0.0,0.3104697167873382,0.6373239159584045,4.570236171730358e-07,0.3103421032428741,0.7103917002677917,-0.0394530594348907,0.3280006647109985,0.7749722003936768,-0.0656723454594612,0.343923270702362,0.8347835540771484,-0.0876564010977745,0.3606785833835602,0.8829735517501831,-0.1119753494858741,0.3806454539299011,0.7119128108024597,-0.0782405585050582,0.4295190572738647,0.7415698170661926,-0.110892653465271,0.4650096893310547,0.7582097053527832,-0.130063995718956,0.4986688494682312,0.7717103362083435,-0.1440383046865463,0.4008228480815887,0.6606589555740356,-0.0764073655009269,0.4594287872314453,0.680536687374115,-0.1093192622065544,0.5022170543670654,0.6965528726577759,-0.1284215450286865,0.5407134890556335,0.7071387767791748,-0.1439158171415329,0.4033803939819336,0.6120346784591675,-0.0756002366542816,0.4614005088806152,0.5975167751312256,-0.1063283160328865,0.5031659007072449,0.5883452296257019,-0.1240588054060936,0.5391867756843567,0.5820580124855042,-0.137351706624031,0.3910760879516601,0.5706889033317566,-0.0770659521222114,0.432079941034317,0.5343424677848816,-0.1036891639232635,0.4580920040607452,0.513096272945404,-0.1168434396386146,0.4828054010868072,0.4947959780693054,-0.1272029727697372,0.12196764507635663,0.056519267771927645
0.0,0.4017014801502228,0.9348058700561525,2.088077053485904e-07,0.3628451824188232,0.8874305486679077,0.0006099105812609,0.33751380443573,0.8415059447288513,-0.006487431935966,0.3102344870567322,0.8035041689872742,-0.0144997769966721,0.2835615277290344,0.7879613637924194,-0.0239192005246877,0.3936248421669006,0.7715542912483215,-0.014264297671616,0.3912621438503265,0.6942774057388306,-0.0223798975348472,0.3887711763381958,0.6512938141822815,-0.0273454133421182,0.3873959481716156,0.6167771816253662,-0.0314213298261165,0.4234063625335693,0.7759488821029663,-0.0215661954134702,0.4296661913394928,0.6907324194908142,-0.0301476418972015,0.4313100278377533,0.639904797077179,-0.0369141846895217,0.4317731559276581,0.6006816625595093,-0.0425821915268898,0.4499302506446838,0.7958508729934692,-0.0280361268669366,0.4809093773365021,0.7214531898498535,-0.0391065888106823,0.5000030994415283,0.6781965494155884,-0.0489951893687248,0.5129417181015015,0.6436303853988647,-0.0559449903666973,0.4714305996894836,0.8254526257514954,-0.0331019051373004,0.509429931640625,0.782480776309967,-0.0437257513403892,0.5314717292785645,0.755836009979248,-0.0485021546483039,0.5495713949203491,0.7290698289871216,-0.0514751188457012,0.07798549137900392,0.03227616910697978
0.0,0.4079189300537109,0.8872868418693542,5.090172976451868e-07,0.4602220058441162,0.875160813331604,-0.0190386548638343,0.5009864568710327,0.8535263538360596,-0.0307639725506305,0.5340615510940552,0.8308546543121338,-0.041906401515007,0.5620948076248169,0.8228422999382019,-0.0531346797943115,0.4740976095199585,0.7396201491355896,-0.0187642127275466,0.5030249357223511,0.6827605962753296,-0.0321286618709564,0.5194946527481079,0.6482264995574951,-0.0419093295931816,0.5322418212890625,0.6179405450820923,-0.0490862168371677,0.4441814422607422,0.7206371426582336,-0.0203258395195007,0.4668207764625549,0.6502347588539124,-0.0323664732277393,0.4818313121795654,0.6073532104492188,-0.0412573777139186,0.4929154813289642,0.5723750591278076,-0.0474466308951377,0.4123735427856445,0.7218047976493835,-0.024593012407422,0.4069188237190246,0.6501869559288025,-0.040188044309616,0.4043661952018738,0.6025010347366333,-0.0540990605950355,0.4036095440387726,0.5639840960502625,-0.0628747195005416,0.3810435533523559,0.7397734522819519,-0.0301760304719209,0.3581329584121704,0.6869006156921387,-0.0459860637784004,0.3439449071884155,0.6536255478858948,-0.055751509964466,0.3344166278839111,0.6227277517318726,-0.0616593584418296,0.07194574510029507,0.03124316769232053
0.0,0.4272049367427826,0.8377637267112732,9.090039725379028e-07,0.5134854912757874,0.8449354767799377,-0.0460629649460315,0.6026396751403809,0.8276273608207703,-0.0763051733374595,0.672846794128418,0.8045468926429749,-0.1031534522771835,0.7327332496643066,0.7782176733016968,-0.1300034672021865,0.5888301730155945,0.632758378982544,-0.0595133006572723,0.6591787338256836,0.5422555208206177,-0.0938732624053955,0.6990551948547363,0.4906511306762695,-0.1154960915446281,0.730324923992157,0.4472183287143707,-0.1301498115062713,0.5441288948059082,0.5877269506454468,-0.0608983002603054,0.6102484464645386,0.4738818407058716,-0.0932932123541832,0.6529226899147034,0.4077683091163635,-0.1153063625097274,0.6856628060340881,0.3486212790012359,-0.1305727660655975,0.48904949426651,0.5728604197502136,-0.0671520680189132,0.5088506937026978,0.4418635666370392,-0.1024987027049064,0.5245761275291443,0.3533442616462707,-0.1290068179368972,0.5409772396087646,0.2780132591724396,-0.1467265188694,0.4288524687290191,0.5832003951072693,-0.0763277187943458,0.4144845604896545,0.4784985184669494,-0.1097951456904411,0.4063654541969299,0.4099948406219482,-0.12818443775177,0.404188334941864,0.3447665572166443,-0.140134572982788,0.14916153028555082,0.07071448684142441
0.0,0.47490194439888,0.7809817790985107,9.669014389146469e-07,0.5703057050704956,0.7994226813316345,-0.0454005375504493,0.6640661358833313,0.7767263650894165,-0.0703756138682365,0.7328213453292847,0.7494837045669556,-0.0922883972525596,0.7940350770950317,0.7323305606842041,-0.1141535565257072,0.6512869000434875,0.5729355812072754,-0.049874261021614,0.7260080575942993,0.4898936748504638,-0.0817685201764106,0.7709099054336548,0.4395633339881897,-0.1034199818968772,0.8073348999023438,0.3927514851093292,-0.1188158467411995,0.6051219701766968,0.5239849090576172,-0.0519043840467929,0.6760705709457397,0.4128353595733642,-0.081957921385765,0.7239647507667542,0.344922661781311,-0.1035506725311279,0.7594060897827148,0.2864754498004913,-0.1183973476290702,0.5484811663627625,0.5085906386375427,-0.0594900846481323,0.5725823044776917,0.3767503201961517,-0.0944517031311988,0.5920339226722717,0.2848106622695923,-0.1214179620146751,0.6114784479141235,0.2074160575866699,-0.1385310441255569,0.4852654933929443,0.5219915509223938,-0.0703328996896743,0.4762044548988342,0.4140606522560119,-0.1044520139694213,0.4719809889793396,0.3423808217048645,-0.1233874410390853,0.4745720624923706,0.2744688391685486,-0.1352624595165252,0.14415068987624413,0.06722675428571068
0.0,0.4037007093429565,0.6545400619506836,1.0081232630909651e-06,0.496737539768219,0.6557396650314331,-0.0517800413072109,0.5806648135185242,0.6163904666900635,-0.0824199616909027,0.6523429751396179,0.5825082063674927,-0.108941838145256,0.7143316864967346,0.5695749521255493,-0.1358913779258728,0.5556209683418274,0.4179770946502685,-0.0662721469998359,0.6244198083877563,0.320101797580719,-0.1047267690300941,0.6678619384765625,0.2568941712379455,-0.1303571611642837,0.7038693428039551,0.1998109370470047,-0.1488929688930511,0.5057375431060791,0.3713182210922241,-0.067019447684288,0.5655154585838318,0.2456559687852859,-0.103646419942379,0.6069842576980591,0.1670240610837936,-0.127687007188797,0.6397796869277954,0.096780389547348,-0.144282579421997,0.447091668844223,0.3625417053699493,-0.0731071978807449,0.4569348692893982,0.2233996391296386,-0.1135457679629325,0.4672818183898926,0.1262615025043487,-0.1417413651943206,0.4797905683517456,0.0434543788433074,-0.159458577632904,0.3855795860290527,0.3848121762275696,-0.082880824804306,0.3623909950256347,0.2749345302581787,-0.1209910586476326,0.351192831993103,0.2012017369270324,-0.1416014581918716,0.3474985957145691,0.1297189891338348,-0.1545863300561905,0.15138598908051798,0.06881967084627565
0.0,0.3751076161861419,0.6743588447570801,1.0107166872330708e-06,0.4688065350055694,0.6790765523910522,-0.0583728067576885,0.5540914535522461,0.640097439289093,-0.0922382846474647,0.6202909350395203,0.6020373702049255,-0.1203452423214912,0.6814935803413391,0.5865644812583923,-0.1491444259881973,0.5249022841453552,0.4477511346340179,-0.0792365074157714,0.5921112895011902,0.3501047492027282,-0.1213990226387977,0.6342413425445557,0.286492109298706,-0.1490633487701416,0.6691889762878418,0.2283259332180023,-0.1691218018531799,0.473653495311737,0.4019209444522857,-0.0770767256617546,0.5320481657981873,0.2776275873184204,-0.1182371973991394,0.5724517107009888,0.1994080692529678,-0.1455005556344986,0.6050680875778198,0.1280146539211273,-0.1649864763021469,0.4149647057056427,0.3922158777713775,-0.0802615135908126,0.4228384494781494,0.2555919885635376,-0.1244821175932884,0.4326306879520416,0.161842942237854,-0.1564360111951828,0.4447633624076843,0.0819862484931945,-0.1772763580083847,0.3535648882389068,0.4123416841030121,-0.0872996672987937,0.3306071758270263,0.3046102523803711,-0.1280723065137863,0.3179988265037536,0.2333684116601944,-0.1521787792444229,0.3129166662693023,0.1634842753410339,-0.1685520857572555,0.14945028748112976,0.06938708139243695
0.0,0.3369571566581726,0.7027368545532227,9.89341970125679e-07,0.4310299456119537,0.7000526785850525,-0.0529245287179946,0.5166335105895996,0.6596177816390991,-0.083896666765213,0.5848024487495422,0.6199856996536255,-0.1105304360389709,0.6459921598434448,0.6070168018341064,-0.137848898768425,0.4798782169818878,0.4692887663841247,-0.0682364106178283,0.5470361709594727,0.3714795708656311,-0.1074838191270828,0.5878140926361084,0.3071228265762329,-0.1337845027446746,0.6212743520736694,0.2484633922576904,-0.1526285707950592,0.4290608167648315,0.4245296120643616,-0.0680587142705917,0.4851824939250946,0.2975648045539856,-0.1050406992435455,0.5239925384521484,0.2173811942338943,-0.1293687969446182,0.554615318775177,0.1457949578762054,-0.1462563425302505,0.3711842596530914,0.4163029193878174,-0.0731391608715057,0.3785258829593658,0.2761911749839782,-0.1137007027864456,0.3855616152286529,0.1820569634437561,-0.1417180597782135,0.3951355516910553,0.1021632552146911,-0.1593582332134246,0.3113361001014709,0.4388849437236786,-0.0819512456655502,0.2870776355266571,0.3313221931457519,-0.1195112839341163,0.2741237878799438,0.2599652707576751,-0.1397975534200668,0.2682550549507141,0.1914358735084533,-0.152624174952507,0.14970426363785705,0.0682544611018867
0.0,0.3014466166496277,0.7298228144645691,1.1018357781722443e-06,0.3922980725765228,0.7317368388175964,-0.0694748610258102,0.4729629158973694,0.6979151368141174,-0.1121087670326232,0.5385288596153259,0.665564775466919,-0.1474634557962417,0.6021938323974609,0.6457706689834595,-0.1838604360818863,0.4360943138599396,0.5074896812438965,-0.0980944707989692,0.4998639225959778,0.4083758592605591,-0.145314410328865,0.5406924486160278,0.3417365849018097,-0.1758754551410675,0.5745041966438293,0.2816901803016662,-0.1977434158325195,0.3856970369815826,0.4652784466743469,-0.0929698944091796,0.440827876329422,0.3398949205875397,-0.1381473392248153,0.4792246222496032,0.2612254619598388,-0.1681436002254486,0.5101239681243896,0.1876493096351623,-0.1900681257247924,0.3276886343955993,0.4590677917003631,-0.0934498682618141,0.3298651576042175,0.3217567801475525,-0.1415231525897979,0.3351432085037231,0.2253383696079254,-0.1762795150279998,0.3436096310615539,0.1436629593372345,-0.1995105296373367,0.2681876122951507,0.4819217026233673,-0.0984468013048172,0.2417781800031662,0.3743711113929748,-0.1415064930915832,0.2283004075288772,0.3033687472343445,-0.1672931462526321,0.2213311940431594,0.2343907356262207,-0.1856632679700851,0.15674175358260842,0.07595903886136346
0.0,0.268508642911911,0.7436758875846863,1.0810127832883154e-06,0.35560342669487,0.7349978089332581,-0.0636356994509697,0.4334610104560852,0.6991771459579468,-0.1042545437812805,0.5011166334152222,0.6683552861213684,-0.1388695389032364,0.5639722347259521,0.6440800428390503,-0.1741591840982437,0.390362799167633,0.5104020237922668,-0.0877969115972518,0.4493179023265838,0.4102911949157715,-0.132154494524002,0.4875231385231018,0.3451718091964721,-0.1612434685230255,0.5190375447273254,0.2855944037437439,-0.1817157715559005,0.3408632576465606,0.471428632736206,-0.0841858834028244,0.3921970725059509,0.3462821841239929,-0.1254042088985443,0.4277631044387817,0.2664975523948669,-0.1525266468524933,0.4549732208251953,0.1931526064872741,-0.1721909195184707,0.2845664620399475,0.4685759246349334,-0.0861397534608841,0.2819633483886719,0.3351200222969055,-0.1296425312757492,0.2829858660697937,0.2404203414916992,-0.1602040082216262,0.2878213226795196,0.1589731276035308,-0.1803700625896453,0.2267613857984542,0.4948910474777221,-0.092497706413269,0.1963453292846679,0.391804039478302,-0.1314120292663574,0.1806940287351608,0.321731686592102,-0.1534974575042724,0.1720158606767654,0.2531069815158844,-0.1687676161527633,0.15797319130269483,0.07606229756284433
0.0,0.2380320727825164,0.7719433903694153,9.942255019268489e-07,0.3210661709308624,0.7599979043006897,-0.0550818219780921,0.3948106169700622,0.7246948480606079,-0.09113559871912,0.4613922238349914,0.6933823823928833,-0.1224300116300582,0.5212569236755371,0.6679017543792725,-0.1542939096689224,0.3503732085227966,0.5402092337608337,-0.0761186778545379,0.4087997376918793,0.4422620236873626,-0.117913469672203,0.4452039003372192,0.3789498209953308,-0.1458918303251266,0.474676251411438,0.3188105821609497,-0.1653794199228286,0.3020952641963959,0.4999692440032959,-0.075150080025196,0.3507816195487976,0.3734279274940491,-0.1127531081438064,0.3840731382369995,0.2946906983852386,-0.1367265880107879,0.4087015986442566,0.2232368290424347,-0.1536691635847091,0.2468311041593551,0.4972584843635559,-0.0792480334639549,0.244294673204422,0.3637716770172119,-0.1189300268888473,0.243649274110794,0.2716825902462005,-0.1450036764144897,0.2464994937181472,0.1909429728984832,-0.1617430746555328,0.1907535940408706,0.5250827074050903,-0.0872070640325546,0.1608027219772339,0.424814909696579,-0.1221757307648658,0.1447139829397201,0.356677383184433,-0.1397598683834076,0.1357275992631912,0.2896146178245544,-0.1511765271425247,0.15232562558999685,0.07244551531459885
0.0,0.332711786031723,0.8209995627403259,8.13811027455813e-07,0.4160404801368713,0.8188024759292603,-0.0393697507679462,0.5002433061599731,0.7942984104156494,-0.0646816939115524,0.5633229613304138,0.7704933881759644,-0.0879000127315521,0.6180139183998108,0.7585534453392029,-0.1122323796153068,0.4761146008968353,0.6230150461196899,-0.0534142255783081,0.5374172925949097,0.5381059646606445,-0.0855584889650344,0.5715786814689636,0.4844512343406677,-0.107381485402584,0.6002815365791321,0.4334607422351837,-0.1230623051524162,0.4301502704620361,0.5821945667266846,-0.0577711910009384,0.4847772717475891,0.4719564914703369,-0.0880742743611335,0.5202423930168152,0.4030465185642242,-0.1096020266413688,0.5469882488250732,0.3416594862937927,-0.1250748932361602,0.3766086101531982,0.5722411274909973,-0.066239133477211,0.3860765099525451,0.4504574537277221,-0.0994462445378303,0.3934850394725799,0.3675905466079712,-0.1242686584591865,0.4031526446342468,0.2963511943817138,-0.1409674435853958,0.3198155760765075,0.5887753963470459,-0.0774555802345275,0.2992229461669922,0.4915621876716614,-0.1087785959243774,0.2864810228347778,0.4292376637458801,-0.1252563297748565,0.2808533310890198,0.3684539794921875,-0.1362752318382263,0.1319419847757332,0.06103873440920443
0.0,0.3869379460811615,0.815521240234375,8.706068115316157e-07,0.4696469306945801,0.82072514295578,-0.0434726402163505,0.5520716905593872,0.794913649559021,-0.0708670541644096,0.6179638504981995,0.7686606049537659,-0.0950637832283973,0.6768409609794617,0.7476511001586914,-0.1194273009896278,0.5365135073661804,0.6162651777267456,-0.0570195540785789,0.6015865802764893,0.529983639717102,-0.0901554152369499,0.6404082775115967,0.4782732129096985,-0.1112823188304901,0.6727635264396667,0.4306942820549011,-0.1261589974164962,0.492071658372879,0.5737892985343933,-0.0593447387218475,0.5514485836029053,0.4652007222175598,-0.0911925211548805,0.5893307328224182,0.3981135189533233,-0.1126646324992179,0.6185608506202698,0.3369041383266449,-0.1276482939720153,0.4390821158885956,0.5627012252807617,-0.0661162734031677,0.4526309072971344,0.4408089518547058,-0.1006222367286682,0.4634566307067871,0.3551190793514251,-0.1248825192451477,0.4766441583633423,0.2805767655372619,-0.1407322436571121,0.3821053802967071,0.578445315361023,-0.0758697688579559,0.3663026988506317,0.4781181812286377,-0.108161337673664,0.3574746251106262,0.4128117263317108,-0.124922975897789,0.3555880188941955,0.3488609790802002,-0.135704755783081,0.1419831574120761,0.06709317720945109
0.0,0.5064505338668823,0.781567394733429,8.682708880769496e-07,0.5887914896011353,0.7993897795677185,-0.0421706065535545,0.6697360873222351,0.78448086977005,-0.0678843110799789,0.7337179183959961,0.7648367881774902,-0.0907237976789474,0.7912900447845459,0.7515087127685547,-0.1136203184723854,0.6772658824920654,0.597973108291626,-0.0493454560637474,0.7461940050125122,0.5235754251480103,-0.0788101404905319,0.7865564823150635,0.4795702397823334,-0.098683126270771,0.8201010823249817,0.4385132789611816,-0.1132589653134346,0.6372159719467163,0.5501337647438049,-0.0519689247012138,0.7045188546180725,0.4510834515094757,-0.0797888711094856,0.7477097511291504,0.3943386077880859,-0.0999707654118537,0.7803401350975037,0.3453074991703033,-0.1137660667300224,0.5856820344924927,0.533220648765564,-0.0594799257814884,0.6088594794273376,0.4120333194732666,-0.092494435608387,0.6267914175987244,0.3280830979347229,-0.1186462417244911,0.6442885994911194,0.2590938508510589,-0.1354741901159286,0.5283452272415161,0.5438015460968018,-0.0698149278759956,0.5194939374923706,0.4424410462379455,-0.1028924733400344,0.5147196054458618,0.3757082521915436,-0.1217942908406257,0.5160015225410461,0.3136523962020874,-0.1336591690778732,0.1339936941959538,0.06337537373025712
0.0,0.5465878248214722,0.7202035188674927,7.761351525914506e-07,0.6272027492523193,0.7551394701004028,-0.0365337282419204,0.7064471244812012,0.7503383755683899,-0.0561315789818763,0.7666056752204895,0.7409138083457947,-0.0734844282269477,0.8176886439323425,0.7397741079330444,-0.090846262872219,0.7260162830352783,0.5822726488113403,-0.0392142012715339,0.7987532615661621,0.5275056958198547,-0.0660862624645233,0.8422837853431702,0.4907596409320831,-0.0849470496177673,0.8780941963195801,0.4557925462722778,-0.0989342331886291,0.6958851218223572,0.5321162939071655,-0.0413612425327301,0.7690727114677429,0.4580405950546264,-0.0687088444828987,0.8167654871940613,0.4067508578300476,-0.0887990817427635,0.8520331382751465,0.3614294528961181,-0.1023983210325241,0.6528182029724121,0.5082364678382874,-0.0480837635695934,0.6914632320404053,0.4042184054851532,-0.0794912651181221,0.7188348174095154,0.33109912276268,-0.1034547835588455,0.7430335879325867,0.2709616720676422,-0.1183485314249992,0.6010934114456177,0.5072285532951355,-0.0573877692222595,0.6063979268074036,0.4161007404327392,-0.0882698595523834,0.6143457293510437,0.3534179031848907,-0.1064729467034339,0.6275635361671448,0.2959477305412292,-0.1177917793393135,0.11701020758069053,0.053964821056839626
0.0,0.5734235644340515,0.6896779537200928,7.27447343251697e-07,0.6494855880737305,0.7247763872146606,-0.0251988228410482,0.720927357673645,0.7283153533935547,-0.0386798158288002,0.7767647504806519,0.72510826587677,-0.0515491999685764,0.8187487125396729,0.7279032468795776,-0.0648152306675911,0.7392359375953674,0.5763343572616577,-0.0262566562741994,0.8109497427940369,0.5312184691429138,-0.047118704766035,0.8526989221572876,0.4984418153762817,-0.061977993696928,0.8858781456947327,0.467683732509613,-0.072963036596775,0.7144815921783447,0.5270627737045288,-0.0302871987223625,0.7872858047485352,0.4616457819938659,-0.0524327531456947,0.8330916166305542,0.4162266850471496,-0.069695770740509,0.8654557466506958,0.378183364868164,-0.0809831619262695,0.6771652102470398,0.5002835988998413,-0.0375727117061615,0.7177005410194397,0.4038668274879455,-0.0627326741814613,0.7464002370834351,0.3386520147323608,-0.0834574475884437,0.7705666422843933,0.2857846915721893,-0.0962601974606514,0.6300366520881653,0.4931683540344238,-0.0464753173291683,0.6410124897956848,0.4094866812229156,-0.0711616799235344,0.6507487893104553,0.3524996042251587,-0.085502952337265,0.6640375852584839,0.3011612594127655,-0.0940748378634452,0.10125338121959138,0.04411861919288239
0.0,0.6013079285621643,0.6391183137893677,6.547971906911698e-07,0.6745898723602295,0.6865963935852051,-0.0115042068064212,0.7400304675102234,0.6909540891647339,-0.0134210987016558,0.794990062713623,0.6840373873710632,-0.0155400224030017,0.8326953649520874,0.6906992197036743,-0.0176472757011652,0.7645511031150818,0.5410794615745544,3.230460788472556e-05,0.8339757919311523,0.5022032260894775,-0.0051649520173668,0.8736897706985474,0.4746210277080536,-0.0103660328313708,0.9046271443367004,0.4497174322605133,-0.0154716717079281,0.7427235245704651,0.4898778200149536,-0.0024191138800233,0.8128142356872559,0.4310519695281982,-0.0106302155181765,0.8559843897819519,0.3928980827331543,-0.0199457686394453,0.8866931796073914,0.3616492748260498,-0.0264027435332536,0.708263099193573,0.4584629833698272,-0.0072698155418038,0.7501373291015625,0.3700453341007232,-0.0209519211202859,0.7791013717651367,0.314103364944458,-0.0373495705425739,0.8024801015853882,0.2696703672409057,-0.0480166748166084,0.6665242910385132,0.4455289244651794,-0.0125268213450908,0.6795788407325745,0.3635115325450897,-0.0285346303135156,0.6897640228271484,0.3115253150463104,-0.0401498787105083,0.703644335269928,0.2663085460662842,-0.0473197661340236,0.0927615693505912,0.03834723384266965
0.0,0.6075294017791748,0.6011473536491394,5.588681233348325e-07,0.6762804985046387,0.6376427412033081,-0.0072326576337218,0.7404837608337402,0.6384501457214355,-0.0063224104233086,0.7903921008110046,0.639123797416687,-0.0063620884902775,0.8239737749099731,0.6543176174163818,-0.0064292759634554,0.768279492855072,0.5021690726280212,0.006872097030282,0.8334559202194214,0.4697041809558868,0.0033016479574143,0.8702249526977539,0.4487882852554321,-0.0017536997329443,0.8981357216835022,0.4286743104457855,-0.0064075700938701,0.7494029402732849,0.4547754526138305,0.003210064722225,0.8159380555152893,0.4052848815917969,-0.0020345970988273,0.8569117188453674,0.3740898966789245,-0.009266891516745,0.8857585191726685,0.3475207090377807,-0.0140452478080987,0.7182319164276123,0.4232419431209564,-0.0029836082831025,0.7608981132507324,0.346278429031372,-0.0135844554752111,0.7890946865081787,0.2992826700210571,-0.0273321121931076,0.811447024345398,0.2617191076278686,-0.0358488038182258,0.6793643832206726,0.4080829620361328,-0.0095060924068093,0.6961494088172913,0.3322826325893402,-0.0229475293308496,0.7077809572219849,0.2848702669143677,-0.0322993174195289,0.7218697667121887,0.2452297806739807,-0.0374669656157493,0.08498453111409841,0.036858995043666215
0.0,0.709652841091156,0.392833262681961,4.617584181687562e-07,0.7604019641876221,0.4289633929729461,-0.0194714926183223,0.8071285486221313,0.4401001930236816,-0.030161015689373,0.846288800239563,0.4440050721168518,-0.0402620285749435,0.8749301433563232,0.4570914506912231,-0.0505201146006584,0.834062933921814,0.3219459056854248,-0.0175968781113624,0.8830267190933228,0.2989824116230011,-0.0313103571534156,0.9124656319618224,0.283669650554657,-0.0427277013659477,0.9361239075660706,0.2673585116863251,-0.051285408437252,0.8182108998298645,0.2816985249519348,-0.0193459410220384,0.8700566291809082,0.2428914755582809,-0.0319006256759166,0.9020329117774964,0.2198289930820465,-0.0419589094817638,0.9258183836936952,0.1989991068840026,-0.0492354966700077,0.7925267219543457,0.2547890245914459,-0.023914348334074,0.8257359862327576,0.194864273071289,-0.0394261293113231,0.8475152850151062,0.1575142294168472,-0.0520497635006904,0.8651876449584961,0.1272083818912506,-0.0599558912217617,0.7601988315582275,0.2411173582077026,-0.0300416145473718,0.7737179398536682,0.1805320680141449,-0.0455932728946208,0.784279465675354,0.1418988406658172,-0.0543213300406932,0.7963830232620239,0.1082411408424377,-0.0594805292785167,0.07280282957484474,0.03311809427842612
0.0,0.6033533215522766,0.4851925373077392,4.54319035725348e-07,0.6559675931930542,0.5179101228713989,-0.0180522557348012,0.7037945985794067,0.52474445104599,-0.0271068047732114,0.7442797422409058,0.523631751537323,-0.0359221138060092,0.7731966972351074,0.5330333709716797,-0.0448699295520782,0.7243250608444214,0.4073513448238373,-0.0137189319357275,0.7726852893829346,0.3806824386119842,-0.0253506917506456,0.8015055656433105,0.3618436157703399,-0.0349797755479812,0.8241878747940063,0.3434115350246429,-0.042249035090208,0.7076168060302734,0.3686243891716003,-0.015173127874732,0.7575260996818542,0.3258286118507385,-0.0256286524236202,0.7873978614807129,0.2989347577095032,-0.0341083593666553,0.8095704317092896,0.2754316926002502,-0.0400331020355224,0.6820604801177979,0.3435815274715423,-0.0194179713726043,0.7122083306312561,0.281222254037857,-0.0328970327973365,0.7324193120002747,0.2418756932020187,-0.0446627140045166,0.748810350894928,0.2110752910375595,-0.0520991571247577,0.6500095129013062,0.3326550126075744,-0.0252219121903181,0.6594401001930237,0.2716107070446014,-0.0391217768192291,0.6677331328392029,0.2326226234436035,-0.0471111163496971,0.6781491637229919,0.1997525691986084,-0.0517944730818271,0.0721171691988787,0.03169612185663662
0.0,0.5394716262817383,0.5788323879241943,4.409789653436746e-07,0.5934816002845764,0.6091952919960022,-0.017919760197401,0.6450077295303345,0.6082350015640259,-0.0279413741081953,0.6857973337173462,0.6000198125839233,-0.0368953123688697,0.7153961658477783,0.605094313621521,-0.0460935868322849,0.6635145545005798,0.4895085096359253,-0.0212331060320138,0.7109092473983765,0.4527552425861358,-0.0339499972760677,0.7399762868881226,0.4303390085697174,-0.0434994213283062,0.7630078792572021,0.4095661044120788,-0.0506580844521522,0.643989086151123,0.4502670764923095,-0.0222216006368398,0.6937347650527954,0.4018688797950744,-0.0348156467080116,0.7249858379364014,0.3703102469444275,-0.0437428057193756,0.7475974559783936,0.3444979786872864,-0.0497958473861217,0.6151736378669739,0.4256651699542999,-0.0252685025334358,0.6464300155639648,0.356842964887619,-0.0410174652934074,0.6681000590324402,0.3120770156383514,-0.0543391741812229,0.6843867301940918,0.2785073220729828,-0.0624899975955486,0.581505298614502,0.4159010350704193,-0.0292814616113901,0.5926138758659363,0.3502547740936279,-0.045751679688692,0.600470781326294,0.3082815408706665,-0.0555198639631271,0.6086745262145996,0.2734252214431762,-0.0609979219734668,0.07275918302693925,0.031407796442450356
0.0,0.2567094564437866,0.5083500146865845,4.916095690532529e-07,0.3089442551136017,0.4935746192932129,-0.0214096941053867,0.3548364043235779,0.4614844918251037,-0.0328851379454135,0.3889049887657165,0.4312508702278137,-0.043316762894392,0.4195383787155151,0.4170542955398559,-0.0538058392703533,0.320982813835144,0.3546146750450134,-0.022155774757266,0.3491221666336059,0.2909720838069916,-0.0376954302191734,0.3647928237915039,0.2529684901237488,-0.0492129027843475,0.3771646320819855,0.2207395434379577,-0.0572230406105518,0.2912992537021637,0.338222861289978,-0.0233688559383153,0.314024806022644,0.2630655765533447,-0.0367982722818851,0.3292301595211029,0.2176213264465332,-0.0467206425964832,0.3401900827884674,0.18150195479393,-0.0534768216311931,0.2604080736637115,0.3389765918254852,-0.0273250266909599,0.2623526453971863,0.2628625631332397,-0.0422768667340278,0.2652871608734131,0.2162106037139892,-0.0534469373524189,0.2690799534320831,0.1783807724714279,-0.060424655675888,0.2296403646469116,0.3548500537872314,-0.033137883991003,0.2152299880981445,0.2990023195743561,-0.0482373051345348,0.2074615359306335,0.2631017565727234,-0.0559412837028503,0.2029467225074768,0.2294456958770752,-0.0601530671119689,0.08122846530673766,0.03535488701591245
0.0,0.1932123601436615,0.5002729892730713,5.068215500614315e-07,0.2441364526748657,0.4753440916538238,-0.0235834904015064,0.2829650044441223,0.4360522925853729,-0.0352461449801921,0.3124043047428131,0.3984806537628174,-0.0455641783773899,0.3406073451042175,0.3796482980251312,-0.0559875443577766,0.2379280775785446,0.3332527875900268,-0.0201359819620847,0.2564390301704407,0.2667714953422546,-0.0354860313236713,0.2667549252510071,0.2260446399450302,-0.0481003634631633,0.2748780846595764,0.1906205266714096,-0.0573135912418365,0.2074360996484756,0.3239992260932922,-0.0202029664069414,0.2195680737495422,0.2470469772815704,-0.0338849388062953,0.2279074341058731,0.1980219483375549,-0.0456071496009826,0.234118714928627,0.1576250940561294,-0.0539271719753742,0.1773894429206848,0.3329642415046692,-0.0234239380806684,0.1704425364732742,0.2589483261108398,-0.0392439365386962,0.1674904525279998,0.2109542489051818,-0.0521925874054431,0.1664366126060485,0.1709581911563873,-0.0603390671312809,0.148696094751358,0.3566180765628814,-0.0286892186850309,0.1280579566955566,0.3052407503128052,-0.0448449328541755,0.1169927641749382,0.2692506909370422,-0.0540285818278789,0.109977900981903,0.2333836257457733,-0.0593663528561592,0.08327217835067542,0.03547838308912692
0.0,0.1635322868824005,0.4853946268558502,5.078653089185536e-07,0.2107832729816436,0.457466572523117,-0.0233608074486255,0.246430218219757,0.4127479195594787,-0.0347821414470672,0.2735511362552643,0.372766375541687,-0.0447786413133144,0.3018585443496704,0.352015346288681,-0.0546654947102069,0.1988992094993591,0.3163936734199524,-0.0191489942371845,0.2142623960971832,0.2491321563720703,-0.0343082211911678,0.2231864482164383,0.2076977342367172,-0.0465800762176513,0.2303989082574844,0.1716208308935165,-0.0554824136197567,0.1696498841047287,0.3086845874786377,-0.0189476907253265,0.179231584072113,0.23190338909626,-0.0323293693363666,0.1858158260583877,0.1824560016393661,-0.0432569868862628,0.1911836713552475,0.1403542160987854,-0.0507819727063179,0.1410544216632843,0.3186396658420563,-0.0219578500837087,0.1315171867609024,0.2460081428289413,-0.037644226104021,0.1262501925230026,0.1992578953504562,-0.0495543219149112,0.1238372176885604,0.1586287766695022,-0.0567523576319217,0.1144101843237876,0.3437301516532898,-0.0270271953195333,0.0912570878863334,0.294828861951828,-0.0424770265817642,0.0784477889537811,0.2609733939170837,-0.0504739135503768,0.0700198039412498,0.22617107629776,-0.0549727417528629,0.0845936908441975,0.03646456414348054
0.0,0.1351906955242157,0.466062068939209,5.585985718425945e-07,0.1812005192041397,0.4308979511260986,-0.0271444488316774,0.2113100439310073,0.3850352168083191,-0.039784986525774,0.235457956790924,0.3440167605876922,-0.0505755916237831,0.2617935538291931,0.3211876451969147,-0.0614377446472644,0.1584455519914627,0.2929651141166687,-0.0197910666465759,0.1687610149383545,0.223812460899353,-0.0351012982428073,0.1740694344043731,0.178797036409378,-0.0483777783811092,0.1779784113168716,0.1406046748161316,-0.0582306459546089,0.1294723451137542,0.2897679209709167,-0.0182706397026777,0.1332895755767822,0.2099672853946685,-0.031831070780754,0.1359908878803253,0.1571929901838302,-0.0443056002259254,0.1378888189792633,0.113544687628746,-0.053409643471241,0.1022614911198616,0.3040240108966827,-0.0205973535776138,0.0886071622371673,0.231617733836174,-0.0368553884327411,0.0811401680111885,0.1836905032396316,-0.051161240786314,0.0763503834605217,0.1428028643131256,-0.060405857861042,0.0765273571014404,0.3319334685802459,-0.0253860056400299,0.051467977464199,0.2844462990760803,-0.041719015687704,0.0371067523956298,0.2504108548164367,-0.0517257861793041,0.0275192260742187,0.2150012254714965,-0.0582155399024486,0.08422552526747108,0.036506417917854514
0.0,0.1529835313558578,0.4992165565490722,4.341876831404079e-07,0.1970696151256561,0.4687763750553131,-0.021569499745965,0.2304020076990127,0.4266610741615295,-0.034979622811079,0.2562052607536316,0.3899146318435669,-0.0477139800786972,0.2824780941009521,0.3696643710136413,-0.0608730278909206,0.1824434548616409,0.3268298804759979,-0.022785747423768,0.194244310259819,0.257919430732727,-0.0409432724118232,0.2013106644153595,0.2148393392562866,-0.0553285330533981,0.2066966295242309,0.177307441830635,-0.0655808001756668,0.1530686020851135,0.320747971534729,-0.0250294543802738,0.1593776643276214,0.2423126399517059,-0.0409239716827869,0.1643843799829483,0.1915443390607834,-0.0535987094044685,0.1674718409776687,0.1492264866828918,-0.06254493445158,0.1247968524694442,0.33273845911026,-0.0301837846636772,0.1116848438978195,0.2588262856006622,-0.0472828969359397,0.1053942888975143,0.2119919061660766,-0.0602418966591358,0.1019719839096069,0.1722693890333175,-0.0682407245039939,0.0989217311143875,0.359078049659729,-0.0371977165341377,0.0731657445430755,0.3081564605236053,-0.0533336326479911,0.0593491345643997,0.2733244001865387,-0.0619174800813198,0.0498809888958931,0.2397148758172989,-0.0669302493333816,0.08143102216784161,0.03568606696037652
0.0,0.2361006289720535,0.6378509402275085,4.446658579126961e-07,0.2880105078220367,0.6275617480278015,-0.0217024348676204,0.3296790421009063,0.6001728177070618,-0.0349432304501533,0.3606361746788025,0.5716097950935364,-0.0470988005399704,0.3912973403930664,0.5599709153175354,-0.0596630126237869,0.2977599501609802,0.4896429479122162,-0.0252491794526577,0.3242129385471344,0.4311061203479767,-0.0429774150252342,0.3410685062408447,0.3962698578834533,-0.0563526041805744,0.3549466133117676,0.3651712238788605,-0.065756045281887,0.2696699500083923,0.4715825021266937,-0.0266308654099702,0.2921670377254486,0.4019230306148529,-0.041970245540142,0.3078954815864563,0.3577857315540313,-0.0534632429480552,0.3194437026977539,0.3210133910179138,-0.0614478550851345,0.2396795749664306,0.4722456037998199,-0.0306676160544157,0.2406750470399856,0.3987264335155487,-0.0474583990871906,0.2427177727222442,0.3504226207733154,-0.0605763830244541,0.2461251765489578,0.3100624680519104,-0.0688006281852722,0.2104763239622116,0.488709419965744,-0.036358680576086,0.1951392590999603,0.4335324168205261,-0.0527097024023532,0.1876216530799865,0.3957805037498474,-0.0617431923747062,0.184033066034317,0.360962450504303,-0.0670095682144165,0.07761491654875703,0.03512022253182457
0.0,0.2531151473522186,0.7179566025733948,5.021095148549648e-07,0.3043017983436584,0.7102498412132263,-0.0280498173087835,0.3451468646526336,0.6854815483093262,-0.0435483083128929,0.3791841268539428,0.6614049673080444,-0.0566990301012992,0.4102749526500702,0.6518349051475525,-0.0699368640780448,0.318915843963623,0.5813928842544556,-0.0299832429736852,0.3483835160732269,0.5273762345314026,-0.0481321290135383,0.3665101528167724,0.4921916127204895,-0.0616028532385826,0.3806246519088745,0.4619057178497314,-0.0711727067828178,0.2920041680335998,0.5622546672821045,-0.028364336118102,0.3167195916175842,0.4942288100719452,-0.0447965301573276,0.3329404890537262,0.4508813619613647,-0.0563583299517631,0.3450711369514465,0.4148571491241455,-0.0644110292196273,0.2628177404403686,0.5604164004325867,-0.0300220735371112,0.2663791179656982,0.4895543456077575,-0.0482795946300029,0.2705464661121368,0.4428997635841369,-0.0616154856979846,0.2754139602184295,0.4048342108726501,-0.0700020492076873,0.2334577441215515,0.5738263726234436,-0.0339252799749374,0.220798373222351,0.5202978253364563,-0.051318634301424,0.2149959206581115,0.483248770236969,-0.0610565766692161,0.213029608130455,0.4478897452354431,-0.0671507567167282,0.07791097687507265,0.03512073158174099
0.0,0.3270798325538635,0.8537713289260864,4.142428338127502e-07,0.3787640631198883,0.8564022779464722,-0.018433453515172,0.4268350601196289,0.8381096720695496,-0.0310443583875894,0.4637121558189392,0.8214282989501953,-0.0436462350189685,0.4965885877609253,0.81960129737854,-0.0575131438672542,0.417711466550827,0.7349315285682678,-0.0278388131409883,0.4584622979164123,0.6862341165542603,-0.0475440211594104,0.4817166924476623,0.6579117178916931,-0.0612419694662094,0.5008076429367065,0.6324968338012695,-0.0703504234552383,0.3917843699455261,0.7071720957756042,-0.0317073352634906,0.4271171391010284,0.6429060697555542,-0.048100434243679,0.4486232101917267,0.6068421006202698,-0.059150755405426,0.4639156460762024,0.5770701766014099,-0.0667431354522705,0.3611245155334472,0.6980120539665222,-0.0376450791954994,0.375059574842453,0.6262352466583252,-0.0541708096861839,0.3830525279045105,0.5803472995758057,-0.0661042854189872,0.3902277648448944,0.5426838397979736,-0.0740716829895973,0.3285411298274994,0.7054635286331177,-0.0450004711747169,0.3206579983234405,0.6454998254776001,-0.0605952553451061,0.3166497647762298,0.6076323986053467,-0.0682457089424133,0.3157149255275726,0.5741292238235474,-0.0728430077433586,0.07686814136478398,0.03572798445176467
0.0,0.5145447254180908,0.9104350805282592,4.82090968034754e-07,0.5637298226356506,0.9273295402526855,-0.0185405444353818,0.613021731376648,0.926717221736908,-0.0303212329745292,0.6511896252632141,0.9186997413635254,-0.0419802404940128,0.682435154914856,0.9135870933532716,-0.0539643168449401,0.619236946105957,0.8114083409309387,-0.0211653057485818,0.6672490835189819,0.7729073762893677,-0.0390275456011295,0.6959830522537231,0.7533041834831238,-0.0520890690386295,0.7200163006782532,0.7356169819831848,-0.0606146231293678,0.5999869704246521,0.7799960970878601,-0.0242922063916921,0.6482815742492676,0.7277042269706726,-0.0393388234078884,0.6814486384391785,0.6986674070358276,-0.0506593026220798,0.7073569893836975,0.6742593050003052,-0.0584607198834419,0.5737731456756592,0.7625038623809814,-0.0300881583243608,0.6021924614906311,0.6951778531074524,-0.0463225580751895,0.6209028363227844,0.6520819664001465,-0.0592803284525871,0.6368703842163086,0.6170138120651245,-0.0676596313714981,0.5431156754493713,0.7587569952011108,-0.0373491384088993,0.5520026683807373,0.6999441385269165,-0.0533389113843441,0.5557317137718201,0.6615991592407227,-0.0616649165749549,0.5600112676620483,0.6270317435264587,-0.0665377154946327,0.07449576533984134,0.033853218146481096
0.0,0.5813372731208801,0.9039097428321838,4.36274461890207e-07,0.6334931254386902,0.9228973388671876,-0.0157523844391107,0.6812019348144531,0.9202946424484252,-0.0241995006799697,0.7166987657546997,0.9116303324699402,-0.0334602557122707,0.7462782859802246,0.9104878902435304,-0.043023545295,0.701533317565918,0.8053820729255676,-0.0069744628854095,0.7429885864257812,0.7660989165306091,-0.0187000259757041,0.7675509452819824,0.7446533441543579,-0.0287688374519348,0.7882311344146729,0.7262730002403259,-0.0365781746804714,0.681522011756897,0.7740976810455322,-0.0115869427099823,0.7240230441093445,0.7233269810676575,-0.0232085455209016,0.753108024597168,0.6924718022346497,-0.0344766676425933,0.7751339673995972,0.6682615280151367,-0.0424047783017158,0.6538583636283875,0.7576253414154053,-0.0196334403008222,0.6795951128005981,0.6889585852622986,-0.0352174527943134,0.6982073783874512,0.6445322036743164,-0.050799798220396,0.7153621315956116,0.6084033250808716,-0.061032798141241,0.6203582882881165,0.7542135119438171,-0.0290009211748838,0.6293787956237793,0.695512056350708,-0.0459128990769386,0.6359401345252991,0.6568468809127808,-0.0570736601948738,0.6454581022262573,0.6230908632278442,-0.0642821639776229,0.06845033619733118,0.031108032703082652
0.0,0.6589229106903076,0.9147814512252808,3.738320515367377e-07,0.7073794603347778,0.940181314945221,-0.0084716854616999,0.7523368000984192,0.937252402305603,-0.0111430697143077,0.7847958207130432,0.9294800758361816,-0.0155562479048967,0.8035582304000854,0.9327245950698853,-0.0202282201498746,0.7725375294685364,0.8288378715515137,0.0035456919576972,0.817243218421936,0.8022289276123047,-0.0037225775886327,0.8441596627235413,0.7826325297355652,-0.0115842195227742,0.8648805022239685,0.7633997797966003,-0.0179559867829084,0.7597720623016357,0.7953321933746338,-0.0011108492035418,0.8067615032196045,0.7527759075164795,-0.0074321222491562,0.8361411690711975,0.7265975475311279,-0.0150499735027551,0.8574978709220886,0.7033036947250366,-0.020451271906495,0.739850640296936,0.7726332545280457,-0.00842878036201,0.7711800336837769,0.7101523280143738,-0.0175379309803247,0.7911486625671387,0.6720386743545532,-0.0282883271574974,0.8065895438194275,0.6401454210281372,-0.0353012271225452,0.713198184967041,0.7607846856117249,-0.0168264955282211,0.7275589108467102,0.7058125138282776,-0.0263339299708604,0.7376773357391357,0.6711210608482361,-0.0326180607080459,0.7472421526908875,0.6425509452819824,-0.0365905240178108,0.0522175824694054,0.019605668746057424
0.0,0.7137512564659119,0.9160338640213012,3.118267102308892e-07,0.7623871564865112,0.945208728313446,0.0007087613921612,0.8047009110450745,0.9434069991111756,0.0051787593401968,0.8378756046295166,0.9347093105316162,0.0062620709650218,0.8601452112197876,0.9352225065231324,0.0069486964493989,0.8247796297073364,0.8369852304458618,0.020824059844017,0.8699753880500793,0.8105457425117493,0.0182890761643648,0.8970463275909424,0.7925359010696411,0.0130669623613357,0.9179311990737916,0.7757689356803894,0.0082343015819787,0.8156302571296692,0.8055902123451233,0.012507414445281,0.8635791540145874,0.7619971036911011,0.0091240908950567,0.8939845561981201,0.7358501553535461,0.0015445810277014,0.9161978363990784,0.7143514752388,-0.0037668994627892,0.7987955808639526,0.7857351303100586,0.0014780558412894,0.8331376910209656,0.7223155498504639,-0.0069349589757621,0.8554996848106384,0.6838460564613342,-0.0186465550214052,0.8738036155700684,0.6509394645690918,-0.0260883104056119,0.775593101978302,0.7771483063697815,-0.0098342280834913,0.7958635687828064,0.7201182246208191,-0.0199792515486478,0.8087328672409058,0.6859905123710632,-0.0271360129117965,0.8216544389724731,0.6573792695999146,-0.0316266566514968,0.056073068563776314,0.022286098859310162
0.0,0.7124097347259521,0.8919864892959595,3.282792988557049e-07,0.7583200335502625,0.9351766109466552,-0.0041025821119546,0.8006894588470459,0.9448243379592896,-0.0016084046801552,0.8358055353164673,0.9442707896232604,-0.0010853905696421,0.8583918213844299,0.9478287100791932,-0.0007790153031237,0.8356230854988098,0.8399586081504822,0.0116730500012636,0.8858537077903748,0.8229791522026062,0.0077473656274378,0.9156511425971984,0.8101564049720764,0.0018377599772065,0.9392686486244202,0.7967322468757629,-0.003785083303228,0.8283762335777283,0.8051493763923645,0.0056402799673378,0.881632387638092,0.7749273777008057,2.9130957045708783e-05,0.9153547286987304,0.755307674407959,-0.0092803500592708,0.941179096698761,0.7370202541351318,-0.016214856877923,0.8117931485176086,0.779730498790741,-0.0029940635431557,0.8510233759880066,0.7245326638221741,-0.0136695895344018,0.8784526586532593,0.6896350383758545,-0.0276019945740699,0.9019551873207092,0.6592937707901001,-0.0368636287748813,0.7878720760345459,0.7646510004997253,-0.0120213134214282,0.8117008805274963,0.7103908061981201,-0.024934658780694,0.8282947540283203,0.6762575507164001,-0.0345904193818569,0.8457402586936951,0.6483107805252075,-0.0409682653844356,0.05778647576180163,0.02286685334974017
0.0,0.7287381291389465,0.8587505221366882,4.0164457004721044e-07,0.7700561285018921,0.9112630486488342,-0.0031694406643509,0.8077484369277954,0.9288687705993652,-0.0018784080166369,0.8424665927886963,0.939280927181244,-0.0027658829931169,0.8626790642738342,0.9579648971557616,-0.003452586941421,0.8465020060539246,0.8296725153923035,0.0188951734453439,0.8929858803749084,0.8185019493103027,0.0218764804303646,0.92124205827713,0.8085643649101257,0.0210965294390916,0.9408532977104188,0.7969635128974915,0.0189113859087228,0.8411554098129272,0.792693555355072,0.0148395346477627,0.8914514780044556,0.7696935534477234,0.0174796935170888,0.9197933077812196,0.754235029220581,0.0144223105162382,0.9403296709060668,0.7377004027366638,0.0115995006635785,0.8274754285812378,0.7635161876678467,0.0081392750144004,0.8651344180107117,0.7151235938072205,0.0046967007219791,0.8901364803314209,0.6858994960784912,-0.0038661325816065,0.9090696573257446,0.6597940921783447,-0.0098854266107082,0.8083462715148926,0.7448403835296631,0.0007859152392484,0.8328449130058289,0.6953399181365967,-0.0057648592628538,0.8496508598327637,0.6655253767967224,-0.0119753284379839,0.8657910823822021,0.6409443020820618,-0.0161482561379671,0.06218067578036167,0.027533730220564122
0.0,0.7087815999984741,0.8623019456863403,3.65836228866101e-07,0.7503582239151001,0.9117568135261536,-0.0047511565499007,0.7879086136817932,0.9294439554214478,-0.0034063514322042,0.8200293183326721,0.9347009062767028,-0.0037475863937288,0.8413001298904419,0.9439048171043396,-0.003882355056703,0.8267633318901062,0.8246780037879944,0.0129023939371109,0.8737740516662598,0.8119445443153381,0.0117023615166544,0.901938796043396,0.8026679754257202,0.0081262355670332,0.9234991073608398,0.7918450236320496,0.0044924756512045,0.8204345107078552,0.7877471446990967,0.00870665255934,0.872310221195221,0.7631938457489014,0.0066129225306212,0.9029412269592284,0.7465524673461914,0.0012633400037884,0.9245365858078004,0.7303842902183533,-0.0027409179601818,0.8051567673683167,0.7597391605377197,0.0018264392856508,0.8440742492675781,0.7099043130874634,-0.0058457921259105,0.8693550825119019,0.6797902584075928,-0.0160790402442216,0.888563334941864,0.6534203290939331,-0.0223561245948076,0.7828647494316101,0.7414320707321167,-0.0056100492365658,0.8077381253242493,0.6891295909881592,-0.0155842565000057,0.8237674236297607,0.6572657823562622,-0.0227028559893369,0.8389768004417419,0.631056010723114,-0.0268827974796295,0.05531724055952773,0.023177091306757252
0.0,0.5775762796401978,0.8491120338439941,4.347735114151874e-07,0.6282142400741577,0.8904728889465332,-0.0107445148751139,0.6770604848861694,0.9066025018692015,-0.0162002649158239,0.7153041958808899,0.9217770099639891,-0.0231033042073249,0.7433124780654907,0.9426419734954834,-0.030425326898694,0.7144051194190979,0.8042348623275757,-0.000163067743415,0.7676851749420166,0.7913839221000671,-0.0094278184697031,0.7985084056854248,0.7843859791755676,-0.0190898198634386,0.8239918351173401,0.775345504283905,-0.0267519112676382,0.7028880715370178,0.7651520371437073,-0.005253994371742,0.7585070729255676,0.7384749054908752,-0.0140216927975416,0.7941868305206299,0.7227127552032471,-0.0242782402783632,0.820279061794281,0.7078051567077637,-0.0318649560213089,0.6808875799179077,0.7365169525146484,-0.0132048763334751,0.7235457897186279,0.6868852972984314,-0.0250365864485502,0.7525652050971985,0.6569930911064148,-0.037352368235588,0.7758342027664185,0.6322566866874695,-0.0454884618520736,0.6513854265213013,0.7182557582855225,-0.0222339518368244,0.6755977869033813,0.6647797226905823,-0.0354833155870437,0.6928985714912415,0.6302157044410706,-0.0434182360768318,0.7102585434913635,0.6009616851806641,-0.0481821745634079,0.07674973943767435,0.035685047154175614
0.0,0.5235067009925842,0.8395857214927673,4.080265796346794e-07,0.5685594081878662,0.8780809640884399,-0.0226001311093568,0.6173179149627686,0.8988474607467651,-0.0350078716874122,0.6570861339569092,0.9087162017822266,-0.0463845133781433,0.6906775832176208,0.9228781461715698,-0.0579161457717418,0.6529105305671692,0.7930178642272949,-0.0214358530938625,0.7063164114952087,0.7729317545890808,-0.037444319576025,0.736069917678833,0.7608935236930847,-0.0495568811893463,0.7606124877929688,0.7482904195785522,-0.0580776073038578,0.6396084427833557,0.7531160712242126,-0.0227143708616495,0.6942396759986877,0.7237735986709595,-0.037659216672182,0.7285144329071045,0.704694390296936,-0.0494879446923732,0.7550696134567261,0.6871997117996216,-0.057707279920578,0.616223931312561,0.723936915397644,-0.0270674377679824,0.6571416854858398,0.6731242537498474,-0.0430439710617065,0.6839662790298462,0.6425281167030334,-0.0553220100700855,0.7072588801383972,0.6186320781707764,-0.0634185224771499,0.5850597620010376,0.705685019493103,-0.0333427749574184,0.6035406589508057,0.6521670818328857,-0.0494435727596282,0.616485595703125,0.6172589659690857,-0.0579343512654304,0.6305192112922668,0.5868510007858276,-0.0629294514656066,0.08052269114958013,0.0382351236166814
0.0,0.461292415857315,0.8381909728050232,4.624750715720438e-07,0.5086526870727539,0.8699080348014832,-0.0199266597628593,0.5572906136512756,0.8813601732254028,-0.0325116626918315,0.5972111821174622,0.8883986473083496,-0.0443739145994186,0.6297109127044678,0.901265263557434,-0.0569110512733459,0.5847968459129333,0.7744054198265076,-0.0234714057296514,0.6371822953224182,0.7501676082611084,-0.0406908057630062,0.6676183342933655,0.7348034381866455,-0.0535760596394538,0.69287109375,0.7207145094871521,-0.0625395700335502,0.5695805549621582,0.7359835505485535,-0.0264632403850555,0.6231393814086914,0.6972148418426514,-0.0413085296750068,0.6573589444160461,0.6755645275115967,-0.0524672679603099,0.6843132376670837,0.6569262742996216,-0.0602841936051845,0.5435950756072998,0.7111755609512329,-0.0320784002542495,0.5818911194801331,0.6532685160636902,-0.0481706634163856,0.6067509651184082,0.6170192956924438,-0.0604786574840545,0.6285910606384277,0.5882894396781921,-0.0684967190027237,0.5102508068084717,0.6987287998199463,-0.039146889001131,0.5261408090591431,0.6396660804748535,-0.054748348891735,0.5374714732170105,0.6045492887496948,-0.0625316128134727,0.5498999953269958,0.5754159092903137,-0.0670313164591789,0.07896988349511373,0.03713437892182772
0.0,0.4094699621200561,0.8343092203140259,5.187951046536909e-07,0.4578965902328491,0.865081787109375,-0.0269831959158182,0.5083709359169006,0.8764811754226685,-0.0428271666169166,0.5495781898498535,0.879855215549469,-0.0567056573927402,0.5835049748420715,0.8923624753952026,-0.0710233896970748,0.5283632278442383,0.7645328044891357,-0.0310564562678337,0.5814703106880188,0.7432683110237122,-0.0519377365708351,0.6146392822265625,0.7288970947265625,-0.0676332414150238,0.6427956819534302,0.7146533727645874,-0.0781421214342117,0.5116590261459351,0.7274098992347717,-0.0316198766231536,0.5654048919677734,0.686450719833374,-0.0491338297724723,0.5984775424003601,0.6602703332901001,-0.0620311982929706,0.6251791715621948,0.63664311170578,-0.0710054486989975,0.485650897026062,0.7048901915550232,-0.0352141335606575,0.5191187858581543,0.649804949760437,-0.053359605371952,0.5407816171646118,0.6149951219558716,-0.0654590651392936,0.5597779154777527,0.5864114761352539,-0.0730847418308258,0.4524547457695007,0.6951679587364197,-0.041105929762125,0.463918924331665,0.638672947883606,-0.0579203329980373,0.4729189872741699,0.602094292640686,-0.0655537322163581,0.4839474856853485,0.5690391063690186,-0.0698831155896186,0.08180688534599491,0.03889030402420991
0.0,0.3265555202960968,0.8367159962654114,3.6545503689922043e-07,0.3702535331249237,0.834963321685791,-0.0131300166249275,0.4020703732967376,0.7975794076919556,-0.0212665740400552,0.4252701997756958,0.7614565491676331,-0.0279533341526985,0.4463039040565491,0.7344837188720703,-0.0358502529561519,0.4005054235458374,0.7496045231819153,-0.0353734828531742,0.435827374458313,0.7002609372138977,-0.0537392534315586,0.4565085470676422,0.6712354421615601,-0.063642494380474,0.4727082848548889,0.6490835547447205,-0.0702215433120727,0.3842906653881073,0.7408395409584045,-0.0396003797650337,0.416467934846878,0.693091869354248,-0.0618100352585315,0.437405526638031,0.6581767201423645,-0.0770063996315002,0.4530529081821441,0.6282263994216919,-0.0866778567433357,0.3642280697822571,0.7470310926437378,-0.0433571375906467,0.3728731274604797,0.703637957572937,-0.0657948106527328,0.3803993463516235,0.6703796982765198,-0.081648364663124,0.3883048295974731,0.6415296196937561,-0.0918669700622558,0.3433436453342438,0.762758195400238,-0.0469449795782566,0.3395211100578308,0.7465875744819641,-0.0684464797377586,0.3420592248439789,0.7377747893333435,-0.0797882452607154,0.346656322479248,0.7291051149368286,-0.0867052525281906,0.07842419831826643,0.035104296268632824
0.0,0.2881904244422912,0.8587899804115295,2.620896282223839e-07,0.307639867067337,0.8019574284553528,-0.0022833924740552,0.3369779586791992,0.7469550371170044,-0.0110479686409235,0.3567456901073456,0.6979038715362549,-0.0201155506074428,0.362024188041687,0.6550208330154419,-0.0301748588681221,0.3563603162765503,0.7511944770812988,-0.0328785702586174,0.4040747582912445,0.6995811462402344,-0.0527026318013668,0.4299484491348266,0.6706687808036804,-0.0626064836978912,0.4499752819538116,0.6447221636772156,-0.0684768483042717,0.3597597777843475,0.7759727835655212,-0.0422040671110153,0.4086803197860718,0.7231805324554443,-0.0618828870356082,0.4345760345458984,0.6896808743476868,-0.070609763264656,0.45323646068573,0.6611891984939575,-0.0755869597196579,0.3610911667346954,0.8139356970787048,-0.0502442643046379,0.409195065498352,0.7902141213417053,-0.0694110542535781,0.4337242245674133,0.7749620676040649,-0.0751275867223739,0.4515514969825744,0.7568433880805969,-0.0772620141506195,0.3607424795627594,0.8605509400367737,-0.057309404015541,0.3971438109874725,0.8530464768409729,-0.0711489245295524,0.4176084399223327,0.8465754985809326,-0.0730746462941169,0.435892105102539,0.8355828523635864,-0.0731563940644264,0.0971856440984439,0.044362227355079324
0.0,0.2926423549652099,0.884966254234314,2.2472377736448837e-07,0.301882266998291,0.8209860324859619,0.0006956923753023,0.3217944502830505,0.7575181722640991,-0.0047905049286782,0.3335040509700775,0.7042259573936462,-0.0108123505488038,0.3306610882282257,0.6635946035385132,-0.0174038857221603,0.3564618229866028,0.7636500000953674,-0.0230996049940586,0.3993047773838043,0.7013417482376099,-0.0370903834700584,0.4224043190479278,0.6682708263397217,-0.0433245226740837,0.4396671056747436,0.6401821374893188,-0.0472975857555866,0.3670645356178283,0.7901303768157959,-0.0323597453534603,0.4127686619758606,0.7293807864189148,-0.0459253825247287,0.4363301396369934,0.6934268474578857,-0.0520718283951282,0.4530348181724548,0.6633341908454895,-0.0559494867920875,0.3737805783748626,0.8289585113525391,-0.0404670536518096,0.4249686002731323,0.8004396557807922,-0.0548911802470684,0.4537516832351684,0.7831047177314758,-0.0598708540201187,0.4755524098873138,0.7646394968032837,-0.0622564032673835,0.3766511678695678,0.8741883039474487,-0.0474551692605018,0.4173507988452911,0.8665038347244263,-0.0593950115144252,0.4423876702785492,0.8595667481422424,-0.0613951422274112,0.4653598070144653,0.8474423289299011,-0.0616632774472236,0.09518062515891598,0.041260606990132724
0.0,0.3238363265991211,0.9111695289611816,2.054639338666675e-07,0.3176884949207306,0.8443744778633118,-0.0003663368115667,0.3230872750282287,0.7788434624671936,-0.006412586197257,0.3240577578544616,0.7246059775352478,-0.0124939074739813,0.3159372210502624,0.6877537965774536,-0.0192939098924398,0.3766593635082245,0.7743903994560242,-0.021886970847845,0.4080256223678589,0.7033076882362366,-0.0340144224464893,0.4252408444881439,0.6633278131484985,-0.0394285470247268,0.4365102350711822,0.6323872208595276,-0.0424119569361209,0.3963725566864013,0.7997744083404541,-0.0286401789635419,0.4335901439189911,0.7272919416427612,-0.0402570776641368,0.4546630978584289,0.6851165294647217,-0.0448666177690029,0.4689304530620575,0.6525120139122009,-0.0472498312592506,0.4107254147529602,0.8363979458808899,-0.0343691892921924,0.4583930969238281,0.7932360172271729,-0.0457752458751201,0.487600713968277,0.768775224685669,-0.0502894297242164,0.5083479285240173,0.7478099465370178,-0.0523145161569118,0.4192240238189697,0.877444863319397,-0.0390443094074726,0.4604219794273376,0.8585699200630188,-0.0480025336146354,0.4848904013633728,0.8464360237121582,-0.048635896295309,0.5061269402503967,0.8324292302131653,-0.0477631539106369,0.09227339271931194,0.03834405289253347
0.0,0.3550202250480652,0.9358150959014891,1.863836018856091e-07,0.3385244607925415,0.8684269785881042,0.0007606968283653,0.3310490846633911,0.8029168248176575,-0.0057072071358561,0.3225545287132263,0.7496659159660339,-0.0124837467446923,0.3095487058162689,0.7134360671043396,-0.0199545696377754,0.3959493935108185,0.7799674868583679,-0.0187143553048372,0.4177509546279907,0.7040890455245972,-0.029053384438157,0.4283106923103332,0.6613953113555908,-0.033824548125267,0.4364422559738159,0.6275022625923157,-0.036460094153881,0.4207569062709808,0.8000966310501099,-0.0259193945676088,0.453283280134201,0.7211830615997314,-0.0358867384493351,0.471221774816513,0.6756863594055176,-0.0396965555846691,0.4844644665718078,0.6415437459945679,-0.0419108234345912,0.439597487449646,0.8319931030273438,-0.0321399495005607,0.4846176505088806,0.7787060141563416,-0.0413841418921947,0.5103669762611389,0.7452587485313416,-0.0454700179398059,0.5284837484359741,0.7169947028160095,-0.0477821640670299,0.4524020850658417,0.8700444102287292,-0.0373426675796508,0.4955847263336181,0.8414361476898193,-0.0435421839356422,0.5200057625770569,0.8224555850028992,-0.043125033378601,0.5401944518089294,0.8024834990501404,-0.0420650690793991,0.09312389397883,0.03921181674531352
0.0,0.3815725445747375,0.9327148795127868,1.5162625288667186e-07,0.3473788797855377,0.8787475824356079,-0.0019285862799733,0.3260525166988373,0.8206291198730469,-0.0085010481998324,0.3078120648860931,0.7744680047035217,-0.0152803799137473,0.2873909473419189,0.7476924657821655,-0.0229977443814277,0.3884209096431732,0.7642717361450195,-0.014015145599842,0.3935802578926086,0.6856919527053833,-0.0220014676451683,0.3955779075622558,0.6425297260284424,-0.0273757092654705,0.3971463441848755,0.6089514493942261,-0.0311817489564418,0.417582094669342,0.7747275829315186,-0.0206789821386337,0.4325128197669983,0.6898178458213806,-0.0264250617474317,0.4403344690799713,0.6407573819160461,-0.0308181624859571,0.4471650123596191,0.604950487613678,-0.0347687490284442,0.4421945810317993,0.7985320687294006,-0.0273053739219903,0.4725676476955414,0.7241121530532837,-0.0357744321227073,0.4915894567966461,0.6817220449447632,-0.0423698127269744,0.5058783292770386,0.6492235660552979,-0.0471709631383419,0.4624053239822387,0.8299956917762756,-0.0332011431455612,0.4939005970954895,0.7786882519721985,-0.0413696579635143,0.5119717717170715,0.7490596771240234,-0.0432796254754066,0.5263954997062683,0.7218098044395447,-0.0442470461130142,0.08381304585381782,0.0345472030793964
0.0,0.3948127627372741,0.919831395149231,2.1514425441182539e-07,0.3507125377655029,0.8780673742294312,-0.0020577337127178,0.3224833905696869,0.8333260416984558,-0.0092310709878802,0.295794129371643,0.7915005087852478,-0.0155752627179026,0.2721761167049408,0.7660756707191467,-0.0220145992934703,0.3814936876296997,0.7658483386039734,-0.0183208044618368,0.374846875667572,0.6895609498023987,-0.026188388466835,0.3704468905925751,0.6477090120315552,-0.0299171693623065,0.3693194985389709,0.6121256351470947,-0.0321593545377254,0.4113539755344391,0.7670151591300964,-0.0202410072088241,0.4174798727035522,0.6846641302108765,-0.0306494999676942,0.4208185076713562,0.6375054717063904,-0.0349683798849582,0.425180971622467,0.6020249128341675,-0.0375013649463653,0.436544805765152,0.7829868197441101,-0.0208254233002662,0.4658103585243225,0.7159007787704468,-0.0300010796636343,0.4848708510398865,0.6781713962554932,-0.0340522490441799,0.498596042394638,0.648705244064331,-0.0353851355612278,0.4534759521484375,0.8066456317901611,-0.0202119220048189,0.4813512861728668,0.7537068128585815,-0.0237856265157461,0.4959327578544616,0.7276529669761658,-0.0214535724371671,0.5087544322013855,0.704846203327179,-0.0189714152365922,0.0849520617554223,0.035294446709722094
0.0,0.2835041582584381,0.8723973035812378,6.821571219006728e-07,0.3444736003875732,0.8710155487060547,-0.0364485420286655,0.3995668590068817,0.855151355266571,-0.0595396310091018,0.4449203908443451,0.8410807251930237,-0.0797185748815536,0.4860933423042297,0.8384430408477783,-0.0999405458569526,0.3716740906238556,0.7086838483810425,-0.0418985784053802,0.4125144779682159,0.6436411142349243,-0.066409446299076,0.4379123151302337,0.6031066179275513,-0.0841832906007766,0.459290474653244,0.5671772956848145,-0.0966120287775993,0.3383130431175232,0.6812869310379028,-0.0398685969412326,0.3737646639347076,0.5997814536094666,-0.0612276345491409,0.3977325856685638,0.549248456954956,-0.0763155817985534,0.4167546033859253,0.5071018934249878,-0.0873455107212066,0.3007615208625793,0.6763503551483154,-0.0418422035872936,0.3078232705593109,0.5884923934936523,-0.0648118630051612,0.3146117031574249,0.5309027433395386,-0.082165353000164,0.3230550289154053,0.4826279878616333,-0.0935060605406761,0.2622780203819275,0.6913622617721558,-0.0466177687048912,0.2454786598682403,0.623420774936676,-0.0675984546542167,0.2363748848438263,0.578271746635437,-0.0792521685361862,0.2318366467952728,0.5352911353111267,-0.0867921859025955,0.09694448928673957,0.04594668019294805
0.0,0.2725498974323272,0.8110086917877197,6.790076554352709e-07,0.3320348858833313,0.8184669017791748,-0.0382351912558078,0.3852188289165497,0.8091858625411987,-0.0630281716585159,0.4313772320747375,0.8006525039672852,-0.0847446918487548,0.4737798273563385,0.7991988658905029,-0.1069585531949997,0.3710155189037323,0.6648066639900208,-0.0468861050903797,0.4162877202033996,0.6066352725028992,-0.0731644183397293,0.4443276524543762,0.5699778199195862,-0.0921450704336166,0.4675758183002472,0.5368943214416504,-0.1055600643157959,0.3432362377643585,0.6323502063751221,-0.0451106205582618,0.3847420513629913,0.5561167001724243,-0.0681633725762367,0.4123409688472748,0.5078209638595581,-0.0846856832504272,0.4341301321983337,0.4668553471565246,-0.0969114452600479,0.3076235353946686,0.6206920742988586,-0.0471956841647625,0.3259418606758117,0.5313938856124878,-0.0713710263371467,0.3383977711200714,0.474955290555954,-0.0887790918350219,0.3519275784492492,0.427158921957016,-0.1003482863306999,0.2679016590118408,0.6281850337982178,-0.0521257482469081,0.2586225271224975,0.5557397603988647,-0.074574127793312,0.2554647624492645,0.508158266544342,-0.0866550430655479,0.2581807076931,0.4638559222221374,-0.0945595055818557,0.09936130518815824,0.04789100945045653
0.0,0.2422201931476593,0.74169921875,7.516707682952983e-07,0.3041472733020782,0.7436262965202332,-0.0421901643276214,0.3575856685638428,0.7276452779769897,-0.0684545040130615,0.4045745134353637,0.7169883251190186,-0.0911152586340904,0.4479153156280517,0.7201821804046631,-0.1140498220920562,0.3414523005485534,0.5727707743644714,-0.0497547909617424,0.3874516189098358,0.507105827331543,-0.0774034187197685,0.4148309528827667,0.4624606370925903,-0.0975854620337486,0.4372238218784332,0.4225786328315735,-0.1122616603970527,0.3082510530948639,0.5401031970977783,-0.0473042428493499,0.3457170128822326,0.4534756541252136,-0.0727205500006675,0.371590793132782,0.3973998725414276,-0.0907661765813827,0.3921776711940765,0.3493440449237823,-0.1037083119153976,0.2691264748573303,0.5325127840042114,-0.0491424389183521,0.2798888385295868,0.4372115731239319,-0.0762109085917472,0.2897937595844269,0.3720591068267822,-0.0961465388536453,0.3011322319507599,0.3155294954776764,-0.1089843437075614,0.2271411716938018,0.5459405183792114,-0.0541541837155818,0.2144230008125305,0.4710409045219421,-0.0795420408248901,0.2093397080898285,0.4190529584884643,-0.0936110243201255,0.2104134708642959,0.3686235547065735,-0.102628581225872,0.10145972597461181,0.04913878353499208
0.0,0.786268949508667,0.7264053821563721,4.939395239489386e-07,0.7063519358634949,0.7471763491630554,-0.0330955609679222,0.6262185573577881,0.7439567446708679,-0.0544572956860065,0.560529887676239,0.742162823677063,-0.0735022872686386,0.5087894201278687,0.7465066313743591,-0.092286892235279,0.6166996359825134,0.5765554308891296,-0.0298135913908481,0.5520606637001038,0.5132378935813904,-0.0516967251896858,0.5133248567581177,0.4760075807571411,-0.0707345306873321,0.4816100597381592,0.4416321516036987,-0.0852273479104042,0.6482651829719543,0.531771183013916,-0.0324732847511768,0.589332103729248,0.4445193409919739,-0.0507303476333618,0.5513892769813538,0.3917809128761291,-0.0670989602804184,0.5199648141860962,0.3480492234230041,-0.0798577666282653,0.6893534660339355,0.5062679648399353,-0.0400116331875324,0.6439594626426697,0.4123768210411072,-0.0608068257570266,0.6156424880027771,0.3553390800952911,-0.0756144672632217,0.5890989899635315,0.3069498836994171,-0.0862526446580886,0.736937403678894,0.4950234293937683,-0.0506643466651439,0.7161051034927368,0.4087033569812774,-0.0704882442951202,0.6991614103317261,0.3540504276752472,-0.0797297656536102,0.6808021664619446,0.3056919276714325,-0.0858419388532638,0.12339847068681452,0.05521599434210876
0.0,0.7634426951408386,0.7607603073120117,3.983019496445195e-07,0.6888570785522461,0.782336950302124,-0.027239529415965,0.6124281287193298,0.7826578617095947,-0.0452590137720108,0.5512781143188477,0.7852076888084412,-0.0618918351829052,0.5042909979820251,0.7898842096328735,-0.0783098489046096,0.6006843447685242,0.6257383823394775,-0.0238682702183723,0.5372100472450256,0.5705061554908752,-0.0435908250510692,0.4999991953372955,0.5377412438392639,-0.0599849969148635,0.4696954488754272,0.5106271505355835,-0.0717819556593895,0.6281502842903137,0.5804481506347656,-0.0276197139173746,0.5679436922073364,0.496808648109436,-0.0431512296199798,0.5304360389709473,0.4516334533691406,-0.0561984591186046,0.5006061792373657,0.4190813601016998,-0.0657418817281723,0.6660072803497314,0.5525394678115845,-0.0357304476201534,0.6190499663352966,0.4620338082313537,-0.0536813288927078,0.5883631110191345,0.4109835624694824,-0.0656302347779274,0.5616060495376587,0.3725136220455169,-0.0736833810806274,0.7102680206298828,0.538657009601593,-0.0463795587420463,0.687841534614563,0.456229418516159,-0.0624077692627906,0.6698293089866638,0.404793918132782,-0.0684803649783134,0.6515202522277832,0.3637619316577911,-0.0721059590578079,0.11330585532693105,0.04999210060837128
0.0,0.7903896570205688,0.7260445356369019,2.821489601956273e-07,0.7226218581199646,0.7439403533935547,-0.0196926742792129,0.6461465954780579,0.7415725588798523,-0.0319913960993289,0.5881391763687134,0.7318852543830872,-0.0425553433597087,0.5475225448608398,0.7311923503875732,-0.0525963678956031,0.6499962210655212,0.6090682148933411,-0.0235171895474195,0.5927277207374573,0.5524571537971497,-0.0398337878286838,0.5592904090881348,0.5199524760246277,-0.0523520484566688,0.5330818891525269,0.4935154914855957,-0.0609873346984386,0.6752241849899292,0.5690162777900696,-0.0262210965156555,0.620364248752594,0.4941657781600952,-0.0384218171238899,0.5859857797622681,0.4503993690013885,-0.0471588112413883,0.5611922740936279,0.4179510176181793,-0.0537794418632984,0.7073217034339905,0.5437442064285278,-0.0317076817154884,0.6664972305297852,0.4653480350971222,-0.0453109368681907,0.6401767134666443,0.416187047958374,-0.0536023303866386,0.6205412745475769,0.3802070617675781,-0.0590184517204761,0.7445960640907288,0.5295284390449524,-0.0389486476778984,0.7225915193557739,0.4566466212272644,-0.0513795353472232,0.7048463225364685,0.4112308621406555,-0.0558058023452758,0.6892266273498535,0.3745551705360412,-0.0581244304776191,0.10128680541519719,0.04184510777526828
0.0,0.8221620917320251,0.7042710781097412,3.201999732027616e-07,0.7542867660522461,0.719100832939148,-0.0195565745234489,0.6831470131874084,0.7113164067268372,-0.0312088057398796,0.63255774974823,0.6988486051559448,-0.0419001318514347,0.5945680737495422,0.6934733390808105,-0.0522939004004001,0.682992696762085,0.574794590473175,-0.0185441840440034,0.6296280026435852,0.5162652730941772,-0.035181775689125,0.59990394115448,0.4799248874187469,-0.049286663532257,0.5770937204360962,0.4492652416229248,-0.0595858357846736,0.7110238075256348,0.5365262031555176,-0.0235046725720167,0.6616677045822144,0.4612514972686767,-0.0374278835952281,0.6317417621612549,0.4148752093315124,-0.0495617985725402,0.6092349290847778,0.3795560598373413,-0.0584369301795959,0.7459408640861511,0.5137767195701599,-0.0317737385630607,0.705919086933136,0.4344480037689209,-0.0480483770370483,0.6832069158554077,0.3866440057754516,-0.0584947168827056,0.66501784324646,0.3498449921607971,-0.0653179585933685,0.7866944670677185,0.5029446482658386,-0.0419142842292785,0.769521951675415,0.4304141402244568,-0.0566033124923706,0.7559000253677368,0.3843770027160644,-0.0620280131697654,0.7427617907524109,0.3465745449066162,-0.0651046335697174,0.09278569281845646,0.039750967189657455
0.0,0.8419763445854187,0.69400954246521,3.8606938801422085e-07,0.7706277370452881,0.7019956111907959,-0.0270936861634254,0.7006978988647461,0.6867297887802124,-0.0426176786422729,0.646337628364563,0.6664784550666809,-0.0562284849584102,0.6022722125053406,0.6514399647712708,-0.0688101351261138,0.7056512832641602,0.539812445640564,-0.0189106613397598,0.6566569805145264,0.4772892594337463,-0.0368919558823108,0.6282806396484375,0.4408615231513977,-0.0528710782527923,0.60600346326828,0.4080650806427002,-0.0648319125175476,0.7384466528892517,0.5066882371902466,-0.0218174885958433,0.6965948939323425,0.4261637330055237,-0.0368431620299816,0.671096682548523,0.3760468363761902,-0.0502220280468463,0.6509107351303101,0.334009051322937,-0.0602069124579429,0.7772507667541504,0.4911436140537262,-0.0294180680066347,0.7452399730682373,0.4074084162712097,-0.0483701229095459,0.7270722389221191,0.354876309633255,-0.0600903555750846,0.7101568579673767,0.3097961544990539,-0.06769560277462,0.8208316564559937,0.4887652099132538,-0.0396046377718448,0.8086954951286316,0.413146436214447,-0.0576233565807342,0.7982594966888428,0.3650256395339966,-0.0645183250308036,0.7862315773963928,0.3217252492904663,-0.0684530809521675,0.10779161465791316,0.048230850978951544
0.0,0.8160771131515503,0.7075495719909668,3.6406134995559125e-07,0.7469663619995117,0.7202481031417847,-0.0218852534890174,0.6744694113731384,0.7037023305892944,-0.0326761379837989,0.6223133206367493,0.6832461357116699,-0.0420220345258712,0.5816917419433594,0.6734619140625,-0.0510017573833465,0.6782630681991577,0.565371036529541,-0.0150583824142813,0.6293106079101562,0.5057123899459839,-0.0298138204962015,0.6020442247390747,0.4689942598342895,-0.0430236645042896,0.5813978910446167,0.4360993504524231,-0.0533718578517437,0.7094873785972595,0.5287171602249146,-0.0188109558075666,0.6661293506622314,0.4487103521823883,-0.0310399681329727,0.6396390199661255,0.4001440405845642,-0.0428491868078708,0.6187936067581177,0.3613713383674621,-0.0520750731229782,0.7469691634178162,0.5099897980690002,-0.0265195183455944,0.7133868336677551,0.4279688894748688,-0.042969100177288,0.6934879422187805,0.3789266943931579,-0.0543526671826839,0.6754825711250305,0.338154673576355,-0.0621715672314167,0.7893109321594238,0.5041841864585876,-0.0362454950809478,0.7775415778160095,0.4299447238445282,-0.0519803203642368,0.7673963308334351,0.383220911026001,-0.0586681067943573,0.7553263902664185,0.3425148129463196,-0.0630209594964981,0.0992874970120229,0.04273732644212103
0.0,0.7767785787582397,0.715299129486084,3.1681125278737454e-07,0.7079048752784729,0.7230839729309082,-0.0221204087138175,0.6395968794822693,0.7091039419174194,-0.0348440296947956,0.5867884755134583,0.6953935027122498,-0.0464294590055942,0.5469703078269958,0.6888344883918762,-0.0579974725842475,0.6481765508651733,0.5793888568878174,-0.0159281808882951,0.5985451936721802,0.5222529768943787,-0.0323340445756912,0.5692785978317261,0.4884181618690491,-0.0472407005727291,0.5451134443283081,0.457622766494751,-0.0585329979658126,0.676123321056366,0.5442759394645691,-0.0197081007063388,0.6332272291183472,0.4680093824863434,-0.0333060100674629,0.6047583818435669,0.4216190278530121,-0.0461756475269794,0.5814458727836609,0.3845203518867492,-0.0561667457222938,0.7102565169334412,0.5253934860229492,-0.0274307541549205,0.6782593131065369,0.4470255374908447,-0.0427793301641941,0.6557285785675049,0.3985555171966553,-0.0541696995496749,0.6353107690811157,0.3579983413219452,-0.0623594596982002,0.7484270930290222,0.5182203650474548,-0.0374136716127395,0.7341964244842529,0.4480738639831543,-0.0515114031732082,0.7214167714118958,0.4021671116352081,-0.0577422827482223,0.7077344655990601,0.3616067171096802,-0.0620480962097644,0.0976043771583466,0.04198006770978354
0.0,0.7746918201446533,0.7042219638824463,2.8945262897650537e-07,0.7078471183776855,0.7140048742294312,-0.0190087370574474,0.6404183506965637,0.7026901841163635,-0.0308887083083391,0.5881059765815735,0.688062310218811,-0.041549913585186,0.549674391746521,0.684402585029602,-0.0520942956209182,0.6508308053016663,0.5809394717216492,-0.0186748094856739,0.6005789637565613,0.5250709056854248,-0.0341246947646141,0.5717074871063232,0.490421712398529,-0.0470847375690937,0.5494377017021179,0.4595505595207214,-0.0565024502575397,0.6778836250305176,0.5454707145690918,-0.0218432340770959,0.6329309940338135,0.4720833003520965,-0.0342741422355175,0.6038140058517456,0.4266451597213745,-0.0448698066174984,0.5819767713546753,0.3909886479377746,-0.0530723743140697,0.7101699113845825,0.5250983238220215,-0.0279509276151657,0.6750755906105042,0.4487694203853607,-0.0417977571487426,0.6514581441879272,0.4021520018577575,-0.0515995435416698,0.6321769952774048,0.3661078810691833,-0.0584209337830543,0.7458446621894836,0.5151045918464661,-0.0358082838356494,0.7301908135414124,0.4468139410018921,-0.0483682230114936,0.7154927253723145,0.4036235809326172,-0.0536842048168182,0.7012135982513428,0.3674525618553161,-0.0570224970579147,0.09496620082722365,0.04001954889688088
0.0,0.855009138584137,0.712909460067749,3.425522834277217e-07,0.7886064052581787,0.7216359376907349,-0.0190915316343307,0.7247430086135864,0.7043170928955078,-0.029532179236412,0.6755049824714661,0.6823053359985352,-0.0391580946743488,0.6376745104789734,0.6674913167953491,-0.0479406677186489,0.7319867610931396,0.577397346496582,-0.0109130349010229,0.6890035271644592,0.515533447265625,-0.0249415785074234,0.6643246412277222,0.4766213893890381,-0.0372846014797687,0.6463664174079895,0.4440990090370178,-0.0463583841919899,0.7633094191551208,0.546173095703125,-0.0149135617539286,0.7241958975791931,0.4695219993591308,-0.0274873860180377,0.6998711824417114,0.4195995330810547,-0.0392755977809429,0.6818901896476746,0.3802869319915771,-0.0475610494613647,0.7997463941574097,0.5303544402122498,-0.0225252192467451,0.7685365080833435,0.4522104859352112,-0.0393783040344715,0.7505102753639221,0.4000937342643738,-0.0505708567798137,0.7355837821960449,0.3585060834884643,-0.0570834204554557,0.8404847979545593,0.5268033146858215,-0.0317298993468284,0.8285297751426697,0.4558177292346954,-0.0474098585546016,0.8182618021965027,0.4104511737823486,-0.0534424856305122,0.8071526288986206,0.3725937008857727,-0.0563740544021129,0.09631164831419294,0.041566012142201035
0.0,0.8680431246757507,0.7247158885002136,3.684312446239346e-07,0.8017802238464355,0.7306919097900391,-0.0232964977622032,0.7374534606933594,0.7104862928390503,-0.0366518944501876,0.685422420501709,0.6880331635475159,-0.0485579222440719,0.6433513164520264,0.6831748485565186,-0.0597827956080436,0.7458484172821045,0.5849348306655884,-0.0174508765339851,0.703018307685852,0.5200826525688171,-0.0335784703493118,0.6783928871154785,0.4802510738372803,-0.0471056960523128,0.6598504185676575,0.4461753368377685,-0.0572736077010631,0.7779592871665955,0.552810549736023,-0.0204692874103784,0.7410756945610046,0.474046915769577,-0.0343240611255168,0.7189485430717468,0.4239095449447632,-0.0460825860500335,0.7022255659103394,0.3830523192882538,-0.0548067763447761,0.8151812553405762,0.5370691418647766,-0.0273528732359409,0.7866547703742981,0.4558536410331726,-0.0450221300125122,0.7708420753479004,0.4042843580245971,-0.0555305331945419,0.7572082281112671,0.3619833588600158,-0.0620849058032035,0.8561270236968994,0.5338640809059143,-0.0362898670136928,0.8468250036239624,0.4622240662574768,-0.0524191074073314,0.8381655812263489,0.4169040322303772,-0.0581391230225563,0.8282349705696106,0.3786926865577698,-0.0612473711371421,0.10067853360070846,0.043812998100428734
0.0,0.840385913848877,0.7254849076271057,3.777010704197892e-07,0.7730528116226196,0.7340884208679199,-0.0242347754538059,0.70804363489151,0.7173318862915039,-0.0386432595551013,0.6578783392906189,0.6962329149246216,-0.0511769279837608,0.6167405843734741,0.6805899739265442,-0.0627103894948959,0.7140584588050842,0.5894054174423218,-0.0199559554457664,0.6684150695800781,0.5281338691711426,-0.036746434867382,0.6450778245925903,0.4899645149707794,-0.0506468936800956,0.6294775009155273,0.4566711783409118,-0.0605554580688476,0.7456278204917908,0.5553715825080872,-0.0222947560250759,0.7038223147392273,0.479023665189743,-0.0360805578529834,0.6796474456787109,0.4312332272529602,-0.0482334978878498,0.6626574993133545,0.3924128711223602,-0.0572722181677818,0.7822165489196777,0.5372674465179443,-0.0284765008836984,0.7516096234321594,0.4582269489765167,-0.0456354692578315,0.7330103516578674,0.4083439111709595,-0.0570119768381118,0.717930793762207,0.3670252561569214,-0.064422957599163,0.823035717010498,0.5314586162567139,-0.0366979762911796,0.8130611777305603,0.4595462679862976,-0.0528411418199539,0.8041239380836487,0.4145475625991821,-0.0592661388218402,0.7943263649940491,0.3765382766723633,-0.0627681240439415,0.10131851707201578,0.04549766166652122
0.0,0.7815371751785278,0.7153713703155518,3.591917447920423e-07,0.715337872505188,0.7227088809013367,-0.0221026483923196,0.6467006802558899,0.7096682786941528,-0.0351905673742294,0.5943052768707275,0.695917546749115,-0.0464632175862789,0.5546298027038574,0.6931576132774353,-0.0576123744249343,0.65171879529953,0.5836169719696045,-0.0187769252806901,0.6030778884887695,0.5275407433509827,-0.0333835035562515,0.5765288472175598,0.4946045279502868,-0.0466709546744823,0.5557307600975037,0.4650628268718719,-0.0567387267947196,0.6800275444984436,0.548139214515686,-0.0211299937218427,0.6380273103713989,0.4708558917045593,-0.0323634482920169,0.612014889717102,0.42624032497406,-0.0435191243886947,0.591684103012085,0.3920937180519104,-0.0525744892656803,0.71379154920578,0.5280705094337463,-0.0268684346228837,0.6810647249221802,0.4479216039180755,-0.0396376103162765,0.659344494342804,0.4005142450332641,-0.0499910935759544,0.6411391496658325,0.3629186153411865,-0.0579208396375179,0.7515706419944763,0.5204348564147949,-0.0347187928855419,0.7371360659599304,0.4500507116317749,-0.0466580837965011,0.7254869341850281,0.4064040184020996,-0.0519434176385402,0.7137036919593811,0.3702259361743927,-0.055707711726427,0.09618932371694475,0.041304529792106484
0.0,0.6773743629455566,0.6735288500785828,2.9797257639074815e-07,0.6135927438735962,0.6968861818313599,-0.0223791375756263,0.5519217252731323,0.6938791275024414,-0.0356016308069229,0.4983121156692505,0.6819397211074829,-0.0461456328630447,0.4551711678504944,0.6730319261550903,-0.0561650469899177,0.5592527985572815,0.5655048489570618,-0.0235117822885513,0.5085150003433228,0.5138248801231384,-0.0355415530502796,0.4781260788440704,0.4829460084438324,-0.0445930063724517,0.4542025923728943,0.4563904106616974,-0.0513731651008129,0.5849099159240723,0.5260220170021057,-0.0227212756872177,0.5387795567512512,0.4545855522155761,-0.0324668958783149,0.5057637691497803,0.4153876304626465,-0.040667574852705,0.4800520539283752,0.3866170644760132,-0.0475545264780521,0.6139187216758728,0.5045627355575562,-0.0245366357266902,0.5805252194404602,0.4277792572975158,-0.0372753031551837,0.554241955280304,0.3852790594100952,-0.0484700463712215,0.5301610231399536,0.3516910374164581,-0.0564299225807189,0.6441189646720886,0.4956352412700653,-0.0277865305542945,0.6307706832885742,0.4241129755973816,-0.0416376516222953,0.6168333292007446,0.3811696171760559,-0.0497643575072288,0.6015147566795349,0.3457622528076172,-0.0549182146787643,0.10108476764935066,0.04517608713755863
0.0,0.6327919960021973,0.6515042781829834,2.633277347285912e-07,0.5724326968193054,0.6810730695724487,-0.0201997570693492,0.5122065544128418,0.6814801096916199,-0.0310276020318269,0.4606134295463562,0.6714056134223938,-0.0395578332245349,0.4215975105762481,0.667130708694458,-0.0482874475419521,0.5187370777130127,0.5547139644622803,-0.0213814806193113,0.4685470461845398,0.5041203498840332,-0.0332393683493137,0.4371882677078247,0.4750835299491882,-0.0429926291108131,0.4117380976676941,0.4503034353256225,-0.050343107432127,0.5429871678352356,0.51360684633255,-0.0212727673351764,0.4959782361984253,0.4445327818393707,-0.0308913495391607,0.462370216846466,0.405964195728302,-0.0399019978940486,0.4361101984977722,0.3762900233268738,-0.0474400520324707,0.5711951851844788,0.4890497326850891,-0.0236408077180385,0.5339367389678955,0.4149190783500671,-0.0360631458461284,0.5059879422187805,0.3730990886688232,-0.0477910041809082,0.4817722737789154,0.3401329219341278,-0.0560826882719993,0.6014291644096375,0.475491315126419,-0.0273606926202774,0.5839903354644775,0.4057618975639343,-0.0404107980430126,0.5683913826942444,0.3636937439441681,-0.0482319481670856,0.5519816875457764,0.3287979960441589,-0.0533321015536785,0.09334777126955145,0.04020849300391428
0.0,0.5985562205314636,0.644846498966217,2.3380330560485166e-07,0.5353484749794006,0.6764780282974243,-0.0209074579179286,0.4703848958015442,0.6787706017494202,-0.0320493206381797,0.4187910556793213,0.670651376247406,-0.0410690866410732,0.3792217671871185,0.6650786399841309,-0.0501207746565341,0.4696465134620666,0.5487620234489441,-0.0199903100728988,0.4190563261508941,0.5028355121612549,-0.0333250686526298,0.3881105780601501,0.4760494828224182,-0.0452649407088756,0.3620416522026062,0.4519667625427246,-0.0545057840645313,0.4918109178543091,0.5053229331970215,-0.0210383255034685,0.4434816539287567,0.4431433975696563,-0.0320495255291461,0.4098214507102966,0.4084512293338775,-0.0428436808288097,0.3822681605815887,0.3815973699092865,-0.0518255308270454,0.5192954540252686,0.4781633615493774,-0.0249106120318174,0.4799003303050995,0.4089635610580444,-0.0380364991724491,0.4506812989711761,0.3717493414878845,-0.0497430600225925,0.4243742823600769,0.3423734307289123,-0.0583581067621707,0.5500789284706116,0.4628246128559112,-0.0304987598210573,0.5291149616241455,0.3967933058738708,-0.0440003089606761,0.5118770599365234,0.3578240573406219,-0.0516576170921325,0.4941796064376831,0.325658917427063,-0.0567864291369915,0.09394021123081407,0.04097214953072922
0.0,0.5524568557739258,0.6503500938415527,1.914290095328397e-07,0.4928672611713409,0.6809921264648438,-0.0188132729381322,0.4308034777641296,0.6860995888710022,-0.0285665299743413,0.3816119134426117,0.6870697140693665,-0.0379120036959648,0.3438028991222381,0.6841316819190979,-0.0471016056835651,0.4217526018619537,0.5520615577697754,-0.0070718424394726,0.3725377321243286,0.5145013332366943,-0.0204915646463632,0.3409050703048706,0.4940485954284668,-0.0346257239580154,0.3142023086547851,0.4766080677509308,-0.0452392362058162,0.4396520853042602,0.5086596012115479,-0.0102627538144588,0.3920919299125671,0.4510134160518646,-0.0198807995766401,0.3577387034893036,0.4213356077671051,-0.0317320451140403,0.3288760781288147,0.3991641402244568,-0.0413497500121593,0.4651117324829101,0.4800425171852112,-0.0172000639140605,0.4249983131885528,0.4151174128055572,-0.0283680949360132,0.3971337974071502,0.3822013139724731,-0.0379283800721168,0.3717133104801178,0.3565717339515686,-0.0450727716088295,0.4953398108482361,0.4643551111221313,-0.0263577383011579,0.4724054932594299,0.4030653238296509,-0.0372309200465679,0.4536581635475158,0.367519199848175,-0.0419976972043514,0.4348824918270111,0.337890088558197,-0.0451228506863117,0.08897484123808233,0.03902053794458419
0.0,0.4768780469894409,0.6491129398345947,2.094695474852415e-07,0.4214397966861725,0.6858980655670166,-0.0214691553264856,0.3608308136463165,0.6999149322509766,-0.0340671427547931,0.3102052211761474,0.7073802947998047,-0.0458827912807464,0.2717216610908508,0.7110722661018372,-0.0576579943299293,0.3406568467617035,0.5675901770591736,-0.0146153578534722,0.2851460576057434,0.5393171310424805,-0.032392643392086,0.2487136423587799,0.5264632105827332,-0.0488449409604072,0.2168551236391067,0.514890730381012,-0.0609540715813636,0.354134052991867,0.5244568586349487,-0.0182958338409662,0.2986017167568207,0.4759211242198944,-0.0340898633003234,0.2576686143875122,0.4517627954483032,-0.0486350655555725,0.2231722623109817,0.4350912272930145,-0.0595585815608501,0.3756392300128937,0.4947769343852997,-0.0259268712252378,0.3272786736488342,0.4373099207878113,-0.0427109003067016,0.2892111241817474,0.4080070555210113,-0.0560136698186397,0.2557483613491058,0.3864556550979614,-0.0650610029697418,0.4030578732490539,0.4756136536598205,-0.0358104221522808,0.3725936114788055,0.4148919582366943,-0.0515082217752933,0.3457426130771637,0.3785364329814911,-0.0604933649301528,0.3193592429161072,0.34944748878479,-0.0664242506027221,0.09285179290596884,0.040413740927847226
0.0,0.5475882291793823,0.643496572971344,-6.78296601108741e-08,0.484544426202774,0.6554734706878662,0.0116171920672059,0.4303796589374542,0.6382161974906921,0.0153062343597412,0.3884889781475067,0.6272736191749573,0.0110748717561364,0.3522309362888336,0.6218243837356567,0.0054669859819114,0.4143573045730591,0.4896589815616607,0.0414186269044876,0.3711755275726318,0.4413568079471588,0.0343161262571811,0.3364563584327698,0.4300248026847839,0.020394517108798,0.3048483431339264,0.4318589270114898,0.0101637542247772,0.4286888837814331,0.4657101631164551,0.0207249596714973,0.3816734552383423,0.3972285985946655,0.0153585793450474,0.3397040963172912,0.3742088079452514,0.00305240531452,0.3031002879142761,0.3693542778491974,-0.0060990718193352,0.4479267299175262,0.4543838202953338,-0.0041247373446822,0.4065168797969818,0.3765000402927398,-0.009547141380608,0.3687334954738617,0.3460640013217926,-0.0182748939841985,0.333940714597702,0.3308885097503662,-0.0253402907401323,0.4705764055252075,0.4544405043125152,-0.0300656203180551,0.4406276643276214,0.3875587582588196,-0.0366916880011558,0.4125334620475769,0.3508452773094177,-0.0413321480154991,0.3843866884708404,0.3220595717430115,-0.0453484058380126,0.08045324865057607,0.03709161831404737
0.0,0.6106563806533813,0.6459945440292358,-1.4941944925794814e-07,0.602729856967926,0.5591594576835632,0.0334587693214416,0.5767349600791931,0.4953487515449524,0.0420928038656711,0.5486389398574829,0.4484457969665527,0.0460422411561012,0.5259103775024414,0.4167746603488922,0.0467663370072841,0.5352131724357605,0.466353178024292,-0.0089601017534732,0.4707330763339996,0.4003237187862396,-0.0190914571285247,0.4275659620761871,0.3817611336708069,-0.0159427411854267,0.3976703286170959,0.3785992860794067,-0.0108824111521244,0.5179116725921631,0.4955644309520721,-0.0305056292563676,0.4352957606315613,0.4237040281295776,-0.046733122318983,0.3852943181991577,0.4072881937026977,-0.0435217544436454,0.3531669974327087,0.4066308438777923,-0.0372766330838203,0.5023247003555298,0.5395855903625488,-0.0475747995078563,0.4190673828125,0.4740228652954101,-0.0603559240698814,0.3701270818710327,0.4543414115905761,-0.0562763214111328,0.336279034614563,0.4455683827400207,-0.0506504960358142,0.4899963140487671,0.5947669148445129,-0.0601382553577423,0.4184622764587402,0.5567828416824341,-0.0747195780277252,0.376039057970047,0.5343426465988159,-0.0764307677745819,0.3421524167060852,0.5137659311294556,-0.0739860460162162,0.093695613095884,0.038989392867589304
0.0,0.6053997874259949,0.6391990184783936,5.22605638764162e-08,0.6114993095397949,0.5523870587348938,0.0152329299598932,0.5976859331130981,0.4790948629379272,0.0167232099920511,0.5731971263885498,0.4210988879203796,0.0160915646702051,0.5570079684257507,0.3809772133827209,0.0123065346851944,0.5354210138320923,0.4671677350997925,-0.0161185413599014,0.475579559803009,0.3981219232082367,-0.0260860938578844,0.4368178844451904,0.3751293420791626,-0.0275487452745437,0.409368634223938,0.3680537343025207,-0.0268767811357975,0.5113650560379028,0.5011922121047974,-0.0292572826147079,0.4372376799583435,0.4338476657867431,-0.0403611399233341,0.3918838202953338,0.4160188436508178,-0.0425238013267517,0.3627057075500488,0.4141851365566253,-0.0428136922419071,0.49500572681427,0.5471791625022888,-0.0394950546324253,0.4199622273445129,0.4848865270614624,-0.0496659502387046,0.3765015602111816,0.4635366201400757,-0.052335437387228,0.3467445075511932,0.4546152055263519,-0.0534517094492912,0.48421511054039,0.6021935343742371,-0.0468462966382503,0.4178686141967773,0.5702784657478333,-0.0587219297885894,0.3791981041431427,0.5504586100578308,-0.0623197108507156,0.3480646014213562,0.5311351418495178,-0.0627619996666908,0.10630746439507226,0.04342999027443709
0.0,0.6116886734962463,0.6543631553649902,2.1515009507311333e-07,0.6228439807891846,0.5609058141708374,0.0060896128416061,0.616186797618866,0.4866903722286224,0.0023333774879574,0.5979735851287842,0.4212178587913513,-0.0024984320625662,0.5844628810882568,0.3722930550575256,-0.0094363484531641,0.5399658679962158,0.4749495089054107,-0.0121725499629974,0.4770631790161133,0.4128220081329345,-0.019995879381895,0.4384827017784118,0.3889966011047363,-0.0231763087213039,0.4111442565917969,0.3787708282470703,-0.02431221306324,0.5113590955734253,0.5148072838783264,-0.0204567071050405,0.441194623708725,0.4529331624507904,-0.0273336488753557,0.4009591341018677,0.4325717687606811,-0.0304278992116451,0.3764685988426208,0.4264954328536987,-0.0322073847055435,0.4935168623924255,0.5653925538063049,-0.0271357838064432,0.4247690439224243,0.5098031759262085,-0.0337942615151405,0.3869680166244507,0.4878065884113312,-0.0365745313465595,0.362646222114563,0.4784205257892608,-0.0384927466511726,0.4843489825725555,0.6202149391174316,-0.0320549197494983,0.4243698120117187,0.5872883796691895,-0.0390417613089084,0.3921846151351928,0.5676316618919373,-0.0397705622017383,0.3672186136245727,0.5487270951271057,-0.0388424471020698,0.119296603072823,0.051228021901172587
0.0,0.6186391115188599,0.6689937710762024,2.943005199540494e-07,0.6350936889648438,0.5735555291175842,0.0020581395365297,0.6281729936599731,0.4990435540676117,-0.0032842555083334,0.6158769130706787,0.4305908679962158,-0.0092055173590779,0.6074019074440002,0.3780929446220398,-0.0165573861449956,0.5443823933601379,0.4867765307426452,-0.0126608302816748,0.483311653137207,0.4225609898567199,-0.018072385340929,0.4464528560638428,0.3953920006752014,-0.0198357142508029,0.4211805164813995,0.3812354803085327,-0.0201084557920694,0.5131755471229553,0.5296826362609863,-0.017215484753251,0.4424124956130981,0.4720045626163482,-0.0192451514303684,0.4075981974601745,0.4515321254730224,-0.0187893733382225,0.3882077932357788,0.4435808062553406,-0.0185219272971153,0.4940368831157684,0.5814328193664551,-0.0205377023667097,0.424980878829956,0.5350834727287292,-0.0217792019248008,0.3946037292480469,0.5146157145500183,-0.020652724429965,0.3782202303409576,0.5044677257537842,-0.0205923970788717,0.4857309758663177,0.6316214799880981,-0.0230003856122493,0.4296741783618927,0.6027626991271973,-0.0241196136921644,0.4002853631973266,0.5848261713981628,-0.0214264150708913,0.3794222474098205,0.5684863328933716,-0.0185878705233335,0.12343688243286342,0.053683402030967074
0.0,0.6380609273910522,0.6902474164962769,3.308105362975766e-07,0.6591206789016724,0.5919259786605835,0.0024855218362063,0.6561360955238342,0.51284259557724,-0.0005885767168365,0.648028552532196,0.4420748353004455,-0.0049410141073167,0.6469470858573914,0.389317899942398,-0.0095969159156084,0.5513901710510254,0.5002073049545288,0.0027137701399624,0.4949072301387787,0.439121276140213,0.0041450490243732,0.4635539650917053,0.4133211970329284,0.0060989554040133,0.4444126188755035,0.398313969373703,0.0085122305899858,0.518855631351471,0.5447917580604553,0.000594379089307,0.4533939957618713,0.4932346940040588,0.0085229575634002,0.4300391376018524,0.4810938537120819,0.0166018083691597,0.4226684868335724,0.4790336489677429,0.0230227001011371,0.5021075010299683,0.5982961654663086,-0.0012698936043307,0.4380073845386505,0.5635170936584473,0.0059582055546343,0.4195100963115692,0.548370897769928,0.0160213019698858,0.4170721769332886,0.5408867597579956,0.0229831635951995,0.4972686171531677,0.6495040655136108,-0.0032966025173664,0.4462782740592956,0.638580858707428,0.0042165340855717,0.4274208843708038,0.6284547448158264,0.0143435094505548,0.4212925732135772,0.6184576153755188,0.0232909526675939,0.12419314999407358,0.052973023513769424
0.0,0.6485682129859924,0.7257453203201294,4.203954517834063e-07,0.6790180802345276,0.6275948286056519,0.0103863552212715,0.6781166195869446,0.5440254211425781,0.0175475217401981,0.6687426567077637,0.4705846905708313,0.0241101775318384,0.6735349893569946,0.4152321219444275,0.0317449085414409,0.5711901187896729,0.5243408679962158,0.0242025926709175,0.5199689269065857,0.4506253600120544,0.0379812866449356,0.4915774464607239,0.4177976250648498,0.0489029213786125,0.4731068313121795,0.3984737694263458,0.0577119477093219,0.5334005951881409,0.5648800134658813,0.0261454600840806,0.4660118222236633,0.5062208771705627,0.0433110408484935,0.4393784701824188,0.4848086833953857,0.0591074861586093,0.4258142411708832,0.4762569069862366,0.072591945528984,0.5125024318695068,0.6151465773582458,0.0285533890128135,0.4499611556529999,0.5819166302680969,0.0445160008966922,0.4294288456439972,0.5627948641777039,0.0578157007694244,0.421977698802948,0.5525693893432617,0.0681184157729148,0.5076858997344971,0.6650910377502441,0.0314432047307491,0.4673315286636352,0.652225136756897,0.052559457719326,0.4596414566040039,0.6483702659606934,0.0693629458546638,0.4623813927173614,0.6492385864257812,0.0826190561056137,0.1296544293338737,0.05608174768452401
0.0,0.6520824432373047,0.7350333333015442,5.703308829652087e-07,0.6793891191482544,0.6321863532066345,-0.0001684556482359,0.6852185726165771,0.5502915978431702,-0.0032303552143275,0.6859651803970337,0.47747403383255,-0.0067369258031249,0.6986253261566162,0.4235537648200989,-0.0101379258558154,0.5697767734527588,0.5306131839752197,0.0031741326674818,0.5194157958030701,0.4496520459651947,0.0061882967129349,0.4908376038074493,0.4072543978691101,0.0071483822539448,0.4705793857574463,0.3748383522033691,0.0075997677631676,0.5316024422645569,0.5736017227172852,0.0030938175041228,0.4653138518333435,0.5075106620788574,0.0100898696109652,0.4295554161071777,0.4729748666286468,0.0123537248000502,0.4069768190383911,0.4481180906295776,0.0131850419566035,0.5116735696792603,0.6247274875640869,0.0033361040987074,0.4450716972351074,0.5853419899940491,0.0101685896515846,0.4122816324234009,0.5585341453552246,0.0087251430377364,0.3913987874984741,0.5379185080528259,0.0063166278414428,0.507086455821991,0.674178957939148,0.003593411296606,0.4556609690189361,0.6622791886329651,0.0100441649556159,0.4277835488319397,0.6539492607116699,0.0129011096432805,0.4084464907646179,0.6444048285484314,0.0153661193326115,0.12763202533860532,0.055490913692129565
0.0,0.6531897187232971,0.7316557765007019,6.089923090257798e-07,0.6781477928161621,0.6281973123550415,-0.0050037838518619,0.6837943196296692,0.5472326278686523,-0.0128837004303932,0.6868726015090942,0.4743936955928802,-0.0206818357110023,0.7017213702201843,0.4195901155471802,-0.0284708980470895,0.5646477341651917,0.5274981260299683,-0.0086903013288974,0.5175670981407166,0.4414659142494201,-0.0111045390367507,0.4897027611732483,0.3954814374446869,-0.0132825504988431,0.469597578048706,0.3617246150970459,-0.0149912880733609,0.5259354710578918,0.5711331963539124,-0.0092654097825288,0.4608184695243835,0.4964267313480377,-0.0081766052171587,0.4228406548500061,0.4568585157394409,-0.0091440519317984,0.3975304961204529,0.430105984210968,-0.0107122221961617,0.5061824917793274,0.6232122182846069,-0.0095299025997519,0.4364437162876129,0.5781580209732056,-0.0085611585527658,0.3995801210403442,0.5493859648704529,-0.0128687787801027,0.3745806217193603,0.5286117792129517,-0.0170581731945276,0.5018149614334106,0.6749396920204163,-0.0098894499242305,0.4438501596450805,0.664643406867981,-0.0110432598739862,0.4102451205253601,0.6565388441085815,-0.0123179918155074,0.3844599723815918,0.6467323303222656,-0.0121580455452203,0.12983432067120776,0.05731132357690188
0.0,0.6500271558761597,0.7272660136222839,5.839236791871372e-07,0.671720027923584,0.6217113137245178,0.0023270936217159,0.6745588183403015,0.5420270562171936,-0.0031378392595797,0.6778541803359985,0.4708185791969299,-0.009312704205513,0.6935337781906128,0.4170795083045959,-0.0159772783517837,0.5602715611457825,0.5221952199935913,-0.0061895754188299,0.5131339430809021,0.4315704703330993,-0.0068763187155127,0.4835626482963562,0.3859125673770904,-0.0056669642217457,0.4619284272193908,0.3553610444068908,-0.0050634047947824,0.5220144391059875,0.5641368627548218,-0.0101937362924218,0.4538524746894836,0.4822402596473694,-0.0117426626384258,0.4132128655910492,0.4426799416542053,-0.0115739414468407,0.3865265846252441,0.4182567596435547,-0.0114104934036731,0.49998739361763,0.6171591281890869,-0.0131377093493938,0.42569100856781,0.5639249682426453,-0.0162792857736349,0.3853179514408111,0.5338721871376038,-0.0217696204781532,0.3579266667366028,0.5151013135910034,-0.0253746919333934,0.4926501512527466,0.6713924407958984,-0.0147807598114013,0.4264748394489288,0.658409059047699,-0.0193528905510902,0.3878875374794006,0.6496961712837219,-0.0221339538693428,0.3578295409679413,0.6394743323326111,-0.0224116686731576,0.1270306656949189,0.05637511931521619
0.0,0.6357971429824829,0.7011846303939819,2.157681535663869e-07,0.6462923288345337,0.6127641201019287,0.0207097493112087,0.6370221972465515,0.5498109459877014,0.0230690706521272,0.6259656548500061,0.4980651438236236,0.0222477540373802,0.6296167969703674,0.4568846225738525,0.0183299165219068,0.5556427836418152,0.5144373178482056,-0.0122468033805489,0.5036238431930542,0.4343927502632141,-0.0202274974435567,0.4700223207473755,0.3939575552940368,-0.0207521673291921,0.4440207481384277,0.3699801564216614,-0.0206920709460973,0.5274497866630554,0.5447856783866882,-0.0281673893332481,0.4587081968784332,0.4598114192485809,-0.0395029447972774,0.4096187353134155,0.4262069463729858,-0.0428320616483688,0.3736704289913177,0.4110305309295654,-0.0448064245283603,0.5079199075698853,0.5918583869934082,-0.0405007526278495,0.4316234588623047,0.5257341861724854,-0.053293153643608,0.3802178502082824,0.4975939691066742,-0.063788317143917,0.3427404165267944,0.4828459620475769,-0.0706614255905151,0.4960354566574096,0.6502155065536499,-0.0487636774778366,0.4241235554218292,0.6345574855804443,-0.0654307156801223,0.3797364830970764,0.6260881423950195,-0.0752145648002624,0.3435441255569458,0.6175405979156494,-0.0801152661442756,0.0933413151735915,0.04152728765502965
0.0,0.6484659910202026,0.7000359296798706,1.2126540127610497e-07,0.634490430355072,0.6183103919029236,0.0278652235865592,0.6016361117362976,0.5565685033798218,0.033930204808712,0.5716508626937866,0.5123053789138794,0.0349073819816112,0.5525908470153809,0.4859564006328583,0.0324179157614707,0.5593815445899963,0.5242778062820435,-0.0057021612301468,0.4988253116607666,0.4450529217720032,-0.0163895431905984,0.4556182324886322,0.4074178636074066,-0.0192826073616743,0.4214875698089599,0.386454701423645,-0.0204888153821229,0.5414671301841736,0.5429590940475464,-0.0273908376693725,0.4664746522903442,0.4527503848075866,-0.0394264832139015,0.4127371907234192,0.4125325679779053,-0.0436520092189312,0.3711598813533783,0.3887110650539398,-0.0460224524140358,0.5261740684509277,0.5807592272758484,-0.0452522560954093,0.4480735063552856,0.4994814991950989,-0.056702122092247,0.3960944414138794,0.4648921489715576,-0.0650655776262283,0.3566035032272339,0.4412172436714172,-0.0713652446866035,0.51361483335495,0.6336268782615662,-0.0590454488992691,0.4509078860282898,0.6030609607696533,-0.0745316371321678,0.4096247553825378,0.5828773379325867,-0.0821684822440147,0.3741264641284942,0.5632877349853516,-0.0862640812993049,0.08598717383456056,0.03261518505506318
0.0,0.6624982953071594,0.7216472625732422,2.350470573730945e-08,0.6163202524185181,0.6524417996406555,0.0401058159768581,0.5684266686439514,0.596268355846405,0.0500556342303752,0.5303322672843933,0.5542033314704895,0.050504419952631,0.4981576800346374,0.5230345726013184,0.0474098809063434,0.554681658744812,0.5473488569259644,0.0150373494252562,0.4790217280387878,0.4651135504245758,0.0028547227848321,0.4271090924739837,0.4232260286808014,-0.0027817445807158,0.384618878364563,0.3954285979270935,-0.0069703315384685,0.5540105700492859,0.5486293435096741,-0.0181697588413953,0.4659892916679382,0.4516447782516479,-0.0324483104050159,0.4077983796596527,0.4103598892688751,-0.039127092808485,0.3640140891075134,0.385897696018219,-0.0441935844719409,0.5469340682029724,0.573937714099884,-0.0489306710660457,0.4634004831314087,0.4746409952640533,-0.0605212152004241,0.410402774810791,0.4325807988643646,-0.0675842985510826,0.3721435666084289,0.40496426820755,-0.0749570652842521,0.5329233407974243,0.617263674736023,-0.0757638812065124,0.4731849431991577,0.5635841488838196,-0.0904469639062881,0.4329300820827484,0.5301753282546997,-0.097786083817482,0.3998816609382629,0.5005838871002197,-0.1040924713015556,0.10152791625565781,0.044902914894755876
0.0,0.6404250860214233,0.5828846096992493,2.8152084041721537e-07,0.5842085480690002,0.6310915946960449,-0.0284584946930408,0.5274065136909485,0.6655033826828003,-0.0491962619125843,0.4788404405117035,0.6927529573440552,-0.0683242306113243,0.4382818341255188,0.7170841693878174,-0.0878564417362213,0.4916951954364776,0.5263730883598328,-0.0312584526836872,0.4261811673641205,0.5053120851516724,-0.0529146455228328,0.3869156241416931,0.4904228448867798,-0.0710886046290397,0.3548870682716369,0.4760141372680664,-0.0844874307513237,0.5057894587516785,0.4778972864151001,-0.0344197191298007,0.4390828013420105,0.4337628185749054,-0.0531989112496376,0.39755380153656,0.4059340059757232,-0.06867715716362,0.364915132522583,0.3823816180229187,-0.0807500630617141,0.532050609588623,0.4421189427375793,-0.0413940846920013,0.4762898683547973,0.3844684958457947,-0.0614825561642646,0.4414002597332001,0.3499258160591125,-0.0748239755630493,0.4110107719898224,0.3217981457710266,-0.084468588232994,0.5674623847007751,0.4161740243434906,-0.0509721711277961,0.5366265773773193,0.3537159562110901,-0.0694335028529167,0.5126258730888367,0.315382719039917,-0.0776298120617866,0.4890893697738647,0.2821746468544006,-0.0832063630223274,0.10999270688888849,0.051171434442817125
0.0,0.7797584533691406,0.805971086025238,5.290821150083502e-07,0.8121488094329834,0.7229616641998291,-0.0097373267635703,0.8298643231391907,0.6516945362091064,-0.0218427572399377,0.8423356413841248,0.5868898034095764,-0.0328731164336204,0.8557083606719971,0.5400660634040833,-0.0454117804765701,0.7376769781112671,0.6083560585975647,-0.0295615997165441,0.7142268419265747,0.5136873722076416,-0.0422291718423366,0.6927108764648438,0.4636331796646118,-0.0496010556817054,0.673796534538269,0.4287199974060058,-0.0546412989497184,0.6990776062011719,0.6328431367874146,-0.0330066606402397,0.6489782929420471,0.5387894511222839,-0.0463722944259643,0.6182198524475098,0.4869490265846252,-0.0550172254443168,0.5958919525146484,0.4538172781467438,-0.0610837936401367,0.67259681224823,0.6703514456748962,-0.0355199314653873,0.6169869899749756,0.5965426564216614,-0.0484564267098903,0.5829020142555237,0.5515634417533875,-0.0591514147818088,0.5572894215583801,0.5204102396965027,-0.0662310123443603,0.6562389135360718,0.7142895460128784,-0.0374575741589069,0.6063646078109741,0.6664229035377502,-0.0498724803328514,0.5769747495651245,0.636855959892273,-0.0555023029446601,0.5538133382797241,0.6114302277565002,-0.057901844382286,0.1169800370708944,0.05028429521467128
0.0,0.8229486346244812,0.8170133233070374,3.49508752606198e-07,0.8449910879135132,0.734127402305603,-0.0041082729585468,0.8509101867675781,0.6662052869796753,-0.009948712773621,0.8551437854766846,0.6065797209739685,-0.0177496429532766,0.8642582893371582,0.5644187331199646,-0.0262347981333732,0.7409006953239441,0.6483800411224365,0.0010129222646355,0.7054448127746582,0.5894275903701782,-0.0027101885061711,0.683570921421051,0.5637880563735962,-0.0075589148327708,0.6679349541664124,0.5493516325950623,-0.0110023487359285,0.7095652222633362,0.681869387626648,-0.0027941514272242,0.6576615571975708,0.6295813322067261,-0.0030396049842238,0.6317253708839417,0.6128467917442322,-0.0052408981136977,0.6186105012893677,0.6085960865020752,-0.0071660210378468,0.6920952200889587,0.7257277965545654,-0.0074533615261316,0.6365322470664978,0.6863716840744019,-0.008816267363727,0.6124871373176575,0.6748139262199402,-0.0110564632341265,0.6003474593162537,0.6709442734718323,-0.0129329105839133,0.6846851706504822,0.7747259140014648,-0.0125660933554172,0.637067973613739,0.7646200656890869,-0.0144532267004251,0.6133571863174438,0.7578434348106384,-0.0131636187434196,0.599765956401825,0.7509394288063049,-0.011079953983426,0.10394186339097905,0.04396158477441838
0.0,0.8118844032287598,0.7706146836280823,4.92187382405973e-07,0.7404137849807739,0.7797216176986694,-0.0255139172077178,0.6692389249801636,0.774100124835968,-0.0436392426490783,0.6138262152671814,0.7867056131362915,-0.0616501159965992,0.5706247091293335,0.8055821657180786,-0.0812121927738189,0.681796669960022,0.5950701832771301,-0.0270287077873945,0.6303887963294983,0.5183015465736389,-0.0451168566942215,0.6028211116790771,0.4701463878154754,-0.060892429202795,0.5827559232711792,0.4270515441894531,-0.073953166604042,0.7188036441802979,0.5604659914970398,-0.0331949181854724,0.6752400994300842,0.4664038419723511,-0.0490046702325344,0.6530874371528625,0.4028592109680176,-0.0655474066734314,0.6382324695587158,0.3500390946865082,-0.0795972049236297,0.7621046900749207,0.5492977499961853,-0.043311707675457,0.7426194548606873,0.4480399489402771,-0.0670781210064888,0.735454797744751,0.3828698396682739,-0.0882141664624214,0.7276855707168579,0.3266069293022156,-0.1033566296100616,0.8098549842834473,0.5578709840774536,-0.0551898628473281,0.8256508111953735,0.4785723984241485,-0.0801685154438018,0.8338027596473694,0.422477662563324,-0.0945740044116973,0.8370121121406555,0.3700639009475708,-0.1046821773052215,0.11012542416287546,0.05104281749462231
0.0,0.7262255549430847,0.5860697031021118,4.727629061562766e-07,0.6501842737197876,0.5936629176139832,-0.0297051705420017,0.5747510194778442,0.5876479744911194,-0.0514391958713531,0.5138747692108154,0.5905365347862244,-0.0717550441622734,0.4657784402370453,0.602400541305542,-0.093201071023941,0.5939534306526184,0.4109292328357696,-0.0368521958589553,0.5379409193992615,0.3305171132087707,-0.0584384873509407,0.5071365833282471,0.2823128998279571,-0.0763144567608833,0.4840608239173889,0.2394958138465881,-0.0905755683779716,0.6321771740913391,0.3738247454166412,-0.0421662032604217,0.5858067274093628,0.2710114121437073,-0.0594372265040874,0.5610259175300598,0.2068424671888351,-0.0751969814300537,0.5446332693099976,0.1548658311367035,-0.0889075696468353,0.6767104268074036,0.3596739768981933,-0.0514311790466308,0.6519891619682312,0.2507554292678833,-0.0732457861304283,0.6406108736991882,0.1812018454074859,-0.0908438861370086,0.631147563457489,0.1224077343940734,-0.1047963723540306,0.7262264490127563,0.3648727834224701,-0.0631546452641487,0.7375995516777039,0.2814056575298309,-0.0853733569383621,0.7418854236602783,0.2212283462285995,-0.0971281602978706,0.7433250546455383,0.1659969389438629,-0.1061285138130188,0.11762956886032758,0.05398095571212963
0.0,0.80902099609375,0.5959876775741577,4.847964305554342e-07,0.7347718477249146,0.5999293923377991,-0.0309258550405502,0.665686309337616,0.5948675870895386,-0.0531863495707511,0.6085965633392334,0.5925860404968262,-0.073933221399784,0.5649396777153015,0.5991048216819763,-0.0951770842075347,0.6754072308540344,0.4159343540668487,-0.0332553386688232,0.6216939091682434,0.3375099301338196,-0.0559139102697372,0.5918862819671631,0.2870434820652008,-0.0747339650988578,0.5709854364395142,0.2433730363845825,-0.0890699699521064,0.7127162218093872,0.3773990571498871,-0.0380060896277427,0.6681694388389587,0.2770939469337463,-0.056379672139883,0.6441696882247925,0.2134438008069992,-0.0723456740379333,0.6289179921150208,0.1621989011764526,-0.0850590839982032,0.7571577429771423,0.3645247220993042,-0.0471929423511028,0.7346135973930359,0.2578526437282562,-0.0700855106115341,0.7234018445014954,0.1920264661312103,-0.087379939854145,0.7151219248771667,0.1377495527267456,-0.0998912826180458,0.8069725632667542,0.3718856275081634,-0.0590455122292041,0.8184611797332764,0.2906399667263031,-0.0821618512272834,0.8231410980224609,0.234356090426445,-0.0934549197554588,0.8257635235786438,0.1829049587249755,-0.1009544283151626,0.10922939043851915,0.04898693578409933
0.0,0.8773120641708374,0.6063750386238098,4.755916904741753e-07,0.8015671968460083,0.6023533344268799,-0.0293917637318372,0.7384741306304932,0.5885050892829895,-0.05118865147233,0.6835291981697083,0.5816091299057007,-0.0721655115485191,0.64000403881073,0.581912636756897,-0.0938188433647155,0.7615849375724792,0.4124828577041626,-0.0279289819300174,0.7145674824714661,0.3307743072509765,-0.0504721328616142,0.6876927018165588,0.2775509655475616,-0.0703737512230873,0.6696006655693054,0.2311955988407135,-0.0856119468808174,0.7998472452163696,0.3812328577041626,-0.0333613045513629,0.7593266367912292,0.2795531749725342,-0.0515954010188579,0.7398568987846375,0.2123924344778061,-0.0683306008577346,0.7289384007453918,0.157154768705368,-0.0816442370414733,0.8436659574508667,0.3750194907188415,-0.0434868708252906,0.8247621059417725,0.268265962600708,-0.0662155374884605,0.8189301490783691,0.2002914100885391,-0.0835509076714515,0.814308226108551,0.1435441970825195,-0.0960732996463775,0.8916645646095276,0.3878234922885895,-0.0562913604080677,0.904085338115692,0.3086598217487335,-0.079127736389637,0.9103438854217528,0.2532008588314056,-0.0900820568203926,0.913719117641449,0.2016009390354156,-0.0974326133728027,0.10750419840212282,0.04861479602318085
0.0,0.6693580746650696,0.6592252850532532,4.998502163289231e-07,0.5961021184921265,0.6778571605682373,-0.0338223837316036,0.5257668495178223,0.684167742729187,-0.0573581643402576,0.4652402698993683,0.7008675336837769,-0.0784961134195327,0.4161204695701599,0.722068190574646,-0.1006118282675743,0.5306059122085571,0.5037460327148438,-0.0367021411657333,0.4717255532741546,0.4372468292713165,-0.0577565431594848,0.4371695220470428,0.398027241230011,-0.0761284157633781,0.4092499911785126,0.3631358742713928,-0.0905005112290382,0.563341498374939,0.4642092883586883,-0.0389263592660427,0.5120668411254883,0.3712069392204284,-0.0552914105355739,0.4821169078350067,0.3156582713127136,-0.0710352286696434,0.4599777460098266,0.2706799507141113,-0.0846557468175888,0.6044563055038452,0.4471043348312378,-0.0455456972122192,0.574974775314331,0.3445221781730652,-0.066119335591793,0.5561009645462036,0.282261848449707,-0.0832594260573387,0.5386532545089722,0.2299662828445434,-0.0966764017939567,0.6517795920372009,0.4467122554779053,-0.0549384243786335,0.6558313965797424,0.3613206744194031,-0.0751168951392173,0.6548370718955994,0.3042168915271759,-0.0854288786649704,0.650562584400177,0.2530310451984405,-0.0933172777295112,0.12381297196033518,0.0578906510606466
0.0,0.6056659817695618,0.6387043595314026,4.123268695366278e-07,0.5392410755157471,0.6732273697853088,-0.0310111939907073,0.4772561192512512,0.6899282932281494,-0.0526809096336364,0.4228915274143219,0.7047851085662842,-0.0724307149648666,0.3788833022117615,0.726143479347229,-0.0936478599905967,0.4743200838565826,0.5137385725975037,-0.0316697880625724,0.4156926572322845,0.4558779597282409,-0.0501166321337223,0.3805702924728393,0.4183380007743835,-0.0678409337997436,0.3522871434688568,0.3836274743080139,-0.0822305008769035,0.5044133067131042,0.4681988358497619,-0.0342359989881515,0.4532428085803985,0.3841220736503601,-0.0480670183897018,0.421371579170227,0.3313784897327423,-0.0632930174469947,0.3970398306846618,0.2877130508422851,-0.0771798342466354,0.5431864261627197,0.4445722699165344,-0.0408893600106239,0.5090264081954956,0.3495713770389557,-0.0593413077294826,0.4877336919307709,0.2913714647293091,-0.0757595971226692,0.46814626455307,0.2426798343658447,-0.0890092477202415,0.5887792110443115,0.4365476071834564,-0.0501646809279918,0.5863245725631714,0.3532652854919433,-0.0684081465005874,0.5824369192123413,0.2997543811798095,-0.0773965939879417,0.5749182105064392,0.2529930174350738,-0.0847003310918808,0.11254795359967301,0.05332045696483157
0.0,0.5886297225952148,0.6546127796173096,4.316711965657305e-07,0.5196795463562012,0.686394453048706,-0.0293365828692913,0.4522196650505066,0.7012990117073059,-0.0503868497908115,0.3965833485126495,0.7192525863647461,-0.069767490029335,0.3532018959522247,0.7421959638595581,-0.0905026197433471,0.4392951130867004,0.5254469513893127,-0.0314637050032615,0.3791971206665039,0.4709642231464386,-0.0523427911102771,0.343626320362091,0.4374421238899231,-0.0710923001170158,0.3142176866531372,0.4067352414131164,-0.0855869278311729,0.467702567577362,0.4799858927726745,-0.0357324071228504,0.4150640666484833,0.3964938223361969,-0.0521517843008041,0.3815879225730896,0.3460438251495361,-0.0678974464535713,0.3544767498970032,0.3057025372982025,-0.081318087875843,0.5047712922096252,0.4558010995388031,-0.0441999100148677,0.4683769643306732,0.3619711101055145,-0.0642540156841278,0.4448938965797424,0.3048684597015381,-0.0801868215203285,0.4225917756557464,0.2580070495605469,-0.0925234854221344,0.5484564304351807,0.4480060935020447,-0.0552221871912479,0.5414797067642212,0.3640531003475189,-0.0743590220808982,0.5350090265274048,0.3098893761634826,-0.0830095782876014,0.5258130431175232,0.2635053098201751,-0.0895681977272033,0.11439560433613276,0.053275647357669355
0.0,0.5812691450119019,0.6868129968643188,3.732035622761032e-07,0.5104583501815796,0.7301970720291138,-0.0210006535053253,0.4427867829799652,0.7510013580322266,-0.0364460870623588,0.3888551592826843,0.7773100733757019,-0.0513431727886199,0.3480009138584137,0.8096923232078552,-0.0677868574857711,0.4181085228919983,0.5834945440292358,-0.018356742337346,0.3539694547653198,0.5356377363204956,-0.0325486473739147,0.3163508176803589,0.5060147643089294,-0.0468538329005241,0.2850061655044555,0.47915118932724,-0.058524202555418,0.442913144826889,0.5344668626785278,-0.0234392937272787,0.3823711276054382,0.4612196087837219,-0.0333479829132556,0.3447456061840057,0.4167150855064392,-0.0457067713141441,0.3151179552078247,0.3811682462692261,-0.0570548549294471,0.4771724939346313,0.5043310523033142,-0.0320196598768234,0.4309881031513214,0.417186826467514,-0.0463058017194271,0.4019192457199096,0.3639371395111084,-0.0609404183924198,0.3757465481758117,0.3210852742195129,-0.07276651263237,0.5178704857826233,0.4884941577911377,-0.0423996709287166,0.5010598301887512,0.4083110690116882,-0.0568994507193565,0.4880364239215851,0.3568062782287597,-0.0640581920742988,0.4735758900642395,0.3125958740711212,-0.0697861313819885,0.1158068835134932,0.05466328054368724
0.0,0.5812615156173706,0.7215413451194763,4.024314534945006e-07,0.5177555680274963,0.7688213586807251,-0.0243506878614425,0.4516434967517853,0.7958824634552002,-0.0415575839579105,0.3984629213809967,0.8234399557113647,-0.0587281323969364,0.3590943217277527,0.860031008720398,-0.0773634910583496,0.4189900159835815,0.6318446397781372,-0.0185988340526819,0.3539228141307831,0.5940021276473999,-0.0348438024520874,0.3142779469490051,0.569602906703949,-0.050151027739048,0.2817505002021789,0.5468149781227112,-0.0628310441970825,0.4394783973693847,0.584161102771759,-0.0246716942638158,0.3764674067497253,0.5163177847862244,-0.0372639745473861,0.3381741642951965,0.4772713780403137,-0.0507935099303722,0.3064500689506531,0.4435890316963196,-0.0626391097903251,0.4704412519931793,0.5534454584121704,-0.0350524522364139,0.4203523695468902,0.4722440838813782,-0.0517182722687721,0.3897417187690735,0.4236217141151428,-0.0660610273480415,0.3619251549243927,0.3829692304134369,-0.0776674374938011,0.5099707841873169,0.5367329120635986,-0.0479322671890258,0.4898378252983093,0.4627160727977752,-0.0645055696368217,0.4734105765819549,0.4144948422908783,-0.0728218331933021,0.4555595815181732,0.3726089298725128,-0.0796420648694038,0.11816280565624454,0.05688645173858878
0.0,0.6355882883071899,0.6528030037879944,3.8230240306802443e-07,0.5777204632759094,0.6927618980407715,-0.0225914195179939,0.523798942565918,0.720782995223999,-0.0419672466814518,0.4766608476638794,0.7541419267654419,-0.0606690123677253,0.4412382245063782,0.7902339696884155,-0.0807882100343704,0.5040664076805115,0.5646763443946838,-0.0274733901023864,0.4403876960277557,0.5214027762413025,-0.0418690107762813,0.4018584489822387,0.4908186793327331,-0.0542314276099205,0.3722299933433532,0.4648750424385071,-0.0642257109284401,0.5261152386665344,0.5159471035003662,-0.0314644910395145,0.4653226733207702,0.4470930695533752,-0.0409513413906097,0.4277629256248474,0.4033123850822449,-0.05182446539402,0.4002497792243957,0.3686671853065491,-0.0620897859334945,0.557594895362854,0.4854320883750915,-0.0381140075623989,0.5127379894256592,0.4047010242938995,-0.0510050393640995,0.4842419326305389,0.3531176447868347,-0.0648862943053245,0.46120685338974,0.3131068050861358,-0.0764304623007774,0.5943083167076111,0.4695033431053161,-0.0465841181576252,0.5838160514831543,0.3954309225082397,-0.0603597834706306,0.5713809132575989,0.3452020287513733,-0.0681249052286148,0.5585706830024719,0.3035746812820434,-0.0744168534874916,0.11465939654564951,0.05442591210500427
0.0,0.6915621161460876,0.6583946943283081,4.361338312719454e-07,0.627833366394043,0.6885091662406921,-0.0258667021989822,0.5669254660606384,0.708031952381134,-0.0459857955574989,0.5174602270126343,0.7351752519607544,-0.065189741551876,0.47908616065979,0.7655142545700073,-0.0854523554444313,0.5472691655158997,0.5503094792366028,-0.0284422170370817,0.4842177927494049,0.5036253929138184,-0.04659965634346,0.4482582807540893,0.4723561406135559,-0.0621316507458686,0.4202597141265869,0.444672018289566,-0.0740168392658233,0.5716187357902527,0.5062432289123535,-0.0325196981430053,0.5131832957267761,0.4322604238986969,-0.0464881844818592,0.477363258600235,0.3870476186275482,-0.0603191889822483,0.4500333368778229,0.3501614332199096,-0.0718123167753219,0.6059074997901917,0.4808976650238037,-0.040085844695568,0.5640982985496521,0.3944805562496185,-0.0573804080486297,0.5388026833534241,0.3412835597991943,-0.0722668170928955,0.5170606374740601,0.2984981536865234,-0.0835740193724632,0.6465266346931458,0.4704969227313995,-0.0498277395963668,0.6377432942390442,0.3952935039997101,-0.066402368247509,0.6260483264923096,0.3450692892074585,-0.0745875239372253,0.6129644513130188,0.3012591600418091,-0.0806262865662574,0.1121497569660554,0.05294900914592763
0.0,0.7212549448013306,0.673419713973999,4.556447663617291e-07,0.6557743549346924,0.7009257078170776,-0.0259037446230649,0.5911088585853577,0.715846598148346,-0.0451027862727642,0.5394107103347778,0.7398665547370911,-0.0633910521864891,0.5017078518867493,0.7697709798812866,-0.082754760980606,0.5703505277633667,0.557953417301178,-0.0270444639027118,0.5070188641548157,0.5107871294021606,-0.0463100858032703,0.4693967700004577,0.4800096750259399,-0.0628922656178474,0.4391683340072632,0.452473521232605,-0.0757167860865593,0.5934022665023804,0.5149399638175964,-0.0318259745836257,0.5364215970039368,0.440041035413742,-0.0472748950123786,0.5008248686790466,0.3932696878910064,-0.0619703233242034,0.473193883895874,0.3549486398696899,-0.0737745910882949,0.626575767993927,0.4913817644119262,-0.0404255129396915,0.5849330425262451,0.405137836933136,-0.0592038109898567,0.5590837001800537,0.3510138392448425,-0.0753099396824836,0.5365839004516602,0.3062942326068878,-0.0873053893446922,0.6664803624153137,0.4832238554954529,-0.0513069070875644,0.6591380834579468,0.4074233770370483,-0.0697565600275993,0.6487714052200317,0.3556245565414428,-0.0797250196337699,0.6369450092315674,0.3092796802520752,-0.0869045034050941,0.11098671156226086,0.05187227965513213
0.0,0.7350769639015198,0.720716655254364,4.2585512005643977e-07,0.6647475361824036,0.7557692527770996,-0.0179051626473665,0.5967260599136353,0.7727577686309814,-0.0307811442762613,0.5463805198669434,0.8015996813774109,-0.0428958423435688,0.5111679434776306,0.8353468179702759,-0.0564378090202808,0.5788664817810059,0.6145325303077698,-0.0214222129434347,0.5147995352745056,0.5659186840057373,-0.0337707735598087,0.4775659441947937,0.535362720489502,-0.0448527224361896,0.4475218653678894,0.5101885795593262,-0.0537022948265075,0.6029220223426819,0.5687028169631958,-0.0261438582092523,0.5436733961105347,0.4932043850421905,-0.0342186689376831,0.506440281867981,0.4476451277732849,-0.044777825474739,0.4781343042850494,0.4136863350868225,-0.0545600578188896,0.6354881525039673,0.5431453585624695,-0.0333165898919105,0.5941771268844604,0.4559123516082763,-0.0455852821469306,0.5661319494247437,0.4026636779308319,-0.0611244104802608,0.5417121052742004,0.3610462248325348,-0.0735996514558792,0.6724989414215088,0.5330533981323242,-0.0416330695152282,0.6643034815788269,0.4530267715454101,-0.05532893165946,0.654291570186615,0.4009473919868469,-0.0638802051544189,0.6432055234909058,0.3568448424339294,-0.0704769715666771,0.10906807429793823,0.05061797729723948
0.0,0.489588975906372,0.5597158074378967,3.936287100714253e-07,0.4267754256725311,0.607205331325531,-0.0243389587849378,0.3600641787052154,0.6422288417816162,-0.0411453545093536,0.3108102679252624,0.6788306832313538,-0.0568943172693252,0.2757416367530823,0.713492214679718,-0.0737453773617744,0.3165644109249115,0.4872219264507293,-0.0262026693671941,0.2469816207885742,0.4579522907733917,-0.0444308370351791,0.2067066729068756,0.4415712654590606,-0.0606183931231498,0.1715057641267776,0.4252938032150268,-0.0735066160559654,0.3331948816776275,0.4348365068435669,-0.0310454200953245,0.266719788312912,0.3784657418727875,-0.0455930270254612,0.225079745054245,0.345519483089447,-0.0604895949363708,0.1910182684659958,0.3182859122753143,-0.0733945593237876,0.3625072538852691,0.3992339968681335,-0.0395088531076908,0.3108822107315063,0.3264753520488739,-0.0571932978928089,0.2761629521846771,0.2845595479011535,-0.0730993375182151,0.2448918521404266,0.2511898279190063,-0.0856572166085243,0.4009125530719757,0.3766496181488037,-0.050113771110773,0.3768564164638519,0.3015565574169159,-0.0675717368721962,0.3560892045497894,0.2558152675628662,-0.0771887227892875,0.3342553973197937,0.2171302735805511,-0.0847109034657478,0.11511525045823216,0.05210747432831188
0.0,0.4265483915805816,0.5099489092826843,4.015548142888292e-07,0.3653526306152344,0.5583105087280273,-0.0238995682448148,0.3016446530818939,0.5964464545249939,-0.0412854216992855,0.2536697089672088,0.6337803602218628,-0.0577928088605403,0.2191592156887054,0.6662833094596863,-0.0752914696931839,0.2580530047416687,0.4485284686088562,-0.026178028434515,0.1891341209411621,0.4245705604553222,-0.044982798397541,0.1500381827354431,0.4095175862312317,-0.0612283684313297,0.1165955066680908,0.3931027948856354,-0.0738252624869346,0.27422896027565,0.3955757021903991,-0.0314962454140186,0.2081259489059448,0.3411579728126526,-0.0463151223957538,0.1671894192695617,0.3104603886604309,-0.0606866404414176,0.1342877894639969,0.2847575545310974,-0.0729435160756111,0.3026596307754516,0.3585554361343384,-0.0404533222317695,0.2510488927364349,0.2890784740447998,-0.0577647052705287,0.2161138504743576,0.2502287328243255,-0.0721286907792091,0.1851501911878585,0.2185253351926803,-0.0833721458911895,0.3400877714157104,0.3345848023891449,-0.0516126193106174,0.3138168454170227,0.2622534036636352,-0.0678544491529464,0.2922337651252746,0.218390017747879,-0.0759569555521011,0.2699590027332306,0.1804533302783966,-0.0822995603084564,0.11330244917599185,0.05053334529217371
0.0,0.4011672735214233,0.4621267914772033,4.0179889992941753e-07,0.336768627166748,0.5112448930740356,-0.0259158182889223,0.2738332152366638,0.5452749729156494,-0.0439453199505806,0.2255913019180297,0.5809230208396912,-0.0614065304398536,0.1898965537548065,0.6163668036460876,-0.0798188224434852,0.2311110943555832,0.3985111117362976,-0.0230880714952945,0.1628898084163665,0.3717122077941894,-0.0436145737767219,0.122204452753067,0.3550903499126434,-0.0618445202708244,0.0880895107984542,0.3392182290554046,-0.0756778046488761,0.2477359920740127,0.3459831476211548,-0.0283812955021858,0.181736871600151,0.2921581566333771,-0.0453676953911781,0.1396194994449615,0.259857714176178,-0.0617556199431419,0.1054297536611557,0.2324137091636657,-0.0748886317014694,0.2762470841407776,0.3087155520915985,-0.0380555316805839,0.2237529158592224,0.2396667450666427,-0.0576687529683113,0.1890010833740234,0.1988013982772827,-0.0729851722717285,0.158214271068573,0.1655054241418838,-0.0842606425285339,0.3141197264194488,0.2837331891059875,-0.0502645708620548,0.2888163924217224,0.2124931663274765,-0.0676943808794021,0.2677641212940216,0.1680143773555755,-0.0760268792510032,0.2463151216506958,0.1295975744724273,-0.0822605118155479,0.11569926412226496,0.05356668071562704
0.0,0.4718731641769409,0.4675787389278412,4.7602540576008323e-07,0.4693969786167145,0.3900683522224426,-0.0013596607604995,0.4592788517475128,0.3416444063186645,-0.0116704711690545,0.4534642398357391,0.2906225323677063,-0.0216373670846223,0.4577007293701172,0.2495528161525726,-0.0336217395961284,0.3620712459087372,0.3413422703742981,-0.0352015793323516,0.306020587682724,0.2819840610027313,-0.0495260246098041,0.270905077457428,0.2505078315734863,-0.055949293076992,0.2418938875198364,0.2264014482498169,-0.0609497055411338,0.3377061188220978,0.3807466328144073,-0.0434489212930202,0.2634733319282532,0.3301778137683868,-0.0614332221448421,0.2116624563932418,0.3081831634044647,-0.0716757401823997,0.1735609471797943,0.2935479283332824,-0.0791242346167564,0.3307206332683563,0.4319278299808502,-0.0492865219712257,0.2496986538171768,0.4063126742839813,-0.0693692192435264,0.1948197484016418,0.3975980281829834,-0.0870718285441398,0.1546724885702133,0.3903417587280273,-0.0986721813678741,0.3376752138137817,0.4872200191020965,-0.0527591444551944,0.2749910652637481,0.5117555856704712,-0.0772139355540275,0.2356926798820495,0.5294754505157471,-0.0930578932166099,0.200320154428482,0.5404544472694397,-0.1021143347024917,0.09468479093875067,0.042991797102017656
0.0,0.4784293174743652,0.4767987728118896,4.993747211301525e-07,0.4755145311355591,0.3971548676490783,-0.005431942641735,0.4654205441474914,0.3459056317806244,-0.0189363583922386,0.4603195786476135,0.2922939658164978,-0.0316428691148757,0.464068740606308,0.2489329576492309,-0.0461197160184383,0.3673475682735443,0.3481510281562805,-0.0386274680495262,0.3119559288024902,0.2876972258090973,-0.0542721599340438,0.2768334448337555,0.2555544972419739,-0.0618434362113475,0.2476812303066253,0.232287973165512,-0.06752959638834,0.342926412820816,0.3887917995452881,-0.0456891693174839,0.2672610878944397,0.3391427397727966,-0.0634805858135223,0.2158917486667633,0.3173695504665375,-0.0732807219028472,0.1779931336641311,0.3043567240238189,-0.0805023610591888,0.3353864550590515,0.4401951730251312,-0.0508307367563247,0.2542690932750702,0.4180208146572113,-0.0702934339642524,0.1998687088489532,0.4095598757266998,-0.0869891196489334,0.1600781232118606,0.4031056761741638,-0.0980427116155624,0.341480404138565,0.494701087474823,-0.0541684105992317,0.278119832277298,0.5207102298736572,-0.0769356936216354,0.2386228889226913,0.5374698638916016,-0.0913234800100326,0.2040784358978271,0.5473157167434692,-0.0995733365416526,0.10071971918567514,0.0458673341381805
0.0,0.5317423939704895,0.5347861647605896,4.973501859240059e-07,0.5432007312774658,0.4421426355838775,-0.0097251301631331,0.5424163341522217,0.3727340698242187,-0.0230462662875652,0.5444097518920898,0.3102075755596161,-0.0361112877726554,0.5552331209182739,0.2619019150733948,-0.0505377985537052,0.4360194802284241,0.3711400032043457,-0.0321821868419647,0.3916188776493072,0.2951467633247375,-0.0468056611716747,0.3624211847782135,0.2539786696434021,-0.0547917932271957,0.337369829416275,0.2237878888845443,-0.0609265267848968,0.4052129089832306,0.4117274284362793,-0.0373996570706367,0.3396020531654358,0.3468967080116272,-0.0537028722465038,0.2969057559967041,0.3146997690200805,-0.0623558387160301,0.2655566930770874,0.2955676913261413,-0.0685079023241996,0.3922640681266784,0.4613951742649078,-0.0420188382267952,0.3191506266593933,0.4241960942745209,-0.0595788769423961,0.2727168500423431,0.4049493074417114,-0.0726339668035507,0.2377071380615234,0.3920647799968719,-0.0809550508856773,0.3939382433891296,0.5124825239181519,-0.0460514053702354,0.3302578628063202,0.5202654600143433,-0.0653220489621162,0.2922449111938476,0.5247969031333923,-0.0757325589656829,0.2607941627502441,0.5257892608642578,-0.0810017064213752,0.11490788004335147,0.05156264505824726
0.0,0.5716766715049744,0.5748828649520874,5.03309649957373e-07,0.5874550342559814,0.486040323972702,-0.0158256199210882,0.5921933650970459,0.4127143621444702,-0.0321786440908908,0.5995583534240723,0.3501705527305603,-0.0480475798249244,0.6123588681221008,0.305774450302124,-0.0652247443795204,0.4852915406227112,0.4000025391578674,-0.0348246432840824,0.4458039104938507,0.3207198977470398,-0.0524362288415432,0.4181940853595733,0.2775765061378479,-0.0639073476195335,0.3930189907550812,0.2459975779056549,-0.0725737065076828,0.4532868266105652,0.4361442029476166,-0.0390748977661132,0.3930177092552185,0.3667872846126556,-0.0560437031090259,0.3511819541454315,0.330647736787796,-0.067030593752861,0.3176452815532684,0.3084861636161804,-0.0754483491182327,0.4376901686191559,0.4834891259670257,-0.0436723977327346,0.3672124147415161,0.4400452971458435,-0.0613157488405704,0.3222290873527527,0.4177716672420501,-0.07553631067276,0.2872494459152221,0.4018887877464294,-0.0852903649210929,0.4351989924907684,0.5342879295349121,-0.0485921800136566,0.373053640127182,0.5349751710891724,-0.0679724812507629,0.3341860771179199,0.5341151356697083,-0.0790417268872261,0.3026509284973144,0.530725359916687,-0.0851676762104034,0.11373142486308892,0.04929423971932542
0.0,0.6253337264060974,0.5979584455490112,5.426738880487392e-07,0.6485597491264343,0.5128898024559021,-0.0178502686321735,0.6639923453330994,0.4430733919143677,-0.0385706983506679,0.6818941235542297,0.3844067752361297,-0.0589212253689765,0.6988011598587036,0.3389062881469726,-0.0810470059514045,0.562786877155304,0.4218269288539886,-0.0415018051862716,0.5294948816299438,0.3387654721736908,-0.0635463520884513,0.5043548941612244,0.2887917160987854,-0.0785355120897293,0.4821721017360687,0.2488629221916198,-0.0893068090081214,0.5257989764213562,0.4546313285827636,-0.0461767986416816,0.4711399972438812,0.3782607316970825,-0.0657887309789657,0.4331547021865845,0.3339709341526031,-0.0787136182188987,0.4028802514076233,0.3022915124893188,-0.0891011208295822,0.5038004517555237,0.5002184510231018,-0.0510651282966136,0.4399367868900299,0.4429680407047272,-0.0699952617287635,0.3970143795013428,0.4118545949459076,-0.084359772503376,0.3636585474014282,0.3872881531715393,-0.0948358550667762,0.4955541789531708,0.550297200679779,-0.0564722493290901,0.4381839036941528,0.5338447093963623,-0.0760427340865135,0.4008348286151886,0.5215383172035217,-0.0860749334096908,0.3700253367424011,0.5086456537246704,-0.0918650031089782,0.11775685026085558,0.05334503133688364
0.0,0.6913110613822937,0.6967006921768188,6.076285217204713e-07,0.7289367914199829,0.6172127723693848,-0.0174612570554018,0.7479529976844788,0.5489048957824707,-0.0344874709844589,0.7700569033622742,0.4855127930641174,-0.0498931221663951,0.7951281070709229,0.4394723773002624,-0.0652862638235092,0.6440923810005188,0.4958688616752624,-0.0335445925593376,0.6214267015457153,0.4008565247058868,-0.047232199460268,0.6045911312103271,0.3466416001319885,-0.0554277002811431,0.5897000432014465,0.3061999082565307,-0.0614268332719802,0.6025217175483704,0.51897794008255,-0.0337824113667011,0.5597658157348633,0.4257220029830932,-0.0474090129137039,0.5289549231529236,0.3733697235584259,-0.0547929853200912,0.5052938461303711,0.3403493165969848,-0.0602146424353122,0.5760911107063293,0.5569024085998535,-0.0341888144612312,0.5238796472549438,0.4872311651706695,-0.0472853519022464,0.488332599401474,0.4466862082481384,-0.0583396963775157,0.4609262943267822,0.4211307466030121,-0.0658672600984573,0.5633103847503662,0.6004455089569092,-0.0351109951734542,0.5126608610153198,0.5718513131141663,-0.0487702265381813,0.47834312915802,0.5542200803756714,-0.0565436333417892,0.449708491563797,0.5408466458320618,-0.0604038201272487,0.12308343790829278,0.05463729448998337
0.0,0.7286420464515686,0.7309805750846863,5.651099854731001e-07,0.7702490091323853,0.6519126296043396,-0.0134488455951213,0.7933549880981445,0.5838271975517273,-0.0286849997937679,0.8189628720283508,0.5269322395324707,-0.0441975072026252,0.8446908593177795,0.4874760806560516,-0.0609512589871883,0.6932394504547119,0.5272088646888733,-0.0293308906257152,0.6752966642379761,0.4331127107143402,-0.0464930646121501,0.6604841351509094,0.3770653903484344,-0.0576361082494258,0.6461141109466553,0.3325163125991821,-0.0656419023871421,0.6533525586128235,0.5450178384780884,-0.0340191945433616,0.6142796874046326,0.4498652517795563,-0.0517283976078033,0.5851923823356628,0.3928224444389343,-0.0629359632730484,0.561347484588623,0.3529074788093567,-0.0706575736403465,0.6254323124885559,0.5805057287216187,-0.0389280244708061,0.5720880031585693,0.5069478750228882,-0.0562112145125865,0.5361082553863525,0.4611759781837463,-0.0690463036298751,0.5077365636825562,0.4279979765415191,-0.077053926885128,0.6092040538787842,0.6250666379928589,-0.0440791435539722,0.5576319694519043,0.5892660021781921,-0.0605463236570358,0.5244688391685486,0.5648359656333923,-0.0686375275254249,0.4969605803489685,0.5442261099815369,-0.0724190920591354,0.11384208748639539,0.04999405966817442
0.0,0.7679460048675537,0.785220742225647,6.093345632507408e-07,0.8130279779434204,0.7109776735305786,-0.0141387227922678,0.841856837272644,0.6441013813018799,-0.0282480381429195,0.8692002892494202,0.5856972336769104,-0.041301853954792,0.8940825462341309,0.5474956631660461,-0.0558218099176883,0.7430855631828308,0.5706427097320557,-0.0325970984995365,0.7301889657974243,0.4705530703067779,-0.047552615404129,0.7160939574241638,0.4119808375835418,-0.057194136083126,0.70338374376297,0.366462767124176,-0.0642853453755378,0.6981803774833679,0.5874358415603638,-0.0353723838925361,0.6605806350708008,0.4827878475189209,-0.0482712984085083,0.6367323994636536,0.4205347299575805,-0.0561757646501064,0.6192466020584106,0.3780376315116882,-0.0621428340673446,0.6665567755699158,0.6221622228622437,-0.0382064506411552,0.6123420000076294,0.5407991409301758,-0.0522952042520046,0.5819324254989624,0.4904651641845703,-0.0638243779540062,0.5603398680686951,0.4543274044990539,-0.071571834385395,0.6483368873596191,0.663867175579071,-0.0412268638610839,0.5954675078392029,0.6186830997467041,-0.0574958175420761,0.5635087490081787,0.588931143283844,-0.0661367028951644,0.5400481820106506,0.562718391418457,-0.0702509135007858,0.1132276571468169,0.04784679532961602
0.0,0.7451131939888,0.8644711375236511,5.657786914525786e-07,0.7733199596405029,0.7915986180305481,-0.0111773386597633,0.7936447858810425,0.7245093584060669,-0.0257813744246959,0.8135243654251099,0.6713671684265137,-0.0407497696578502,0.8318554162979126,0.6315959095954895,-0.0576546192169189,0.7093610763549805,0.6709099411964417,-0.0293725952506065,0.6971991062164307,0.5862423777580261,-0.0481312982738018,0.6881800889968872,0.5347229242324829,-0.0611581206321716,0.6811233162879944,0.4938341975212097,-0.0701897591352462,0.6731321215629578,0.6877894401550293,-0.0378454178571701,0.6342668533325195,0.59368497133255,-0.0547739192843437,0.6092451214790344,0.5358257293701172,-0.0675027519464492,0.5890712141990662,0.4920632839202881,-0.0767178758978843,0.6466569900512695,0.7235936522483826,-0.0465762168169021,0.5965127348899841,0.6471366882324219,-0.0646497756242752,0.5642709732055664,0.5964968204498291,-0.0801892653107643,0.5396718978881836,0.5544912815093994,-0.0908509194850921,0.6292806267738342,0.7714523673057556,-0.055035974830389,0.5787473917007446,0.7381306290626526,-0.0736786648631095,0.5463430881500244,0.7123467326164246,-0.0834237188100814,0.5211676359176636,0.6870352625846863,-0.0888952612876892,0.10539860046658778,0.046942032270880056
0.0,0.6529685854911804,0.8769082427024841,6.43522128029872e-07,0.6823176741600037,0.8012509346008301,-0.013684956356883,0.7020375728607178,0.7331812381744385,-0.030793510377407,0.7263430953025818,0.6777609586715698,-0.048493068665266,0.7501084804534912,0.6352639198303223,-0.0677819401025772,0.610109806060791,0.677234411239624,-0.0311672110110521,0.5946032404899597,0.5821484923362732,-0.0503605939447879,0.5824071764945984,0.5269781947135925,-0.0638266950845718,0.5709947347640991,0.4820214211940765,-0.0733218416571617,0.5731228590011597,0.6955642104148865,-0.0371809788048267,0.53729248046875,0.6008937358856201,-0.0528341718018054,0.5137528777122498,0.54414302110672,-0.0645933747291565,0.4935677647590637,0.5009351968765259,-0.0740856602787971,0.5456957221031189,0.7312774062156677,-0.0436464734375476,0.4971685409545898,0.6556742787361145,-0.057763610035181,0.4647215008735657,0.6096394062042236,-0.0698219239711761,0.4386476278305053,0.5718833804130554,-0.0791442170739173,0.5271239280700684,0.7781131267547607,-0.050658643245697,0.4793887734413147,0.7386987209320068,-0.0647258684039115,0.447738766670227,0.7103803753852844,-0.0722118318080902,0.4217899143695831,0.683829665184021,-0.0767770782113075,0.11518141048810704,0.05237224840476767
0.0,0.5710625648498535,0.8714630007743835,6.372941925292253e-07,0.6021409034729004,0.7968375086784363,-0.0169605128467082,0.6222853660583496,0.7292962074279785,-0.0355398915708065,0.6422775983810425,0.6665682792663574,-0.0534818470478057,0.6593621969223022,0.6166452765464783,-0.0729382038116455,0.5284894704818726,0.6720603704452515,-0.0355106256902217,0.5060877203941345,0.5760889053344727,-0.0541544184088707,0.48906210064888,0.5202432870864868,-0.0666257217526435,0.4735565781593323,0.4753822088241577,-0.0756488814949989,0.490763247013092,0.6958548426628113,-0.0396666377782821,0.4464637041091919,0.6022064685821533,-0.0554026886820793,0.4152387976646423,0.5481864809989929,-0.0673345550894737,0.3889439702033996,0.5083478689193726,-0.0768530070781707,0.4642332792282104,0.7365907430648804,-0.0441695302724838,0.4089072346687317,0.6641045808792114,-0.0594378784298896,0.3705191612243652,0.6211058497428894,-0.0728092715144157,0.3396183848381042,0.5864454507827759,-0.0829956904053688,0.4473405480384826,0.786207914352417,-0.0490761063992977,0.3945021629333496,0.7583833336830139,-0.0653978660702705,0.3588693737983703,0.7374026775360107,-0.0742555856704711,0.329456090927124,0.7147918343544006,-0.0794288516044616,0.12435255274358457,0.056238239005207934
0.0,0.5372500419616699,0.8807488679885864,6.396558660526352e-07,0.5671321749687195,0.7964812517166138,-0.0135820442810654,0.5860079526901245,0.7228698134422302,-0.0307318605482578,0.6085367798805237,0.6555229425430298,-0.0480560101568698,0.6265757083892822,0.6041266322135925,-0.0669841840863227,0.4886637330055237,0.6741719841957092,-0.0309000294655561,0.4632850587368011,0.5738687515258789,-0.0485012419521808,0.4469806849956512,0.5173666477203369,-0.0604445338249206,0.4324109256267547,0.4728272259235382,-0.068864420056343,0.4511289894580841,0.6995148062705994,-0.0355910211801528,0.4056116640567779,0.605369508266449,-0.0506620369851589,0.3759086430072784,0.5501092672348022,-0.062614232301712,0.351729542016983,0.5116903185844421,-0.0723382458090782,0.4229060411453247,0.7400888204574585,-0.0404589436948299,0.3650789558887481,0.6696051359176636,-0.0540466792881488,0.3275968730449676,0.6257987022399902,-0.0663867965340614,0.2980424165725708,0.5927149653434753,-0.0759604051709175,0.4035797119140625,0.7884650826454163,-0.0456381663680076,0.3490703105926513,0.7536066174507141,-0.0594730675220489,0.3154587149620056,0.7303503751754761,-0.0668549835681915,0.2878834009170532,0.7085908651351929,-0.0711556524038314,0.13061361664341192,0.05766506243409038
0.0,0.5075204372406006,0.8834383487701416,6.59293391436222e-07,0.5355201959609985,0.7947492599487305,-0.0105467634275555,0.5540440082550049,0.7196903228759766,-0.0261487308889627,0.5755357146263123,0.652254045009613,-0.0420450866222381,0.5934271216392517,0.6027183532714844,-0.0592454075813293,0.4558433294296264,0.6830488443374634,-0.0281389877200126,0.4283327460289001,0.5804795026779175,-0.0431599579751491,0.409744530916214,0.5240774154663086,-0.0531343929469585,0.3938361704349518,0.4805184602737427,-0.0598959773778915,0.4175056219100952,0.710943341255188,-0.0321692042052745,0.3704980015754699,0.6135901808738708,-0.044487502425909,0.339153379201889,0.5586856603622437,-0.0545355193316936,0.3149046599864959,0.521506667137146,-0.0627523586153984,0.3895473480224609,0.7504878044128418,-0.0357493348419666,0.331026554107666,0.6771092414855957,-0.0455213822424411,0.2931874394416809,0.6337167024612427,-0.0556273758411407,0.2646061182022095,0.601726770401001,-0.0638998076319694,0.3711968660354614,0.7946205139160156,-0.039432805031538,0.3172859251499176,0.7596723437309265,-0.0489551648497581,0.284875214099884,0.7361534237861633,-0.0538357719779014,0.2594942450523376,0.7144262194633484,-0.0565659999847412,0.12778443293715291,0.05540521854458585
0.0,0.3512703776359558,0.9304709434509276,1.0367481451112327e-07,0.2851057350635528,0.9365520477294922,0.0207822434604167,0.2350554764270782,0.9060513973236084,0.0260298401117324,0.2016437351703643,0.8949562311172485,0.0235192198306322,0.1726748943328857,0.893184244632721,0.0182553306221961,0.1978973001241684,0.7747074365615845,0.021268231794238,0.1525164246559143,0.7113927602767944,0.0115698520094156,0.1161283478140831,0.6828491687774658,0.0017086385050788,0.0830938667058944,0.6627527475357056,-0.0073302607052028,0.2127562016248703,0.7567579746246338,-0.0057996711693704,0.1664508432149887,0.6666044592857361,-0.0182081069797277,0.1265840679407119,0.6201412081718445,-0.0305147562175989,0.0906360894441604,0.5861414074897766,-0.04076574370265,0.2341563254594802,0.7554969787597656,-0.0339222773909568,0.1972769200801849,0.6550201177597046,-0.0466626361012458,0.1627678871154785,0.6022766828536987,-0.0589909628033638,0.1306437849998474,0.5601874589920044,-0.069727323949337,0.2608377635478973,0.7690564393997192,-0.061037428677082,0.2379516065120697,0.6929304003715515,-0.0738548785448074,0.2130991965532302,0.6470016241073608,-0.0818847641348838,0.1889437139034271,0.6070791482925415,-0.0896096378564834,0.0641665305169587,0.029496477843417284
0.0,0.3606212139129638,0.6918165683746338,4.104498998458439e-07,0.3138260543346405,0.7474116683006287,-0.0239899531006813,0.2618164420127868,0.7935837507247925,-0.0438852906227111,0.2217471897602081,0.8371754884719849,-0.0627438649535179,0.1936787664890289,0.8772693872451782,-0.0831102505326271,0.1942446082830429,0.6773294806480408,-0.0358624458312988,0.1193576604127883,0.6780303120613098,-0.0604498460888862,0.0740825235843658,0.6791992783546448,-0.0797520503401756,0.0347403287887573,0.6785485744476318,-0.0936636850237846,0.2008100301027298,0.6254650950431824,-0.0427136681973934,0.123963862657547,0.5921289920806885,-0.0640004724264144,0.0738258510828018,0.5768975019454956,-0.0820084363222122,0.0320052355527877,0.5666338205337524,-0.095408096909523,0.2226174622774124,0.585867166519165,-0.0522911585867404,0.1577099710702896,0.5345063209533691,-0.0740609318017959,0.1137343645095825,0.5083500742912292,-0.0904416218400001,0.0748394876718521,0.490038126707077,-0.1021669805049896,0.2555364370346069,0.5567036271095276,-0.0636454969644546,0.2184885442256927,0.4932527542114258,-0.0822642147541046,0.1899503320455551,0.4563902616500854,-0.0907878801226615,0.1617854386568069,0.4269720911979675,-0.0967891588807106,0.11482432697620115,0.05301081743684111
0.0,0.3607560694217682,0.6718564629554749,3.950386258111394e-07,0.3158768117427826,0.7345626354217529,-0.02444664016366,0.2652115523815155,0.7841872572898865,-0.0430787168443203,0.2259178310632705,0.8288867473602295,-0.0607217848300933,0.1976438015699386,0.8700354695320129,-0.0797384157776832,0.1943654268980026,0.6710604429244995,-0.0312678217887878,0.1230003833770752,0.6780626773834229,-0.0545529164373874,0.0789928585290908,0.6818117499351501,-0.0735532566905021,0.0409597307443618,0.6829227209091187,-0.0877287238836288,0.1979048252105713,0.619924783706665,-0.0373181588947773,0.1227361932396888,0.5954479575157166,-0.0584627203643322,0.0735879838466644,0.5840700268745422,-0.0768265798687934,0.0325606018304824,0.5765396952629089,-0.0904768407344818,0.2172023057937622,0.5790753960609436,-0.0465944334864616,0.1515990793704986,0.5359150171279907,-0.0694423019886016,0.1077478751540184,0.5125223398208618,-0.0870657712221145,0.068155288696289,0.4955185055732727,-0.0994498431682586,0.2482824623584747,0.5466086864471436,-0.0576625019311904,0.2107798159122467,0.4877287447452545,-0.0779112726449966,0.1819021701812744,0.4539166688919067,-0.0883494317531585,0.1530183255672454,0.4270296692848205,-0.0957050696015358,0.11523562826135567,0.05342537162020737
0.0,0.3529199361801147,0.5487165451049805,4.08125146122984e-07,0.3078154325485229,0.6098940372467041,-0.0240046996623277,0.2585377395153045,0.6609980463981628,-0.0431089028716087,0.2201218605041504,0.7069034576416016,-0.0609034150838851,0.1920617073774337,0.7466685175895691,-0.0798217356204986,0.1901558488607406,0.5532815456390381,-0.0350959040224552,0.1166063547134399,0.5577502250671387,-0.0588633641600608,0.0720424950122833,0.5585664510726929,-0.0769771113991737,0.0348704755306243,0.5551490783691406,-0.090092547237873,0.1948777288198471,0.5014532804489136,-0.0410645604133605,0.1190897449851036,0.4764663279056549,-0.0613007061183452,0.071699246764183,0.4618828892707824,-0.0781084075570106,0.0325570702552795,0.4486850500106811,-0.090741753578186,0.2150147855281829,0.4581798315048218,-0.0498559512197971,0.1490465402603149,0.4152028560638428,-0.0719735100865364,0.1072366163134574,0.3909273743629455,-0.0880890488624572,0.0702718645334243,0.3726208806037903,-0.0995513498783111,0.2469880133867263,0.4226022660732269,-0.0603230707347393,0.210027202963829,0.3656442761421203,-0.0804096385836601,0.182241752743721,0.3324045240879059,-0.0897981002926826,0.1543644666671753,0.3050446808338165,-0.0961646139621734,0.1144828571070829,0.05221623347280319
0.0,0.3538046181201935,0.4986701905727386,3.984598606621148e-07,0.3085166215896606,0.5577496886253357,-0.0242358241230249,0.2600336670875549,0.6071304082870483,-0.0439969636499881,0.2219050973653793,0.6522434949874878,-0.0626753270626068,0.19412462413311,0.6924606561660767,-0.082498200237751,0.1926711499691009,0.5014778971672058,-0.0354998745024204,0.1214948520064354,0.5063745379447937,-0.0605135783553123,0.0776158422231674,0.5074294209480286,-0.0795997306704521,0.0411001145839691,0.5040920376777649,-0.0934148579835891,0.1968617141246795,0.4509500861167907,-0.0414674505591392,0.1228337585926055,0.4279151558876037,-0.0640614554286003,0.07522514462471,0.4121612012386322,-0.0819778218865394,0.0358691960573196,0.3975749909877777,-0.095133438706398,0.2163546830415725,0.4083769917488098,-0.0503680445253849,0.1507410705089569,0.3684532940387726,-0.0746823847293853,0.1095055863261222,0.342714786529541,-0.0915458127856254,0.0737348645925521,0.3234899044036865,-0.1029693633317947,0.247816577553749,0.372861385345459,-0.060933694243431,0.2110543996095657,0.317684531211853,-0.0825237184762954,0.1830931454896927,0.2852324247360229,-0.0929033607244491,0.1558339893817901,0.2592764794826507,-0.0997358560562133,0.11448842022254552,0.052745815447211346
0.0,0.3527671694755554,0.4504416286945343,4.220616460770543e-07,0.3098898530006408,0.5107520222663879,-0.0267181899398565,0.2630614638328552,0.5587054491043091,-0.0464387871325016,0.2251407355070114,0.602847158908844,-0.064542606472969,0.1959555596113205,0.640599250793457,-0.0834617316722869,0.1966810375452041,0.4568148255348205,-0.03596693277359,0.1261809170246124,0.4604663252830505,-0.0601824112236499,0.0830648690462112,0.4601466655731201,-0.07853614538908,0.0471259355545043,0.4555728137493133,-0.0918775498867034,0.2004459053277969,0.4069347977638244,-0.0397014394402504,0.1276623606681823,0.3854754567146301,-0.0613415911793708,0.0811290442943573,0.3696987330913543,-0.0786485150456428,0.0432860851287841,0.3549611866474151,-0.0915420353412628,0.2191576510667801,0.3648399710655212,-0.0466481484472751,0.1560817807912826,0.3285515904426574,-0.0699782967567443,0.1159223020076751,0.3050917387008667,-0.0867422670125961,0.0812478959560394,0.2870992720127105,-0.0983292162418365,0.2491578608751297,0.3294872343540191,-0.055526066571474,0.2150529474020004,0.2770652174949646,-0.0765524357557296,0.1882340461015701,0.2465064078569412,-0.0875395759940147,0.1618096530437469,0.221823588013649,-0.0950168073177337,0.11216280826944064,0.051331552012715824
0.0,0.3559316396713257,0.4055335819721222,3.8350344766513444e-07,0.3132373392581939,0.4648037850856781,-0.0234261937439441,0.2685738801956177,0.5088720917701721,-0.041801631450653,0.2309058308601379,0.5503492951393127,-0.0584949776530265,0.2021812349557876,0.5849565267562866,-0.0759478136897087,0.206258475780487,0.4095789790153503,-0.0347207635641098,0.1360537558794021,0.4120658934116363,-0.0566348806023597,0.0941107869148254,0.4109852910041809,-0.0729994624853134,0.0597704052925109,0.4056569039821625,-0.0847356244921684,0.2108155339956283,0.3612168133258819,-0.0378055199980735,0.1382452845573425,0.3416615426540375,-0.0567132867872715,0.0930218398571014,0.3265354633331299,-0.0715703964233398,0.0570636987686157,0.3122502267360687,-0.082633726298809,0.229367509484291,0.3209146857261657,-0.0433984659612178,0.1641823649406433,0.2865188121795654,-0.0641884729266166,0.1245404779911041,0.2628187239170074,-0.0795472711324691,0.0911739915609359,0.2448417842388153,-0.0900933519005775,0.2577544152736664,0.2869004905223846,-0.0504119172692298,0.2228759974241256,0.2369868010282516,-0.0699317157268524,0.1963075697422027,0.2093259394168853,-0.0802339762449264,0.1702932566404342,0.1872437000274658,-0.0869074165821075,0.10659637118870893,0.048242765009713195
1.0,0.3205450177192688,0.5729255676269531,-2.530611027395935e-07,0.3797007203102112,0.5839133858680725,-0.02094267308712,0.4394586086273193,0.5494513511657715,-0.026587726548314,0.4382178485393524,0.4785477817058563,-0.0300642699003219,0.4019259512424469,0.4565739333629608,-0.0286843311041593,0.4340342283248901,0.4814049303531647,-0.0096865715458989,0.4566401839256286,0.4368471503257751,-0.031212992966175,0.4339526891708374,0.4887742400169372,-0.0388402491807937,0.4249489903450012,0.5072225332260132,-0.0414244048297405,0.4012569487094879,0.4609852731227875,-0.0088438475504517,0.4194587171077728,0.4252170324325561,-0.0313158854842186,0.3990791141986847,0.4905484020709991,-0.0327351614832878,0.3927523195743561,0.4975439310073852,-0.0286038946360349,0.3676579892635345,0.4468533992767334,-0.0120354583486914,0.3819580078125,0.4141719937324524,-0.0404907204210758,0.3669925630092621,0.4821164608001709,-0.0313062034547328,0.3612293601036072,0.4935990273952484,-0.0177844110876321,0.3292366862297058,0.4339252710342407,-0.0162520818412303,0.3461340963840484,0.4075891375541687,-0.0325107835233211,0.3428103625774383,0.4590440988540649,-0.0214503090828657,0.337698757648468,0.4759730398654938,-0.0091517744585871,0.10019636150455594,0.04244827501191143
1.0,0.3136010766029358,0.6104606986045837,-2.2300298496702453e-07,0.3716077506542206,0.6254940629005432,-0.030108219012618,0.4384986758232116,0.5918036699295044,-0.0409424118697643,0.4363793730735779,0.5160351395606995,-0.0475956462323665,0.3965713679790497,0.4912889897823334,-0.0482428520917892,0.436995655298233,0.5116137862205505,-0.0173606313765048,0.457058846950531,0.4715160429477691,-0.0427604056894779,0.4314761459827423,0.5263761281967163,-0.0511401556432247,0.423527181148529,0.5424703359603882,-0.0541193485260009,0.4010557234287262,0.4874830245971679,-0.0140852080658078,0.4186667203903198,0.4537670612335205,-0.0424663871526718,0.3957738280296325,0.5241307020187378,-0.0450188070535659,0.390388548374176,0.526734471321106,-0.0405517034232616,0.3646840751171112,0.4713079333305359,-0.0157454628497362,0.3785671889781952,0.4410999417304992,-0.0499135628342628,0.3617400228977203,0.5146163105964661,-0.0402948372066021,0.3573502898216247,0.5206376910209656,-0.0256922263652086,0.3239597082138061,0.4565926492214203,-0.0190299693495035,0.340813934803009,0.4377458691596985,-0.0383998304605484,0.335537850856781,0.4938619434833526,-0.027221318334341,0.3312481045722961,0.5049095153808594,-0.0145928971469402,0.10915308743037266,0.04687715940502136
1.0,0.279129296541214,0.6490968465805054,-2.18656396100414e-07,0.3432516455650329,0.659020185470581,-0.0341891013085842,0.4212115705013275,0.6266907453536987,-0.0478422902524471,0.4176003634929657,0.5575377941131592,-0.0566472522914409,0.3623975813388824,0.53922039270401,-0.0586987920105457,0.4213461875915527,0.5101273059844971,-0.0191364344209432,0.4394312500953674,0.5005547404289246,-0.0476312674582004,0.4065798819065094,0.556736409664154,-0.0599459074437618,0.3939324021339416,0.5636423230171204,-0.0667831674218177,0.3822990655899048,0.475799411535263,-0.0164869017899036,0.3966186046600342,0.4785481691360473,-0.0475115254521369,0.3710284829139709,0.5488401055335999,-0.052973698824644,0.3650954067707062,0.5429096221923828,-0.0506110154092311,0.3412558734416961,0.4600740075111389,-0.0194002334028482,0.3475620746612549,0.4746058583259582,-0.0524744763970375,0.333959698677063,0.5474388599395752,-0.0464114882051944,0.3302534818649292,0.5431216359138489,-0.0359477400779724,0.2978493571281433,0.4537006914615631,-0.0251374430954456,0.30699223279953,0.4817195534706116,-0.0434231683611869,0.3037334680557251,0.538023054599762,-0.0363932065665721,0.3021197021007538,0.5374339818954468,-0.0276816990226507,0.105962311905152,0.05819865262318487
1.0,0.2643818855285644,0.6634674072265625,-2.0740519346418298e-07,0.3347883820533752,0.6777803897857666,-0.0362414456903934,0.4195291996002197,0.6406856775283813,-0.0497004427015781,0.4196794629096985,0.5699451565742493,-0.0576361678540706,0.3611645996570587,0.5588109493255615,-0.0580236800014972,0.4150415062904358,0.5035369396209717,-0.0197518393397331,0.4317244291305542,0.5021777749061584,-0.0491969585418701,0.4014400243759155,0.567981481552124,-0.0620873011648654,0.3895359933376312,0.571858823299408,-0.0700946673750877,0.3716965913772583,0.4671788513660431,-0.0165912993252277,0.3862401247024536,0.4709839522838592,-0.051125057041645,0.3641439974308014,0.5510848164558411,-0.0574413649737834,0.3558266758918762,0.5496233105659485,-0.0549002923071384,0.3261235654354095,0.4537591338157654,-0.0191545542329549,0.3328424096107483,0.4812475144863128,-0.0531817264854908,0.3225077986717224,0.5591241121292114,-0.047096412628889,0.3152529895305633,0.5555023550987244,-0.0364416129887104,0.2796127498149872,0.4512126445770263,-0.0250916462391614,0.2879453599452972,0.5025725960731506,-0.0435578003525733,0.2883442938327789,0.5589206218719482,-0.0393618233501911,0.2871161997318268,0.5523225665092468,-0.0327910855412483,0.10089189226078385,0.059566013448914525
1.0,0.2879306674003601,0.6684600710868835,-2.739841988841363e-07,0.3801501095294952,0.6798975467681885,-0.0502168089151382,0.4851263463497162,0.6211885213851929,-0.0732556357979774,0.4777186810970306,0.5348438024520874,-0.0892557352781295,0.4025961458683014,0.5251848101615906,-0.0948711335659027,0.4688690900802612,0.4287765920162201,-0.0282432585954666,0.4886382222175598,0.4548373818397522,-0.0761643648147583,0.4497618079185486,0.5375696420669556,-0.1019392609596252,0.4360096156597137,0.5360851883888245,-0.11897624284029,0.4098060727119446,0.3792972564697265,-0.0265866369009017,0.4295409023761749,0.4252514839172363,-0.0781748592853546,0.4022150635719299,0.5207446217536926,-0.0912586450576782,0.3965892493724823,0.5069471597671509,-0.0915468782186508,0.3501407206058502,0.3718719780445099,-0.0339059755206108,0.3638082444667816,0.455994963645935,-0.0802763476967811,0.353654533624649,0.5396682620048523,-0.0757559314370155,0.3505659997463226,0.5155714154243469,-0.0656583979725837,0.2966689169406891,0.3851161003112793,-0.046921532601118,0.309697687625885,0.491159439086914,-0.0737564265727996,0.3107864260673523,0.5497626066207886,-0.0746450126171112,0.3100095093250274,0.5203723907470703,-0.0714203491806984,0.1284335482028061,0.07594882572620766
1.0,0.3691788613796234,0.630645751953125,-3.418559231249674e-07,0.4652575254440307,0.6411442756652832,-0.0547175854444503,0.579696774482727,0.590147078037262,-0.0824808701872825,0.5893190503120422,0.5025212168693542,-0.1027044951915741,0.5201666951179504,0.4839305877685547,-0.1132721975445747,0.5550799369812012,0.3630934655666351,-0.0340723022818565,0.5974526405334473,0.4085620641708374,-0.0812901854515075,0.5528286695480347,0.4940409958362579,-0.107428602874279,0.5330190658569336,0.4800691902637481,-0.1244205608963966,0.4959793388843536,0.3200330436229706,-0.0299830362200737,0.5370577573776245,0.3974814116954803,-0.0772882550954818,0.5012004971504211,0.4930405616760254,-0.0896811038255691,0.4873958230018616,0.4660575985908508,-0.0910563319921493,0.4357476532459259,0.3175534605979919,-0.0343528985977172,0.4686598181724548,0.4155805706977844,-0.0798319429159164,0.4509485065937042,0.4988533854484558,-0.0756394788622856,0.4397351145744324,0.4698611795902252,-0.0659963116049766,0.3814386427402496,0.3324824869632721,-0.0440192036330699,0.4137060046195984,0.4266169965267181,-0.0694787353277206,0.4069795906543731,0.4910042285919189,-0.0658953636884689,0.395313024520874,0.4705649018287658,-0.0587898939847946,0.1255941041394974,0.07238325809380886
1.0,0.4705944657325744,0.5788027048110962,-3.959957268762082e-07,0.5690534114837646,0.58730149269104,-0.0434102453291416,0.6885119676589966,0.5432536005973816,-0.0646913349628448,0.7068271040916443,0.4588496387004852,-0.0804613158106803,0.6420297026634216,0.4304755926132202,-0.0875323489308357,0.6663166284561157,0.3243641257286072,-0.0246850047260522,0.7208691239356995,0.3707398772239685,-0.0651445165276527,0.669771671295166,0.4531195163726806,-0.0865694805979728,0.6440556049346924,0.4376454055309295,-0.1009226068854332,0.6107919812202454,0.2818421721458435,-0.0242918841540813,0.6614066362380981,0.3542090356349945,-0.0657027214765548,0.6155877113342285,0.4510698616504669,-0.0750884115695953,0.5970447063446045,0.4262453913688659,-0.0749079883098602,0.5528445839881897,0.2745441198348999,-0.0308342613279819,0.5930600762367249,0.3605904281139374,-0.0716490745544433,0.5640665292739868,0.4482639133930206,-0.0639727637171745,0.5469778776168823,0.4219299554824829,-0.0525927878916263,0.4975275099277496,0.2823544144630432,-0.0413969233632087,0.5354267954826355,0.3610714673995971,-0.0627466291189193,0.5215539336204529,0.4307826161384582,-0.0534295700490474,0.5046433210372925,0.4150462448596954,-0.042567703872919,0.12410153892309465,0.07109000796594978
1.0,0.5774303674697876,0.5212665796279907,-4.214103626054566e-07,0.6817595958709717,0.5272963643074036,-0.0352775976061821,0.7986679673194885,0.4870213568210602,-0.0531264878809452,0.8332628011703491,0.406117171049118,-0.0687408000230789,0.7728269100189209,0.3752990365028381,-0.0765025615692138,0.7761490345001221,0.2821023762226105,-0.0116747803986072,0.8400349617004395,0.316176563501358,-0.0523599311709404,0.7887678146362305,0.3965197801589966,-0.0739961639046669,0.756859302520752,0.3848081231117248,-0.0874476134777069,0.7240148186683655,0.2413828521966934,-0.014917598105967,0.7853701710700989,0.2941913604736328,-0.0587436631321907,0.7380406856536865,0.3936347961425781,-0.0678106844425201,0.7139607071876526,0.3761128485202789,-0.0660246461629867,0.669671356678009,0.227867767214775,-0.0253293290734291,0.7251420021057129,0.2935835719108581,-0.0708819255232811,0.68993079662323,0.3880472779273987,-0.0619722940027713,0.6637681722640991,0.3705470561981201,-0.0469735562801361,0.614636242389679,0.2294269502162933,-0.0388699509203434,0.670848548412323,0.2918755412101745,-0.0627359822392463,0.6508577466011047,0.3641795814037323,-0.0514037646353244,0.6243565678596497,0.3553643822669983,-0.0377587117254734,0.11703024361581926,0.06828249628183601
1.0,0.6227527260780334,0.5820173025131226,-3.776856374315685e-07,0.7211611270904541,0.5818110704421997,-0.0280118025839328,0.8216213583946228,0.5565215349197388,-0.0443004183471202,0.8611857891082764,0.4896514117717743,-0.0606119334697723,0.8134220838546753,0.4472891688346863,-0.0702791512012481,0.8062956929206848,0.374341607093811,-0.0051244017668068,0.8653007745742798,0.4019759893417358,-0.0412000156939029,0.8197519183158875,0.4751908779144287,-0.0601668320596218,0.791902482509613,0.4653810858726501,-0.0715878531336784,0.7627413868904114,0.3393642008304596,-0.0103860180824995,0.8201883435249329,0.382456511259079,-0.0496359579265117,0.7768182158470154,0.4714972376823425,-0.0585346035659313,0.754930853843689,0.4559333324432373,-0.0582002736628055,0.7170238494873047,0.3225659132003784,-0.0220676492899656,0.7718109488487244,0.3742192983627319,-0.0645248442888259,0.734795331954956,0.460734486579895,-0.055393286049366,0.70919269323349,0.4471701681613922,-0.0409007407724857,0.6682712435722351,0.3174320757389068,-0.0361419804394245,0.7284960150718689,0.3641366958618164,-0.0578057132661342,0.704910397529602,0.4294762909412384,-0.0446123071014881,0.675477921962738,0.4243489801883697,-0.0302647445350885,0.11257811716415629,0.06457078491765066
1.0,0.5932257175445557,0.6434884071350098,-2.884607113173843e-07,0.6839939951896667,0.6506823897361755,-0.0349909737706184,0.7792284488677979,0.6223711967468262,-0.0518110655248165,0.8077911138534546,0.5489157438278198,-0.0662960410118103,0.7572252154350281,0.5144268274307251,-0.0739705562591552,0.7522350549697876,0.4497164487838745,-0.0104588363319635,0.807383120059967,0.4662505090236664,-0.0450915172696113,0.7676868438720703,0.5392223000526428,-0.0632808431982994,0.7448286414146423,0.5308535695075989,-0.0745294019579887,0.7097448706626892,0.4205990731716156,-0.0101362699642777,0.7649381160736084,0.4511992335319519,-0.0489321798086166,0.7279235124588013,0.5378225445747375,-0.0575244575738906,0.7080207467079163,0.5234168171882629,-0.0567898713052272,0.6664765477180481,0.407027930021286,-0.0166121143847703,0.7190420031547546,0.4474664330482483,-0.0579629875719547,0.6890313625335693,0.5297305583953857,-0.0497338250279426,0.6655192971229553,0.5184406638145447,-0.0360345132648944,0.6203925609588623,0.4014438390731811,-0.0259688552469015,0.6772775053977966,0.4424093961715698,-0.0480966940522193,0.6578916311264038,0.5051825046539307,-0.037556167691946,0.6317778825759888,0.5027714371681213,-0.0251562073826789,0.11237069092140096,0.06168706202592362
1.0,0.5504633784294128,0.716254711151123,-2.538463945711556e-07,0.6454533338546753,0.713959813117981,-0.0278420578688383,0.7393913865089417,0.6777147650718689,-0.0432426370680332,0.7626428008079529,0.6144049763679504,-0.0581878051161766,0.7079565525054932,0.5950185060501099,-0.0662104785442352,0.7115460634231567,0.5092947483062744,0.0020155222155153,0.7675707936286926,0.5403567552566528,-0.0330537967383861,0.7292032241821289,0.6109961271286011,-0.0539054051041603,0.7060752511024475,0.5962634682655334,-0.0672862753272056,0.666345477104187,0.4797158241271972,-0.0024553430266678,0.7234604358673096,0.5254137516021729,-0.041645348072052,0.6882836818695068,0.6087878942489624,-0.0537833608686924,0.6702370047569275,0.5867199301719666,-0.0551332086324691,0.6209726333618164,0.470695286989212,-0.0136825265362858,0.6734710335731506,0.5256330370903015,-0.0541368834674358,0.6467874646186829,0.6032739877700806,-0.0498580448329448,0.627140462398529,0.5808307528495789,-0.0391203463077545,0.5784463286399841,0.4713891148567199,-0.0274776462465524,0.6320093870162964,0.5235516428947449,-0.048114575445652,0.6140676140785217,0.5794875025749207,-0.0399937815964221,0.590753972530365,0.5664772391319275,-0.0297189485281705,0.09140208852698153,0.058572897091710166
1.0,0.488121747970581,0.7887275218963623,-3.537526822583459e-07,0.565004289150238,0.7931681871414185,-0.0342703126370906,0.6558964848518372,0.760535478591919,-0.0545286834239959,0.6878864169120789,0.7049375772476196,-0.0717221796512603,0.6455934047698975,0.6794342994689941,-0.0825417041778564,0.6338988542556763,0.5656957626342773,-0.0208254791796207,0.6907671093940735,0.609370231628418,-0.0579025521874427,0.6531408429145813,0.6783958673477173,-0.0806376412510871,0.6278515458106995,0.6659841537475586,-0.0962131842970848,0.5935146808624268,0.5388460755348206,-0.0228988844901323,0.6487585306167603,0.6026855111122131,-0.059829119592905,0.6151348948478699,0.6809672713279724,-0.0699803456664085,0.5943871140480042,0.6633327007293701,-0.073025032877922,0.5496906042098999,0.5377683043479919,-0.0310244970023632,0.6005972027778625,0.6107208132743835,-0.0659760013222694,0.5756508708000183,0.6811439990997314,-0.0600336231291294,0.5542661547660828,0.6630503535270691,-0.05200632289052,0.5076146125793457,0.5517964363098145,-0.0428619347512722,0.5538389682769775,0.6201010346412659,-0.0615647658705711,0.5381609201431274,0.67246413230896,-0.0559774450957775,0.5177793502807617,0.6608538627624512,-0.049622256308794,0.0864192342367127,0.050558660627968086
1.0,0.3993575870990753,0.8104204535484314,-3.865254143420316e-07,0.4792730808258056,0.8234474658966064,-0.0340505987405777,0.579749345779419,0.7894037961959839,-0.0519112236797809,0.6011784076690674,0.7198063731193542,-0.0660277009010315,0.5483641028404236,0.7002508640289307,-0.0744948461651802,0.5619767308235168,0.5871744751930237,-0.0203478373587131,0.6020983457565308,0.632530927658081,-0.0552858673036098,0.5654284358024597,0.7016832232475281,-0.0772906243801117,0.5435078144073486,0.6995332837104797,-0.0912050977349281,0.5157578587532043,0.5536531209945679,-0.0210540387779474,0.5521895289421082,0.6264994740486145,-0.0534933805465698,0.5203094482421875,0.7016116976737976,-0.0628522187471389,0.5003980398178101,0.6888736486434937,-0.0649647712707519,0.4672191441059112,0.5489156246185303,-0.0275513511151075,0.4996487200260162,0.6278968453407288,-0.0590362623333931,0.480275958776474,0.6963459253311157,-0.0555835366249084,0.4628378748893738,0.683782696723938,-0.0488944016396999,0.4196952283382416,0.5598030686378479,-0.0374999791383743,0.4538452923297882,0.6305132508277893,-0.0530228689312934,0.4437626004219055,0.6866346001625061,-0.046808123588562,0.4291114807128906,0.6815139055252075,-0.0394271798431873,0.09717663707335207,0.056951394006141264
1.0,0.3368569910526275,0.8123862743377686,-4.887390900876198e-07,0.4211964309215545,0.8254010677337646,-0.0301611945033073,0.5188711881637573,0.774146556854248,-0.0435894541442394,0.5316318869590759,0.7009966373443604,-0.0533530190587043,0.4706200659275055,0.6868195533752441,-0.0556543804705143,0.5022794604301453,0.5818759202957153,-0.0159297715872526,0.5345419049263,0.6205682754516602,-0.0498417988419532,0.494927167892456,0.6909375786781311,-0.0709916204214096,0.4720600545406341,0.683750331401825,-0.0872472673654556,0.4506038427352905,0.5459311604499817,-0.0194770228117704,0.4807819128036499,0.6063021421432495,-0.0557135418057441,0.4517529606819153,0.6883289217948914,-0.0663938894867897,0.4356066882610321,0.675044059753418,-0.070044994354248,0.3993478119373321,0.5444260239601135,-0.0287138670682907,0.4244433343410492,0.624337375164032,-0.061801977455616,0.4077985882759094,0.6985847353935242,-0.0579964220523834,0.3914482295513153,0.6799132823944092,-0.0525059439241886,0.3524313569068908,0.5604303479194641,-0.0417996831238269,0.3781361579895019,0.6509832143783569,-0.0620228052139282,0.3708129227161407,0.7042672634124756,-0.0620427280664444,0.3582763671875,0.6829356551170349,-0.0602760426700115,0.1004974565893989,0.06267956828028987
1.0,0.2760202288627624,0.816739022731781,-3.579080214421993e-07,0.3603486120700836,0.8175786733627319,-0.0364439375698566,0.451276421546936,0.7639306783676147,-0.0549576357007026,0.4438847601413727,0.7005130052566528,-0.0688768476247787,0.3770477473735809,0.7001762390136719,-0.0744788721203804,0.4340841472148895,0.58340984582901,-0.0195304211229085,0.4529619812965393,0.6228651404380798,-0.0560382306575775,0.4191650450229645,0.6954960823059082,-0.0783989205956459,0.4047963917255401,0.690634548664093,-0.0946502238512039,0.3806333243846893,0.5468276739120483,-0.0208545438945293,0.3991033732891083,0.6092129349708557,-0.0592873282730579,0.3767572045326233,0.6898847818374634,-0.0710717737674713,0.3686628639698028,0.6759100556373596,-0.074539229273796,0.3280602991580963,0.546640157699585,-0.0286677051335573,0.3427037596702575,0.629596471786499,-0.0613551139831543,0.3341604471206665,0.6998602151870728,-0.0588431507349014,0.3275762498378753,0.6774946451187134,-0.0539153739809989,0.2826522588729858,0.5638120174407959,-0.0410825423896312,0.2967753410339355,0.6559842228889465,-0.058697510510683,0.295375108718872,0.705790638923645,-0.0590090192854404,0.2897157371044159,0.6812381744384766,-0.0577144660055637,0.0997777694590466,0.0670722175395573
1.0,0.2143287807703018,0.7758879065513611,-1.467378467623348e-07,0.2806503474712372,0.7752737998962402,-0.0340326614677906,0.3529756069183349,0.7317876815795898,-0.0499919727444648,0.3409556746482849,0.6710842251777649,-0.0616169720888137,0.2902272045612335,0.659113347530365,-0.066358096897602,0.347302496433258,0.5933824181556702,-0.0172038748860359,0.3524247109889984,0.596459686756134,-0.0513642467558383,0.3341110050678253,0.665104329586029,-0.0694989264011383,0.3254182636737823,0.6793075799942017,-0.0793977379798889,0.2981040477752685,0.5640763640403748,-0.0167776104062795,0.3049958646297455,0.5706751942634583,-0.0520396530628204,0.2961668670177459,0.6495962738990784,-0.0599305294454097,0.2928371429443359,0.6578431129455566,-0.0579731501638889,0.250238835811615,0.5598573684692383,-0.0228208415210247,0.2541756927967071,0.5929232835769653,-0.0561633184552192,0.2532603740692138,0.6651941537857056,-0.0500995777547359,0.2511218786239624,0.6640202403068542,-0.0394663736224174,0.2047941088676452,0.5702483654022217,-0.0324022360146045,0.2117091119289398,0.6216861605644226,-0.0505619458854198,0.215754896402359,0.6722002029418945,-0.0453188754618167,0.2173344939947128,0.6635215878486633,-0.0375928729772567,0.09740005568613866,0.05233696450382267
1.0,0.1839562356472015,0.3812682628631592,-1.547679460145446e-07,0.2440755665302276,0.3578257858753204,-0.0317915044724941,0.294658899307251,0.307393342256546,-0.0449771210551261,0.2742232978343963,0.2453199923038482,-0.0550308190286159,0.2249804735183715,0.2396239638328552,-0.0599022470414638,0.2739782631397247,0.228330597281456,-0.0116934245452284,0.2804360687732696,0.1787760555744171,-0.0420126691460609,0.268214613199234,0.2335424572229385,-0.0577416196465492,0.2659450471401214,0.2655694484710693,-0.06319410353899,0.2365621328353881,0.2136249989271164,-0.0069195907562971,0.2380347251892089,0.1735585629940033,-0.038051389157772,0.2291720509529113,0.239572137594223,-0.0456318967044353,0.2291615307331085,0.2651345431804657,-0.0425189100205898,0.2003824114799499,0.2086666524410247,-0.0082068480551242,0.1958860158920288,0.1776613444089889,-0.0404062271118164,0.1955619305372238,0.2415597885847091,-0.0363660939037799,0.1998389810323715,0.2696234881877899,-0.0243408773094415,0.1605770587921142,0.2088336646556854,-0.0119070038199424,0.1603547930717468,0.1872923970222473,-0.0299075301736593,0.1654995381832122,0.2340510189533233,-0.0231558494269847,0.1705601811408996,0.2613480985164642,-0.0121887605637311,0.09833885833208482,0.04980995179525479
1.0,0.1773142665624618,0.378177136182785,-1.0168210451411143e-07,0.2351510524749755,0.3516332507133484,-0.0293226949870586,0.2844082415103912,0.3014577031135559,-0.0419377759099006,0.2658814787864685,0.2401257008314132,-0.0521372407674789,0.218193233013153,0.2347692549228668,-0.056863434612751,0.2707254886627197,0.2227502018213272,-0.0076761343516409,0.2742803990840912,0.1791839599609375,-0.0380945466458797,0.2601518929004669,0.2278418391942978,-0.0546399615705013,0.2555044591426849,0.2558601796627044,-0.0611437149345874,0.2335594147443771,0.2055975943803787,-0.0048728249967098,0.2292564511299133,0.1766706109046936,-0.0366608723998069,0.2242308557033538,0.2392975836992263,-0.0448797717690467,0.2290538996458053,0.256945788860321,-0.0421765260398387,0.1967313289642334,0.199666753411293,-0.0082996608689427,0.1881852895021438,0.1846441924571991,-0.0421348921954631,0.1923423111438751,0.246824637055397,-0.0402302034199237,0.2007753551006317,0.2654047012329101,-0.0294390134513378,0.1576536297798156,0.2008431404829025,-0.0140389204025268,0.1566786915063858,0.1952790021896362,-0.0333036482334136,0.1635994911193847,0.2426163852214813,-0.02830171585083,0.1714856177568435,0.2617270946502685,-0.0184526536613702,0.09515540846470853,0.048220298692256316
1.0,0.1501073539257049,0.4652766287326813,-2.777345571303158e-07,0.2267790585756302,0.411916971206665,-0.0133278565481305,0.2682104110717773,0.3597427010536194,-0.0309770889580249,0.2930903136730194,0.3206114768981933,-0.0502154752612113,0.2978178560733795,0.3041089475154876,-0.0645962804555893,0.189672514796257,0.2073364853858947,-0.0175229683518409,0.2745903730392456,0.2386597692966461,-0.0453775748610496,0.2666400969028473,0.2908951938152313,-0.0614913143217563,0.2412204146385193,0.2954025864601135,-0.0732228383421897,0.1653605103492736,0.2271200567483902,-0.0283215437084436,0.2622946798801422,0.273285448551178,-0.0552799329161644,0.2514274716377258,0.3279167115688324,-0.0604662895202636,0.2268358618021011,0.3262938857078552,-0.0638711676001548,0.1520937085151672,0.2698927819728851,-0.0421378314495086,0.2444488108158111,0.3129776120185852,-0.0646059289574623,0.2367106676101684,0.3590196669101715,-0.0584685467183589,0.2138360142707824,0.3594715595245361,-0.0541425459086895,0.1489141881465912,0.3250170648097992,-0.0584545731544494,0.2241298556327819,0.3561457395553589,-0.0711551532149314,0.2201755344867706,0.3868891596794128,-0.0680111199617385,0.2014645636081695,0.3870439827442169,-0.0654209181666374,0.07142804329683403,0.022393987836312593
1.0,0.2179525792598724,0.5344353318214417,-2.711763897877973e-07,0.2342556118965149,0.4417918920516968,0.0318613238632679,0.2635954916477203,0.3642938733100891,0.0245005674660205,0.2982673943042755,0.3288557529449463,0.0087825050577521,0.3197848796844482,0.3287658393383026,-0.0060171070508658,0.2394847869873047,0.2915128171443939,-0.0135793564841151,0.3362545669078827,0.2926754355430603,-0.0251237172633409,0.3249620497226715,0.3315658271312713,-0.0247556753456592,0.2991470396518707,0.3372664451599121,-0.0270270071923732,0.2486070096492767,0.3232937753200531,-0.0444051623344421,0.3498820960521698,0.3321617245674133,-0.0517378039658069,0.3333314955234527,0.3716244697570801,-0.0415457561612129,0.3116794228553772,0.3764128386974334,-0.0399175696074962,0.2644481658935547,0.3693305253982544,-0.071720577776432,0.3586422204971313,0.3798749446868896,-0.0697585791349411,0.3380916714668274,0.4157775044441223,-0.0510018654167652,0.3134531676769256,0.4177000522613525,-0.0464108623564243,0.2865470945835113,0.4199610352516174,-0.0975899845361709,0.3617281913757324,0.4278191030025482,-0.0894998684525489,0.3417342007160187,0.4574789702892303,-0.0752441734075546,0.314983069896698,0.4583863615989685,-0.0710165947675705,0.07314927876446226,0.026115872187391215
1.0,0.2835344076156616,0.5600432753562927,-2.192960124602905e-07,0.269271045923233,0.4573822319507599,0.0125113604590296,0.2858084440231323,0.3844664990901947,0.0104513149708509,0.3246740698814392,0.3613936305046081,0.0052992515265941,0.3597833514213562,0.3811695277690887,0.001275370712392,0.2879092693328857,0.3291148841381073,-0.0015128653030842,0.3484823405742645,0.3097052276134491,-0.0024366155266761,0.3532745838165283,0.3395116925239563,-0.0024062157608568,0.3372350335121155,0.3584574460983276,-0.0030270372517406,0.3238268494606018,0.3574701845645904,-0.0126620288938283,0.3748223781585693,0.3516403436660766,-0.003529374487698,0.374544620513916,0.3799459338188171,0.0004389223468024,0.3582682609558105,0.3970401883125305,-0.0010059158084914,0.3597275614738464,0.3977091908454895,-0.0215722043067216,0.3984955847263336,0.3907969295978546,-0.0099016400054097,0.392886072397232,0.4162795543670654,-0.00118237757124,0.375102549791336,0.4328819513320923,5.0113736506318673e-05,0.3904269933700561,0.4420039057731628,-0.0300385225564241,0.4179719984531402,0.4299620687961578,-0.0160037968307733,0.408305823802948,0.4528037309646606,-0.0017768389079719,0.3920453786849975,0.4677059054374695,0.0063724033534526,0.07461470965903665,0.04049616499955706
1.0,0.3499202728271484,0.5623102188110352,-3.378497410722048e-07,0.2905966341495514,0.5128910541534424,-0.0002771904401015,0.2636673748493194,0.4572730362415313,-0.00539863249287,0.2817160487174988,0.4159210324287414,-0.009396243840456,0.3175334334373474,0.4145057201385498,-0.0126040130853652,0.3042315244674682,0.3573111295700073,-0.0175498016178607,0.312909722328186,0.3645307719707489,-0.0133868120610713,0.3164561092853546,0.3920629918575287,-0.0106796529144048,0.3139408528804779,0.4119942784309387,-0.0119128702208399,0.3505541384220123,0.357769101858139,-0.0211364906281232,0.354125827550888,0.3829379677772522,-0.0095241516828536,0.3524059057235718,0.4104114174842834,-0.0065173543989658,0.3500735461711883,0.4324890375137329,-0.0099672004580497,0.39150470495224,0.3787347078323364,-0.0221392959356308,0.3911380171775818,0.408101350069046,-0.0118687460198998,0.3848877847194671,0.4312804937362671,-0.0081391064450144,0.379017561674118,0.4517441391944885,-0.0113130202516913,0.4248011708259582,0.4101004600524902,-0.023519579321146,0.4265862703323364,0.4301736056804657,-0.0175422318279743,0.420592188835144,0.4525131583213806,-0.0115437554195523,0.4145586192607879,0.4701295495033264,-0.0083504812791943,0.06915571635045012,0.03598858069689605
1.0,0.2919077277183532,0.5350813269615173,-2.2898800011716963e-07,0.3577957451343536,0.5353174209594727,-0.0097027029842138,0.4159349501132965,0.5078096389770508,-0.0138293011114001,0.4295107722282409,0.4572831690311432,-0.0201145112514495,0.3955331146717071,0.4391109943389892,-0.0227331388741731,0.3895364105701446,0.4164002239704132,0.0109061691910028,0.4270034432411194,0.4127382338047027,-0.0106905819848179,0.4001592993736267,0.4586590528488159,-0.0202053301036357,0.3813560009002685,0.4570518732070923,-0.0248604696244001,0.3610464334487915,0.3960609138011932,0.0042880722321569,0.4058339297771454,0.3902509212493896,-0.0231304485350847,0.3766202628612518,0.4524427354335785,-0.0276600029319524,0.3566353023052215,0.4487974643707275,-0.0238865353167057,0.3318081200122833,0.3813916444778442,-0.0066362111829221,0.3760662674903869,0.3785684108734131,-0.0368625409901142,0.3518956303596496,0.4416688680648803,-0.0299722980707883,0.3288719952106476,0.4401745796203613,-0.0176387149840593,0.2980177104473114,0.3707172870635986,-0.0181371793150901,0.3438040912151336,0.3776794373989105,-0.0336900874972343,0.3303657472133636,0.4240779876708984,-0.024651488289237,0.3091848492622375,0.4257626533508301,-0.0142807206138968,0.07221507454401846,0.038620802123955585
1.0,0.2562002539634704,0.5246849060058594,-2.1418972551146e-07,0.317253828048706,0.5293155908584595,-0.0262685623019933,0.3821117877960205,0.4983938932418823,-0.0365769565105438,0.376490980386734,0.4292093217372894,-0.044033944606781,0.3314615786075592,0.407362163066864,-0.0452670641243457,0.3808795213699341,0.4151846766471863,-0.0116072259843349,0.4057018160820007,0.375615507364273,-0.0370154343545436,0.3771107196807861,0.4305637776851654,-0.046248473227024,0.3651618361473083,0.4428683221340179,-0.0496322140097618,0.3465225994586944,0.3905855119228363,-0.0104229357093572,0.3649394512176513,0.3577964007854461,-0.0375790111720562,0.3411885797977447,0.4286164939403534,-0.0400835983455181,0.3355477452278137,0.4284861981868744,-0.0354847386479377,0.3100142180919647,0.375358372926712,-0.0141280302777886,0.3228628039360046,0.3474891185760498,-0.0459432192146778,0.307471752166748,0.4205192625522613,-0.036357294768095,0.3041866421699524,0.4251034259796142,-0.021924290806055,0.2688934206962585,0.3626265823841095,-0.0193299185484647,0.2832832336425781,0.3466826677322387,-0.0352252423763275,0.2792640924453735,0.4002014696598053,-0.0227222498506307,0.2758870124816894,0.409379631280899,-0.00937105063349,0.10453581950619456,0.05006461774852268
1.0,0.232564628124237,0.5134090185165405,-3.66764680848064e-08,0.2908351123332977,0.5184959173202515,-0.0608014538884162,0.3392646014690399,0.4875678718090057,-0.0922751799225807,0.3208999633789062,0.4166270792484283,-0.115293838083744,0.2736649811267853,0.3812863230705261,-0.1321330815553665,0.3659714460372925,0.3885798454284668,-0.045087095350027,0.3594973981380462,0.3593044579029083,-0.0936773419380188,0.3308887779712677,0.4124715328216553,-0.1213552728295326,0.3265866339206695,0.4367623031139374,-0.1340899318456649,0.3304803967475891,0.3579405844211578,-0.0299504771828651,0.3254336714744568,0.3283990323543548,-0.0841541141271591,0.2974494695663452,0.3915709555149078,-0.1010227277874946,0.295381635427475,0.4132861793041229,-0.1003062352538108,0.2932361960411072,0.3394550681114197,-0.0232300143688917,0.2831979990005493,0.3210314512252807,-0.0720834210515022,0.2650824785232544,0.3799343109130859,-0.0706785693764686,0.2697640061378479,0.4009894430637359,-0.0574289858341217,0.2531159222126007,0.3239960074424743,-0.0213489271700382,0.2485538125038147,0.3219959139823913,-0.0481361262500286,0.2406819760799408,0.3653996586799621,-0.0450617633759975,0.2472730726003646,0.3850443661212921,-0.0355519205331802,0.13110198363818368,0.061348779256646085
1.0,0.2120279222726822,0.5655651092529297,-1.5872855385623552e-07,0.2183131724596023,0.5896802544593811,-0.0738797336816787,0.2128136307001114,0.5733487606048584,-0.1121143326163292,0.1744007319211959,0.5480660200119019,-0.1329452395439148,0.1363666951656341,0.5223685503005981,-0.1409144252538681,0.2534787058830261,0.3902080953121185,-0.0914906859397888,0.1661048084497451,0.4555668830871582,-0.1366560906171798,0.1826978921890258,0.5043036937713623,-0.1582054942846298,0.2148304581642151,0.4918748438358307,-0.1696225553750991,0.2288541197776794,0.3405067026615143,-0.0687533468008041,0.1368706375360489,0.4279704391956329,-0.1055924519896507,0.1589978635311126,0.4746537804603576,-0.1107452288269996,0.1918345093727111,0.4602008163928985,-0.1121953576803207,0.1990755945444107,0.319271832704544,-0.0522590987384319,0.1196544840931892,0.3989310562610626,-0.080278180539608,0.1381595134735107,0.4403548538684845,-0.0713589712977409,0.1644895523786544,0.4233350455760956,-0.0641981437802314,0.167100042104721,0.3217880725860595,-0.0437364168465137,0.1132451072335243,0.3799381554126739,-0.0650813430547714,0.129068836569786,0.4149182140827179,-0.065117634832859,0.1509260386228561,0.409879982471466,-0.0608693398535251,0.09629413861294961,0.04658815109409818
1.0,0.0595865324139595,0.636867105960846,-5.906223350393702e-07,0.1424455642700195,0.6733154058456421,-0.0278086718171834,0.202305793762207,0.7476708292961121,-0.0449146255850791,0.2174322605133056,0.8437473177909851,-0.05181735008955,0.1828458905220031,0.8818966150283813,-0.0523917637765407,0.0992094725370407,0.8186525702476501,-0.0676249638199806,0.1762832105159759,0.8875192403793335,-0.0654738023877143,0.172749251127243,0.8359775543212891,-0.0497954860329628,0.1506841331720352,0.8082784414291382,-0.0415756590664386,0.052773393690586,0.8465056419372559,-0.0525160878896713,0.1347851157188415,0.9109125733375548,-0.054509449750185,0.142399400472641,0.868373692035675,-0.0408615171909332,0.1264796108007431,0.8415220975875854,-0.0353103801608085,0.0204879119992256,0.862052857875824,-0.0338476933538913,0.0954254865646362,0.9180148243904114,-0.0345901362597942,0.1046475023031234,0.8804324269294739,-0.0208496451377868,0.0913340151309967,0.8495148420333862,-0.0159811023622751,-0.0003395751118659,0.8661119937896729,-0.0165554694831371,0.0563509687781333,0.9032415747642516,-0.0248606987297534,0.0670522972941398,0.8687779307365417,-0.022735945880413,0.0555183291435241,0.8412153720855713,-0.0210432782769203,0.13583503592629326,0.051496755431447154
1.0,0.2594380378723144,0.5030445456504822,-2.640738330228487e-07,0.3280552923679352,0.4948035180568695,-0.0065736630931496,0.3846053779125213,0.4672965705394745,-0.0111223449930548,0.4103220403194427,0.4244903922080993,-0.0188966635614633,0.3849458694458008,0.4035928547382355,-0.0228333082050085,0.35638627409935,0.3545633852481842,0.0137373451143503,0.4010429382324219,0.3585838377475738,-0.0091623971238732,0.3767184317111969,0.4090198278427124,-0.0213858969509601,0.3549518287181854,0.4079461991786957,-0.0276278257369995,0.3306049406528473,0.3396176099777221,0.0053354939445853,0.3816798329353332,0.3481291532516479,-0.0204325579106807,0.35614675283432,0.4083669185638428,-0.0263326577842235,0.3342894911766052,0.4038457572460174,-0.024604246020317,0.3032332062721252,0.3297649025917053,-0.0073055550456047,0.3544545173645019,0.3432098925113678,-0.0346595793962478,0.3323675990104675,0.4022197723388672,-0.0290644317865371,0.3078899979591369,0.3997715413570404,-0.0184033699333667,0.2732557952404022,0.3260416686534881,-0.0205952357500791,0.3243816196918487,0.3380898535251617,-0.0338390469551086,0.3132422268390655,0.3825074732303619,-0.025002984330058,0.2909276783466339,0.386338323354721,-0.014671710319817,0.06477210820037431,0.03310822090602557
1.0,0.3049972057342529,0.6876105070114136,-2.777917131879804e-07,0.3644210696220398,0.7123580574989319,-0.0239766538143157,0.4403007626533508,0.7030989527702332,-0.0334318093955516,0.4637574851512909,0.6390002965927124,-0.0407125242054462,0.425885260105133,0.6010252833366394,-0.0426635071635246,0.4492732286453247,0.6025230884552002,-0.0116876745596528,0.4818028807640075,0.5770964026451111,-0.0334007740020751,0.4469042420387268,0.627066969871521,-0.0406195409595966,0.4321491122245788,0.6266850233078003,-0.0442238561809062,0.4174634516239166,0.5686691999435425,-0.0112862139940261,0.4439289569854736,0.5514867305755615,-0.0343320555984973,0.4096800684928894,0.616653323173523,-0.0354886054992675,0.4023604691028595,0.6029579639434814,-0.0322452671825885,0.3824878334999084,0.5441529154777527,-0.0150967370718717,0.4070311784744262,0.5280149579048157,-0.0434167869389057,0.3803759217262268,0.594042956829071,-0.0332251042127609,0.37052121758461,0.5849893689155579,-0.021050589159131,0.3419630825519562,0.5201519131660461,-0.0203367713838815,0.3677749037742615,0.5181958675384521,-0.036580454558134,0.3552342653274536,0.568433403968811,-0.025308895856142,0.3448201417922973,0.5684792399406433,-0.013878739438951,0.10349910603012687,0.053667619625324
1.0,0.261802464723587,0.659315824508667,-1.895870411772194e-07,0.3383201956748962,0.6269159913063049,0.0022774301469326,0.3725018203258514,0.5805287957191467,-0.0035258077550679,0.3966410458087921,0.5477637648582458,-0.0126743651926517,0.407903641462326,0.5241215229034424,-0.0183375291526317,0.3250305354595184,0.4528320729732513,0.0012302494142204,0.4083087742328644,0.4896745085716247,-0.014386162161827,0.40064537525177,0.537578821182251,-0.0261086653918027,0.3793057799339294,0.55014568567276,-0.0351732894778251,0.3185907304286957,0.4564244151115417,-0.0097150020301342,0.4115743637084961,0.5151573419570923,-0.0218435190618038,0.3993427753448486,0.5574569702148438,-0.0249903798103332,0.3759122192859649,0.5628476142883301,-0.0288216900080442,0.3186655342578888,0.4815033078193664,-0.0220833849161863,0.406240314245224,0.5420646071434021,-0.0297559089958667,0.3893103003501892,0.5792970061302185,-0.0242727790027856,0.3638912141323089,0.5831243991851807,-0.0227160211652517,0.3234962821006775,0.5175973773002625,-0.0355938673019409,0.3894370794296264,0.5635690093040466,-0.0386369824409484,0.3779294490814209,0.5922840237617493,-0.0343548171222209,0.3588209450244903,0.5960596799850464,-0.0324566699564456,0.06822357698804196,0.026793153818505312
1.0,0.1445324569940567,0.6808165311813354,2.4802903908494045e-07,0.1840848326683044,0.6127805113792419,-0.0131623949855566,0.2452476620674133,0.5750954151153564,-0.0388527885079383,0.3011496961116791,0.5757991671562195,-0.0597102344036102,0.3349974751472473,0.596759021282196,-0.0774498730897903,0.220027893781662,0.5816522836685181,-0.0932727754116058,0.3177849054336548,0.6100564002990723,-0.1202240213751792,0.3301788568496704,0.6213492751121521,-0.1194253340363502,0.3189876079559326,0.6217575669288635,-0.1129141375422477,0.2040942311286926,0.6437830924987793,-0.0977523401379585,0.3170036375522613,0.6678518652915955,-0.1253372579813003,0.3205098509788513,0.6669245958328247,-0.1111959442496299,0.3010527789592743,0.6619712114334106,-0.0976415127515792,0.1973370313644409,0.7064858078956604,-0.0984187424182891,0.3060433864593506,0.7240886688232422,-0.1124758645892143,0.3012533783912658,0.7116358280181885,-0.0855151340365409,0.2764111459255218,0.7020338773727417,-0.0650088787078857,0.1958951652050018,0.7644941806793213,-0.0996252670884132,0.2847896814346313,0.7699618339538574,-0.100184217095375,0.2831014394760132,0.7547670602798462,-0.079308733344078,0.26173135638237,0.7469354867935181,-0.0638541504740715,0.10007035384286253,0.04358534629137512
1.0,0.1067305579781532,0.564716637134552,-2.622895749482268e-07,0.1739255636930465,0.5542121529579163,-0.0095992283895611,0.239423856139183,0.5839508175849915,-0.0253493245691061,0.2816483974456787,0.6340166330337524,-0.0381813161075115,0.2941288352012634,0.6931290626525879,-0.048341304063797,0.2136647552251815,0.6046752333641052,-0.0660174116492271,0.2816890478134155,0.6995115876197815,-0.0887221321463584,0.2807556986808777,0.6931763887405396,-0.0886707305908203,0.2633274793624878,0.6629985570907593,-0.0822530835866928,0.1710204929113388,0.648434042930603,-0.068630538880825,0.2428288906812667,0.7431586980819702,-0.0895219594240188,0.2400220483541488,0.7213017344474792,-0.0820595026016235,0.2192250192165374,0.6868162155151367,-0.0726394653320312,0.1322237998247146,0.6895546913146973,-0.0684447512030601,0.2048385441303253,0.7747305035591125,-0.0811125412583351,0.2047274261713028,0.7444168925285339,-0.0630305483937263,0.1855527460575103,0.7100452780723572,-0.0477574691176414,0.0999305546283721,0.7245725393295288,-0.0680284276604652,0.1621128171682357,0.7891913056373596,-0.0740004926919937,0.168827399611473,0.7639584541320801,-0.059208620339632,0.1516983360052108,0.7349461317062378,-0.0461208298802375,0.12426244425129859,0.06126390468526035
1.0,0.1692365854978561,0.491983562707901,2.205472071636905e-07,0.2326412796974182,0.5375795364379883,-0.0007684371084906,0.2674687206745147,0.6181328892707825,-0.0232530962675809,0.2738158702850342,0.6929395198822021,-0.0431637503206729,0.2689566910266876,0.7444864511489868,-0.0594231560826301,0.2805419564247131,0.6043196320533752,-0.089084655046463,0.2686843276023865,0.7417457699775696,-0.1128085702657699,0.2487310320138931,0.7638715505599976,-0.1074466779828071,0.2433196008205413,0.7447338700294495,-0.0974267497658729,0.2319081723690033,0.5898973941802979,-0.1004967242479324,0.2194481641054153,0.7396414875984192,-0.1201864331960678,0.210913598537445,0.746157169342041,-0.098451979458332,0.2106071859598159,0.7164493203163147,-0.0811143815517425,0.1798947900533676,0.5839369893074036,-0.1071203872561454,0.1711872220039367,0.7270539999008179,-0.1157180219888687,0.1732720583677292,0.7238177061080933,-0.0828752666711807,0.1783245801925659,0.6883343458175659,-0.0594988875091075,0.130098670721054,0.5842019319534302,-0.1134583055973053,0.1272396743297577,0.7060658931732178,-0.1146927550435066,0.1378870010375976,0.7121447324752808,-0.0919969826936721,0.1486052572727203,0.6873997449874878,-0.0735812783241272,0.131437094771995,0.05426846249728599
1.0,0.1370705813169479,0.5208869576454163,-8.960170561067572e-08,0.1518817543983459,0.5937854051589966,-0.0396691337227821,0.1769488453865051,0.6388581395149231,-0.0688222721219062,0.191453218460083,0.6378095149993896,-0.0935020148754119,0.1893582344055175,0.6143473982810974,-0.1142537370324134,0.3082689642906189,0.5855919718742371,-0.0446223616600036,0.2485846430063247,0.6237426996231079,-0.0800567641854286,0.2140515595674514,0.6142522692680359,-0.1026099249720573,0.2207757085561752,0.5941992402076721,-0.1180125772953033,0.3054254055023193,0.519666850566864,-0.0427103675901889,0.2300268858671188,0.5710076689720154,-0.073220357298851,0.1917960494756698,0.5698691606521606,-0.0819817036390304,0.2039915323257446,0.5535457134246826,-0.0874185711145401,0.2823821008205414,0.4625438451766968,-0.0454621091485023,0.2127561867237091,0.5123483538627625,-0.0733506232500076,0.1818762719631195,0.5217867493629456,-0.0710871368646621,0.1943683624267578,0.5109394788742065,-0.0681530386209487,0.2516635358333587,0.4153710603713989,-0.0525924935936927,0.1992827802896499,0.4566580355167389,-0.071023441851139,0.1747392416000366,0.4784019887447357,-0.0703907161951065,0.1820631623268127,0.481789082288742,-0.0677512139081955,0.053092253442205625,0.03139257637679709
1.0,0.2493344396352768,0.4030732810497284,-2.0282556079109781e-07,0.2566600441932678,0.4728055298328399,-0.0295116268098354,0.2850110530853271,0.5408640503883362,-0.0415174551308155,0.3274933993816376,0.5335865616798401,-0.0505204536020755,0.3467722535133362,0.4870572984218597,-0.0535617247223854,0.3472202718257904,0.529991865158081,-0.0107451770454645,0.3800261318683624,0.5479825735092163,-0.0399854816496372,0.3384314775466919,0.5226182341575623,-0.0547938458621501,0.3231104910373688,0.5119357109069824,-0.0604708008468151,0.3570112586021423,0.4831820428371429,-0.0065265852026641,0.3883421719074249,0.4978149533271789,-0.0371792279183864,0.3392042219638824,0.4804216027259826,-0.0453427582979202,0.3321778178215027,0.47505983710289,-0.0435643978416919,0.3619847297668457,0.4382082819938659,-0.0077617815695703,0.3918020725250244,0.4469425678253174,-0.0384841151535511,0.3428224325180053,0.4392281770706177,-0.0316172428429126,0.3332061469554901,0.438486099243164,-0.0188385844230651,0.3661615252494812,0.389170229434967,-0.011227517388761,0.3839668929576874,0.3992235660552978,-0.0264408160001039,0.3496042191982269,0.4025673568248749,-0.016868932172656,0.3389679789543152,0.4054790735244751,-0.005122598260641,0.08279297594292072,0.05045687154381441
1.0,0.3516154885292053,0.5548098683357239,-2.163351240369593e-07,0.3607816100120544,0.624198853969574,-0.0149703482165932,0.3905214667320251,0.6891158819198608,-0.0186044219881296,0.4368293583393097,0.6922903060913086,-0.022165909409523,0.452749639749527,0.6473216414451599,-0.0208252090960741,0.4286176860332489,0.6833878755569458,0.0070936316624283,0.461360365152359,0.701449990272522,-0.0120197162032127,0.4293456971645355,0.6781734824180603,-0.0219981800764799,0.4168066680431366,0.6721794605255127,-0.0262859389185905,0.4393977522850036,0.6454066038131714,0.0061309076845645,0.4706085920333862,0.6608344912528992,-0.0150217805057764,0.4305108785629272,0.6406164169311523,-0.0198239106684923,0.4236175119876861,0.6372510194778442,-0.0170323699712753,0.4461706876754761,0.6074070930480957,0.0009597995085641,0.4773668050765991,0.6190851926803589,-0.0217324420809745,0.4359819293022156,0.6070735454559326,-0.0147224310785532,0.4256235957145691,0.6056857705116272,-0.0030797298531979,0.4520258605480194,0.5653429627418518,-0.0055635068565607,0.4721586406230926,0.5772284269332886,-0.0161436926573514,0.443569540977478,0.575588583946228,-0.0068639372475445,0.4330187439918518,0.5759646892547607,0.0038170560728758,0.07499357272014777,0.04772246470551133
1.0,0.3087373077869415,0.5623605847358704,-2.118468387379835e-07,0.365436315536499,0.569989800453186,0.0071811256930232,0.4024392068386078,0.5535218119621277,0.0069087236188352,0.428719013929367,0.5361128449440002,0.0005327089456841,0.4294655919075012,0.5158294439315796,-0.0029647233895957,0.3861105144023895,0.4495404064655304,0.02558777295053,0.4314582049846649,0.4714234173297882,0.0081921238452196,0.4124200046062469,0.5074278712272644,-0.005230417009443,0.3906759917736053,0.5073379278182983,-0.0131509527564048,0.378276914358139,0.4349575042724609,0.0120548652485013,0.4326929450035095,0.4672029912471771,-0.0080064572393894,0.4088809788227081,0.5127426981925964,-0.0154218999668955,0.3839803338050842,0.5112440586090088,-0.0161207094788551,0.3709969818592071,0.4251592755317688,-0.004422721453011,0.4273602962493896,0.4633596539497375,-0.0239898394793272,0.4017297923564911,0.5065885186195374,-0.0206101741641759,0.3753179013729095,0.5009415745735168,-0.0134301893413066,0.3625501990318298,0.4222853779792785,-0.0210179332643747,0.4108983874320984,0.4658472239971161,-0.0310141295194625,0.3929917216300964,0.4976242780685425,-0.025722162798047,0.3694543838500976,0.4927632808685303,-0.0193945113569498,0.04741966947871614,0.02059625617067245
1.0,0.2808698415756225,0.5196709632873535,-1.9001339524038485e-07,0.2712957859039306,0.4300706088542938,0.0188351273536682,0.2866896390914917,0.366826593875885,0.0206262357532978,0.319639652967453,0.3472205996513366,0.0184774287045002,0.3488717973232269,0.3627631962299347,0.017126677557826,0.2862277328968048,0.3093049526214599,0.0060880854725837,0.3419782817363739,0.2993081510066986,0.0099166259169578,0.3500484526157379,0.326060950756073,0.0147470496594905,0.3395348787307739,0.3438423275947571,0.0170813351869583,0.3174389004707336,0.3300879001617431,-0.0070821661502122,0.368498295545578,0.3289077579975128,0.0036756449844688,0.369012713432312,0.356846272945404,0.0100278770551085,0.355357825756073,0.3734883964061737,0.0108642783015966,0.3484143018722534,0.3641707897186279,-0.0176570806652307,0.3913666605949402,0.3618397414684295,-0.0047814459539949,0.3856780230998993,0.3873830139636993,0.0041113002225756,0.3691398203372955,0.4010244011878967,0.0054093953222036,0.3747880756855011,0.4055351912975311,-0.0272108595818281,0.4063338041305542,0.4001316428184509,-0.0132979471236467,0.3966813087463379,0.4228469133377075,-0.000919381447602,0.3801934421062469,0.4338141083717346,0.0056685488671064,0.062412970689986864,0.03313480195658475
1.0,0.2234687507152557,0.5314039587974548,-1.0734157029901327e-07,0.285101979970932,0.551281750202179,-0.0442799292504787,0.357014000415802,0.5418169498443604,-0.0661073252558708,0.3569914400577545,0.4792946577072143,-0.0813301131129264,0.3035757541656494,0.4512357115745544,-0.0902739390730857,0.3851358294486999,0.4193421304225921,-0.0269736275076866,0.3949123322963714,0.4186592698097229,-0.0552289262413978,0.3551529347896576,0.4694687128067016,-0.070730447769165,0.3469716906547546,0.4662244617938995,-0.0806529596447944,0.3492486476898193,0.3782105147838592,-0.0189568866044282,0.3549166321754455,0.3814546465873718,-0.0499871522188186,0.3198805451393127,0.4465052783489227,-0.0580955669283866,0.3166675567626953,0.4374426603317261,-0.0585500039160251,0.306549072265625,0.3563735783100128,-0.0164325963705778,0.3084965050220489,0.3614850342273712,-0.0483913607895374,0.2858066260814667,0.4287874102592468,-0.041518360376358,0.2861560583114624,0.4274510443210602,-0.0308736711740493,0.2619107067584991,0.340239405632019,-0.0172672756016254,0.2668246328830719,0.3475911319255829,-0.0321987830102443,0.2574674785137176,0.3991844654083252,-0.0216362494975328,0.2597335278987884,0.4055205285549164,-0.0110763469710946,0.10791029659941496,0.06099616365153768
1.0,0.2574929893016815,0.4914933443069458,1.4559179817297266e-07,0.302777498960495,0.5100117921829224,-0.0785823240876197,0.3446342349052429,0.4878681302070617,-0.1255043298006057,0.3126593232154846,0.4224844574928283,-0.1576706916093826,0.2653951644897461,0.3812174499034881,-0.1806688606739044,0.4137928783893585,0.3641039729118347,-0.0843746662139892,0.3711771368980407,0.3634701073169708,-0.1316517293453216,0.3482654392719269,0.4196019470691681,-0.1511444598436355,0.3572365343570709,0.4232431650161743,-0.160606175661087,0.375426709651947,0.3109995126724243,-0.0625431835651397,0.3263491094112396,0.3161373138427734,-0.1144190654158592,0.3051573932170868,0.3858020901679992,-0.1235921904444694,0.3197574913501739,0.3807066082954407,-0.1215253844857215,0.3299707472324371,0.283473253250122,-0.048280905932188,0.2827576100826263,0.3045112192630768,-0.0948601588606834,0.2702505588531494,0.3661345243453979,-0.0890524163842201,0.2885189950466156,0.3578178286552429,-0.0780036300420761,0.2853081226348877,0.2626192271709442,-0.0401422269642353,0.253808319568634,0.2941080629825592,-0.0653090551495552,0.2451843917369842,0.3400591611862182,-0.0624231994152069,0.260589599609375,0.3358690440654754,-0.0562805868685245,0.14386216791081058,0.06682650967805213
1.0,0.2188403606414795,0.4270544648170471,-3.7625841997623866e-08,0.2350449413061142,0.4634325206279754,-0.0701838955283165,0.2514740824699402,0.4630546271800995,-0.1106275916099548,0.2140054702758789,0.4128686785697937,-0.1364783495664596,0.1760934442281723,0.3746645748615265,-0.1517301946878433,0.3493725657463074,0.3278229236602783,-0.0915542617440223,0.2558431029319763,0.3279396891593933,-0.1433784961700439,0.2394739985466003,0.3805744647979736,-0.1656206995248794,0.2652560770511627,0.3896104693412781,-0.1770948320627212,0.3288681805133819,0.2629608511924743,-0.0757107064127922,0.2166351675987243,0.2875625193119049,-0.1214319542050361,0.2000836730003357,0.3511800467967987,-0.1249312907457351,0.230354368686676,0.3526675403118133,-0.1221548095345497,0.2914308905601501,0.2276882082223892,-0.0667629912495613,0.1914560794830322,0.258288711309433,-0.104147769510746,0.1799399554729461,0.3169634044170379,-0.0905621200799942,0.2064322531223297,0.3164181113243103,-0.0772372186183929,0.2479295581579208,0.2109630405902862,-0.0652611479163169,0.17981918156147,0.2438067197799682,-0.0908635184168815,0.1754926890134811,0.2888035774230957,-0.0872689858078956,0.197836771607399,0.2921593785285949,-0.0791171863675117,0.12322526506522434,0.05594188090152758
1.0,0.2258926182985305,0.4794680476188659,-3.0264828865256284e-08,0.205830916762352,0.5345202684402466,-0.1108283922076225,0.1867793351411819,0.5374900102615356,-0.1782236695289611,0.1415035128593444,0.4835520982742309,-0.220528170466423,0.1209881603717804,0.425346314907074,-0.2478198111057281,0.2988615036010742,0.3934076428413391,-0.1789661049842834,0.1771172434091568,0.3918619453907013,-0.2397636622190475,0.1737139821052551,0.4535591006278991,-0.2541626393795013,0.2084866762161255,0.4578418135643005,-0.260751336812973,0.291642814874649,0.3136279881000519,-0.1437284797430038,0.1514535993337631,0.3411577939987182,-0.204261839389801,0.1563057005405426,0.412022203207016,-0.2030132263898849,0.1964059621095657,0.415248304605484,-0.1991194486618042,0.2666767239570617,0.2640372514724731,-0.1136529520153999,0.1411412507295608,0.2943296134471893,-0.158342182636261,0.1427003443241119,0.356416791677475,-0.1352263391017913,0.1785899400711059,0.3542365729808807,-0.1193276941776275,0.2284499108791351,0.2315573692321777,-0.0938724055886268,0.1399813592433929,0.2671244740486145,-0.1318815648555755,0.1404327154159546,0.3175296485424042,-0.1323995888233184,0.1704131215810775,0.3191477656364441,-0.1278099715709686,0.14747308231560644,0.06748056426748646
1.0,0.2099950611591339,0.4545190930366516,-1.4538008485942558e-07,0.1991336792707443,0.5248316526412964,-0.1090509742498397,0.1828390508890152,0.5430251955986023,-0.1731733083724975,0.1364603787660598,0.4986679553985595,-0.2117469012737274,0.1134866252541542,0.4455084204673767,-0.2365943491458892,0.2819337844848633,0.4022980630397796,-0.1824651360511779,0.162161111831665,0.4032121002674103,-0.2356391102075576,0.1521738171577453,0.4579904973506927,-0.2432373911142349,0.1811375319957733,0.4662209749221802,-0.2458640486001968,0.2739487886428833,0.3241342604160309,-0.1467679291963577,0.1358374655246734,0.3562307059764862,-0.199402242898941,0.1383067667484283,0.4177733361721039,-0.1943085044622421,0.1736308485269546,0.426616758108139,-0.1893339604139328,0.2485549747943878,0.274182379245758,-0.1152976900339126,0.1233883574604988,0.3107798099517822,-0.1571593582630157,0.1281426399946212,0.3688271343708038,-0.1371010690927505,0.1622320711612701,0.3730883598327636,-0.1236075311899185,0.2115930020809173,0.2439600825309753,-0.0934342518448829,0.1230168864130973,0.2830404639244079,-0.1326118260622024,0.1236920952796936,0.3336448073387146,-0.1352414488792419,0.1486242115497589,0.3420540690422058,-0.1319041103124618,0.13543082657287872,0.06301686417368954
1.0,0.1960235983133316,0.4989120960235595,2.5142226078855856e-08,0.2034166157245636,0.5781208276748657,-0.0820211395621299,0.2013754248619079,0.6145550608634949,-0.1334424614906311,0.138122096657753,0.5988916158676147,-0.1655654311180114,0.0956440046429634,0.5540981888771057,-0.1863589435815811,0.2582777142524719,0.4375440180301666,-0.140999361872673,0.1482984572649002,0.5148220062255859,-0.1983716636896133,0.155829057097435,0.5572925806045532,-0.2216762751340866,0.1914044469594955,0.5455330014228821,-0.2344517409801483,0.2263176441192627,0.3660503327846527,-0.1190913543105125,0.110144093632698,0.4642320275306701,-0.1657037138938903,0.1260054111480713,0.5089702606201172,-0.1688578426837921,0.1635210961103439,0.4958801567554474,-0.1720586568117141,0.1890395134687423,0.3259907364845276,-0.1015679612755775,0.0836347192525863,0.4248888194561004,-0.1341067999601364,0.0983332768082618,0.4672618806362152,-0.1174789145588874,0.1337466090917587,0.4490119218826294,-0.108556754887104,0.146724984049797,0.3083115816116333,-0.0924476012587547,0.0725321248173713,0.3827500343322754,-0.1177619844675064,0.0820463746786117,0.4230706393718719,-0.1158732771873474,0.1120631992816925,0.4107214212417602,-0.1129207983613014,0.13279427950320566,0.0651399229608358
1.0,0.2243291139602661,0.6181894540786743,-2.526907962874248e-07,0.2413411736488342,0.653444766998291,-0.0851689949631691,0.2474234104156494,0.6531771421432495,-0.1328807473182678,0.2007817327976226,0.6516035199165344,-0.1621802747249603,0.1523603200912475,0.6327363848686218,-0.1793393939733505,0.2678707540035248,0.4278934299945831,-0.1131708323955535,0.1947178244590759,0.5462785363197327,-0.1718597114086151,0.2067321836948394,0.5969700813293457,-0.2000894397497177,0.2296772748231887,0.5661388039588928,-0.2152092605829239,0.2146757543087005,0.384356141090393,-0.0882578864693641,0.1420688033103943,0.5179364085197449,-0.1391961723566055,0.1547217518091201,0.5772239565849304,-0.1479306370019912,0.1775823682546615,0.5445745587348938,-0.1509056091308593,0.1620682328939438,0.3730849027633667,-0.0701636523008346,0.0984173715114593,0.4958285987377167,-0.1116057410836219,0.11105477809906,0.5515068173408508,-0.1022361367940902,0.1314204931259155,0.5219770073890686,-0.0935187563300132,0.1094427555799484,0.3835886716842651,-0.06017841771245,0.0671173334121704,0.4782857000827789,-0.0889923945069313,0.081296719610691,0.5245962738990784,-0.0891941785812377,0.104117251932621,0.5091286897659302,-0.084667220711708,0.10776465816308918,0.05472693456404945
1.0,0.2483712434768676,0.6248431205749512,-1.4553805272043976e-07,0.3283777832984924,0.6099826693534851,-0.0410136394202709,0.3865508139133453,0.6057168245315552,-0.0755302309989929,0.4023378491401672,0.6377973556518555,-0.1068115830421447,0.3744447529315948,0.6769648790359497,-0.1356563121080398,0.3600929379463196,0.4294992983341217,-0.072819672524929,0.4071056246757507,0.5869283080101013,-0.1200303509831428,0.3826674520969391,0.6269185543060303,-0.1464382708072662,0.3600671589374542,0.5953187346458435,-0.1657829731702804,0.299724280834198,0.4444054961204529,-0.0768959522247314,0.3582175970077514,0.6180474162101746,-0.1155877336859703,0.3366687893867492,0.6353729963302612,-0.1208276897668838,0.3163032233715057,0.5871365666389465,-0.1270417124032974,0.2458019405603408,0.4912855923175812,-0.0852741003036499,0.3004473745822906,0.6429691910743713,-0.1167308390140533,0.2885119020938873,0.6512069702148438,-0.1053149178624153,0.2710943222045898,0.6043477058410645,-0.0973267033696174,0.200720876455307,0.548642098903656,-0.0994819402694702,0.2461923509836197,0.6565040349960327,-0.1255840361118316,0.2478761523962021,0.6623983383178711,-0.1250427365303039,0.2351596355438232,0.6312371492385864,-0.1225930303335189,0.09401057181342277,0.05607261451929219
1.0,0.2395385205745697,0.5826022624969482,1.5082828497270384e-07,0.3268222212791443,0.5473893284797668,-0.0253556929528713,0.3901448845863342,0.5304887890815735,-0.0632695034146308,0.426912248134613,0.5490685105323792,-0.098024658858776,0.4344605505466461,0.5739119648933411,-0.1306381970643997,0.3576037287712097,0.4004186689853668,-0.1037397310137748,0.4440975189208984,0.5095721483230591,-0.1458562463521957,0.4307734966278076,0.5699456334114075,-0.1595910638570785,0.400272011756897,0.5746973752975464,-0.1688250303268432,0.3084257543087005,0.4373764395713806,-0.1148483157157898,0.4109542667865753,0.5608921051025391,-0.1542758047580719,0.3912036418914795,0.5931260585784912,-0.1524460464715957,0.361376017332077,0.57771897315979,-0.1549408584833145,0.2679197490215301,0.4956896305084228,-0.1249013096094131,0.3594144582748413,0.6063900589942932,-0.1538088917732238,0.3427797257900238,0.6202280521392822,-0.1366823762655258,0.3184387981891632,0.5971986055374146,-0.1279301941394806,0.2360836863517761,0.555904746055603,-0.1376210749149322,0.311462253332138,0.6372290849685669,-0.1566243469715118,0.3116623759269714,0.6416624188423157,-0.1476404964923858,0.2952888011932373,0.6201193928718567,-0.1428761482238769,0.09158597780862547,0.04168713192555203
1.0,0.2859910428524017,0.5883274674415588,1.1770523400400636e-07,0.3584404587745666,0.5341482758522034,0.0057067135348916,0.4088830053806305,0.4953682124614715,-0.040099024772644,0.4472366571426391,0.480293720960617,-0.0857253894209861,0.4716157019138336,0.4706117510795593,-0.1296626627445221,0.3765488564968109,0.409018874168396,-0.1396828293800354,0.4791244864463806,0.4740027785301208,-0.1622225940227508,0.4631296396255493,0.5170175433158875,-0.1372257471084594,0.4280027151107788,0.5186287760734558,-0.1211276575922966,0.3546799421310425,0.4602758288383484,-0.170986458659172,0.4708369374275207,0.5186097621917725,-0.1888713985681533,0.4444655478000641,0.5617504119873047,-0.1386549621820449,0.4124104380607605,0.5548915266990662,-0.1103996261954307,0.3371260166168213,0.5221479535102844,-0.1970369517803192,0.4415713846683502,0.5721185207366943,-0.2008732557296753,0.4107589721679687,0.6029543876647949,-0.143851175904274,0.3750059604644775,0.5948868989944458,-0.1178027838468551,0.3261866271495819,0.5875555872917175,-0.2238328456878662,0.3966006636619568,0.6179598569869995,-0.227995291352272,0.3857492208480835,0.6287697553634644,-0.2038216888904571,0.3640856444835663,0.6216443777084351,-0.194582000374794,0.11211564940381297,0.05117189025080784
1.0,0.3159043490886688,0.6441367268562317,-9.372025289167141e-08,0.3453281819820404,0.5573967695236206,-0.0068298815749585,0.4085608124732971,0.4943515360355377,-0.0275978203862905,0.4741005003452301,0.4828170537948608,-0.048696294426918,0.5106995105743408,0.5065617561340332,-0.0656340643763542,0.3972626328468323,0.4443429112434387,-0.0578351020812988,0.5013499855995178,0.4589854776859283,-0.0865496695041656,0.493278831243515,0.502032458782196,-0.0945193767547607,0.4657001495361328,0.507876455783844,-0.0984080806374549,0.3934714794158935,0.4987327456474304,-0.0724200010299682,0.5024866461753845,0.5110040307044983,-0.0955449640750885,0.486827403306961,0.5488033294677734,-0.0907563716173172,0.4580258131027221,0.5471223592758179,-0.0891116112470626,0.3980627655982971,0.5636310577392578,-0.0860190391540527,0.5002707839012146,0.5726504921913147,-0.1020829603075981,0.480679839849472,0.60024493932724,-0.0844766795635223,0.4519160985946655,0.5940121412277222,-0.0744824260473251,0.4075305759906769,0.631464421749115,-0.1004347652196884,0.4964947402477264,0.6348336338996887,-0.1050403416156768,0.477318525314331,0.6505715847015381,-0.0885931700468063,0.4460170269012451,0.6457487940788269,-0.0788326933979988,0.10967296376729092,0.04679942830619275
1.0,0.2900463342666626,0.7169623970985413,-2.730823212004907e-07,0.3336925506591797,0.6118475198745728,-0.0075292247347533,0.4068743884563446,0.5670549869537354,-0.0298543404787778,0.4742043018341064,0.5923110842704773,-0.0514069274067878,0.5029043555259705,0.6492965817451477,-0.0700539425015449,0.3914983868598938,0.5743189454078674,-0.0680102258920669,0.497525155544281,0.5873783230781555,-0.0976837128400802,0.4744558036327362,0.6060218214988708,-0.1079300791025161,0.4392043948173523,0.6046067476272583,-0.111195258796215,0.3871668875217438,0.6439739465713501,-0.0787796154618263,0.4978608191013336,0.6445484757423401,-0.1007708013057708,0.4742979705333709,0.6520481705665588,-0.0963610038161277,0.4378944337368011,0.6530147790908813,-0.0931295827031135,0.3897022604942322,0.7128761410713196,-0.0872498452663421,0.4945063591003418,0.706308126449585,-0.0947734266519546,0.4708055853843689,0.7030372023582458,-0.0752195119857788,0.4346378743648529,0.7001431584358215,-0.0634642392396926,0.3946234881877899,0.7788411378860474,-0.0969014838337898,0.4764341711997986,0.756010890007019,-0.0908088982105255,0.4568963050842285,0.7451605200767517,-0.0707791522145271,0.4255072176456451,0.741657555103302,-0.059191208332777,0.13267042809917043,0.06647368784937126
1.0,0.1866432726383209,0.7162624001502991,-3.035878819446225e-07,0.2477574348449707,0.63893723487854,0.0022039341274648,0.3279950320720672,0.6090298295021057,-0.0113579137250781,0.3945170640945434,0.6344542503356934,-0.0282341744750738,0.4315869212150574,0.6831380724906921,-0.041321761906147,0.3277404308319092,0.6002051830291748,-0.0302675999701023,0.4324257373809814,0.6426833868026733,-0.0578300468623638,0.4071643948554992,0.6523863077163696,-0.0694659128785133,0.371938943862915,0.6404823660850525,-0.0717741921544075,0.315643846988678,0.6586791276931763,-0.0449995808303356,0.4202888011932373,0.6995930671691895,-0.0619934350252151,0.3933382034301758,0.7042225003242493,-0.0586877167224884,0.3556869924068451,0.6926530599594116,-0.0546147711575031,0.304457426071167,0.7246922254562378,-0.0595682486891746,0.4014027118682861,0.7524404525756836,-0.0664618387818336,0.3756911754608154,0.7551769614219666,-0.046754166483879,0.339567482471466,0.7465993165969849,-0.0331234447658062,0.292949914932251,0.7909771203994751,-0.0747333765029907,0.3760663866996765,0.7976444363594055,-0.0704212561249733,0.354130357503891,0.79521244764328,-0.048698566854,0.3220074772834778,0.7913224697113037,-0.0337649993598461,0.13084778703855515,0.06257454587386836
1.0,0.4201224744319916,0.5705317258834839,-2.6345708192820894e-07,0.396306574344635,0.4801980853080749,0.0165336281061172,0.4065307080745697,0.4104811549186706,0.0154143460094928,0.4408756792545318,0.3788575232028961,0.0102548394352197,0.4750807583332062,0.3809424936771393,0.0062223481945693,0.4023249447345733,0.362197995185852,0.0006393097573891,0.4540879130363464,0.323040097951889,-0.0012990885879844,0.459279865026474,0.3550963401794433,-0.0009644030360504,0.444170206785202,0.377215027809143,-0.0009210832067765,0.438049167394638,0.3808356523513794,-0.0128356693312525,0.4847577214241028,0.3550310134887695,-0.0031428383663296,0.4863542318344116,0.3852517902851105,0.0028132200241088,0.4718410968780517,0.404299795627594,0.0023859329521656,0.476122111082077,0.4107923209667206,-0.024109810590744,0.5135321617126465,0.3905119597911834,-0.0118216881528496,0.5092053413391113,0.4205013513565063,-0.0007187938317656,0.4938112795352936,0.439789354801178,0.0011904900893568,0.5111058354377747,0.4472571909427643,-0.0346567258238792,0.536902904510498,0.430944949388504,-0.0197736006230115,0.52745521068573,0.4583049118518829,-0.0044645899906754,0.5133476257324219,0.4753562808036804,0.0034669823944568,0.07520727838602517,0.03450500720566155
1.0,0.4396806955337524,0.5451802611351013,-2.435724013594154e-07,0.4237951040267944,0.4468355178833008,0.0242598038166761,0.4388104975223541,0.3761661946773529,0.0226106233894824,0.4730790853500366,0.3448305130004883,0.0149404667317867,0.5062801837921143,0.3517198264598846,0.007870664820075,0.4293174743652344,0.3223007321357727,0.0023944755084812,0.4954189360141754,0.2942886352539062,0.0004287064948584,0.4992293417453766,0.3282055854797363,0.0010958730708807,0.4825543761253357,0.3456886112689972,0.0001671251229709,0.4588322043418884,0.3463884592056274,-0.0177798066288232,0.5229088664054871,0.3290332555770874,-0.0096802599728107,0.5236855745315552,0.3603129088878631,-0.0036231086123734,0.5076642036437988,0.3748970627784729,-0.0048505277372896,0.4918912947177887,0.3818520903587341,-0.0350643284618854,0.5486445426940918,0.366859883069992,-0.023712383583188,0.5434572696685791,0.3984279334545135,-0.0117772072553634,0.5244408845901489,0.4117864668369293,-0.0103621473535895,0.524564802646637,0.4234662652015686,-0.0511431843042373,0.5678740739822388,0.4071185886859894,-0.0369118116796016,0.5578941106796265,0.4369307458400726,-0.0214217100292444,0.5390350818634033,0.4498479664325714,-0.0142678162083029,0.07326015194491307,0.034637518340279394
1.0,0.3947595357894897,0.4863702952861786,-2.5757000798876106e-07,0.4713766574859619,0.4908573627471924,-0.0191589333117008,0.5396142601966858,0.4608030319213867,-0.0258584059774875,0.5521205067634583,0.3889214992523193,-0.0323610045015811,0.5357764959335327,0.3355679512023926,-0.0334698408842086,0.5310255289077759,0.3754082918167114,0.0032173406798392,0.5605700612068176,0.3354290127754211,-0.0215900987386703,0.5357189774513245,0.3935045599937439,-0.0321504287421703,0.5214517116546631,0.414022296667099,-0.0352301187813282,0.4975078105926513,0.3470349609851837,0.0026529100723564,0.5258949398994446,0.3085711598396301,-0.0230398699641227,0.5004729628562927,0.3790426850318908,-0.0271404981613159,0.4878705441951751,0.3891291916370392,-0.0232352912425994,0.460416704416275,0.3261565864086151,-0.0029859910719096,0.4888191521167755,0.2916375994682312,-0.0343610420823097,0.4677974879741668,0.3646178543567657,-0.0234478060156106,0.4542615413665771,0.3774924874305725,-0.0074438764713704,0.4161078929901123,0.3083991110324859,-0.0095721185207366,0.4483599662780761,0.2886779010295868,-0.027491582557559,0.4382859766483307,0.3409919738769531,-0.0142162609845399,0.4246324598789215,0.3520808815956116,0.0010621892288327,0.12552484940668826,0.05581180249416783
1.0,0.36287921667099,0.4618125557899475,-3.006539088801219e-07,0.4380691349506378,0.4694636464118957,-0.022525880485773,0.5099358558654785,0.431624174118042,-0.0281771421432495,0.515118420124054,0.3516401350498199,-0.0322810858488082,0.4891552329063415,0.3107731342315674,-0.0289842542260885,0.5104559063911438,0.3506154119968414,0.0006253621540963,0.539060652256012,0.3005894124507904,-0.0268336683511734,0.5064324140548706,0.3599941730499267,-0.0373064205050468,0.4942642450332641,0.3783967494964599,-0.0405246503651142,0.4721566140651703,0.3209609389305115,0.0010604533599689,0.4959869682788849,0.2770707011222839,-0.0276680085808038,0.4662047624588012,0.3527274429798126,-0.030023593455553,0.4621641933917999,0.3574540317058563,-0.0243817474693059,0.4322001039981842,0.2996388971805572,-0.0043821595609188,0.4542688429355621,0.2600878477096557,-0.0383093506097793,0.4308702945709228,0.3375531733036041,-0.025852320715785,0.4262899160385132,0.346034288406372,-0.0082400338724255,0.3877058029174804,0.279912531375885,-0.0112083246931433,0.4103127121925354,0.2579876184463501,-0.0286503508687019,0.4003518223762512,0.314265102148056,-0.0146775403991341,0.3948020040988922,0.3236147165298462,0.0009423433803021,0.12262731980324104,0.04852904228531203
1.0,0.327378511428833,0.4534453153610229,-2.9005855139985215e-07,0.3998447358608246,0.4560440182685852,-0.0338761284947395,0.4659769535064697,0.4115658402442932,-0.0457760915160179,0.453905701637268,0.3239768743515014,-0.0540314465761184,0.4089369475841522,0.2861553728580475,-0.0547641068696975,0.4792430102825165,0.3263057172298431,-0.0123434402048587,0.4979860484600067,0.2615315318107605,-0.0448719933629035,0.4651058316230774,0.3198083639144897,-0.0606901757419109,0.4556992948055267,0.3482880294322967,-0.0667371302843093,0.4391197860240936,0.2988868951797485,-0.0081279147416353,0.4494361877441406,0.2363569736480713,-0.0421501770615577,0.4214757978916168,0.3115826845169067,-0.0480276420712471,0.4199414849281311,0.3363053202629089,-0.0432403720915317,0.39844411611557,0.279860109090805,-0.0105436099693179,0.4017821252346039,0.221531867980957,-0.0460193417966365,0.3832598030567169,0.2981327474117279,-0.0367428362369537,0.3849237561225891,0.3278854191303253,-0.020256895571947,0.3540593385696411,0.2643685936927795,-0.0156418476253747,0.3579958975315094,0.2219873070716858,-0.0334191508591175,0.3520919680595398,0.2775780856609344,-0.0212471280246973,0.3523881435394287,0.3073300123214721,-0.0063039208762347,0.1380656801151271,0.058763863108331656
1.0,0.323477953672409,0.467143177986145,-2.576045119440096e-07,0.3768881857395172,0.4806997776031494,-0.0534646026790142,0.4228850305080414,0.4570622444152832,-0.0820761322975158,0.4115254282951355,0.3856804370880127,-0.1029937043786048,0.3850199580192566,0.3289233148097992,-0.1162463575601577,0.4901281595230102,0.3350793123245239,-0.0393174402415752,0.4836978614330292,0.3179181218147278,-0.0821485072374343,0.4497038424015045,0.3659307360649109,-0.1048843041062355,0.4382477700710296,0.388924092054367,-0.115306444466114,0.4557956457138061,0.2809208929538727,-0.028214868158102,0.4314631521701813,0.2711102664470672,-0.0721047073602676,0.3991747796535492,0.3342981934547424,-0.0827901661396026,0.3993125855922699,0.3514259457588196,-0.0810844078660011,0.4132432341575622,0.2506396770477295,-0.0252008773386478,0.3845528364181518,0.2467332780361175,-0.0670294240117073,0.3622666299343109,0.3082731962203979,-0.0629756152629852,0.3687636256217956,0.3241130113601684,-0.0512839257717132,0.3674351572990417,0.2337955087423324,-0.0266505517065525,0.3463242053985595,0.2326049208641052,-0.0516955330967903,0.3338517546653747,0.281571626663208,-0.0475138388574123,0.3426440954208374,0.2974907755851745,-0.0377151928842067,0.13791647214716524,0.06402767917237125
1.0,0.3103393912315368,0.4632782340049743,1.4734550246586762e-09,0.3367278575897217,0.5075824856758118,-0.0710743069648742,0.3660258054733276,0.5261884331703186,-0.1158977672457695,0.3494069874286651,0.4761239886283874,-0.1465484350919723,0.3277676999568939,0.4227752089500427,-0.1676712930202484,0.4791156649589538,0.4035171568393707,-0.1020044013857841,0.3951436281204223,0.3932355344295501,-0.1533160805702209,0.3724711239337921,0.4320787489414215,-0.1713586002588272,0.3912891447544098,0.4434559047222137,-0.1794803440570831,0.4572975933551788,0.326760321855545,-0.086085207760334,0.3538383841514587,0.3408221900463104,-0.1368540972471237,0.3312207162380218,0.3968073725700378,-0.1396045088768005,0.3533775210380554,0.4076108932495117,-0.1352917850017547,0.4209308326244354,0.2782345414161682,-0.076346069574356,0.3250654339790344,0.3040449023246765,-0.1193490996956825,0.3075716495513916,0.3586887717247009,-0.1083004027605056,0.3278594613075256,0.3668423891067505,-0.0957273319363594,0.3785285353660583,0.248743936419487,-0.0736027359962463,0.309553861618042,0.2775144577026367,-0.106204554438591,0.2972418665885925,0.3270432651042938,-0.1071405187249183,0.3174695074558258,0.3391511142253876,-0.1012346148490905,0.12181328151092663,0.06132312926223393
1.0,0.28866708278656,0.4625859558582306,-9.815276769131742e-08,0.3163889944553375,0.5331754088401794,-0.0555569194257259,0.3565903306007385,0.5828664302825928,-0.0919206216931343,0.341350257396698,0.5375776886940002,-0.1177549511194229,0.3102859556674957,0.4829309582710266,-0.13676717877388,0.4668176174163818,0.4395517706871032,-0.0807134211063385,0.3872155249118805,0.4610242247581482,-0.1282103210687637,0.3559135198593139,0.4934995770454407,-0.1505355238914489,0.3723426163196563,0.4934446811676025,-0.1640681475400924,0.4477539956569671,0.3570453524589538,-0.0740680247545242,0.3540754020214081,0.3993279635906219,-0.114833228290081,0.324068546295166,0.4469442069530487,-0.1200577467679977,0.3464542031288147,0.4448102712631225,-0.1217815279960632,0.4115193486213684,0.3029787540435791,-0.0724467858672142,0.3193887770175934,0.3495472371578216,-0.1077620238065719,0.2978382110595703,0.40200075507164,-0.0963867753744125,0.3210960924625397,0.4045656025409698,-0.0865981131792068,0.3699851036071777,0.2670274376869201,-0.0767188742756843,0.3006231188774109,0.3081032037734985,-0.1018431037664413,0.2841071188449859,0.3562202155590057,-0.0970250219106674,0.3043023943901062,0.364650547504425,-0.0896410793066024,0.11892185411491629,0.06567130871414834
1.0,0.4594663381576538,0.558639407157898,-3.266838177751197e-07,0.5848096609115601,0.5855215787887573,-0.0497520267963409,0.6879180073738098,0.5812604427337646,-0.0903593674302101,0.7465578317642212,0.541754424571991,-0.1295651942491531,0.7133259773254395,0.5084627270698547,-0.159177541732788,0.6985217928886414,0.2896658480167389,-0.0310346912592649,0.7820097804069519,0.4031596183776855,-0.0840741097927093,0.7264410257339478,0.4784674048423767,-0.1154502108693122,0.6901421546936035,0.4671558439731598,-0.1344138085842132,0.6536278128623962,0.2518717646598816,-0.0340425595641136,0.7331706285476685,0.4038954377174377,-0.0827625840902328,0.6698407530784607,0.4853840172290802,-0.0921618342399597,0.6448974609375,0.457520842552185,-0.0922040119767189,0.6042863726615906,0.2508122324943542,-0.0459054745733737,0.6809177994728088,0.3981981575489044,-0.0918935239315033,0.629541277885437,0.4675121903419494,-0.0829051807522773,0.6000573039054871,0.4456309080123901,-0.0692834556102752,0.5550684332847595,0.2743486762046814,-0.0637801885604858,0.6232970952987671,0.3908332884311676,-0.0888426750898361,0.5914257168769836,0.4421016275882721,-0.0810657814145088,0.5620042085647583,0.4272313714027405,-0.0700651258230209,0.10334898866116872,0.05558403004016225
1.0,0.4635887742042541,0.5757396817207336,-2.571012487351254e-07,0.5697821974754333,0.6174346208572388,-0.0395956113934516,0.6616211533546448,0.6310803294181824,-0.073536530137062,0.7167326211929321,0.6056866645812988,-0.1064293086528778,0.6877987384796143,0.5678624510765076,-0.1318461298942566,0.6810717582702637,0.3852646350860595,-0.0272795595228672,0.7461705207824707,0.4942439198493957,-0.0747790709137916,0.69499272108078,0.5525784492492676,-0.1033122837543487,0.6671185493469238,0.5402716398239136,-0.1210630536079406,0.6466662883758545,0.3492026329040527,-0.0322128534317016,0.711432158946991,0.4839396178722381,-0.0787474364042282,0.6521632671356201,0.5469401478767395,-0.090113490819931,0.6295293569564819,0.5241474509239197,-0.0916913226246833,0.6066604256629944,0.3412656784057617,-0.0442343167960643,0.6644325852394104,0.4768344163894653,-0.0862754508852958,0.6145353317260742,0.5272665023803711,-0.0797569677233696,0.5902634859085083,0.5014432072639465,-0.0685138627886772,0.566709578037262,0.3520206809043884,-0.0608881004154682,0.6141034364700317,0.4594504535198211,-0.0824604332447052,0.5826404094696045,0.4970700740814209,-0.0757209658622741,0.5587095618247986,0.4761554598808288,-0.0668372735381126,0.08989869592403467,0.05398013984921003
1.0,0.4656767249107361,0.5575770735740662,-2.2511696329274855e-07,0.5571906566619873,0.5906707644462585,-0.0282116681337356,0.641183614730835,0.6029727458953857,-0.053322248160839,0.6920391917228699,0.5822096467018127,-0.0789552554488182,0.6704368591308594,0.5504962801933289,-0.0982960611581802,0.6592445969581604,0.3934761583805084,-0.0150079997256398,0.7239911556243896,0.4837686419486999,-0.0570377819240093,0.6818935871124268,0.5389541387557983,-0.0830901861190795,0.6557570695877075,0.531170666217804,-0.0984504595398902,0.6312676072120667,0.3612673282623291,-0.0218815710395574,0.6937013268470764,0.4746603071689605,-0.0621039755642414,0.6423592567443848,0.5309112668037415,-0.0726025402545929,0.6186465620994568,0.5121691226959229,-0.0742862969636917,0.5984709858894348,0.3512141704559326,-0.0350839011371135,0.6553317904472351,0.4668715298175812,-0.0721513107419014,0.6090150475502014,0.5131320357322693,-0.0660807192325592,0.5845440030097961,0.4917075037956238,-0.0554555058479309,0.5645855665206909,0.3573054075241089,-0.051770769059658,0.6145289540290833,0.4496835172176361,-0.0700241327285766,0.5852898359298706,0.4848046600818634,-0.0622116699814796,0.5610859394073486,0.467158555984497,-0.0528133139014244,0.07504782219376208,0.04297051493995104
1.0,0.4548456072807312,0.5501370429992676,-3.563626478353399e-07,0.5394877791404724,0.5815427899360657,-0.007257345598191,0.608775794506073,0.5829982161521912,-0.0189095269888639,0.6542158126831055,0.5685906410217285,-0.0348172411322593,0.6414223909378052,0.5534752011299133,-0.0460866838693618,0.6218544244766235,0.40929114818573,0.0064466814510524,0.67768394947052,0.4810624122619629,-0.0250164866447448,0.6389535069465637,0.5240504741668701,-0.0456037670373916,0.6111736297607422,0.5161965489387512,-0.057810291647911,0.6025657057762146,0.3847737312316894,-0.0063467267900705,0.6625884175300598,0.4788184762001037,-0.0377911962568759,0.6180403232574463,0.5211551785469055,-0.0468900315463542,0.5931829810142517,0.503559947013855,-0.0481421500444412,0.5803678631782532,0.3772512376308441,-0.0234699137508869,0.6328533887863159,0.4753002226352691,-0.0516093298792839,0.5921259522438049,0.5113533735275269,-0.0479923635721206,0.5680723190307617,0.4916375279426574,-0.0400562435388565,0.5575681924819946,0.3839290142059326,-0.0423284098505973,0.6019622683525085,0.4650371372699737,-0.0542410127818584,0.5754206776618958,0.4917396008968353,-0.0476537756621837,0.5529459118843079,0.4750415682792663,-0.0402059666812419,0.05173013174822992,0.02278483053878243
1.0,0.4553410708904266,0.5439724922180176,-2.3518269642863745e-07,0.5255335569381714,0.5653346180915833,-0.0081628765910863,0.5823625922203064,0.5686256289482117,-0.0197202637791633,0.6240750551223755,0.5575368404388428,-0.0336281843483448,0.616617739200592,0.5301759243011475,-0.0428444929420948,0.586323082447052,0.4009879231452942,0.0030247478280216,0.6413915157318115,0.4725525677204132,-0.023595904931426,0.6073662638664246,0.5121593475341797,-0.0423314683139324,0.581999659538269,0.502094030380249,-0.0538957454264164,0.5724046230316162,0.3817784786224365,-0.0062383092008531,0.6332932114601135,0.4688186049461365,-0.0326235257089138,0.5952946543693542,0.5105629563331604,-0.0397014021873474,0.5717260837554932,0.5015006065368652,-0.0404555797576904,0.5570407509803772,0.3785306811332702,-0.0191237721592187,0.6137992143630981,0.4689966440200805,-0.0414528846740722,0.5784900784492493,0.5044779777526855,-0.0362086035311222,0.55451500415802,0.4939796030521393,-0.028301203623414,0.5411249399185181,0.3911556303501129,-0.0338933393359184,0.5853626132011414,0.4645114243030548,-0.0434879511594772,0.56200110912323,0.4893829822540283,-0.0377123802900314,0.541555643081665,0.4793406724929809,-0.031190138310194,0.05644931227629984,0.029818981148699745
1.0,0.4521050453186035,0.5675163269042969,-2.848215387984965e-07,0.5122694373130798,0.5952874422073364,-0.002403023885563,0.5639252066612244,0.5916854739189148,-0.0073061962611973,0.6017366051673889,0.5754542350769043,-0.0160339418798685,0.5926390886306763,0.5551590919494629,-0.0211884193122386,0.5735394954681396,0.4597470164299011,0.0148466955870389,0.6132280826568604,0.5075298547744751,-0.0071907951496541,0.5815580487251282,0.5432036519050598,-0.0220386944711208,0.5607786774635315,0.5308480262756348,-0.031367789953947,0.5612345337867737,0.4396250247955322,0.0041073677130043,0.607049286365509,0.4994077384471893,-0.0182273816317319,0.5726872086524963,0.5401100516319275,-0.0235813707113266,0.5529260635375977,0.5254210829734802,-0.023419301956892,0.5463080406188965,0.4285876750946045,-0.0104874894022941,0.590700089931488,0.4952926635742187,-0.033489279448986,0.5572317838668823,0.5333106517791748,-0.0288153085857629,0.5353632569313049,0.5184155106544495,-0.0207479540258646,0.5292156934738159,0.4283924996852875,-0.0261048935353755,0.568391740322113,0.4891706705093384,-0.0377960316836833,0.5464012026786804,0.5184735059738159,-0.0321187414228916,0.5256453156471252,0.5087897777557373,-0.0252616796642541,0.048491027153204115,0.02283038062100378
1.0,0.441286027431488,0.613244354724884,-1.9345981172591567e-07,0.491973340511322,0.6364290714263916,-0.0007827889639884,0.531574547290802,0.6363876461982727,-0.0048789074644446,0.562218964099884,0.6287866830825806,-0.0138150686398148,0.5698011517524719,0.6019429564476013,-0.0196995418518781,0.5419856905937195,0.5315694212913513,0.0190188121050596,0.5770426988601685,0.5553117394447327,-0.0007496634498238,0.5564566254615784,0.5861326456069946,-0.0159703604876995,0.5328471064567566,0.5811113715171814,-0.0240052994340658,0.5337904691696167,0.5149440765380859,0.0093378024175763,0.5741726160049438,0.5509278178215027,-0.0106790754944086,0.5499789714813232,0.5898002982139587,-0.0201930291950702,0.5253318548202515,0.581601619720459,-0.0227916147559881,0.5246573686599731,0.5011954307556152,-0.0039494247175753,0.5680416822433472,0.5431809425354004,-0.0252019241452217,0.5411068797111511,0.5807609558105469,-0.0237054768949747,0.5153118371963501,0.5711029767990112,-0.0171755757182836,0.5122303366661072,0.4932632446289062,-0.0177900269627571,0.5530992746353149,0.5382452607154846,-0.030223848298192,0.535125732421875,0.5668001770973206,-0.0254343692213296,0.5121937990188599,0.5601555705070496,-0.0183794535696506,0.05354774639828408,0.02850793318071377
1.0,0.4239615797996521,0.6675373911857605,-1.3628593364956032e-07,0.4668822288513183,0.6863783001899719,-0.0066928123123943,0.5095681548118591,0.6823685169219971,-0.0133168157190084,0.5379859209060669,0.6686428785324097,-0.0231795813888311,0.5418017506599426,0.6436467170715332,-0.0303652044385671,0.5064088106155396,0.5743814706802368,0.0069343745708465,0.5433109402656555,0.5881235599517822,-0.0140228737145662,0.5326739549636841,0.6261903643608093,-0.0298930890858173,0.5147987008094788,0.6344976425170898,-0.0381791330873966,0.49708953499794,0.5608620643615723,0.0004337282443884,0.5412880778312683,0.5863648653030396,-0.0192410591989755,0.5270925164222717,0.6271019577980042,-0.0283247530460357,0.5068108439445496,0.630385160446167,-0.0314131937921047,0.4880096912384033,0.5527490377426147,-0.0097397621721029,0.5334191918373108,0.5857862830162048,-0.0298131797462701,0.5167551040649414,0.6239940524101257,-0.0286653619259595,0.496185839176178,0.6266089081764221,-0.0235026553273201,0.4778554737567901,0.5520564913749695,-0.0209643114358186,0.52156001329422,0.5869990587234497,-0.0319922231137752,0.5095741152763367,0.6159478425979614,-0.0278313793241977,0.4912554919719696,0.6189971566200256,-0.0224114060401916,0.05318862700700353,0.026286913533194924
1.0,0.3780748844146728,0.695850133895874,-2.135686543169868e-07,0.4306117296218872,0.7172119617462158,-8.324283953697886e-06,0.4703640937805176,0.7071090340614319,-0.0036463090218603,0.4972007572650909,0.6916532516479492,-0.0106324963271617,0.5017711520195007,0.6787300705909729,-0.0147642558440566,0.4673896133899688,0.5845168828964233,0.0121462857350707,0.5087235569953918,0.6217246651649475,-0.0032435439061373,0.4879499673843384,0.6546448469161987,-0.0155132794752717,0.4651984274387359,0.6524609327316284,-0.0234597753733396,0.4574797451496124,0.5726936459541321,0.0032538780942559,0.5059764385223389,0.6181678771972656,-0.0123185450211167,0.4838980734348297,0.655354380607605,-0.0179588124155998,0.4612558782100677,0.6536017656326294,-0.0195996202528476,0.4476850926876068,0.5682756304740906,-0.0081067318096756,0.4968859553337097,0.6185411810874939,-0.023253921419382,0.4751889407634735,0.6536338329315186,-0.0201231427490711,0.4513425827026367,0.6504263281822205,-0.0151518005877733,0.4367266297340393,0.573890745639801,-0.0202047359198331,0.4796968996524811,0.6188020706176758,-0.0280700027942657,0.463608056306839,0.6460925936698914,-0.023556463420391,0.4418507516384125,0.6445088982582092,-0.0187522340565919,0.04376502732120374,0.01431672286342025
1.0,0.4561560153961181,0.74485844373703,-2.0906976772039346e-07,0.5078831911087036,0.7671432495117188,0.0022012817207723,0.5492721199989319,0.757594108581543,-0.0002886017318814,0.5773137211799622,0.7479711174964905,-0.0063195605762302,0.5939989686012268,0.7381361722946167,-0.009126853197813,0.5464353561401367,0.6261875629425049,0.0148972924798727,0.5933668613433838,0.6753473877906799,0.0006884724134579,0.5724236369132996,0.7058549523353577,-0.0115635572001338,0.5506370067596436,0.7038145661354065,-0.0196822546422481,0.5391346216201782,0.6149829626083374,0.0053507043048739,0.5941168069839478,0.6741350293159485,-0.0081552434712648,0.5709532499313354,0.7072339653968811,-0.0125279827043414,0.5498064756393433,0.7067371606826782,-0.0134564395993947,0.5329947471618652,0.6153930425643921,-0.0065342118032276,0.5857360363006592,0.6767439842224121,-0.0178230497986078,0.5651038885116577,0.7067156434059143,-0.0139990225434303,0.5440034866333008,0.7043744325637817,-0.0095362439751625,0.5262783765792847,0.626582682132721,-0.0192887671291828,0.56767338514328,0.6790609955787659,-0.0234063286334276,0.551604151725769,0.7020924687385559,-0.018377898260951,0.533320426940918,0.6997011303901672,-0.013820587657392,0.049570323374108986,0.019570501283714525
1.0,0.5243590474128723,0.7684503197669983,-2.713240121465788e-07,0.571563720703125,0.7926977276802063,0.0035539786331355,0.6106299161911011,0.7810158133506775,0.0034685328137129,0.6408325433731079,0.7735632658004761,-0.0016134759644046,0.6513423919677734,0.7588150501251221,-0.0032483302056789,0.6128512620925903,0.6645475029945374,0.0255290586501359,0.6557319760322571,0.7022656798362732,0.0084114596247673,0.6351922750473022,0.7343482971191406,-0.0049453224055469,0.6125689744949341,0.7335621118545532,-0.0128055037930607,0.6075963973999023,0.6514248251914978,0.0143456403166055,0.6567661762237549,0.7026470899581909,-0.0018010331550613,0.6325836777687073,0.7381076216697693,-0.0065826931968331,0.6117879152297974,0.7334390878677368,-0.0069759967736899,0.6025996804237366,0.6449370980262756,-0.000673811067827,0.6521165370941162,0.7022619247436523,-0.0159784518182277,0.6274480819702148,0.7341589331626892,-0.0120513439178466,0.6053909063339233,0.7266177535057068,-0.0063448115251958,0.5964720845222473,0.6472745537757874,-0.0167402010411024,0.6373466849327087,0.7026398777961731,-0.0235238820314407,0.6172128915786743,0.7269505262374878,-0.0190035589039325,0.5960540771484375,0.7205817103385925,-0.0142761142924427,0.04685611828229672,0.018183496129176125
1.0,0.5749207735061646,0.7925009727478027,-2.15012093462974e-07,0.6285046935081482,0.8149953484535217,0.0011251041432842,0.6696181297302246,0.8053310513496399,-0.0025329289492219,0.7037121653556824,0.7978818416595459,-0.0098819285631179,0.7123817205429077,0.7814957499504089,-0.0135998325422406,0.6577277183532715,0.6613105535507202,0.0157917588949203,0.7150437831878662,0.7123622298240662,-0.0015018560225144,0.6955410838127136,0.7496533989906311,-0.0162766296416521,0.6703312397003174,0.7484853863716125,-0.0258935838937759,0.6535405516624451,0.6497657895088196,0.005183232948184,0.7192962169647217,0.7124007940292358,-0.0112084010615944,0.696524977684021,0.7521437406539917,-0.0167982224375009,0.6708871722221375,0.7505272626876831,-0.0183569211512804,0.6514593362808228,0.6518886685371399,-0.0083944518119096,0.7171098589897156,0.7161834836006165,-0.0229241196066141,0.6947982311248779,0.7541743516921997,-0.0187365934252738,0.6690600514411926,0.7520095705986023,-0.0134199885651469,0.6501253247261047,0.6671379804611206,-0.0231042336672544,0.7040285468101501,0.7241062521934509,-0.0296069327741861,0.6861200332641602,0.7531149387359619,-0.0246339663863182,0.6627597808837891,0.7519621253013611,-0.0198523104190826,0.05019285454249386,0.018907353031097963
1.0,0.2531056702136993,0.7063882350921631,-2.2770909424707497e-07,0.3615753948688507,0.6714924573898315,-0.0132914744317531,0.4334682524204254,0.6155275106430054,-0.0363287664949893,0.491402804851532,0.5796422362327576,-0.0606801621615886,0.5243991017341614,0.5536237359046936,-0.0789671912789344,0.3759826421737671,0.4093038141727447,-0.0462529249489307,0.4830544590950012,0.4794486761093139,-0.08008274435997,0.4720571637153625,0.5482456684112549,-0.0905889347195625,0.4427396953105926,0.5575337409973145,-0.0977721363306045,0.3399659693241119,0.4431563019752502,-0.0615540668368339,0.4661324620246887,0.5460038185119629,-0.0947481617331504,0.4446543753147125,0.6094879508018494,-0.0942475721240043,0.4154607057571411,0.5973657965660095,-0.095420517027378,0.3154044151306152,0.5111931562423706,-0.0781624242663383,0.438106894493103,0.6129802465438843,-0.1079452559351921,0.4155493676662445,0.6603824496269226,-0.0948034077882766,0.383147269487381,0.6444668173789978,-0.0870839804410934,0.3002302646636963,0.5917418003082275,-0.0966674163937568,0.4013595879077911,0.6755135655403137,-0.1155965328216552,0.3850882649421692,0.7044957280158997,-0.1095281913876533,0.3546459972858429,0.6881600618362427,-0.1054438203573226,0.11797682802917336,0.045827212453156435
1.0,0.2507744133472442,0.7008765935897827,-2.130012290990635e-07,0.3599920570850372,0.6640181541442871,-0.0153885036706924,0.4345149397850036,0.6092559695243835,-0.0408536866307258,0.4917997419834137,0.5718996524810791,-0.0670801177620887,0.5138713121414185,0.5468543767929077,-0.0870103910565376,0.3756960034370422,0.398369163274765,-0.0521438680589199,0.4863725304603576,0.4760552942752838,-0.0883699581027031,0.4765299260616302,0.5466053485870361,-0.0990852937102317,0.4461215734481811,0.5563730597496033,-0.105878546833992,0.3398523926734924,0.434960275888443,-0.0678204968571662,0.4694103002548218,0.541681706905365,-0.103163793683052,0.4482433795928955,0.6070075035095215,-0.1012273356318473,0.4189644455909729,0.5964855551719666,-0.1007245406508445,0.3152975738048553,0.505911648273468,-0.0849602445960044,0.4404193460941314,0.6106197237968445,-0.1165954694151878,0.4180181622505188,0.6588096618652344,-0.1019862219691276,0.3856112360954284,0.643716037273407,-0.0925577506422996,0.3002662062644958,0.589320957660675,-0.1042585894465446,0.404699295759201,0.672538161277771,-0.124072715640068,0.3878423571586609,0.7000620365142822,-0.1171926707029342,0.3563414216041565,0.6834241151809692,-0.1122060716152191,0.11100375656907606,0.03887976127920101
1.0,0.253035306930542,0.6851796507835388,-1.8199111195826845e-07,0.360933393239975,0.6537075638771057,-0.0181984398514032,0.433929830789566,0.6075534820556641,-0.046852022409439,0.4920125305652618,0.5884727835655212,-0.0761290714144706,0.5279238224029541,0.589276134967804,-0.0987902134656906,0.3939478993415832,0.389769434928894,-0.0551157891750335,0.5081574320793152,0.4861153364181518,-0.0894872173666954,0.4875660538673401,0.5451128482818604,-0.0982166156172752,0.454565018415451,0.5398903489112854,-0.1043631285429,0.358044296503067,0.4314726293087005,-0.069426342844963,0.4877009391784668,0.5560347437858582,-0.104102037847042,0.4533897042274475,0.6072063446044922,-0.1007970422506332,0.4233875572681427,0.5834776163101196,-0.0997259318828582,0.3325947821140289,0.503936767578125,-0.0849817916750907,0.4612772762775421,0.6152769327163696,-0.1157647520303726,0.4291619062423706,0.6557525396347046,-0.0995717495679855,0.3978370130062103,0.6369630098342896,-0.0891243442893028,0.3153000473976135,0.5873034596443176,-0.1027662456035614,0.4222172200679779,0.6697543263435364,-0.1220347434282302,0.3990130424499511,0.6939167976379395,-0.1134158596396446,0.3672377467155456,0.6755285859107971,-0.1070209667086601,0.10893350066064836,0.04247109150931993
1.0,0.2898580729961395,0.626894474029541,-1.9974541487499667e-07,0.4236200153827667,0.6120176315307617,-0.0329428799450397,0.5094199776649475,0.5780709385871887,-0.0715167224407196,0.568540096282959,0.5756282806396484,-0.110669232904911,0.6100349426269531,0.5933124423027039,-0.1421645432710647,0.5005676746368408,0.3132642805576324,-0.0553084090352058,0.5952205657958984,0.4494560360908508,-0.1039360985159874,0.5594763159751892,0.5066863894462585,-0.1264470368623733,0.5257978439331055,0.4902629256248474,-0.1429916620254516,0.4451152682304382,0.3349925279617309,-0.069638654589653,0.5545952916145325,0.515299916267395,-0.1182787120342254,0.504136860370636,0.5592355132102966,-0.1246267184615135,0.4693334698677063,0.5203908085823059,-0.1293549090623855,0.3927805125713348,0.3970738053321838,-0.0890135541558265,0.5022373795509338,0.5651416182518005,-0.1312799751758575,0.4579576253890991,0.5970190763473511,-0.1212731152772903,0.4237473011016845,0.5638752579689026,-0.1138630211353302,0.3475900888442993,0.4782389402389526,-0.1132317408919334,0.4382400810718536,0.6093723773956299,-0.1425469666719436,0.4134918451309204,0.6278916597366333,-0.141526311635971,0.3853763043880462,0.5956981182098389,-0.1390976011753082,0.12388215851321054,0.05501369303997971
1.0,0.3079339861869812,0.5961371064186096,-2.1580346754035418e-07,0.4189353287220001,0.6382216811180115,-0.0543848499655723,0.4976805746555328,0.6421958208084106,-0.1026906818151474,0.542460024356842,0.6409240961074829,-0.1482012718915939,0.5728458166122437,0.6331155300140381,-0.1859902739524841,0.5509881377220154,0.3479317128658294,-0.0704030320048332,0.5892941951751709,0.5141343474388123,-0.1327787637710571,0.5401932001113892,0.5633701682090759,-0.1703196167945861,0.5198106169700623,0.5253233313560486,-0.1980406790971756,0.4792041480541229,0.3145558834075928,-0.0784748196601867,0.5227861404418945,0.5289573669433594,-0.1347267478704452,0.4754729866981506,0.5663174986839294,-0.1501569747924804,0.4625426232814789,0.5087597966194153,-0.1625227928161621,0.4011341035366058,0.3309392035007477,-0.0943160727620124,0.4402274191379547,0.5408743023872375,-0.1403033584356308,0.4085267186164856,0.5667754411697388,-0.1343393623828888,0.3970667123794555,0.5101171731948853,-0.1316963732242584,0.3244795203208923,0.3734746873378753,-0.1175225302577018,0.3581399917602539,0.5414270758628845,-0.1516392827033996,0.346680998802185,0.5632942318916321,-0.1548596173524856,0.3388356566429138,0.5169227123260498,-0.1556148380041122,0.11256592437131187,0.04911495446584558
1.0,0.1946303397417068,0.7445399165153503,-2.4076140903162013e-07,0.2147643566131591,0.6182543635368347,-0.00358323357068,0.2756001651287079,0.5224457383155823,-0.0279502663761377,0.3530713319778442,0.5051257014274597,-0.0537482611835002,0.4108816087245941,0.5461047887802124,-0.0750732496380806,0.2711146771907806,0.5076808929443359,-0.0675980597734451,0.4060607552528381,0.4734704494476318,-0.105912260711193,0.3872068524360657,0.5044731497764587,-0.1162111982703208,0.3465388119220733,0.5238304138183594,-0.1163985133171081,0.2847821712493896,0.595500648021698,-0.084297738969326,0.4193890690803528,0.5519324541091919,-0.1123426035046577,0.3909903168678283,0.5761741995811462,-0.1019689291715622,0.3479280471801758,0.593323290348053,-0.0927497521042823,0.3063763976097107,0.6827179193496704,-0.09978698939085,0.4272737503051758,0.626507580280304,-0.11406259983778,0.3945370018482208,0.6468116641044617,-0.083071194589138,0.3536464869976043,0.6622145771980286,-0.0613844655454158,0.3309502005577087,0.7660727500915527,-0.1161079257726669,0.4251964688301086,0.7025003433227539,-0.1115482822060585,0.3967226445674896,0.7157903909683228,-0.0804484859108924,0.3616245985031128,0.7344175577163696,-0.0595599561929702,0.14519433598381246,0.07400046506873006
1.0,0.3258673548698425,0.6946808695793152,-2.894745989578951e-07,0.3249713778495788,0.5752729773521423,0.0089204739779233,0.3616034984588623,0.5017306208610535,-0.0011340460041537,0.4180586040019989,0.4838684499263763,-0.012892385944724,0.4607142210006714,0.5198190212249756,-0.0223177224397659,0.3617037236690521,0.468562364578247,-0.0328377932310104,0.4396968781948089,0.4194629192352295,-0.0430789589881897,0.4305300712585449,0.4544549286365509,-0.04152587428689,0.4059907495975494,0.4755901992321014,-0.0384383276104927,0.3966598212718963,0.5275818109512329,-0.0455715879797935,0.4680081605911255,0.4741707146167755,-0.0452467873692512,0.455243170261383,0.5018012523651123,-0.0357220768928527,0.4306869506835937,0.5228433609008789,-0.0315658897161483,0.4323194026947021,0.5887017250061035,-0.054783895611763,0.4886001646518707,0.5347951054573059,-0.0481628105044364,0.4737628102302551,0.5568494200706482,-0.0302604958415031,0.4508537948131561,0.5758561491966248,-0.0217591412365436,0.462380588054657,0.6468905806541443,-0.0631658285856247,0.5041788816452026,0.5839243531227112,-0.0489840470254421,0.487382560968399,0.6000511646270752,-0.0257779955863952,0.4693720042705536,0.6207042336463928,-0.0115611786022782,0.10295083145761239,0.056575455864516705
1.0,0.503663182258606,0.3799578547477722,3.642405843606866e-08,0.5316062569618225,0.3077558875083923,-0.0166432112455368,0.5898552536964417,0.2645239531993866,-0.0398711077868938,0.6468691825866699,0.2745167911052704,-0.0582535676658153,0.681358277797699,0.3040909171104431,-0.0727183073759079,0.6040958166122437,0.2074698209762573,-0.0776033699512481,0.6979193091392517,0.2936879098415375,-0.1004198268055915,0.6826956868171692,0.3306299746036529,-0.0993871167302131,0.6538369059562683,0.3193951547145843,-0.097896322607994,0.5908005833625793,0.2460523396730423,-0.0825061500072479,0.6879038214683533,0.3457778096199035,-0.1046678572893142,0.6653493046760559,0.3794206976890564,-0.0949799790978431,0.6380541920661926,0.3672519326210022,-0.0900947973132133,0.579277753829956,0.2982935905456543,-0.0853498354554176,0.6671262979507446,0.3923506736755371,-0.0994246825575828,0.644659698009491,0.4136944115161896,-0.0823237523436546,0.6188504099845886,0.3978917300701141,-0.0731323435902595,0.5679076313972473,0.3544834554195404,-0.0893614441156387,0.638393759727478,0.4223940670490265,-0.0936122611165046,0.6205660104751587,0.4351649284362793,-0.0815467312932014,0.5959039330482483,0.4218802750110626,-0.0749852508306503,0.10496326297164478,0.047679715942169694
1.0,0.4080743193626404,0.4418933987617492,-1.4429700456730646e-07,0.4801666736602783,0.4671017527580261,-0.0329625196754932,0.5465094447135925,0.4661294817924499,-0.0545894801616668,0.5835089087486267,0.4292963445186615,-0.0739903971552848,0.5827116966247559,0.3850363790988922,-0.0870158150792121,0.5764173865318298,0.3301441967487335,-0.0140609629452228,0.6078287363052368,0.3623043000698089,-0.0480107739567756,0.5698584318161011,0.3960919380187988,-0.0615679696202278,0.551996111869812,0.3772704601287842,-0.0672673434019088,0.5456298589706421,0.2877078056335449,-0.0135770812630653,0.5782558917999268,0.3270005583763122,-0.0479930974543094,0.5308747291564941,0.3832586407661438,-0.0507836192846298,0.5221129059791565,0.3564921021461487,-0.0450555942952632,0.5085726380348206,0.2594755589962005,-0.0196427907794713,0.5355129241943359,0.3110278248786926,-0.0593076162040233,0.496841162443161,0.3661671876907348,-0.048364982008934,0.4826405942440033,0.3427759706974029,-0.0321297980844974,0.4671560823917389,0.2397145926952362,-0.0281670540571212,0.495108813047409,0.2898534536361694,-0.0521330460906028,0.4726149439811706,0.3355429172515869,-0.0416467301547527,0.4564398825168609,0.3211773335933685,-0.0275698695331811,0.09454185075453113,0.046143705943742605
2.0,0.4247237145900726,0.6977468132972717,-2.6662402774491056e-07,0.4633411765098572,0.6052747964859009,-0.0177429411560297,0.5098012685775757,0.4939647018909454,-0.0447770729660987,0.5216436386108398,0.3995530009269714,-0.0690892860293388,0.5136725902557373,0.3220142126083374,-0.0886298790574073,0.5289164781570435,0.5220186710357666,-0.0773174166679382,0.6369267106056213,0.5585454106330872,-0.1134414747357368,0.6121885180473328,0.579870879650116,-0.1262486577033996,0.5764791369438171,0.5669405460357666,-0.1327779591083526,0.5182241201400757,0.5915477275848389,-0.086761362850666,0.6313703656196594,0.6302483081817627,-0.1112794578075409,0.5999882221221924,0.6426600813865662,-0.1038933098316192,0.5616956353187561,0.6307873129844666,-0.102299153804779,0.5107097029685974,0.6664938926696777,-0.0957403779029846,0.6181676387786865,0.6978626847267151,-0.1123708188533783,0.5858629941940308,0.7024087309837341,-0.0900651812553405,0.5483105778694153,0.691340446472168,-0.0785666927695274,0.506572425365448,0.7376988530158997,-0.1059685423970222,0.5900692939758301,0.7567321062088013,-0.1120393946766853,0.5658665895462036,0.7567788362503052,-0.094393752515316,0.5351070165634155,0.7474148273468018,-0.0845777913928031,0.1774965534824437,0.0803594181268749
2.0,0.4404956996440887,0.7071295380592346,-3.578574307994131e-07,0.4625724256038666,0.5970993041992188,-0.0049531180411577,0.4838075637817383,0.5013180375099182,-0.0242025703191757,0.4888233840465545,0.4149771332740783,-0.0432991236448287,0.477431446313858,0.3483182191848755,-0.0600212998688221,0.5597308278083801,0.5454480648040771,-0.0407004542648792,0.6255791187286377,0.546657919883728,-0.0528770498931407,0.6029608845710754,0.5604122877120972,-0.054846566170454,0.5727022886276245,0.563412070274353,-0.0550864115357399,0.5741182565689087,0.6141085028648376,-0.0456696115434169,0.625338613986969,0.6120844483375549,-0.0451238974928855,0.6007458567619324,0.6181926131248474,-0.0369495674967765,0.5719534158706665,0.6234402656555176,-0.0366817191243171,0.5792714357376099,0.6830652952194214,-0.0483391433954238,0.6219019889831543,0.6759740114212036,-0.0415263436734676,0.5997134447097778,0.6807979941368103,-0.0241015162318944,0.5708227753639221,0.6877981424331665,-0.0190844126045703,0.5795028209686279,0.7452288269996643,-0.0513518005609512,0.6094090938568115,0.7358015179634094,-0.0425142049789428,0.5864720344543457,0.737551212310791,-0.0240267030894756,0.5658844709396362,0.7442531585693359,-0.0135894790291786,0.1572659552096734,0.06966217230695328
2.0,0.4674778282642364,0.729779064655304,-4.3363095869608514e-07,0.4757855534553528,0.6205149292945862,-0.004558362532407,0.4909747242927551,0.5310883522033691,-0.0199447683990001,0.4987388849258423,0.4495853185653686,-0.0353721864521503,0.4909195303916931,0.3891087174415588,-0.0488450787961483,0.5920652151107788,0.5651006102561951,-0.0253702513873577,0.6359830498695374,0.5658429861068726,-0.0294973850250244,0.6114820241928101,0.5725806951522827,-0.0300012975931167,0.5841485261917114,0.5796940326690674,-0.03059365414083,0.6104011535644531,0.6282106041908264,-0.0274227168411016,0.6328734755516052,0.6215651035308838,-0.0192762780934572,0.607721209526062,0.6233004331588745,-0.0128918960690498,0.5837078094482422,0.6332364082336426,-0.014974808320403,0.6136583685874939,0.6924358010292053,-0.0274984426796436,0.6273770332336426,0.6768627166748047,-0.0163446776568889,0.6067426204681396,0.679472029209137,-0.0045781801454722,0.5827770233154297,0.6901984214782715,-0.0037222320679575,0.6117941737174988,0.7491604089736938,-0.0279718283563852,0.6230354309082031,0.7308611869812012,-0.0163086913526058,0.6015030145645142,0.7300781607627869,-0.0013992494205012,0.5821892619132996,0.7374207377433777,0.0063891476020216,0.1448911580273803,0.06245062383140839
2.0,0.4895905554294586,0.7133692502975464,-3.657096101505886e-07,0.4797396063804626,0.6180775165557861,-0.0061040176078677,0.4811612367630005,0.5373803377151489,-0.0187680218368768,0.4775578081607818,0.4647864103317261,-0.0306156184524297,0.464047759771347,0.4116160273551941,-0.041048813611269,0.5919148921966553,0.5444551706314087,-0.018922459334135,0.5987003445625305,0.5295429825782776,-0.0130196902900934,0.5830576419830322,0.5405385494232178,-0.0085567729547619,0.5677518248558044,0.5533895492553711,-0.0075465668924152,0.6160899996757507,0.5933735370635986,-0.019094318151474,0.6048370003700256,0.5833333134651184,-0.0041811428964138,0.5857962965965271,0.5889320373535156,0.0005658123991452,0.5719767212867737,0.6033095717430115,-0.0037064435891807,0.621961772441864,0.6482200622558594,-0.0167751796543598,0.6094203591346741,0.6367954015731812,-0.0030579671729356,0.5919061303138733,0.6397894024848938,0.0035115808714181,0.5741047859191895,0.652503490447998,0.0007914449670352,0.6207091212272644,0.6982830166816711,-0.0151440063491463,0.6159715056419373,0.6920419335365295,-0.0040127695538103,0.6008344292640686,0.6934359669685364,0.0062524522654712,0.5869419574737549,0.7015879154205322,0.0109198633581399,0.12886413984174466,0.05584319649320211
2.0,0.4942261576652527,0.6897290349006653,-4.125157033740834e-07,0.46475750207901,0.6094337701797485,-0.0137916533276438,0.4494842886924743,0.5362533926963806,-0.0285564549267292,0.4321331977844238,0.4706586599349975,-0.0403062924742698,0.4111527800559997,0.4250099658966064,-0.0508051924407482,0.5554282069206238,0.5002880692481995,-0.0252771452069282,0.5329384803771973,0.5107929110527039,-0.0217870064079761,0.518784761428833,0.534867525100708,-0.0211161952465772,0.5110350847244263,0.5522322058677673,-0.0233779195696115,0.588594913482666,0.539898157119751,-0.0221977178007364,0.5584906935691833,0.5497851371765137,-0.0114112719893455,0.5416196584701538,0.5655391216278076,-0.0110832899808883,0.5343624353408813,0.5828719735145569,-0.0182696040719747,0.6041924953460693,0.5895874500274658,-0.0168910641223192,0.5743208527565002,0.5939383506774902,-0.0071643749251961,0.5591304302215576,0.6052181720733643,-0.0039499951526522,0.5510691404342651,0.6199537515640259,-0.008547693490982,0.6095551252365112,0.6345146894454956,-0.0127954762428998,0.5916923880577087,0.6342689990997314,-0.0053594573400914,0.5761563181877136,0.6435675621032715,0.0024380828253924,0.5673925280570984,0.6548289060592651,0.0054251025430858,0.1197472792236741,0.051324536977706246
2.0,0.4978610575199127,0.6892814636230469,-4.321073561186495e-07,0.4633634686470032,0.608412504196167,-0.0090284794569015,0.4443124234676361,0.5359106063842773,-0.0204823669046163,0.4256435334682464,0.4705016613006592,-0.0294424220919609,0.4036858379840851,0.4271385669708252,-0.0373259112238884,0.5466175675392151,0.4984414279460907,-0.0197668857872486,0.5276868939399719,0.5060274004936218,-0.0104765528813004,0.5140576958656311,0.5304674506187439,-0.0053686159662902,0.5064166188240051,0.5496270060539246,-0.0049863243475556,0.5820507407188416,0.5335124135017395,-0.016687212511897,0.5555862784385681,0.5409358739852905,-0.0006555115105584,0.5391215085983276,0.5583190321922302,0.0020311581902205,0.5320366621017456,0.5782446265220642,-0.0040355175733566,0.6005014181137085,0.5802417993545532,-0.0105903493240475,0.5726999044418335,0.5812811851501465,0.0041284770704805,0.5576719641685486,0.5955115556716919,0.0082791643217206,0.5494523644447327,0.6132218837738037,0.0034385521430522,0.6088986396789551,0.623580276966095,-0.0051407441496849,0.59138023853302,0.6203367710113525,0.0065537635236978,0.5764185190200806,0.6322274804115295,0.0156446173787117,0.5684452652931213,0.64631587266922,0.0187940243631601,0.11732681275586221,0.049240712238212574
2.0,0.5038478374481201,0.6691444516181946,-4.175940659933986e-07,0.4692515432834625,0.5927610397338867,-0.0101801138371229,0.4498908817768097,0.523970901966095,-0.0233128108084201,0.4319683015346527,0.4596437513828277,-0.0342820286750793,0.4106734693050384,0.4161143898963928,-0.0440637357532978,0.5529592037200928,0.4874351024627685,-0.0220375526696443,0.5390212535858154,0.5026348233222961,-0.0161416828632354,0.527256190776825,0.526698648929596,-0.013407670892775,0.5183090567588806,0.5447959303855896,-0.0143502103164792,0.587244987487793,0.5220326781272888,-0.0203148480504751,0.5658440589904785,0.5375773906707764,-0.0069665578193962,0.5509605407714844,0.5543544888496399,-0.0050853849388659,0.5421656370162964,0.5717234015464783,-0.0115457568317651,0.6056765913963318,0.5685116648674011,-0.0160899832844734,0.5826676487922668,0.5763649344444275,-0.0036991997621953,0.5681889653205872,0.5901816487312317,0.0003026845515705,0.5584006309509277,0.6055342555046082,-0.0044226269237697,0.6147254705429077,0.6123263835906982,-0.0128425015136599,0.6008327007293701,0.6172560453414917,-0.0029326463118195,0.5852010250091553,0.6281448006629944,0.0054112002253532,0.5754514336585999,0.6399059891700745,0.008200341835618,0.11662604135822666,0.049436393319782244
2.0,0.4981130957603454,0.6964609026908875,-3.929343392883311e-07,0.5071730017662048,0.6023478507995605,-0.0076782507821917,0.5230174660682678,0.5318356156349182,-0.0200212057679891,0.534205436706543,0.4690877199172973,-0.0316693298518657,0.5326557159423828,0.4215641021728515,-0.0413661561906337,0.6210905909538269,0.5512656569480896,-0.0184520445764064,0.6416358351707458,0.5660638213157654,-0.0186550356447696,0.6236359477043152,0.5773026347160339,-0.0184956360608339,0.6027600765228271,0.5794491171836853,-0.0198226310312747,0.6391397714614868,0.6069162487983704,-0.0197537746280431,0.6350607872009277,0.6243208050727844,-0.0120708364993333,0.6141359806060791,0.6307839751243591,-0.0108062056824564,0.595527708530426,0.6325070858001709,-0.0152062736451625,0.641823410987854,0.6640288233757019,-0.0195754934102296,0.6330308318138123,0.6745156645774841,-0.0121510541066527,0.6151631474494934,0.6780441999435425,-0.0076987859793007,0.5952609777450562,0.6800094246864319,-0.0098619693890213,0.6377382278442383,0.7144198417663574,-0.0202680863440036,0.6277303099632263,0.7245115041732788,-0.014503264799714,0.6094326972961426,0.7258398532867432,-0.0068780658766627,0.5932273864746094,0.7259523272514343,-0.0023313066922128,0.11273113789186993,0.048527562467234
2.0,0.4896732866764068,0.6868900060653687,-3.1951265100360615e-07,0.506639301776886,0.5932695269584656,-0.0031422646716237,0.5263519883155823,0.5220975875854492,-0.0154363922774791,0.5391146540641785,0.4591335654258728,-0.0280612539499998,0.5365957617759705,0.4078061878681183,-0.0386474691331386,0.6140807271003723,0.5503835082054138,-0.0161054525524377,0.6436787843704224,0.5689305067062378,-0.0148855708539485,0.6277648210525513,0.5810321569442749,-0.0126630682498216,0.6067742705345154,0.5803441405296326,-0.0123778181150555,0.626929759979248,0.6046079397201538,-0.0198015384376049,0.6380739212036133,0.6201736927032471,-0.0099862664937973,0.6182842254638672,0.6282431483268738,-0.0056828819215297,0.5975958108901978,0.6286984086036682,-0.0083675552159547,0.6270487308502197,0.6590337753295898,-0.0217295382171869,0.633871853351593,0.667271077632904,-0.0106031019240617,0.6169650554656982,0.6722826957702637,-0.0028004527557641,0.5948016047477722,0.6725207567214966,-0.0038037321064621,0.621599018573761,0.7076939344406128,-0.0242895372211933,0.626432478427887,0.7124998569488525,-0.0144494688138365,0.6096608638763428,0.713257908821106,-0.003642888739705,0.5912601947784424,0.7123059034347534,0.0020224230829626,0.11707353685976092,0.052468204249998825
2.0,0.4870597720146179,0.6789093613624573,-3.1891167395770026e-07,0.5059722065925598,0.5905110836029053,-0.003220185637474,0.526538610458374,0.5199145078659058,-0.0161575935781002,0.5387741327285767,0.4577834010124206,-0.0296362470835447,0.5383232831954956,0.4062662720680237,-0.0406727381050586,0.6107931733131409,0.5415499806404114,-0.019404299557209,0.6486679911613464,0.5673137307167053,-0.0221445634961128,0.6319590210914612,0.5860673785209656,-0.0218463037163019,0.6096538305282593,0.5843750238418579,-0.022522123530507,0.6223171949386597,0.5945610404014587,-0.02509181573987,0.6429720520973206,0.621139407157898,-0.0187661200761795,0.6226205229759216,0.6339508891105652,-0.0143561130389571,0.5996686816215515,0.630563497543335,-0.0166118424385786,0.6226285696029663,0.6498650312423706,-0.0294481702148914,0.6366785764694214,0.6702431440353394,-0.0211052317172288,0.6181701421737671,0.6782784461975098,-0.0118527989834547,0.5955260992050171,0.6742451786994934,-0.0117623880505561,0.6165186762809753,0.701461136341095,-0.0345917753875255,0.6259142756462097,0.7184205055236816,-0.0273424014449119,0.6067043542861938,0.7194534540176392,-0.0164936892688274,0.5874508619308472,0.7128438353538513,-0.0107658132910728,0.11685800067889969,0.05268796801968221
2.0,0.4571197032928467,0.6711941957473755,-2.949113024897088e-07,0.478886067867279,0.5874175429344177,-0.0054891719482839,0.5061951875686646,0.5089539885520935,-0.0208149719983339,0.5177369713783264,0.4408532977104187,-0.03650414198637,0.5169953107833862,0.3840853571891784,-0.0491094775497913,0.569328248500824,0.5165754556655884,-0.0280839651823043,0.6330904960632324,0.5469621419906616,-0.0413589552044868,0.6127381920814514,0.5686410069465637,-0.0463815554976463,0.5853536128997803,0.563330888748169,-0.0496377199888229,0.5734790563583374,0.5676354169845581,-0.0363352075219154,0.6253770589828491,0.601030707359314,-0.039015170186758,0.6020194292068481,0.6172093749046326,-0.0348338112235069,0.5759032368659973,0.6100219488143921,-0.0363232493400573,0.5732311010360718,0.6256126761436462,-0.04420131072402,0.6203811168670654,0.651448667049408,-0.044867143034935,0.5972936153411865,0.6635491251945496,-0.0315150581300258,0.570453941822052,0.6592921018600464,-0.0271100774407386,0.5697689056396484,0.6827648878097534,-0.0527407303452491,0.6040459275245667,0.6958026885986328,-0.0518316775560379,0.5811363458633423,0.7032968997955322,-0.0382888093590736,0.559131920337677,0.701995313167572,-0.0300051234662532,0.1284888975915904,0.05815534039215673
2.0,0.4202629625797272,0.6736690998077393,-2.794612043999223e-07,0.4445817172527313,0.5879679918289185,-0.0085895983502268,0.4781278371810913,0.4946737885475158,-0.0269875917583704,0.4909559190273285,0.4198213219642639,-0.0451501682400703,0.4867003560066223,0.3581063747406006,-0.0595074668526649,0.515772819519043,0.5057228207588196,-0.0431734323501586,0.6016788482666016,0.5345328450202942,-0.0651367753744125,0.5807438492774963,0.5568204522132874,-0.0723888501524925,0.5510234236717224,0.5520391464233398,-0.0758343189954757,0.5148309469223022,0.5615925788879395,-0.0519358068704605,0.596291184425354,0.5904494524002075,-0.0644420608878135,0.5736009478569031,0.605927586555481,-0.059890042990446,0.5439998507499695,0.5997024178504944,-0.0598408766090869,0.515036940574646,0.623778223991394,-0.0603281632065773,0.5906189680099487,0.6445873379707336,-0.068522959947586,0.568659782409668,0.6557905077934265,-0.0530430674552917,0.5394862294197083,0.6515897512435913,-0.0455883406102657,0.5174111723899841,0.6856601238250732,-0.0692486017942428,0.5795344114303589,0.6908563375473022,-0.0704486221075058,0.5596292018890381,0.6969578862190247,-0.0555709339678287,0.5337756276130676,0.6933150887489319,-0.046686977148056,0.1406473919739425,0.06350572061550017
2.0,0.3968484103679657,0.6708931922912598,-2.152139160216393e-07,0.4199615120887756,0.5827891230583191,-0.0102092418819665,0.4549888074398041,0.4872055947780609,-0.0297161508351564,0.4696246385574341,0.4086181819438934,-0.048348382115364,0.4651050567626953,0.3454002141952514,-0.0628585219383239,0.4869607388973236,0.4926955699920654,-0.0516602583229541,0.5802210569381714,0.5237500071525574,-0.0758943557739257,0.5616304874420166,0.5513243079185486,-0.0821501985192298,0.531056821346283,0.5491231679916382,-0.084976740181446,0.484799176454544,0.5489531755447388,-0.0615737475454807,0.5768203735351562,0.5817786455154419,-0.0785346925258636,0.5544185638427734,0.6021799445152283,-0.0738312676548957,0.5225079655647278,0.5946957468986511,-0.0731193944811821,0.4838230609893799,0.6138436794281006,-0.0707943141460418,0.5688307285308838,0.6388078927993774,-0.0836809277534484,0.5459391474723816,0.6544342041015625,-0.0681750327348709,0.5161412954330444,0.6477828621864319,-0.0602006278932094,0.4846987426280975,0.6779800653457642,-0.0804042518138885,0.5543359518051147,0.693294107913971,-0.0866450145840644,0.5370712876319885,0.705735445022583,-0.0735181346535682,0.5129966735839844,0.7034131288528442,-0.0654118135571479,0.1459778107279953,0.06501909122365152
2.0,0.3803457617759704,0.6781376004219055,-1.6435636496225925e-07,0.4048174917697906,0.5898949503898621,-0.0119080543518066,0.4442299008369446,0.4899979531764984,-0.0315921828150749,0.4602377712726593,0.4087162911891937,-0.0503375083208084,0.4512214064598083,0.3460918962955475,-0.064712569117546,0.4635533988475799,0.4974971115589142,-0.0541073232889175,0.5611172914505005,0.5198798775672913,-0.0804879441857338,0.546013355255127,0.5527010560035706,-0.0878554731607437,0.5166763663291931,0.5538690686225891,-0.0910951569676399,0.4594588279724121,0.5522360801696777,-0.0630854591727256,0.5569974184036255,0.5780244469642639,-0.0823056250810623,0.5408019423484802,0.6052708029747009,-0.0777832716703414,0.5099332332611084,0.6037994623184204,-0.0764635950326919,0.4583020806312561,0.6171843409538269,-0.0715545043349266,0.5510680079460144,0.6354559063911438,-0.0883823409676551,0.5360188484191895,0.6608802080154419,-0.0743330940604209,0.5073673129081726,0.6627350449562073,-0.0655941292643547,0.4605425596237182,0.681718111038208,-0.0803342387080192,0.5416949987411499,0.6948055624961853,-0.0919295847415924,0.546253502368927,0.7127587199211121,-0.0831193327903747,0.5364395380020142,0.717930257320404,-0.0766179338097572,0.14783367122114954,0.06488260200657543
2.0,0.35740727186203,0.6781594157218933,-2.694938245895173e-07,0.3830042779445648,0.5935770869255066,-0.0146842580288648,0.4271205961704254,0.4910086393356323,-0.0343926027417182,0.4446167647838592,0.4088424444198608,-0.0522986873984336,0.4380671381950378,0.3412167727947235,-0.0658290013670921,0.4403298497200012,0.4945390224456787,-0.0602725520730018,0.5415512323379517,0.5157642364501953,-0.0895556360483169,0.5225522518157959,0.5506688952445984,-0.0982221961021423,0.4910719096660614,0.5499733090400696,-0.1024739220738411,0.4344444870948791,0.5501387119293213,-0.0692593604326248,0.5376565456390381,0.5776553750038147,-0.089916281402111,0.5137529969215393,0.602810263633728,-0.0847469642758369,0.4808995723724365,0.5968888998031616,-0.083941176533699,0.4319284558296203,0.615954577922821,-0.078109823167324,0.5294303894042969,0.6383881568908691,-0.0943194478750228,0.5034634470939636,0.6558670997619629,-0.0785015150904655,0.47184818983078,0.6487099528312683,-0.0704835355281829,0.4334122538566589,0.6819028854370117,-0.0877260118722915,0.5132965445518494,0.6965363621711731,-0.0966623052954673,0.4920219779014587,0.7047414183616638,-0.0848214030265808,0.4613309502601623,0.6985385417938232,-0.0780170336365699,0.1534460075161275,0.06927624749720765
2.0,0.3059539794921875,0.6890236139297485,-4.404447793149302e-07,0.3467825353145599,0.5937936305999756,-0.0190831739455461,0.3943467140197754,0.475651353597641,-0.0395286604762077,0.4062941372394562,0.3888230323791504,-0.0586101002991199,0.3983226120471954,0.3134021759033203,-0.0728482156991958,0.3722190856933594,0.4731904864311218,-0.0697900280356407,0.4857739210128784,0.4949342906475067,-0.1122595518827438,0.461858332157135,0.5438230037689209,-0.1267393976449966,0.4265449941158294,0.5390599370002747,-0.1342630535364151,0.3556852042675018,0.5409536361694336,-0.0809964090585708,0.4834981560707092,0.5664822459220886,-0.1162545382976532,0.452599287033081,0.5996573567390442,-0.1120999976992607,0.4158653914928436,0.5908542275428772,-0.1112512424588203,0.3498466610908508,0.6135815978050232,-0.0938453376293182,0.4700210690498352,0.6371147036552429,-0.1220407783985138,0.4391882121562958,0.6586141586303711,-0.1054767817258834,0.4056593477725982,0.6462889313697815,-0.0960032418370246,0.3514796495437622,0.6833294630050659,-0.1081483289599418,0.4523859620094299,0.6938202977180481,-0.1206924095749855,0.4284180998802185,0.7037786245346069,-0.1089462488889694,0.3934395611286163,0.6948735117912292,-0.1033430397510528,0.16568281802246557,0.07716589101140793
2.0,0.2600262463092804,0.7312185764312744,-5.211949201111565e-07,0.3159840703010559,0.6193392276763916,-0.0212890859693288,0.3618593215942383,0.4941145777702331,-0.0433031544089317,0.375761479139328,0.4009711742401123,-0.0642502754926681,0.369616150856018,0.3123207688331604,-0.080253817141056,0.3187121748924255,0.4805229306221008,-0.0708488523960113,0.4449869990348816,0.5115146636962891,-0.1191933006048202,0.4210897088050842,0.5606997609138489,-0.1386264711618423,0.3805071711540222,0.5498814582824707,-0.1502730548381805,0.3002854585647583,0.554981529712677,-0.0839496329426765,0.4434142410755157,0.5817924737930298,-0.1234746947884559,0.4112089574337005,0.6219498515129089,-0.1208459138870239,0.3734675049781799,0.6122927665710449,-0.1227761656045913,0.2948532998561859,0.6342176198959351,-0.099648505449295,0.4319173097610473,0.6531477570533752,-0.1329903304576873,0.3995489478111267,0.684688150882721,-0.1144548133015632,0.3647671043872833,0.6773352026939392,-0.1042229682207107,0.2987474799156189,0.7103627324104309,-0.1176402568817138,0.4104906022548675,0.7154968976974487,-0.1347490400075912,0.3862158060073852,0.7294633388519287,-0.1234969720244407,0.3493446409702301,0.7254393100738525,-0.1185648813843727,0.1856731236457999,0.09029270614960137
2.0,0.2393185943365097,0.8086016178131104,-5.070127144790604e-07,0.2859087586402893,0.6642913818359375,-0.0228063203394413,0.3212054967880249,0.51712965965271,-0.039201520383358,0.3345084190368652,0.4107494354248047,-0.0543254427611827,0.3354572057723999,0.3106596767902374,-0.0630477294325828,0.2556504905223846,0.4983254373073578,-0.0576118752360343,0.3928200602531433,0.5326437950134277,-0.0994463935494422,0.3728845119476318,0.5833344459533691,-0.1158897280693054,0.3309591710567474,0.5722841024398804,-0.1282511204481125,0.235150545835495,0.5781482458114624,-0.0689093545079231,0.3938809037208557,0.6197652816772461,-0.1094702929258346,0.3576411306858063,0.654437780380249,-0.11461091786623,0.3167319297790527,0.6418633460998535,-0.1236045062541961,0.229076087474823,0.6642987728118896,-0.0828360542654991,0.3787689805030823,0.7004669308662415,-0.117582306265831,0.3430663347244262,0.7320343255996704,-0.1072170957922935,0.3073694109916687,0.721230149269104,-0.1032090112566948,0.2329834699630737,0.7466330528259277,-0.1000453531742096,0.3577959537506103,0.7686810493469238,-0.1241583228111267,0.3336322903633117,0.7847111225128174,-0.123994380235672,0.2922496199607849,0.7778104543685913,-0.1258923262357711,0.2083305227714469,0.1004735699802368
2.0,0.2433173954486847,0.8605372905731201,-4.686953332111443e-07,0.2757256329059601,0.7117489576339722,-0.0230988655239343,0.2851317226886749,0.5400440096855164,-0.0363353230059146,0.2908943593502044,0.4110422134399414,-0.0483759529888629,0.287843644618988,0.2975629270076751,-0.0550970137119293,0.181893765926361,0.5019997954368591,-0.0492906421422958,0.3310035467147827,0.5280956029891968,-0.0899224355816841,0.3221388757228851,0.5850239992141724,-0.1087094694375991,0.2724029421806335,0.5836384892463684,-0.1233468353748321,0.1556006819009781,0.5890002846717834,-0.0595670267939567,0.329365462064743,0.620972216129303,-0.0980516821146011,0.3067728579044342,0.668080747127533,-0.1040171161293983,0.2595215141773224,0.6670185923576355,-0.113501951098442,0.1500545740127563,0.6893635392189026,-0.0733329504728317,0.3102347254753113,0.7178911566734314,-0.1098456680774688,0.2928449511528015,0.7563884854316711,-0.10213253647089,0.2514351606369018,0.7524333000183105,-0.0987051427364349,0.1573346555233001,0.7860462069511414,-0.0904938727617263,0.2890330255031585,0.7911065816879272,-0.1196309849619865,0.2824419140815735,0.8067023754119873,-0.123077280819416,0.2440313547849655,0.8102643489837646,-0.1251181662082672,0.2432209510205121,0.11371907477108115
2.0,0.2365821152925491,0.8539698719978333,-4.532516868493986e-07,0.2829835414886474,0.7018938064575195,-0.0445254258811473,0.2765437960624695,0.5412870049476624,-0.0771669745445251,0.2673971652984619,0.4150210916996002,-0.1041881069540977,0.2542629539966583,0.3001672327518463,-0.1255984455347061,0.1391077637672424,0.5185021758079529,-0.1198443323373794,0.2792026102542877,0.5467678308486938,-0.1857853382825851,0.2971503734588623,0.6084380745887756,-0.2070726007223129,0.2540586590766907,0.6119860410690308,-0.2205173820257187,0.1033011302351951,0.6186477541923523,-0.1298619508743286,0.2754375040531158,0.6437265276908875,-0.1917678117752075,0.2883218824863434,0.692833662033081,-0.1892204880714416,0.2438642531633377,0.6942646503448486,-0.1889135390520095,0.0997971668839454,0.7272179126739502,-0.1438656896352768,0.2583413124084472,0.747491180896759,-0.2023600786924362,0.2708524763584137,0.7757128477096558,-0.1801436245441436,0.227270632982254,0.7672476768493652,-0.1637506932020187,0.1107045412063598,0.8316612243652344,-0.1631216257810592,0.2352608740329742,0.8357420563697815,-0.2134786993265152,0.2527306973934173,0.840176522731781,-0.2144350409507751,0.2235682606697082,0.8344725966453552,-0.2104642987251281,0.24694288377921844,0.1175683589229996
2.0,0.2453132569789886,0.8119120001792908,-6.110780077506206e-07,0.2875266373157501,0.6874144673347473,-0.0516405254602432,0.2890703082084656,0.5437885522842407,-0.0819638669490814,0.2884526550769806,0.4240031242370605,-0.1065620705485344,0.2754687964916229,0.3145049810409546,-0.1264169812202453,0.1552285701036453,0.5516922473907471,-0.1021347045898437,0.3091405928134918,0.5892994403839111,-0.1485437005758285,0.3186856508255005,0.6401045322418213,-0.1636422723531723,0.2756552696228027,0.6464225053787231,-0.1765204519033432,0.1191923916339874,0.6596121788024902,-0.1043821424245834,0.3149464130401611,0.6998410224914551,-0.142621710896492,0.3146016299724579,0.7339298725128174,-0.13837231695652,0.2597026526927948,0.7265992164611816,-0.1428007185459137,0.1176045462489128,0.76996248960495,-0.1105977296829223,0.2950617671012878,0.8001030087471008,-0.1438625454902649,0.2942231297492981,0.8186787366867065,-0.1191237643361091,0.2428465187549591,0.8097802400588989,-0.1079345345497131,0.130043089389801,0.8775724768638611,-0.1247016936540603,0.2640889585018158,0.8919169306755066,-0.1581905782222747,0.2725273370742798,0.8913940191268921,-0.1547825038433075,0.2362781167030334,0.8895741701126099,-0.1520349234342575,0.23394879040393357,0.11203857114824832
2.0,0.2956193387508392,0.7842679619789124,-4.94776941195596e-07,0.3385699391365051,0.6659556031227112,-0.0535007081925869,0.3420034348964691,0.5284938812255859,-0.0821955949068069,0.3366978168487549,0.4136317372322082,-0.1043707132339477,0.3207976818084717,0.3006845116615295,-0.1227502897381782,0.2271349728107452,0.5358973741531372,-0.0995893776416778,0.390302300453186,0.5833749771118164,-0.1455995589494705,0.3828479945659637,0.6249961256980896,-0.1653788387775421,0.3337204158306122,0.6235311031341553,-0.1828023493289947,0.1947509050369262,0.6450466513633728,-0.1005752682685852,0.3963453769683838,0.6898504495620728,-0.1380611807107925,0.3781045377254486,0.7158780694007874,-0.1406674832105636,0.3189904689788818,0.705716073513031,-0.1521899849176406,0.1911613047122955,0.7558320164680481,-0.105621688067913,0.3725835680961609,0.7924689054489136,-0.1415170431137085,0.3614206910133362,0.8051060438156128,-0.126172736287117,0.308655321598053,0.7866277694702148,-0.1218031793832779,0.1996620297431945,0.8620272874832153,-0.118226483464241,0.3418043851852417,0.880046010017395,-0.1535229980945587,0.3434292674064636,0.8795835375785828,-0.1554711759090423,0.3068415820598602,0.8765594959259033,-0.157769039273262,0.2323606595318313,0.11553224178075955
2.0,0.3415512442588806,0.7925371527671814,-6.624831598855963e-07,0.3792804479598999,0.6445450186729431,-0.0354817025363445,0.4035171568393707,0.4923946261405945,-0.0530111789703369,0.4100341200828552,0.3735792636871338,-0.0673055201768875,0.401166021823883,0.2628498375415802,-0.0767135620117187,0.3438082039356231,0.4919048249721527,-0.0593211129307746,0.5000768899917603,0.522426962852478,-0.1002855151891708,0.4801466464996338,0.5739684104919434,-0.1216844841837883,0.432476282119751,0.575618326663971,-0.1394884288311004,0.3214252293109894,0.5783390402793884,-0.0643965154886245,0.4958111345767975,0.6145139932632446,-0.0998856946825981,0.4583863914012909,0.6500012874603271,-0.1081029325723648,0.4107962548732757,0.6415975689888,-0.1224107444286346,0.3162737190723419,0.6689484119415283,-0.073613241314888,0.4844317436218261,0.7019786238670349,-0.1053223386406898,0.4472263157367706,0.7296823859214783,-0.1004244163632392,0.4015829563140869,0.7137331962585449,-0.1026874333620071,0.3254927396774292,0.7508377432823181,-0.0882788524031639,0.4620675146579742,0.7743042707443237,-0.1163309887051582,0.4368747174739837,0.7887461185455322,-0.1238069683313369,0.3911783397197723,0.7831953763961792,-0.1317924559116363,0.23077725358160323,0.11148165872653819
2.0,0.3363332450389862,0.735723078250885,-4.85108103021048e-07,0.393342524766922,0.6172652244567871,-0.0177455618977546,0.4471877515316009,0.4804324805736542,-0.041333295404911,0.4627594649791717,0.3758159875869751,-0.0645343288779258,0.4549394845962524,0.2847248613834381,-0.0829399973154068,0.428728848695755,0.4753547012805938,-0.0747806951403617,0.5606749057769775,0.5003445148468018,-0.1198645457625389,0.5419520139694214,0.5530745983123779,-0.1366928815841674,0.5024219155311584,0.5606416463851929,-0.145562931895256,0.4117513298988342,0.5569848418235779,-0.0888961777091026,0.5593386888504028,0.5899335145950317,-0.1240411773324012,0.5351129174232483,0.6280674338340759,-0.1218883693218231,0.4953857660293579,0.6293697953224182,-0.123874582350254,0.4052909314632416,0.6465620398521423,-0.10385462641716,0.5522136688232422,0.6708221435546875,-0.1358521282672882,0.5281007885932922,0.6966464519500732,-0.1210906207561492,0.4916780292987823,0.693405032157898,-0.1120098233222961,0.4082851111888885,0.7335781455039978,-0.1194734945893287,0.5320806503295898,0.7452687621116638,-0.1363740861415863,0.5192019939422607,0.7521988749504089,-0.1249589174985885,0.4862618744373321,0.745058000087738,-0.1184906810522079,0.20023156399148734,0.09326046320305528
2.0,0.4553961455821991,0.7157901525497437,-3.055734794088494e-07,0.4865092933177948,0.6109135150909424,-0.013289202004671,0.5264686346054077,0.4943151473999023,-0.0378445908427238,0.5425357222557068,0.3977088928222656,-0.0613149143755435,0.5399419665336609,0.3216542303562164,-0.0794753283262252,0.5752871036529541,0.5116711854934692,-0.0612856112420558,0.6850258111953735,0.5397639274597168,-0.0902611017227172,0.6587942838668823,0.5659255981445312,-0.0982408747076988,0.6204729080200195,0.5611040592193604,-0.1011481806635856,0.5774133205413818,0.5891163945198059,-0.0716868340969085,0.6844416260719299,0.6135877966880798,-0.0882036015391349,0.6520205140113831,0.6298434138298035,-0.0794685557484626,0.6115056872367859,0.6225267648696899,-0.0768378973007202,0.5768077373504639,0.6719526648521423,-0.0817379802465438,0.6788407564163208,0.6868041157722473,-0.0942502543330192,0.645345151424408,0.6984301209449768,-0.0715086236596107,0.6049174666404724,0.6939516067504883,-0.0590464323759079,0.5749840140342712,0.7528107166290283,-0.0925140157341957,0.6581242084503174,0.7578469514846802,-0.0968540385365486,0.6302011609077454,0.7642861604690552,-0.0769351348280906,0.5948053598403931,0.759224534034729,-0.0641645267605781,0.17811917710071448,0.07823579670732855
2.0,0.5216354727745056,0.7061215043067932,-3.5016518040720257e-07,0.54380202293396,0.5889830589294434,-0.0073620919138193,0.5681529641151428,0.4886776208877563,-0.0275189206004142,0.5795301198959351,0.4014589190483093,-0.0467521585524082,0.577363133430481,0.331280767917633,-0.0622088015079498,0.6497988104820251,0.5197127461433411,-0.0434177815914154,0.7263426780700684,0.5352312326431274,-0.0547134950757026,0.7059189677238464,0.5570188164710999,-0.0542849823832511,0.6751843690872192,0.5566080212593079,-0.053380187600851,0.6626551151275635,0.5911053419113159,-0.0499140620231628,0.7259101867675781,0.6012545824050903,-0.0484994687139987,0.7007285952568054,0.6165323853492737,-0.0383962988853454,0.6675090789794922,0.6188603043556213,-0.0372642539441585,0.6682833433151245,0.6655517816543579,-0.0545818209648132,0.7206592559814453,0.6679272055625916,-0.0491505116224288,0.6974142789840698,0.6790452003479004,-0.0305932499468326,0.6650694608688354,0.6841501593589783,-0.0249297283589839,0.6689441204071045,0.7361124753952026,-0.0597708374261856,0.7072292566299438,0.7276993989944458,-0.0534695535898208,0.6836352348327637,0.7342091798782349,-0.0347402617335319,0.6589489579200745,0.7397398948669434,-0.0238013938069343,0.16143724595363615,0.07189281283909124
2.0,0.532551646232605,0.6909853219985962,-4.235969015553565e-07,0.5513150095939636,0.579436182975769,-0.0072102309204638,0.5727035403251648,0.4841091334819793,-0.0264438670128583,0.5853855013847351,0.4005190134048462,-0.0454476997256279,0.588395357131958,0.3333699703216553,-0.0610487684607505,0.6649768352508545,0.5120247006416321,-0.0374050885438919,0.7283033132553101,0.5302250981330872,-0.0464593805372715,0.705558180809021,0.5524880290031433,-0.0466481558978557,0.6763707399368286,0.5514984130859375,-0.0471031107008457,0.6766326427459717,0.5805425047874451,-0.0442629195749759,0.7289488911628723,0.594532310962677,-0.0421582497656345,0.7011846899986267,0.6105916500091553,-0.0346557162702083,0.6699842214584351,0.6119751930236816,-0.0358150787651538,0.6792988181114197,0.6532537937164307,-0.0492277927696704,0.7282165288925171,0.6584888696670532,-0.0453559719026088,0.7014617919921875,0.6713772416114807,-0.0276348460465669,0.6694597601890564,0.6758695840835571,-0.0222560353577137,0.6757835149765015,0.723129153251648,-0.0547091141343116,0.7179670929908752,0.7197355628013611,-0.0506891719996929,0.6908588409423828,0.7253650426864624,-0.0319431126117706,0.6639923453330994,0.7284895181655884,-0.0206313263624906,0.15545426217762923,0.06900323589720514
2.0,0.443013846874237,0.7220321297645569,-3.4621487543518015e-07,0.479932963848114,0.6180742383003235,-0.01188491191715,0.5338087677955627,0.5006074905395508,-0.0364737212657928,0.5581501722335815,0.404818594455719,-0.060323167592287,0.5597211122512817,0.3238802850246429,-0.0789657682180404,0.5617870092391968,0.5098686218261719,-0.0682715252041816,0.6830309629440308,0.5435891151428223,-0.102130003273487,0.6569888591766357,0.5763254761695862,-0.1119787842035293,0.6182612776756287,0.5689003467559814,-0.1158583015203476,0.5568059086799622,0.5835565328598022,-0.0812201723456382,0.6801711916923523,0.6160497665405273,-0.1036495789885521,0.6480202078819275,0.638085126876831,-0.0959387794137001,0.6054961085319519,0.628694474697113,-0.093124620616436,0.5527944564819336,0.6673469543457031,-0.0934062749147415,0.6682703495025635,0.691143810749054,-0.1094119325280189,0.635139524936676,0.7054495811462402,-0.0871938690543174,0.5936858654022217,0.6978793144226074,-0.0749274045228958,0.5520460605621338,0.7529048919677734,-0.1061095222830772,0.6474854350090027,0.7637690305709839,-0.1130831912159919,0.6205431222915649,0.767939567565918,-0.0949175804853439,0.582130491733551,0.7587531805038452,-0.0835333913564682,0.1836015490634334,0.08307240422782511
2.0,0.3441593050956726,0.7278835773468018,-3.315792298508313e-07,0.3970165252685547,0.616680920124054,-0.0137801598757505,0.4654069542884826,0.4937249422073364,-0.0409907735884189,0.4938940107822418,0.3972415626049042,-0.0671523064374923,0.4913330078125,0.31125009059906,-0.089734748005867,0.4412878751754761,0.4799849092960357,-0.089643508195877,0.5740571022033691,0.5251308083534241,-0.1328985840082168,0.5542158484458923,0.5710920095443726,-0.1478264033794403,0.5142861604690552,0.568442165851593,-0.1556500643491745,0.4191253781318664,0.5622285604476929,-0.106412298977375,0.5681120157241821,0.6066497564315796,-0.1410444676876068,0.5444437861442566,0.6443501114845276,-0.1347333490848541,0.5020675659179688,0.6448003053665161,-0.1331987082958221,0.408040702342987,0.6567307710647583,-0.1219796165823936,0.5597952008247375,0.6879198551177979,-0.1500537395477295,0.5376607775688171,0.7140095233917236,-0.1292861253023147,0.4992138147354126,0.7125276923179626,-0.1169436499476432,0.4067839682102203,0.7504814267158508,-0.1376744359731674,0.531521201133728,0.7622132897377014,-0.15257029235363,0.5150585770606995,0.7672160267829895,-0.1370468288660049,0.4776661396026611,0.7610101699829102,-0.1278455704450607,0.1906441889038361,0.08894413224677593
2.0,0.2697084844112396,0.8026485443115234,-5.107785909785889e-07,0.3222326338291168,0.6615453958511353,-0.0282236095517873,0.3678314685821533,0.510119616985321,-0.0524179749190807,0.3898360133171081,0.3930616974830627,-0.0745540782809257,0.3883784115314483,0.2821010947227478,-0.0905216932296752,0.303716242313385,0.4881808161735534,-0.0833152160048484,0.4551682472229004,0.5193026065826416,-0.1356627196073532,0.4309689700603485,0.5841771364212036,-0.1551765352487564,0.3818911612033844,0.580825924873352,-0.1675539463758468,0.2780187129974365,0.5790138244628906,-0.096353530883789,0.4550755620002746,0.6208068132400513,-0.1425872445106506,0.4155558943748474,0.6691978573799133,-0.1441466957330703,0.3713279664516449,0.657095730304718,-0.1500797271728515,0.2688323855400085,0.6780456304550171,-0.1117915660142898,0.4372339844703674,0.7168665528297424,-0.1507335007190704,0.399543285369873,0.756410539150238,-0.1343304365873336,0.3602312207221985,0.7472195625305176,-0.126194342970848,0.2693569958209991,0.7731541395187378,-0.1306380778551101,0.4110639989376068,0.800265371799469,-0.1560831367969513,0.393131673336029,0.8171147108078003,-0.1496856808662414,0.3583451211452484,0.8104308843612671,-0.1471198350191116,0.2320916127490658,0.11211308886588348
2.0,0.2126645892858505,0.7703769207000732,-4.872363206231967e-07,0.2519307732582092,0.6428244113922119,-0.0394693613052368,0.2464811205863952,0.4968031048774719,-0.061481162905693,0.2451066672801971,0.3804943859577179,-0.0799445882439613,0.2383115887641906,0.2768522202968597,-0.0945664197206497,0.0936143770813942,0.5038831233978271,-0.0721319839358329,0.2216776311397552,0.553534746170044,-0.1116416379809379,0.2411246001720428,0.5903348326683044,-0.129937469959259,0.2105385363101959,0.5840128660202026,-0.1443044245243072,0.044994406402111,0.6116405725479126,-0.0760716274380683,0.2251613438129425,0.6725983619689941,-0.1054976433515548,0.2426410615444183,0.6813602447509766,-0.1068180799484252,0.2027499973773956,0.6609530448913574,-0.1148102730512619,0.0323149859905242,0.7247727513313293,-0.0838302969932556,0.20174440741539,0.771562397480011,-0.1115552559494972,0.2203468680381775,0.7686728239059448,-0.0967825055122375,0.1832465380430221,0.7435507774353027,-0.0916981175541877,0.0363822430372238,0.837482213973999,-0.0979202464222908,0.1663797795772552,0.86860591173172,-0.1242772564291954,0.1979042589664459,0.8543605208396912,-0.1219930946826934,0.1837281882762909,0.8315452337265015,-0.1198773086071014,0.22257530657397612,0.10488884378542908
2.0,0.3738017380237579,0.7293055057525635,-4.024282986847538e-07,0.4693971872329712,0.7264883518218994,-0.0519485250115394,0.5590818524360657,0.6685996055603027,-0.0785817876458168,0.625345766544342,0.6145076155662537,-0.0972486585378646,0.6859485507011414,0.5536787509918213,-0.1084116920828819,0.4962656795978546,0.513190507888794,-0.0872693583369255,0.5168102383613586,0.6913714408874512,-0.1242402493953704,0.5180919766426086,0.7144265174865723,-0.1341695487499237,0.5159854888916016,0.668586254119873,-0.1427213102579116,0.412190318107605,0.499236911535263,-0.0827322900295257,0.4432031214237213,0.7503094673156738,-0.1108369380235672,0.4527766406536102,0.7471611499786377,-0.1062515303492546,0.4481669664382934,0.6676041483879089,-0.1097760125994682,0.3395285308361053,0.5343641042709351,-0.0823397189378738,0.3720818758010864,0.7589218616485596,-0.1086815893650055,0.3828788995742798,0.7579989433288574,-0.0861351639032363,0.3806738555431366,0.6844844818115234,-0.0751212984323501,0.2719261348247528,0.5902041792869568,-0.0893970355391502,0.2984561920166015,0.764389157295227,-0.1185417771339416,0.3114499747753143,0.7734404802322388,-0.1155207678675651,0.3063135743141174,0.7273513078689575,-0.1114440262317657,0.17375783476481357,0.08658788327992215
2.0,0.402366578578949,0.7039693593978882,-4.0741042539593764e-07,0.4805288314819336,0.7379599809646606,-0.0522063411772251,0.575020968914032,0.7114362716674805,-0.0818556398153305,0.654691219329834,0.68454509973526,-0.1054225787520408,0.7206996083259583,0.6561179161071777,-0.121676355600357,0.5409834384918213,0.5341739654541016,-0.0830063298344612,0.5234301090240479,0.6834166646003723,-0.1289065033197403,0.5236748456954956,0.7195428013801575,-0.1459687799215316,0.5343598127365112,0.6830805540084839,-0.1563652902841568,0.4570247828960418,0.4874439835548401,-0.0793934762477874,0.4392756223678589,0.7316209077835083,-0.1137278154492378,0.4560641348361969,0.7411522269248962,-0.109107568860054,0.4652893841266632,0.667454719543457,-0.1091688722372055,0.3788837194442749,0.4987211227416992,-0.0818548053503036,0.3707355558872223,0.7233127355575562,-0.1113778948783874,0.386623203754425,0.7403284907341003,-0.0873209536075592,0.3947014212608337,0.6807043552398682,-0.072201631963253,0.3044504523277282,0.53397536277771,-0.0922036692500114,0.3033294379711151,0.7131817936897278,-0.1189028769731521,0.31780606508255,0.7358694672584534,-0.1143093109130859,0.3202409744262695,0.6988558173179626,-0.1077052056789398,0.16083555529931176,0.07368444509340644
2.0,0.3821227848529815,0.6852884292602539,-4.85879127154476e-07,0.468620091676712,0.7325053215026855,-0.05148446559906,0.5733681321144104,0.7286220788955688,-0.0853876918554306,0.6575391292572021,0.7253430485725403,-0.1140159219503402,0.7346439361572266,0.7175034284591675,-0.1370743811130523,0.5608626008033752,0.5040838122367859,-0.0742499157786369,0.5210199952125549,0.6442040205001831,-0.1208646222949028,0.5058191418647766,0.6914353370666504,-0.1445498764514923,0.5199276804924011,0.6600244045257568,-0.1604689061641693,0.489431768655777,0.4469716250896454,-0.072513610124588,0.4386141896247864,0.6419987678527832,-0.1060221269726753,0.4389628767967224,0.6851548552513123,-0.1063622534275055,0.4584034085273742,0.6395273208618164,-0.1098108515143394,0.4150522351264953,0.436014711856842,-0.0767134800553321,0.3697594404220581,0.617078423500061,-0.1052952408790588,0.3756105303764343,0.6634488701820374,-0.0885902568697929,0.3946326971054077,0.626084566116333,-0.0796699672937393,0.3421882390975952,0.4451776146888733,-0.088229551911354,0.3036673665046692,0.5858520269393921,-0.1074653193354606,0.3115016222000122,0.6299289464950562,-0.1005966141819953,0.3259203135967254,0.60985267162323,-0.0948674157261848,0.16972042659502617,0.08085977633886031
2.0,0.3901918232440948,0.6371353268623352,-4.358761316325399e-07,0.4676690101623535,0.7019991874694824,-0.0534643530845642,0.5728669166564941,0.7236484885215759,-0.0867477655410766,0.6558010578155518,0.7377094626426697,-0.1135627925395965,0.7291324138641357,0.7485325932502747,-0.1346798837184906,0.5815294981002808,0.4954826533794403,-0.0763363763689994,0.5251983404159546,0.6043268442153931,-0.1177276298403739,0.5062133073806763,0.6543134450912476,-0.1359423398971557,0.5244176983833313,0.6354210376739502,-0.1482394486665725,0.5234563946723938,0.4219626188278198,-0.0730586722493171,0.4527414739131927,0.572666585445404,-0.1048830151557922,0.4460059702396393,0.6292740702629089,-0.104588508605957,0.4705296158790588,0.600800633430481,-0.1074721738696098,0.4572528600692749,0.3905693888664245,-0.0748509317636489,0.3939111232757568,0.5262832045555115,-0.1040881872177124,0.3888407349586487,0.5877689719200134,-0.0875617191195488,0.4121553003787994,0.5688915252685547,-0.0787227600812912,0.388312429189682,0.3778378367424011,-0.0835066735744476,0.3352812528610229,0.4789847135543823,-0.1018255725502967,0.3319025635719299,0.5364840030670166,-0.091955155134201,0.3475520610809326,0.5355323553085327,-0.0844042748212814,0.16533484883312977,0.07707502498170986
2.0,0.4004627466201782,0.5784326791763306,-4.505291997247696e-07,0.4620958864688873,0.6617280840873718,-0.0561574660241603,0.560613214969635,0.7147093415260315,-0.0934059098362922,0.6396851539611816,0.7648546695709229,-0.1243095844984054,0.7097920179367065,0.8093481659889221,-0.1502609699964523,0.6109793782234192,0.4831081628799438,-0.0814732536673545,0.5414285659790039,0.5701995491981506,-0.1252442747354507,0.5106369853019714,0.6106711030006409,-0.1455996632575988,0.5295259952545166,0.5951018929481506,-0.1596371829509735,0.5683015584945679,0.3970076441764831,-0.0770639777183532,0.4761304259300232,0.5156601071357727,-0.1107849404215812,0.4538891911506653,0.5698902010917664,-0.1119172722101211,0.4796268343925476,0.5512136220932007,-0.1153539344668388,0.5110069513320923,0.346384048461914,-0.0773426815867424,0.4260798096656799,0.4557147622108459,-0.1081009805202484,0.4084675908088684,0.5160987973213196,-0.0932824909687042,0.4336406886577606,0.506684422492981,-0.0850749313831329,0.4485478103160858,0.3125159740447998,-0.0846696645021438,0.3799518346786499,0.3944569826126098,-0.1035218760371208,0.3683719038963318,0.4538652598857879,-0.0943196415901184,0.3871434330940246,0.4618478715419769,-0.0867279022932052,0.1855891166427105,0.0869949309399663
2.0,0.4028756022453308,0.5554115176200867,-4.1681144580252294e-07,0.4369131624698639,0.6523184776306152,-0.0658900290727615,0.5140741467475891,0.7338653802871704,-0.1065679863095283,0.574657142162323,0.8169524669647217,-0.1386598199605941,0.6273764967918396,0.8882757425308228,-0.1624782979488372,0.6140716075897217,0.5155702829360962,-0.0931496396660804,0.5076190233230591,0.5615487098693848,-0.1450076699256897,0.4739207625389099,0.5917232632637024,-0.1649067103862762,0.5053836703300476,0.5814042687416077,-0.1767134815454483,0.5917450189590454,0.4192561507225036,-0.0858084186911583,0.4587713479995727,0.4827237427234649,-0.1320589631795883,0.4307776987552643,0.5357061624526978,-0.1309668719768524,0.4639973640441894,0.5315465331077576,-0.1287360042333603,0.5502270460128784,0.3516288995742798,-0.0844674259424209,0.4310834407806396,0.4067963063716888,-0.1283377707004547,0.4040352702140808,0.4704716801643371,-0.1094929128885269,0.4353241622447967,0.4760901033878326,-0.0935873612761497,0.4994566440582275,0.2983183264732361,-0.0908543094992637,0.4106755256652832,0.334912896156311,-0.1203956604003906,0.3891494572162628,0.3923825621604919,-0.1113173738121986,0.4133140444755554,0.4121767282485962,-0.0998360365629196,0.19951427377852055,0.09183496002997521
2.0,0.388344407081604,0.5211727619171143,-4.598399243604945e-07,0.4170500040054321,0.6241862773895264,-0.0666953176259994,0.4924204349517822,0.7173449397087097,-0.1063756495714187,0.5505480766296387,0.8055071830749512,-0.1363654732704162,0.5968567728996277,0.8862132430076599,-0.1576893180608749,0.6070346236228943,0.5198500752449036,-0.0964920446276664,0.4984948337078094,0.542999267578125,-0.1484553068876266,0.4578317999839782,0.5708189010620117,-0.1674547046422958,0.4910275340080261,0.5684787631034851,-0.1790004670619964,0.5960738658905029,0.4205129146575928,-0.0891494899988174,0.4642990529537201,0.4576544165611267,-0.1354836225509643,0.4252107143402099,0.5084788799285889,-0.132385566830635,0.4584015011787414,0.5130225419998169,-0.1287494152784347,0.5640139579772949,0.3466860055923462,-0.0879090130329132,0.4430491626262665,0.3779895305633545,-0.1308692693710327,0.4073512256145477,0.43833789229393,-0.1106647402048111,0.4391109645366668,0.4532926082611084,-0.0945344865322113,0.5225127339363098,0.2870108783245086,-0.0946792885661125,0.4258127212524414,0.3086590468883514,-0.1229345127940177,0.3957502543926239,0.362292468547821,-0.1140037253499031,0.4168945252895355,0.3854559063911438,-0.1035674735903739,0.20507692487666335,0.09546030492689432
2.0,0.3904865086078644,0.5536442995071411,-4.894656626674987e-07,0.4360407590866089,0.6394356489181519,-0.0590171925723552,0.5190762281417847,0.7122232913970947,-0.0956825017929077,0.5867841243743896,0.7841457724571228,-0.124868020415306,0.64247727394104,0.8360673189163208,-0.1466098725795745,0.5982494950294495,0.4848890602588653,-0.0828256458044052,0.5001817345619202,0.5464116930961609,-0.131037101149559,0.4636064171791076,0.5856360197067261,-0.1526369154453277,0.4913528859615326,0.5756707191467285,-0.1665593087673187,0.5675095319747925,0.3930363655090332,-0.0784471184015274,0.4528118371963501,0.4678571224212646,-0.1189636141061782,0.4197813272476196,0.5269502401351929,-0.1190041080117225,0.4485000967979431,0.5231322646141052,-0.119880236685276,0.5218578577041626,0.3327787518501282,-0.0793523490428924,0.4227338135242462,0.391561210155487,-0.1178397536277771,0.3914567232131958,0.4618951678276062,-0.0984585806727409,0.4196461737155914,0.4711626768112182,-0.0845493674278259,0.4682691991329193,0.287101149559021,-0.0874473229050636,0.3929497599601745,0.32123664021492,-0.1123063489794731,0.3702320456504822,0.3825246691703796,-0.0999838709831237,0.3905901312828064,0.4057075381278991,-0.0881507098674774,0.18209546494016646,0.07918511243220441
2.0,0.4055910110473633,0.5696369409561157,-4.541109035471891e-07,0.4727311730384826,0.6388846635818481,-0.0522434972226619,0.5733938217163086,0.6709634065628052,-0.0855281800031662,0.653047502040863,0.6957176923751831,-0.1121339052915573,0.7250666618347168,0.7254149913787842,-0.1335020512342453,0.6017251014709473,0.4535591006278991,-0.0812184885144233,0.5328975915908813,0.5546598434448242,-0.1245713531970977,0.5072543025016785,0.6009613871574402,-0.1434283852577209,0.5238182544708252,0.5829378962516785,-0.1560637503862381,0.5493667721748352,0.373174250125885,-0.0783387795090675,0.4672496318817138,0.5082254409790039,-0.1103447675704956,0.4519872665405273,0.5649706125259399,-0.1092020198702812,0.4754983186721802,0.5424752235412598,-0.1119699701666832,0.485757052898407,0.3320538401603699,-0.0800669342279434,0.4132689535617828,0.4551704823970794,-0.1103046759963035,0.4024316668510437,0.5187991857528687,-0.0940965339541435,0.426567018032074,0.5078861713409424,-0.0854292884469032,0.4185278713703155,0.3089151978492737,-0.0883270129561424,0.3610422611236572,0.4033176004886627,-0.1080058142542839,0.3559487462043762,0.4629523754119873,-0.0994733050465583,0.3746097087860107,0.4670994281768799,-0.092950627207756,0.16814017318729077,0.08077924613754416
2.0,0.4198339581489563,0.6018044352531433,-5.08431185153313e-07,0.4989937543869018,0.6558552384376526,-0.0509198606014251,0.5977713465690613,0.6621720790863037,-0.0824160203337669,0.6783227920532227,0.6720566749572754,-0.1085285097360611,0.7504019737243652,0.677594780921936,-0.1295055001974105,0.600422739982605,0.4572647511959076,-0.0843675956130027,0.5517598986625671,0.5920230150222778,-0.130477100610733,0.5336896181106567,0.6382182836532593,-0.1495734602212906,0.5441278219223022,0.6133873462677002,-0.1619963198900222,0.5338611006736755,0.3932587504386902,-0.0831410810351371,0.4755589067935943,0.5825780034065247,-0.1176790073513984,0.4709962606430053,0.6205400228500366,-0.1169074177742004,0.4875452816486358,0.5770578384399414,-0.120709054172039,0.4619657397270202,0.373909592628479,-0.0869684740900993,0.4120744466781616,0.5456128716468811,-0.116974301636219,0.4148524403572082,0.5859133005142212,-0.0996271148324012,0.4338344633579254,0.5496426820755005,-0.0909671112895011,0.3886198401451111,0.375768631696701,-0.0978735536336898,0.3538515567779541,0.5059787034988403,-0.1216517239809036,0.3593197166919708,0.5467754602432251,-0.1160432249307632,0.371851772069931,0.528368353843689,-0.1112542673945427,0.16047238762965024,0.07527358884012991
2.0,0.4100283682346344,0.6504538655281067,-4.419983383741055e-07,0.4947325587272644,0.6635677218437195,-0.045855026692152,0.5907433032989502,0.6351295709609985,-0.0703597068786621,0.6686424612998962,0.6060379147529602,-0.0884377211332321,0.735937774181366,0.5735225677490234,-0.099977858364582,0.5541681051254272,0.4717349410057068,-0.082728587090969,0.5595319271087646,0.6549437046051025,-0.118271879851818,0.5411779284477234,0.6648175120353699,-0.1292179673910141,0.5363800525665283,0.6115082502365112,-0.1396252363920211,0.4764707386493683,0.4432109892368316,-0.0811706036329269,0.4772000014781952,0.6959121823310852,-0.1075816825032234,0.4749849140644073,0.6797569394111633,-0.1031212657690048,0.4752901196479797,0.5999892950057983,-0.1074349805712699,0.403336763381958,0.4617995619773865,-0.0830759555101394,0.4084921479225158,0.6907144784927368,-0.1065347343683242,0.4068235158920288,0.680072009563446,-0.0856882035732269,0.405692458152771,0.6059255003929138,-0.0766530409455299,0.3327683806419372,0.4998990297317505,-0.0921699628233909,0.3388730883598327,0.6817910075187683,-0.1192806437611579,0.3449952304363251,0.6853630542755127,-0.1184122785925865,0.3429378271102905,0.6359212398529053,-0.1165188178420066,0.16048081541738218,0.0756246103720192
2.0,0.3757815062999725,0.7660830020904541,-3.091537905675068e-07,0.4593437612056732,0.6826614141464233,-0.0422609038650989,0.5378918051719666,0.5543065071105957,-0.0643749982118606,0.5976251363754272,0.4554827213287353,-0.0820994526147842,0.6433765292167664,0.3629389405250549,-0.096193604171276,0.4553030431270599,0.4703768491744995,-0.0787015110254287,0.5659481883049011,0.6185593605041504,-0.1266413182020187,0.5414584279060364,0.6503039002418518,-0.1521282345056533,0.5011757016181946,0.6122761964797974,-0.1715871542692184,0.3847032785415649,0.5285962820053101,-0.0830165445804596,0.5163170099258423,0.7105289697647095,-0.1203434467315673,0.4827719032764435,0.715787410736084,-0.1254337579011917,0.4439156949520111,0.6661354899406433,-0.1367248743772506,0.3322378396987915,0.6140139102935791,-0.0920475646853447,0.4550157487392425,0.7767260074615479,-0.1263227015733719,0.4269647896289825,0.7730624675750732,-0.1142139807343483,0.394658088684082,0.7206171751022339,-0.1100347191095352,0.2914058566093445,0.7047174572944641,-0.1071601659059524,0.3984669744968414,0.8248365521430969,-0.1381227225065231,0.3877126276493072,0.8154880404472351,-0.1400238424539566,0.357465535402298,0.7776890993118286,-0.1414418518543243,0.22081892181803514,0.1041930248167292
2.0,0.3686807155609131,0.8530202507972717,-5.567913490267529e-07,0.4309646487236023,0.7226011753082275,-0.0314210914075374,0.4915107786655426,0.564714789390564,-0.0492493063211441,0.5344902276992798,0.4382674694061279,-0.0635672137141227,0.5599243640899658,0.3252696394920349,-0.0738986656069755,0.4084908664226532,0.4999305605888366,-0.0762565433979034,0.5543080568313599,0.5918856859207153,-0.1202123910188674,0.5347714424133301,0.6385721564292908,-0.1388122141361236,0.4874863028526306,0.6161845326423645,-0.1530591994524002,0.3576666414737701,0.5801705718040466,-0.084584929049015,0.5273951292037964,0.6975406408309937,-0.1207220628857612,0.4944300055503845,0.7287635803222656,-0.1231682822108268,0.446237713098526,0.6983975768089294,-0.1329540461301803,0.3253803253173828,0.6797158718109131,-0.0956055372953414,0.4832101464271545,0.785601794719696,-0.1309108436107635,0.4548932909965515,0.805145263671875,-0.120055466890335,0.4107213020324707,0.7746332287788391,-0.1166594624519348,0.3046922385692596,0.7797772884368896,-0.1107834503054618,0.4314234256744385,0.8464055061340332,-0.1397346407175064,0.4226842522621155,0.8510323762893677,-0.1402448117733001,0.38614022731781,0.8343163728713989,-0.141285702586174,0.2502438598522567,0.11628475290186858
2.0,0.3720317184925079,0.8125522136688232,-6.103761052145273e-07,0.3324796259403229,0.6646774411201477,-0.0423394069075584,0.2718111574649811,0.5242806077003479,-0.0712720453739166,0.2149096131324768,0.4219250977039337,-0.0965949296951294,0.1424304097890854,0.3459336459636688,-0.1157946959137916,0.2136401981115341,0.6025703549385071,-0.0921672880649566,0.3647552132606506,0.4663681387901306,-0.1458206921815872,0.3819175958633423,0.5223290920257568,-0.1603389531373977,0.3399136662483215,0.5640457272529602,-0.1694997251033783,0.2476145029067993,0.691615879535675,-0.099809244275093,0.4140975177288055,0.5326877236366272,-0.1465904712677002,0.4117909371852875,0.6021219491958618,-0.1394485682249069,0.3649442493915558,0.642756462097168,-0.1393947303295135,0.293997973203659,0.765123724937439,-0.1123131588101387,0.4513247609138489,0.6164670586585999,-0.1521357893943786,0.4418164491653442,0.6723964214324951,-0.1313747763633728,0.3954684734344482,0.7048547863960266,-0.1210895925760269,0.3450673520565033,0.819206714630127,-0.1309773921966552,0.4749797880649566,0.7066496014595032,-0.1628637313842773,0.4689581990242004,0.7333695292472839,-0.1639424264430999,0.4284640550613403,0.7703701257705688,-0.1664765179157257,0.22478719501113512,0.10675470330499248
2.0,0.3226305544376373,0.8508406281471252,-5.967166316622752e-07,0.36775803565979,0.6828689575195312,-0.0240471623837947,0.3730629980564117,0.5089324116706848,-0.0416800118982791,0.3711524903774261,0.3781284689903259,-0.0590935871005058,0.3586361408233642,0.2576484978199005,-0.0714467540383338,0.2560645043849945,0.4647499322891235,-0.0625340566039085,0.4203509092330932,0.4704474508762359,-0.1123421937227249,0.4229076504707336,0.5445771217346191,-0.1334097683429718,0.3723475933074951,0.5592581033706665,-0.1485534161329269,0.2303006649017334,0.5585706830024719,-0.0767280310392379,0.4234587252140045,0.5674133896827698,-0.1250442415475845,0.4103689789772033,0.6328326463699341,-0.1319030076265335,0.3614989221096039,0.6399877071380615,-0.1400952637195587,0.2307749539613723,0.6661774516105652,-0.0939861387014389,0.4086293876171112,0.6728469133377075,-0.1394737362861633,0.3977149128913879,0.7243967056274414,-0.130121961236,0.3559926450252533,0.7279341220855713,-0.1239570453763008,0.2439562082290649,0.7694737911224365,-0.1145046576857566,0.3885382711887359,0.7642815709114075,-0.1514555960893631,0.3858150839805603,0.7850679755210876,-0.1554196625947952,0.3484135270118713,0.7888289093971252,-0.156066432595253,0.25345176761550436,0.1217566556405844
2.0,0.2967101335525512,0.6821478009223938,-6.020961222930055e-07,0.3877411186695099,0.638703465461731,-0.048541460186243,0.4619593024253845,0.5471100211143494,-0.0808216482400894,0.5279979109764099,0.482777863740921,-0.10905472189188,0.5784582495689392,0.4166857600212097,-0.1321334987878799,0.3554870784282684,0.37165367603302,-0.066038928925991,0.4137164652347564,0.5376047492027283,-0.1177444234490394,0.4122680425643921,0.6002557277679443,-0.148894116282463,0.3978065848350525,0.5741908550262451,-0.1706192642450332,0.2723549008369446,0.3917891979217529,-0.0669562295079231,0.3418966829776764,0.5887036919593811,-0.1087504923343658,0.3537997007369995,0.6326682567596436,-0.116497628390789,0.3460245728492737,0.588939368724823,-0.1238735169172287,0.2062855958938598,0.4472066462039947,-0.0738629177212715,0.2718789279460907,0.6282621622085571,-0.1108255460858345,0.2950570583343506,0.6672393679618835,-0.0992865711450576,0.2903942167758941,0.6272105574607849,-0.092446282505989,0.1521852314472198,0.5184851288795471,-0.0879980325698852,0.198897436261177,0.6587098836898804,-0.115350142121315,0.2298114746809005,0.6975300312042236,-0.1119272261857986,0.2359307408332824,0.674333930015564,-0.1074006929993629,0.18225092201107515,0.08629624492401229
2.0,0.2895776629447937,0.5314180850982666,-3.899231728610175e-07,0.3569664657115936,0.5727248191833496,-0.068486250936985,0.4532383382320404,0.5686007738113403,-0.1114471331238746,0.5385735630989075,0.5828737616539001,-0.1456362903118133,0.6054919958114624,0.5926006436347961,-0.1718995422124862,0.4214503765106201,0.324617326259613,-0.093858353793621,0.3576972782611847,0.451361209154129,-0.1502890884876251,0.3472834229469299,0.5075689554214478,-0.1778254359960556,0.3701948523521423,0.4720346629619598,-0.1953681707382202,0.3550896048545837,0.263699471950531,-0.0853561088442802,0.2754604518413543,0.4203780889511108,-0.1306199133396148,0.2821306586265564,0.485689252614975,-0.1305694729089737,0.311039537191391,0.4487349987030029,-0.1304116547107696,0.2860381007194519,0.246470421552658,-0.0834489986300468,0.2161954939365387,0.3861199617385864,-0.1243763267993927,0.2267648875713348,0.4611393213272095,-0.1022980809211731,0.2556353211402893,0.4398617148399353,-0.0857467353343963,0.2176451086997985,0.2491393089294433,-0.0901283174753189,0.1604781746864318,0.3528042733669281,-0.1170234754681587,0.1747632622718811,0.4165546596050262,-0.1060305833816528,0.2057409882545471,0.4096321165561676,-0.0943270847201347,0.1655646815068708,0.07254272720385704
2.0,0.3353080153465271,0.4470758438110351,-1.8052953976166466e-07,0.3822141885757446,0.5113754868507385,-0.0825673416256904,0.4672209620475769,0.5519763231277466,-0.1395465284585952,0.5418184399604797,0.624685525894165,-0.1837058663368225,0.5968291759490967,0.6946948766708374,-0.216661050915718,0.4946543872356415,0.2975516617298126,-0.1300276815891266,0.3913528323173523,0.3711380660533905,-0.1937711536884308,0.3833502531051636,0.4329822361469269,-0.2189666181802749,0.4302719235420227,0.4159920811653137,-0.2356691509485244,0.4539991319179535,0.2125822901725769,-0.1190497353672981,0.3319623470306396,0.3052648901939392,-0.1703919023275375,0.3252494931221008,0.3851272761821747,-0.165614977478981,0.3672934770584106,0.3650073409080505,-0.1630558371543884,0.3990872204303741,0.1663996875286102,-0.114783875644207,0.2929751873016357,0.2520133256912231,-0.1596314162015915,0.2854904532432556,0.3376502096652984,-0.1316214799880981,0.3235822319984436,0.3278357982635498,-0.1123023256659507,0.3412980437278747,0.1441235244274139,-0.1203163713216781,0.2548750638961792,0.2026035040616989,-0.1473103761672973,0.2519752383232116,0.2721059918403625,-0.132520854473114,0.2845989465713501,0.2792266607284546,-0.1197888478636741,0.2076379642790891,0.09493963587885484
2.0,0.3274140954017639,0.4530205130577087,-2.9974066251270415e-07,0.3405151665210724,0.5461120009422302,-0.0944647490978241,0.4124748408794403,0.6216912269592285,-0.1540686339139938,0.4907881021499634,0.6933098435401917,-0.1978015452623367,0.5618343949317932,0.7376878261566162,-0.2290745973587036,0.5057557821273804,0.3797387778759002,-0.1350828558206558,0.3816320300102234,0.432038277387619,-0.1962799280881881,0.366113930940628,0.4854929447174072,-0.2216762006282806,0.4108006656169891,0.4845155477523803,-0.2390928715467453,0.4878386855125427,0.2799110412597656,-0.1163099333643913,0.3407581448554992,0.3406001925468445,-0.1695207059383392,0.3282303810119629,0.4057689309120178,-0.1723636835813522,0.3722003996372223,0.4019199013710022,-0.1770930886268615,0.4477769434452057,0.2139098048210144,-0.1046053767204284,0.3180307149887085,0.2673244774341583,-0.1518927663564682,0.3017208576202392,0.3364253044128418,-0.131891444325447,0.3418436646461487,0.3364472091197967,-0.1198886632919311,0.3965157866477966,0.1646213382482528,-0.1030680537223815,0.2968865036964416,0.1940992325544357,-0.135987251996994,0.2829171419143677,0.2512595653533935,-0.1299788057804107,0.3149515092372894,0.2620706558227539,-0.1241995766758918,0.2034438054214143,0.08941467914479839
2.0,0.3274366855621338,0.398452490568161,-2.846350071195048e-07,0.3235424757003784,0.5224871039390564,-0.0802562236785888,0.3687259554862976,0.649660050868988,-0.1332426071166992,0.4097255170345306,0.7508373260498047,-0.1731554716825485,0.4505182802677154,0.8402186632156372,-0.2052203714847564,0.5246309041976929,0.4774598181247711,-0.1274062544107437,0.3990640938282013,0.4568277895450592,-0.1845083683729171,0.3752424120903015,0.4882785677909851,-0.2112340182065963,0.4152973890304565,0.5075090527534485,-0.2291390746831894,0.5321633219718933,0.362347811460495,-0.1141824498772621,0.3743323981761932,0.349985659122467,-0.159965232014656,0.3532281517982483,0.3992354273796081,-0.1658274382352829,0.3909206092357635,0.420336365699768,-0.1737228333950042,0.510518491268158,0.2701570689678192,-0.1054595038294792,0.3687283396720886,0.2628111243247986,-0.1425797194242477,0.345413327217102,0.3109385371208191,-0.1264573782682418,0.3811307549476623,0.3279217481613159,-0.1186723634600639,0.472765177488327,0.1896263062953949,-0.1060557588934898,0.3632064163684845,0.1867287158966064,-0.1302790939807891,0.34467613697052,0.2315788716077804,-0.1235943883657455,0.3753774762153625,0.2550383508205414,-0.1182973310351371,0.2195071016984485,0.10335003998584877
2.0,0.4003362357616424,0.6151024103164673,-3.650678195299406e-07,0.3319216966629028,0.5510612726211548,-0.0033251114655286,0.2626503109931946,0.4639385342597961,-0.0291404891759157,0.2046952843666076,0.4059650003910064,-0.0547886602580547,0.1517895013093948,0.3750086724758148,-0.075292631983757,0.2872965931892395,0.4083583056926727,-0.0823031887412071,0.3372708261013031,0.2475084513425827,-0.1148186549544334,0.35544353723526,0.2913269400596618,-0.1161581501364708,0.3444684445858001,0.34798064827919,-0.1127817556262016,0.337877094745636,0.432272732257843,-0.0988081991672515,0.3887615799903869,0.2679833173751831,-0.1213570535182952,0.40000119805336,0.3192200660705566,-0.104321613907814,0.3857397735118866,0.3771474957466125,-0.0951298177242279,0.3949138522148132,0.4558447897434234,-0.1125654280185699,0.4346184432506561,0.3007641732692718,-0.1251068860292434,0.4413093626499176,0.3509036600589752,-0.0910824164748191,0.4282441735267639,0.4057638049125671,-0.0721177533268928,0.4540712535381317,0.4789525270462036,-0.1262860000133514,0.4790275692939758,0.3445927202701568,-0.1291899979114532,0.4804157614707947,0.3849247694015503,-0.1025849059224128,0.4674114882946014,0.4345235228538513,-0.0860935673117637,0.14942777428048998,0.06463535391268571
2.0,0.387817233800888,0.6971491575241089,-1.8820500713445654e-07,0.3119186758995056,0.625342845916748,-0.0276692081242799,0.221359521150589,0.5471133589744568,-0.0718656033277511,0.1438826918601989,0.5394846796989441,-0.1112672835588455,0.0649026781320571,0.5485432147979736,-0.14534392952919,0.235342800617218,0.5964579582214355,-0.150552898645401,0.2508279681205749,0.3969225287437439,-0.2087029218673706,0.2845772206783294,0.4318466484546661,-0.2181022465229034,0.2833548486232757,0.4981633424758911,-0.2192131429910659,0.3036445677280426,0.634106457233429,-0.1663778722286224,0.3185493052005768,0.4003755748271942,-0.2229201346635818,0.341412752866745,0.4539540708065033,-0.2068311423063278,0.337652325630188,0.5298266410827637,-0.1960402429103851,0.3740414679050445,0.6478672623634338,-0.1802576184272766,0.378862053155899,0.4330267906188965,-0.2191776782274246,0.394660085439682,0.4853590428829193,-0.1793551743030548,0.3908059597015381,0.5525897741317749,-0.154550701379776,0.4388943314552307,0.6484702825546265,-0.1957037597894668,0.4373617470264435,0.4772274494171142,-0.214456245303154,0.4416203498840332,0.5135676264762878,-0.1878162324428558,0.4397130310535431,0.5777449011802673,-0.1721803098917007,0.1728578972345974,0.08649345308880904
2.0,0.3036757111549377,0.5150807499885559,-4.399207398364524e-07,0.3745533525943756,0.5405086278915405,-0.0587182380259037,0.4687845110893249,0.5351436138153076,-0.0971970111131668,0.5518288016319275,0.541178822517395,-0.125639721751213,0.6206930875778198,0.5290868878364563,-0.1480901837348938,0.3946705460548401,0.3369945585727691,-0.1068568751215934,0.35419762134552,0.4923925399780273,-0.146012857556343,0.352807879447937,0.530094563961029,-0.1581566482782364,0.3656001985073089,0.4970933794975281,-0.1667820215225219,0.3284177184104919,0.2982434630393982,-0.097336396574974,0.2796666026115417,0.4957295954227447,-0.1290117502212524,0.2914852499961853,0.5221898555755615,-0.1262790411710739,0.3095839321613312,0.4830838739871979,-0.1283704787492752,0.2680451869964599,0.2958245277404785,-0.0897815153002739,0.2252269238233566,0.4717571437358856,-0.118192009627819,0.2392088919878006,0.5059201717376709,-0.1002304404973983,0.2578952312469482,0.4709639251232147,-0.0903278961777687,0.2079297006130218,0.3124440610408783,-0.0894486457109451,0.171868160367012,0.4414589405059814,-0.1140799671411514,0.1873291134834289,0.4744313657283783,-0.1084270775318145,0.2077492177486419,0.4512251317501068,-0.1023753806948661,0.1603215972969603,0.07343383420771661
2.0,0.3100872337818146,0.5459179282188416,-4.131834998588602e-07,0.3700170218944549,0.5922800302505493,-0.0659481212496757,0.4590653777122497,0.6040517687797546,-0.108304776251316,0.535991370677948,0.6383857727050781,-0.1393769979476928,0.6009712219238281,0.6680660843849182,-0.1628867089748382,0.4054935872554779,0.3865408897399902,-0.1137745901942253,0.3340234160423279,0.5216132402420044,-0.1555658131837844,0.3339943289756775,0.5641849637031555,-0.1663943529129028,0.3544225096702575,0.5405006408691406,-0.1726930141448974,0.3506338000297546,0.3250632286071777,-0.1012583971023559,0.2645048499107361,0.5054921507835388,-0.1364876627922058,0.2801237404346466,0.5468026399612427,-0.1346580982208252,0.3083924055099487,0.5203040838241577,-0.1357623487710952,0.2944162487983703,0.302372395992279,-0.0909391194581985,0.2181209772825241,0.4601241052150726,-0.1211346536874771,0.2339241802692413,0.5068548321723938,-0.1043183133006095,0.2597984969615936,0.4818970561027527,-0.0940990149974823,0.2329978495836258,0.3021171689033508,-0.0882021486759185,0.1734434366226196,0.4139296412467956,-0.1102922335267067,0.1914270371198654,0.4552581310272217,-0.1029522866010665,0.2204083502292633,0.440729558467865,-0.0953545719385147,0.16496753802986017,0.07520643909885007
2.0,0.3004823625087738,0.5432386994361877,-3.9596639567207603e-07,0.3574748635292053,0.5846121907234192,-0.0654129013419151,0.4490013718605041,0.5892119407653809,-0.1086785718798637,0.5316483378410339,0.6195001006126404,-0.1404726356267929,0.5955435633659363,0.6391041278839111,-0.1648613959550857,0.3848714232444763,0.3738365173339844,-0.1161062270402908,0.3148126304149627,0.5161240696907043,-0.1597411334514618,0.3182340860366821,0.5575395822525024,-0.1735769808292389,0.3411133587360382,0.5302699208259583,-0.1822818964719772,0.3274549543857574,0.3162817358970642,-0.1036079078912735,0.2471630275249481,0.498842179775238,-0.139332965016365,0.2628779411315918,0.5363681316375732,-0.1399067044258117,0.2893291711807251,0.5049791932106018,-0.1436796188354492,0.270597904920578,0.2974402904510498,-0.0929543897509574,0.2005538493394851,0.4539138674736023,-0.1233702227473259,0.2174042314291,0.4989527463912964,-0.1081137061119079,0.2420040369033813,0.4692486524581909,-0.0998277440667152,0.2098601758480072,0.3023691475391388,-0.0896621420979499,0.1555648148059845,0.413863331079483,-0.1111028119921684,0.1741560399532318,0.4537572562694549,-0.1040790379047393,0.2016405016183853,0.4353850185871124,-0.0975594297051429,0.1646825854416688,0.07114583164516224
2.0,0.2828974425792694,0.6500500440597534,-4.786444378623855e-07,0.3276981115341186,0.6264918446540833,-0.0716483816504478,0.386266142129898,0.5379236340522766,-0.1184533238410949,0.4628071188926697,0.4587710499763489,-0.1531602442264557,0.5298871994018555,0.3905571699142456,-0.1774064004421234,0.2612760663032532,0.3962756693363189,-0.1052835658192634,0.2636080682277679,0.5988293290138245,-0.1594799309968948,0.2828343212604522,0.6424202919006348,-0.1850212961435318,0.2889710068702698,0.5917725563049316,-0.2023637145757675,0.1918445080518722,0.3921320140361786,-0.0930083692073822,0.194096177816391,0.6138787269592285,-0.1418039202690124,0.2199797183275222,0.6432852745056152,-0.1474916785955429,0.2213544845581054,0.5858898758888245,-0.1523985117673874,0.1377416253089904,0.4171352684497833,-0.0859304592013359,0.1433236449956894,0.6114188432693481,-0.1300574839115142,0.1769230216741562,0.6454595923423767,-0.1166533008217811,0.1806612610816955,0.5955784916877747,-0.1070396974682807,0.0934446603059768,0.4631623327732086,-0.0871253684163093,0.0902242213487625,0.6069415807723999,-0.1202606931328773,0.1197080165147781,0.6382943391799927,-0.1182814985513687,0.1303476691246032,0.6010633707046509,-0.1131111532449722,0.21405454464969248,0.09869522139131368
2.0,0.2906547784805298,0.7128244042396545,-4.794322876477963e-07,0.3346442878246307,0.6655022501945496,-0.0749743655323982,0.3760246634483337,0.541281521320343,-0.1204417049884796,0.4323016107082367,0.4230709671974182,-0.1533274948596954,0.4820848703384399,0.3250137269496918,-0.175936684012413,0.2040425390005111,0.4235833883285522,-0.0921777263283729,0.2455004006624221,0.6028908491134644,-0.1377887278795242,0.2673193216323852,0.6468302607536316,-0.1568642705678939,0.2646610140800476,0.6022700071334839,-0.1694390922784805,0.1345556080341339,0.4492972195148468,-0.077331431210041,0.1789257228374481,0.6360806226730347,-0.118493266403675,0.2051560282707214,0.6690791249275208,-0.1207716763019561,0.1965458840131759,0.6204700469970703,-0.1226084902882576,0.0883268415927887,0.49638831615448,-0.0684253647923469,0.1243665963411331,0.6521667242050171,-0.1091061607003212,0.1581204533576965,0.6853052377700806,-0.0937329679727554,0.1539609134197235,0.6391941905021667,-0.0817549750208854,0.0528435111045837,0.5578421950340271,-0.0676774680614471,0.0684390813112258,0.6693195104598999,-0.0971717536449432,0.0999275147914886,0.7013154625892639,-0.0902064070105552,0.1047531440854072,0.6707532405853271,-0.0804622173309326,0.24718458500558896,0.11227097015057777
2.0,0.4077425599098205,0.7429980039596558,-5.405948400039051e-07,0.4796518385410309,0.6455187201499939,-0.080085776746273,0.5237112641334534,0.5117778182029724,-0.1323433667421341,0.5770770907402039,0.4079187512397766,-0.1771306246519088,0.6156405806541443,0.3022038340568542,-0.2155212312936782,0.3753219246864319,0.4416700005531311,-0.1331853866577148,0.4938430786132812,0.5546779036521912,-0.2079438418149948,0.5272949934005737,0.6463663578033447,-0.2437099069356918,0.5104130506515503,0.6699986457824707,-0.2644498348236084,0.3015296459197998,0.5375089049339294,-0.1280010789632797,0.46546471118927,0.6682649850845337,-0.1885261684656143,0.4833593070507049,0.7148028612136841,-0.1975031793117523,0.4430978298187256,0.6979143619537354,-0.2083386331796646,0.259979784488678,0.6485164761543274,-0.1304834634065628,0.4177586138248443,0.755916178226471,-0.1797014623880386,0.4333746135234833,0.7805091142654419,-0.1625368595123291,0.3951893448829651,0.755052387714386,-0.15395288169384,0.234920471906662,0.7651361227035522,-0.1432881504297256,0.3531261682510376,0.8221362829208374,-0.1796777993440628,0.3893979489803314,0.8267803192138672,-0.1733042746782302,0.3855679631233215,0.81248939037323,-0.1678479313850402,0.24349704560465163,0.11889754054503314
2.0,0.3573645055294037,0.6822530031204224,-3.836468920326297e-07,0.4311844110488891,0.5922646522521973,-0.0728383138775825,0.462924063205719,0.4491940438747406,-0.1133907586336135,0.4842128753662109,0.3330702781677246,-0.1448434442281723,0.5031418204307556,0.2102595567703247,-0.1722601652145385,0.3336844146251678,0.3993064165115356,-0.1165910437703132,0.4531952738761902,0.5291935801506042,-0.1743201315402984,0.4651760458946228,0.5722728371620178,-0.2013450711965561,0.4296589493751526,0.5514692664146423,-0.2196884453296661,0.263853371143341,0.4828375577926636,-0.1087361350655555,0.4119434356689453,0.6275050640106201,-0.1523573547601699,0.42206472158432,0.6455291509628296,-0.1532418876886367,0.3785755038261413,0.609860897064209,-0.1608303189277649,0.2221547812223434,0.5831094980239868,-0.1075986102223396,0.3602743148803711,0.7006527185440063,-0.1489045321941375,0.3756101131439209,0.7092671394348145,-0.1292350590229034,0.3379526138305664,0.670341968536377,-0.1202923059463501,0.195813700556755,0.6892417669296265,-0.1157517954707145,0.3065237998962402,0.7607704401016235,-0.1516683548688888,0.3378706574440002,0.7703875303268433,-0.1472971588373184,0.3266974985599518,0.758584201335907,-0.1440363973379135,0.249344669394099,0.1272495769778846
2.0,0.3572002649307251,0.7258340716362,-4.934393018629635e-07,0.3820813596248626,0.5908547639846802,-0.0492433682084083,0.4053146243095398,0.4241693317890167,-0.077700637280941,0.4242902398109436,0.2982130050659179,-0.1022868230938911,0.4308950304985046,0.1917072832584381,-0.1242125630378723,0.360938161611557,0.4543878734111786,-0.0973425284028053,0.5120627880096436,0.5195806622505188,-0.1524313390254974,0.4975244402885437,0.5533751249313354,-0.1793078035116195,0.4470330774784088,0.543437659740448,-0.1988307535648346,0.3272538781166076,0.5591717958450317,-0.1033631935715675,0.5069772601127625,0.6298294067382812,-0.1466850489377975,0.4782896041870117,0.6469565629959106,-0.1471506804227829,0.41811004281044,0.6236619353294373,-0.1553666293621063,0.3099193572998047,0.6649854779243469,-0.1147352382540702,0.4736799001693725,0.7195836305618286,-0.1533396244049072,0.4514634311199188,0.7249756455421448,-0.1330883949995041,0.4008204638957977,0.6983000636100769,-0.1234695687890052,0.3007800579071045,0.7621443271636963,-0.1338122934103012,0.434587687253952,0.7903982996940613,-0.1667573750019073,0.4241988360881805,0.786046028137207,-0.1629792749881744,0.3816433250904083,0.7765911221504211,-0.1610939055681228,0.23844563410858208,0.10893957090905887
2.0,0.3153266310691833,0.7926112413406372,-6.904356837367231e-07,0.3338952362537384,0.6121048927307129,-0.0384695157408714,0.3460889160633087,0.433877170085907,-0.0634006783366203,0.3282360434532165,0.3072288632392883,-0.0858312994241714,0.295116126537323,0.2010866403579712,-0.1027255952358245,0.2988475561141968,0.490646630525589,-0.0787090361118316,0.4697929620742798,0.492525190114975,-0.1393661350011825,0.4436307251453399,0.5473423600196838,-0.1728352457284927,0.3862487375736236,0.5524605512619019,-0.1948882490396499,0.2875602841377258,0.6087366342544556,-0.0884920433163642,0.4803929030895233,0.5977168679237366,-0.1356672197580337,0.4331334233283996,0.6426461935043335,-0.1420061886310577,0.3795704543590545,0.6448590159416199,-0.1544626206159591,0.2920131385326385,0.7138290405273438,-0.1036699339747428,0.4714867174625397,0.6942248344421387,-0.1439256370067596,0.4254538416862488,0.728254497051239,-0.1321737766265869,0.3775360286235809,0.7286005020141602,-0.1285094767808914,0.3016398549079895,0.8044672012329102,-0.1237122416496276,0.4419508576393127,0.7849581241607666,-0.147153303027153,0.4115456342697143,0.7996381521224976,-0.1415809988975525,0.3663898110389709,0.8013763427734375,-0.1419657319784164,0.24152868378766673,0.11246562855234714
2.0,0.3243481516838074,0.8398021459579468,-7.760787639199407e-07,0.3073532581329345,0.6564461588859558,-0.0396898686885833,0.2822425067424774,0.4700128138065338,-0.0635949671268463,0.2357950210571289,0.3476285338401794,-0.0845853760838508,0.1767909228801727,0.2596513926982879,-0.0993245393037796,0.2569159269332886,0.5317166447639465,-0.07303287088871,0.4202645123004913,0.4639419913291931,-0.133516252040863,0.403887391090393,0.5312913656234741,-0.166061133146286,0.3498001396656036,0.5584624409675598,-0.1870587468147277,0.2729543149471283,0.6433156132698059,-0.0812680423259735,0.4528302550315857,0.55404132604599,-0.1306202858686447,0.4139024317264557,0.6187494993209839,-0.1379691660404205,0.3645617365837097,0.6443148255348206,-0.1491999179124832,0.2997971773147583,0.7388544082641602,-0.0953221321105957,0.4696477353572845,0.642916202545166,-0.1391495913267135,0.4318171441555023,0.6988116502761841,-0.1284713596105575,0.3895339071750641,0.7194863557815552,-0.1231393665075302,0.3316107988357544,0.8187000751495361,-0.1140012666583061,0.4705591201782226,0.7299506664276123,-0.1395758092403412,0.4432860910892486,0.762225329875946,-0.1344467103481292,0.4006478190422058,0.7863415479660034,-0.1336173862218856,0.23800959299510627,0.10695187655015635
2.0,0.307608425617218,0.9546577334403992,-7.203530003607739e-07,0.2686169147491455,0.786224365234375,-0.029938044026494,0.2349257469177246,0.5736346244812012,-0.0584332346916198,0.1801309436559677,0.4435234069824219,-0.0835734158754348,0.1077867895364761,0.3692566454410553,-0.101475141942501,0.2358650267124176,0.600294291973114,-0.0942848324775695,0.3827858865261078,0.4879918694496155,-0.1479536145925521,0.3695122003555298,0.5538749694824219,-0.1675163954496383,0.320140928030014,0.5983328223228455,-0.1777127087116241,0.2703946828842163,0.7007833123207092,-0.1054386645555496,0.4319088459014892,0.5734013319015503,-0.1446194052696228,0.3991727232933044,0.6359711289405823,-0.137651115655899,0.3492960929870605,0.6792604327201843,-0.1389757543802261,0.3169407248497009,0.7920660376548767,-0.1184557527303695,0.460548460483551,0.6630676984786987,-0.1475001275539398,0.4229642450809479,0.7145100831985474,-0.1236385405063629,0.3765812218189239,0.7497082948684692,-0.1124573126435279,0.3641921281814575,0.8686273097991943,-0.1340255141258239,0.4717226326465606,0.7453776597976685,-0.142146036028862,0.4410615563392639,0.7802895307540894,-0.1219446882605552,0.3978540003299713,0.817740797996521,-0.1131173521280288,0.24451437295242726,0.10521264325777221
2.0,0.3128223717212677,0.9767662286758424,-8.326618399223662e-07,0.2658874094486236,0.8062519431114197,-0.0305292662233114,0.2200666666030883,0.5883806347846985,-0.0568586960434913,0.1562007665634155,0.4540740549564361,-0.0801567658782005,0.0773667842149734,0.3891166150569916,-0.0958113297820091,0.2188621610403061,0.6191684603691101,-0.0815239325165748,0.3622019290924072,0.4912821054458618,-0.1341470927000045,0.3493610620498657,0.5623548030853271,-0.1545096337795257,0.3000012636184692,0.6065076589584351,-0.1658553928136825,0.2585247457027435,0.7176691293716431,-0.0922695621848106,0.4139304161071777,0.5674222111701965,-0.1310646533966064,0.3804162442684173,0.6379305720329285,-0.1245292276144027,0.3311813473701477,0.6848309636116028,-0.1261521279811859,0.3092223107814789,0.80303955078125,-0.1062123626470565,0.4474202990531921,0.6527990698814392,-0.136245384812355,0.4098030924797058,0.7117910981178284,-0.1140450313687324,0.3645432889461517,0.7509920597076416,-0.1037342697381973,0.3623918890953064,0.8720884323120117,-0.1229910552501678,0.4650597274303436,0.7326105237007141,-0.1311904639005661,0.4339675903320312,0.7742953300476074,-0.1123591512441635,0.3901638090610504,0.8180574178695679,-0.1046521291136741,0.24816670539537108,0.10334084933956589
2.0,0.370134025812149,0.5976160764694214,-4.830005195799458e-07,0.4546489715576172,0.592414915561676,-0.0625383034348487,0.5387714505195618,0.5309664011001587,-0.1008083298802375,0.6161414384841919,0.4884361326694488,-0.1301564276218414,0.6864110231399536,0.4343219101428985,-0.1564139127731323,0.4477903544902801,0.385552167892456,-0.1135936826467514,0.4608010947704315,0.5720919966697693,-0.1622198224067688,0.4672707021236419,0.6160038709640503,-0.1827591508626938,0.4718424081802368,0.5852659344673157,-0.1944429725408554,0.3614410161972046,0.3833902180194855,-0.1058373004198074,0.390916645526886,0.6094759702682495,-0.1386279314756393,0.4016972482204437,0.6324310302734375,-0.1339793354272842,0.4013872742652893,0.5904930233955383,-0.1354840546846389,0.29121994972229,0.4132243990898132,-0.1020547151565551,0.3229396641254425,0.6135377883911133,-0.1350219100713729,0.3396675288677215,0.6398375034332275,-0.1105733215808868,0.3459539413452148,0.6021943688392639,-0.0946284756064415,0.2281477004289627,0.4595479667186737,-0.1064824983477592,0.2426145523786544,0.5881615877151489,-0.1372300386428833,0.2613944411277771,0.6332125067710876,-0.1245838776230812,0.2718564867973327,0.6340650916099548,-0.1111180856823921,0.18501238305794154,0.09249658984966164
2.0,0.3533619344234466,0.5821877717971802,-3.7134486774448316e-07,0.4375892877578735,0.5917978882789612,-0.065560758113861,0.5276052355766296,0.5421918630599976,-0.1063805744051933,0.6076636910438538,0.5044661164283752,-0.1367559880018234,0.6809554100036621,0.4539932012557983,-0.1631732136011123,0.4320459067821502,0.3940714001655578,-0.1239780932664871,0.4352035820484161,0.5855447053909302,-0.1725574135780334,0.4439865946769714,0.6113632917404175,-0.1908635646104812,0.4507203698158264,0.5711341500282288,-0.2014694958925247,0.3447805047035217,0.3783371746540069,-0.1146508753299713,0.3635132610797882,0.6177800297737122,-0.1467275768518448,0.3787195086479187,0.621317982673645,-0.1383462995290756,0.3828676640987396,0.5703207850456238,-0.1370394080877304,0.2754398882389068,0.3985806107521057,-0.1089703366160392,0.2955045700073242,0.6149146556854248,-0.1394670754671096,0.3135454356670379,0.6257898807525635,-0.1091610416769981,0.3230190575122833,0.5781016945838928,-0.0892513915896415,0.2134985029697418,0.4375390112400055,-0.1123682558536529,0.2203876972198486,0.5834757089614868,-0.1428552567958831,0.2385452836751938,0.6183823943138123,-0.1291044354438781,0.2515269517898559,0.6092454791069031,-0.114295057952404,0.1857974268058916,0.09282812635438359
2.0,0.3621416687965393,0.5348596572875977,-3.6778541812054765e-07,0.4491680562496185,0.5683950185775757,-0.0717847570776939,0.5432998538017273,0.5492658615112305,-0.1157225221395492,0.6218956708908081,0.5497096180915833,-0.1486852318048477,0.7022557258605957,0.5380280613899231,-0.1756970733404159,0.4657758772373199,0.3549041748046875,-0.1213419362902641,0.4350436329841614,0.548229992389679,-0.1725894957780838,0.4375466406345367,0.588077187538147,-0.189508318901062,0.4514088630676269,0.5539785027503967,-0.1980944573879242,0.3823952674865722,0.320429265499115,-0.109121561050415,0.3596639037132263,0.5575869679450989,-0.1468612849712371,0.3726109564304352,0.5780279040336609,-0.1380132734775543,0.3834953010082245,0.5301763415336609,-0.1332848370075225,0.3120198845863342,0.3266018629074096,-0.101721853017807,0.2921059131622314,0.5345897078514099,-0.1371660232543945,0.3059273064136505,0.5603413581848145,-0.105887085199356,0.3187540173530578,0.5187728404998779,-0.082566425204277,0.2459186911582946,0.3502503931522369,-0.1037767603993415,0.2272725254297256,0.4929510354995727,-0.1365310251712799,0.2407892346382141,0.5311560034751892,-0.1237073764204979,0.2538803219795227,0.5144136548042297,-0.1077786311507225,0.17026509978650112,0.08557941799792772
2.0,0.4028666913509369,0.4938873946666717,-4.3749457745434484e-07,0.4862280488014221,0.5514833331108093,-0.0718332082033157,0.5842908024787903,0.5577334761619568,-0.116428442299366,0.6626734733581543,0.5684077143669128,-0.1494964063167572,0.7419029474258423,0.5554428100585938,-0.1759742051362991,0.5315964221954346,0.3318824768066406,-0.1215240061283111,0.4776167869567871,0.5111907720565796,-0.1708189994096756,0.4733331501483917,0.5568632483482361,-0.1872824728488922,0.4888813495635986,0.5284995436668396,-0.1965024769306183,0.4545783698558807,0.2755221128463745,-0.110236071050167,0.4008583724498749,0.499558687210083,-0.1467851251363754,0.4106835722923279,0.5269390344619751,-0.1391126066446304,0.428446888923645,0.484678566455841,-0.1365112066268921,0.3834587037563324,0.2650400996208191,-0.1036063581705093,0.3389366567134857,0.461498886346817,-0.14021036028862,0.3491401076316833,0.4945505261421203,-0.1107979342341423,0.3699020743370056,0.4592052102088928,-0.0897709056735038,0.3150280714035034,0.2741940021514892,-0.1058686226606369,0.2773561477661133,0.4004490375518799,-0.1405062526464462,0.2849569320678711,0.4471351504325866,-0.1282966434955597,0.3016583025455475,0.4427029490470886,-0.1133768334984779,0.16850084052561848,0.08453680935009582
2.0,0.4359647929668426,0.491895854473114,-4.53978827863466e-07,0.5031923651695251,0.5583510398864746,-0.0660578906536102,0.6015422344207764,0.5979161262512207,-0.1094993576407432,0.6827938556671143,0.6428035497665405,-0.1421175003051757,0.7562253475189209,0.659134566783905,-0.1691427081823349,0.5854496359825134,0.3494011759757995,-0.1184429824352264,0.5110529661178589,0.5034945607185364,-0.164438784122467,0.4965197741985321,0.5410417914390564,-0.18074931204319,0.5146375894546509,0.5164236426353455,-0.1914608776569366,0.5214764475822449,0.2786749601364136,-0.1081767901778221,0.4348290860652923,0.4738227427005768,-0.1429347246885299,0.436596155166626,0.5036455988883972,-0.1389393061399459,0.4594395756721496,0.4728038311004638,-0.1400045305490493,0.4556164145469665,0.2512187957763672,-0.1006292477250099,0.377888411283493,0.4242784082889557,-0.1317527592182159,0.3841755986213684,0.4598127007484436,-0.1078672185540199,0.4116992354393005,0.4304411113262176,-0.0928120091557502,0.3853748142719269,0.2420073300600052,-0.1012568846344947,0.3277144730091095,0.3594084680080414,-0.1294059455394745,0.3365644812583923,0.4010101556777954,-0.1198693662881851,0.3627029061317444,0.3899534940719604,-0.1089244782924652,0.17672547129040106,0.07993277158467021
2.0,0.4426475167274475,0.4794974625110626,-4.06866718094534e-07,0.4973451793193817,0.5592311024665833,-0.0708418413996696,0.5856715440750122,0.6230709552764893,-0.1201835125684738,0.6598626971244812,0.6901811361312866,-0.157810240983963,0.7301158905029297,0.7343870401382446,-0.1884206384420395,0.6026590466499329,0.3590885400772095,-0.1270521581172943,0.4990448653697967,0.4834157526493072,-0.1735621690750122,0.4863321781158447,0.5247998833656311,-0.1881284117698669,0.5126055479049683,0.5031651854515076,-0.1980816125869751,0.5507805347442627,0.2763991951942444,-0.1164080649614334,0.4295769929885864,0.4341100454330444,-0.1537258625030517,0.4313071072101593,0.4826428592205047,-0.1505078673362732,0.4641788601875305,0.4613164961338043,-0.152666300535202,0.4920424818992615,0.2336895763874054,-0.108235128223896,0.3860747218132019,0.3748396039009094,-0.1401350200176239,0.3892871439456939,0.4286932349205017,-0.1180022954940795,0.4232141971588135,0.4116769731044769,-0.1055870130658149,0.4263968169689178,0.2098489254713058,-0.1085727959871292,0.3478090763092041,0.3062832653522491,-0.1335595846176147,0.3519736528396606,0.3569095134735107,-0.1238758563995361,0.3815518021583557,0.353555291891098,-0.1148743703961372,0.1947093868087068,0.08846846648090764
2.0,0.4339713752269745,0.4707440137863159,-3.456528929746128e-07,0.4844048023223877,0.5543427467346191,-0.0750738680362701,0.5730302333831787,0.6229667067527771,-0.1275191456079483,0.6479724645614624,0.6945412158966064,-0.1668876409530639,0.7178463339805603,0.7381464242935181,-0.1983081847429275,0.5972533822059631,0.357425183057785,-0.1343442797660827,0.4869466423988342,0.4751962423324585,-0.1820727735757827,0.4772585034370422,0.5166987180709839,-0.1956866383552551,0.5112103223800659,0.4956073462963104,-0.2048607021570205,0.548804521560669,0.2754411101341247,-0.1221378073096275,0.4213059246540069,0.4255624413490295,-0.161323070526123,0.4243062138557434,0.4696962237358093,-0.158629298210144,0.4610249698162079,0.4460369348526001,-0.1613746136426925,0.4919431805610657,0.2299170345067978,-0.1125388070940971,0.3820663690567016,0.3639484941959381,-0.1470929086208343,0.3857912719249725,0.4173194169998169,-0.1259726881980896,0.4226567149162292,0.4002426266670227,-0.1141540333628654,0.4271346926689148,0.2022504806518554,-0.1114277392625808,0.3483783900737762,0.2908277511596679,-0.1372817009687423,0.35319584608078,0.3419128656387329,-0.1278937458992004,0.3852510750293731,0.3411311507225036,-0.1194390133023262,0.19811400350972022,0.0881534026512078
2.0,0.3806785643100738,0.6188962459564209,-3.705722804170364e-07,0.4744291603565216,0.6196323037147522,-0.0798905417323112,0.5642619132995605,0.5586298704147339,-0.1297138482332229,0.6443812847137451,0.512447714805603,-0.1675837486982345,0.7240581512451172,0.4510393738746643,-0.1988515704870224,0.4665529429912567,0.3839882016181946,-0.1257001608610153,0.4772819280624389,0.5931530594825745,-0.1853429973125457,0.482084572315216,0.6300602555274963,-0.21146260201931,0.4835171401500702,0.5880786776542664,-0.2269706279039383,0.3774661123752594,0.377920538187027,-0.1128825396299362,0.4049824178218841,0.624669075012207,-0.1572414934635162,0.4190132915973663,0.6385771036148071,-0.153821125626564,0.4161534309387207,0.5777722001075745,-0.1539244800806045,0.3045909106731415,0.4059324562549591,-0.1068978384137153,0.3339924216270447,0.6305538415908813,-0.1483762711286544,0.3534948229789734,0.6440617442131042,-0.1204849109053611,0.3555654287338257,0.5843407511711121,-0.1005257219076156,0.2375140637159347,0.4488732516765594,-0.1113538965582847,0.2583824098110199,0.6110678315162659,-0.1487751007080078,0.278653621673584,0.6385366916656494,-0.1397241055965423,0.2854997217655182,0.6049160957336426,-0.1275193095207214,0.20467187702695064,0.10534260332630802
2.0,0.3307029008865356,0.5869580507278442,-3.250526958709088e-07,0.4176097810268402,0.5907288789749146,-0.0684030279517173,0.5077146887779236,0.5305348634719849,-0.1116855442523956,0.5869652032852173,0.4872918128967285,-0.1443784683942794,0.6570457816123962,0.4300678670406341,-0.1710615307092666,0.4021517336368561,0.3685245811939239,-0.1175089925527572,0.4088224470615387,0.5747777223587036,-0.1662491410970688,0.4103661179542541,0.6009589433670044,-0.1848672181367874,0.4098101556301117,0.5544857978820801,-0.1973440647125244,0.3151806592941284,0.363770991563797,-0.1087897717952728,0.3381661176681518,0.6120814681053162,-0.1447832882404327,0.3514873385429382,0.609409749507904,-0.1386036574840545,0.3511274456977844,0.549267590045929,-0.1381943076848983,0.2473782151937484,0.3945206701755523,-0.1045728847384452,0.2698765993118286,0.6122053861618042,-0.1359518021345138,0.2836305797100067,0.6154131293296814,-0.1044932156801223,0.2838385701179504,0.5553587675094604,-0.0843214616179466,0.186332955956459,0.441586285829544,-0.1099316701292991,0.1984886080026626,0.5938128232955933,-0.1395167410373687,0.2160437107086181,0.6098741888999939,-0.1275282651185989,0.225613847374916,0.5713874101638794,-0.1145837679505348,0.18952282297074796,0.09432843289548799
2.0,0.3185652494430542,0.5567589402198792,-4.280702228243172e-07,0.4064196348190307,0.5663526058197021,-0.0683645382523536,0.500030517578125,0.5099971890449524,-0.1106754392385482,0.5742158889770508,0.4714179933071136,-0.1412413418292999,0.6317873001098633,0.4151695072650909,-0.1651764661073684,0.3873692452907562,0.3512616455554962,-0.1281980574131012,0.3974145650863647,0.5578683018684387,-0.1772131323814392,0.4012582004070282,0.5845195055007935,-0.1927485913038253,0.4017598330974579,0.5405421853065491,-0.2024865597486496,0.3002372682094574,0.3435104191303253,-0.1178442165255546,0.3271149694919586,0.5901710987091064,-0.1539702415466308,0.3383059799671173,0.5866762399673462,-0.1458655595779419,0.3360366523265838,0.5279457569122314,-0.1443591564893722,0.2332725077867508,0.3707062602043152,-0.1110692173242569,0.2617889642715454,0.5914697647094727,-0.1427953392267227,0.272434800863266,0.5959903001785278,-0.1112672761082649,0.2693240642547607,0.5386111736297607,-0.0913099572062492,0.1732523739337921,0.4144817590713501,-0.1138137429952621,0.1937819868326187,0.571760892868042,-0.1449390202760696,0.2085381001234054,0.5887556076049805,-0.1348953694105148,0.2114185690879821,0.5513230562210083,-0.1236062943935394,0.1712381409167196,0.08397171985882827
2.0,0.5554771423339844,0.4217439889907837,-6.136252750366111e-07,0.6514694094657898,0.4255334138870239,-0.0326545983552932,0.7418598532676697,0.3889229893684387,-0.0566368699073791,0.8141301870346069,0.3562367856502533,-0.0786708518862724,0.8802567720413208,0.3151090443134308,-0.0966886952519416,0.7157386541366577,0.2233692705631256,-0.0786009058356285,0.7196153998374939,0.4062060117721557,-0.1190145760774612,0.6906603574752808,0.4467917084693908,-0.1308984458446502,0.6782445311546326,0.4127126634120941,-0.1391346901655197,0.6368727087974548,0.204677402973175,-0.0864641070365905,0.6523039937019348,0.441886842250824,-0.1196474209427833,0.6319810748100281,0.4629722833633423,-0.1154832914471626,0.6186957359313965,0.4078416228294372,-0.1169343814253807,0.5633333325386047,0.2266994416713714,-0.0965732559561729,0.584755003452301,0.4434424340724945,-0.1265199035406112,0.5723516345024109,0.4580165147781372,-0.1049199849367141,0.5612769722938538,0.4005007147789001,-0.0936090946197509,0.4919238090515136,0.2678000330924988,-0.1122156083583831,0.5173418521881104,0.4303014278411865,-0.1413752734661102,0.5185447931289673,0.4582768380641937,-0.1359071880578994,0.5102231502532959,0.4255762100219726,-0.1298078149557113,0.16188376794495382,0.07993033861850282
2.0,0.5614128112792969,0.422679990530014,-5.914922098781972e-07,0.6641622185707092,0.4174213409423828,-0.0281699709594249,0.7523061037063599,0.3620112538337707,-0.0452406555414199,0.819919228553772,0.3161255121231079,-0.0607938021421432,0.880337119102478,0.2712607383728027,-0.0724750682711601,0.7208400368690491,0.2040315270423889,-0.0591547414660453,0.7383639812469482,0.3614001870155334,-0.0988361462950706,0.7098851203918457,0.4007768630981445,-0.1142027974128723,0.6948547959327698,0.3652006387710571,-0.124543584883213,0.64886075258255,0.1915791928768158,-0.0669062733650207,0.6732586026191711,0.4041387736797333,-0.0990377366542816,0.6526265144348145,0.4272736012935638,-0.0985485017299652,0.6407771110534668,0.3735381960868835,-0.1012076735496521,0.5792676210403442,0.2168514728546142,-0.078098826110363,0.6066836714744568,0.4133478999137878,-0.1092009544372558,0.5980952382087708,0.4311397075653076,-0.0937266424298286,0.5908514857292175,0.378027468919754,-0.0842581242322921,0.5142102241516113,0.2584500312805176,-0.093838557600975,0.5401332974433899,0.4036747813224792,-0.1211524531245231,0.5427567362785339,0.427201360464096,-0.1177772283554077,0.5356333255767822,0.3962834477424621,-0.1124394834041595,0.1592774629272022,0.07615524538991664
2.0,0.4215930104255676,0.6851846575737,-3.28119966752638e-07,0.5034290552139282,0.6540926694869995,-0.0587869323790073,0.5797606706619263,0.5801796913146973,-0.1010512635111808,0.6510180234909058,0.5172970294952393,-0.134928360581398,0.7119969129562378,0.438782274723053,-0.1639393866062164,0.4887493550777435,0.4452432990074157,-0.1077188551425933,0.517072319984436,0.6524801254272461,-0.1572332680225372,0.5361250638961792,0.6791843175888062,-0.1813742518424987,0.5464659929275513,0.6345771551132202,-0.1988790929317474,0.4039440751075744,0.462409108877182,-0.1038682162761688,0.4548327028751373,0.6918045282363892,-0.1393857151269912,0.4740253984928131,0.6963946223258972,-0.1411196440458297,0.4687329530715942,0.634930431842804,-0.1500484347343444,0.3362482786178589,0.5073180794715881,-0.1042325496673584,0.3907913267612457,0.7269555330276489,-0.134107694029808,0.4125414490699768,0.738061249256134,-0.1151718646287918,0.4051554501056671,0.680026650428772,-0.1084916219115257,0.2790579199790954,0.5670070052146912,-0.1130649372935295,0.3256466388702392,0.7409420609474182,-0.1377292722463607,0.3454090356826782,0.7639415860176086,-0.1322241276502609,0.3369237184524536,0.7301092147827148,-0.1298018395900726,0.20355483099481383,0.10355979581079919
2.0,0.5051686763763428,0.4136737287044525,-3.300965545349755e-07,0.5807995796203613,0.4832939505577087,-0.0632381364703178,0.6768976449966431,0.5317551493644714,-0.1032917350530624,0.7563050985336304,0.5821420550346375,-0.1348029822111129,0.8139964938163757,0.6256994009017944,-0.1569293588399887,0.7379404306411743,0.2800109386444092,-0.0856993570923805,0.6768251061439514,0.3124514818191528,-0.1328171640634536,0.645283043384552,0.3736984729766845,-0.1458418369293213,0.6678839325904846,0.3709577918052673,-0.1518519520759582,0.6923630833625793,0.196127787232399,-0.0777110084891319,0.6177935004234314,0.2594307363033294,-0.1208937838673591,0.5881763100624084,0.3382688760757446,-0.1147668436169624,0.6139745116233826,0.3216325044631958,-0.1072808429598808,0.6363720297813416,0.1463854014873504,-0.075965940952301,0.5685864090919495,0.2053440064191818,-0.117055244743824,0.5475841164588928,0.2879457473754883,-0.0951761230826377,0.5734219551086426,0.287367969751358,-0.0769478976726532,0.5799257159233093,0.1140470504760742,-0.0813334658741951,0.5297545194625854,0.1588249802589416,-0.1061552986502647,0.51442551612854,0.2296698987483978,-0.0940212160348892,0.5303040146827698,0.2430509179830551,-0.0804499313235282,0.1746385164564552,0.0755983863014547
2.0,0.48024383187294,0.4862140119075775,-3.094350518040301e-07,0.5418342351913452,0.5594902634620667,-0.0717376619577407,0.6383541226387024,0.6099205613136292,-0.1158109754323959,0.7196536064147949,0.6566815376281738,-0.1500843614339828,0.7825677990913391,0.6973809003829956,-0.1764565408229828,0.6966872811317444,0.3427636325359344,-0.088749274611473,0.6175354719161987,0.4000950455665588,-0.1400424540042877,0.5898609161376953,0.4542945325374603,-0.1618454605340957,0.6241461634635925,0.448954164981842,-0.1742561012506485,0.651550829410553,0.2639054656028747,-0.079041875898838,0.564622163772583,0.3439548313617706,-0.125124990940094,0.5410398244857788,0.4106702804565429,-0.1290560960769653,0.5703795552253723,0.3927547335624695,-0.1293887346982956,0.5960444211959839,0.2166541218757629,-0.0756453275680542,0.5162804126739502,0.2861172556877136,-0.1190590113401413,0.4983746409416199,0.3611816167831421,-0.103823110461235,0.5299922823905945,0.3545611798763275,-0.0901866927742958,0.5365816354751587,0.1831346899271011,-0.079855665564537,0.4797657430171966,0.2295543551445007,-0.1026610508561134,0.4671016931533813,0.2991549670696258,-0.089313194155693,0.4890198707580566,0.311743676662445,-0.0755328238010406,0.17923386953268147,0.07943629909880934
2.0,0.4009789824485779,0.6032435297966003,-4.258735657458601e-07,0.4634643197059631,0.6523966789245605,-0.062868446111679,0.5604777336120605,0.6802849173545837,-0.1037502288818359,0.6436984539031982,0.7258004546165466,-0.137295976281166,0.7121627926826477,0.7741568088531494,-0.1621440649032592,0.6037492156028748,0.4203791618347168,-0.0783914774656295,0.522752046585083,0.4752007722854614,-0.1283566951751709,0.4953770339488983,0.5265050530433655,-0.1492238342761993,0.5237478017807007,0.5057709217071533,-0.1620261967182159,0.562210738658905,0.3379766643047333,-0.0729415640234947,0.4573795795440674,0.421390175819397,-0.1175453960895538,0.4394491314888,0.4949773550033569,-0.1203085556626319,0.4689978659152984,0.4778938889503479,-0.1198709607124328,0.5080904960632324,0.2891102731227875,-0.0735721960663795,0.4136713743209839,0.3667206764221191,-0.1139542311429977,0.4008456170558929,0.4475123286247253,-0.0965476855635643,0.4312832355499267,0.4373915493488312,-0.0819250345230102,0.4475352168083191,0.2571473121643066,-0.0816958993673324,0.3784322142601013,0.3138169050216675,-0.1031200289726257,0.3701617121696472,0.3840654492378235,-0.0894851759076118,0.395724892616272,0.3909993767738342,-0.0751618891954422,0.18769690792355337,0.08742499749919606
2.0,0.3622527122497558,0.6200631260871887,-2.520633017866203e-07,0.4201325476169586,0.6625611782073975,-0.0692116916179657,0.5171307325363159,0.67071533203125,-0.1124821528792381,0.6072574853897095,0.7118298411369324,-0.1479778289794922,0.6783171892166138,0.7546548843383789,-0.1734834164381027,0.5519010424613953,0.3940128087997436,-0.0692791044712066,0.4697581231594085,0.4596606791019439,-0.1257738322019577,0.4505897760391235,0.5212532877922058,-0.1547046899795532,0.4888529777526855,0.507593035697937,-0.1715045273303985,0.5079182386398315,0.3201674222946167,-0.0615270361304283,0.4070371389389038,0.4095954895019531,-0.1096203699707984,0.3958010375499725,0.4872004687786102,-0.1136694699525833,0.433173805475235,0.4699350297451019,-0.1121841967105865,0.4509738981723785,0.2801648378372192,-0.0628564283251762,0.3604110479354858,0.3624745011329651,-0.1078369542956352,0.3517274260520935,0.4495444595813751,-0.0905825644731521,0.3874881565570831,0.4409082233905792,-0.0736388117074966,0.3895791172981262,0.2570838332176208,-0.0725767910480499,0.3204429745674133,0.3141316175460815,-0.0952261909842491,0.3125780820846557,0.3886988461017608,-0.0807291194796562,0.3396360576152801,0.3957017958164215,-0.0647282749414444,0.1916978779602133,0.08679862225163455
2.0,0.3776037395000458,0.6822934150695801,-4.492140703860059e-07,0.4608826637268066,0.680303156375885,-0.0624981708824634,0.5613958835601807,0.6263831853866577,-0.0998059064149856,0.6414948105812073,0.588525116443634,-0.1283429712057113,0.712183952331543,0.5554473400115967,-0.1484293192625045,0.4762147963047027,0.3847292065620422,-0.0799668729305267,0.4585534632205963,0.5270659923553467,-0.1274944394826889,0.4639685750007629,0.593626856803894,-0.1501362919807434,0.4790328741073608,0.5564127564430237,-0.1651068031787872,0.3977502584457397,0.3579137623310089,-0.0741814225912094,0.3798671662807464,0.5406004786491394,-0.1121773570775985,0.3976210653781891,0.6084244251251221,-0.1137950718402862,0.4138658344745636,0.5629404187202454,-0.1162067800760269,0.3297027945518493,0.3688365519046783,-0.0746206194162368,0.3107565939426422,0.5331315994262695,-0.1104349866509437,0.3343707025051117,0.6075242757797241,-0.0930821821093559,0.3549665212631225,0.575011670589447,-0.0815910995006561,0.2664642632007599,0.3975566029548645,-0.0828350186347961,0.2475064545869827,0.5256949067115784,-0.1054878830909729,0.2662009596824646,0.5888469219207764,-0.0949587076902389,0.2838276028633117,0.573885440826416,-0.0851102024316787,0.17358908986400015,0.08058880464025718
2.0,0.3713104724884033,0.6929833292961121,-3.972996012180374e-07,0.4594134390354156,0.6550755500793457,-0.0530367419123649,0.5338704586029053,0.5598242878913879,-0.0867144167423248,0.5893306732177734,0.4820678532123565,-0.1146744787693023,0.648491621017456,0.413021057844162,-0.1365880817174911,0.4151608943939209,0.3911998867988586,-0.0742843896150589,0.4554815590381622,0.5505801439285278,-0.1213201135396957,0.46524178981781,0.59053635597229,-0.1475865989923477,0.4561148583889007,0.5506171584129333,-0.1665845066308975,0.3276374936103821,0.4127207994461059,-0.0736420825123786,0.3913021981716156,0.6113673448562622,-0.1075267419219017,0.4148674011230469,0.63288414478302,-0.1099512130022049,0.4087871313095093,0.5759456753730774,-0.1170845031738281,0.2632681131362915,0.4713304936885834,-0.0791470929980278,0.3243873119354248,0.6494555473327637,-0.1099469512701034,0.3531125783920288,0.6720693111419678,-0.0929704681038856,0.3512468636035919,0.6231456995010376,-0.0848444625735282,0.2120232135057449,0.5448132157325745,-0.0923151448369026,0.2576598525047302,0.6768947243690491,-0.1157819628715515,0.2821057438850403,0.6999390125274658,-0.1092670783400535,0.2795687913894653,0.669791579246521,-0.1042938530445098,0.19281229650521955,0.09352905264860202
2.0,0.3738120794296264,0.719915509223938,-5.229174462328956e-07,0.4383504390716553,0.6175156831741333,-0.0486052222549915,0.4700897932052612,0.486258327960968,-0.0774082094430923,0.500276505947113,0.3744304180145263,-0.1014940291643142,0.5176190137863159,0.2669894099235534,-0.1201634928584098,0.3207247853279114,0.4270823001861572,-0.0811866521835327,0.4379705786705017,0.5400387644767761,-0.1257971972227096,0.4585955739021301,0.5840664505958557,-0.1446696072816848,0.4331569075584411,0.5633387565612793,-0.1584061086177826,0.2542286515235901,0.5056530237197876,-0.0826925709843635,0.4116602540016174,0.6434217691421509,-0.1142463460564613,0.4248648285865783,0.6585397124290466,-0.1138829067349433,0.3851052522659302,0.6171571612358093,-0.1209439188241958,0.2200901359319687,0.6066066026687622,-0.0893288552761077,0.3669385612010956,0.7243533730506897,-0.1206628605723381,0.381902277469635,0.7326846718788147,-0.1023734137415885,0.342734158039093,0.6893866062164307,-0.0946670398116111,0.2018378376960754,0.7153483629226685,-0.1032612547278404,0.3191867172718048,0.8031883239746094,-0.1333447992801666,0.3424825072288513,0.808700680732727,-0.1300196796655655,0.3180770874023437,0.7866894006729126,-0.1268741190433502,0.2283985540371592,0.11042138231512261
2.0,0.3474432528018951,0.7455897927284241,-5.237627647147747e-07,0.3866768777370453,0.6199837923049927,-0.0477138124406337,0.3829343318939209,0.4764308333396911,-0.0756321176886558,0.382254809141159,0.3540184497833252,-0.0990919172763824,0.3697397708892822,0.2430205643177032,-0.1184173077344894,0.2322007417678833,0.4966541528701782,-0.0876481756567955,0.3676460981369018,0.5479511618614197,-0.128392219543457,0.3877659738063812,0.5816483497619629,-0.1432166695594787,0.3500722348690033,0.5783873200416565,-0.1560652554035186,0.1892841160297393,0.6053006649017334,-0.0916006490588188,0.3721271455287933,0.6581460237503052,-0.1219488978385925,0.3868690729141235,0.6674771308898926,-0.1216043606400489,0.334306538105011,0.6469496488571167,-0.1299892961978912,0.1845446825027465,0.7181384563446045,-0.0992485210299491,0.352605253458023,0.7545466423034668,-0.1282350569963455,0.3711832165718078,0.7559898495674133,-0.1081424579024314,0.3235411047935486,0.7341116666793823,-0.1013176143169403,0.1967401504516601,0.8315173387527466,-0.1144784167408943,0.3324645459651947,0.8576011657714844,-0.1441259980201721,0.3665836453437805,0.8409682512283325,-0.1392927914857864,0.3491400182247162,0.8199985027313232,-0.1362960785627365,0.23766577922006357,0.11336060813458779
2.0,0.3544648885726928,0.7653647065162659,-5.13634347498737e-07,0.3533354997634887,0.6187512874603271,-0.0421374402940273,0.3086933493614197,0.469312846660614,-0.0647331550717353,0.2743587493896484,0.3521333932876587,-0.0838939622044563,0.2333116680383682,0.2465206086635589,-0.1005803570151329,0.2107781171798706,0.544837474822998,-0.0809957534074783,0.3610450029373169,0.500116765499115,-0.1255258172750473,0.3728522956371307,0.5478190183639526,-0.149245873093605,0.32871013879776,0.5692058801651001,-0.1696598827838897,0.2094122171401977,0.6605406999588013,-0.0875705853104591,0.3918396830558777,0.5948185920715332,-0.1210361570119857,0.3885563313961029,0.6249335408210754,-0.1245602369308471,0.3374539315700531,0.6416333913803101,-0.1370646655559539,0.2347702085971832,0.7682938575744629,-0.0982516333460807,0.3972972929477691,0.7006399035453796,-0.1318913698196411,0.3953206539154053,0.719388484954834,-0.1168735846877098,0.3475582301616668,0.7335330247879028,-0.1126110479235649,0.2695087194442749,0.8644077777862549,-0.1153996437788009,0.3881710171699524,0.8038753271102905,-0.1490578055381775,0.3927817344665527,0.794231653213501,-0.149149864912033,0.3653529286384582,0.802470862865448,-0.1500729322433471,0.23791553349455194,0.1145310391784379
2.0,0.3650676012039184,0.8606774806976318,-6.334976205835119e-07,0.3250639736652374,0.6928848028182983,-0.0344850271940231,0.2512124180793762,0.5241671204566956,-0.0495902188122272,0.1894332021474838,0.4020317196846008,-0.0623548254370689,0.1285083293914795,0.2980026304721832,-0.070028468966484,0.1663257181644439,0.5918615460395813,-0.0525054894387722,0.3154075145721435,0.4951026737689972,-0.0970494449138641,0.3294025957584381,0.5576181411743164,-0.1216816455125808,0.2828195691108703,0.5982081294059753,-0.14219830930233,0.1818424761295318,0.6969442963600159,-0.0600877441465854,0.357086181640625,0.5819063782691956,-0.1009899899363517,0.3507683873176574,0.64466792345047,-0.1129769831895828,0.3029806017875671,0.6816356778144836,-0.1294025033712387,0.2201366126537323,0.7928560376167297,-0.0726979598402977,0.38353431224823,0.6804863810539246,-0.1108865067362785,0.378645122051239,0.7340606451034546,-0.1082741692662239,0.3369415998458862,0.7633171677589417,-0.1109332516789436,0.2680555880069732,0.8705881834030151,-0.0902454927563667,0.3955862522125244,0.7716385722160339,-0.1224197745323181,0.3908514082431793,0.7970691919326782,-0.1305183619260788,0.3534611463546753,0.8284988403320312,-0.1379494816064834,0.25811701218643024,0.12080056426903385
2.0,0.4826645851135254,0.8579699397087097,-7.863536097829638e-07,0.3495950102806091,0.7635901570320129,-0.0444584414362907,0.2058566808700561,0.6830410957336426,-0.066767930984497,0.0990239381790161,0.6526166796684265,-0.0855852961540222,0.0167998671531677,0.6448003053665161,-0.0974905788898468,0.2411348819732666,0.7851876020431519,-0.0798272639513015,0.2877182364463806,0.5722974538803101,-0.1396906077861786,0.3177776038646698,0.6252583265304565,-0.1701566278934478,0.2979352474212646,0.6941438913345337,-0.1914324909448623,0.3179876804351806,0.8343508243560791,-0.0867468565702438,0.3758229911327362,0.5820660591125488,-0.1397395431995391,0.3870492279529571,0.6630605459213257,-0.1462209522724151,0.3660798668861389,0.7339916229248047,-0.1574167162179947,0.3922496438026428,0.8580806851387024,-0.1004451438784599,0.447126567363739,0.6211898922920227,-0.1427000761032104,0.4508882462978363,0.7015516757965088,-0.1329447329044342,0.427278608083725,0.7626217007637024,-0.1304433047771453,0.4587393403053283,0.8640040159225464,-0.1209302842617034,0.4973425269126892,0.6774979829788208,-0.147457867860794,0.4966164827346802,0.7343255877494812,-0.1498939096927642,0.4823111295700073,0.7993608117103577,-0.1556368023157119,0.1953169679136988,0.08344836319731652
2.0,0.567540168762207,0.6972994804382324,-6.349582122311404e-07,0.4609623551368713,0.6029883623123169,-0.0506783872842788,0.3488604426383972,0.5167900919914246,-0.0812899395823478,0.2601057291030884,0.4680692553520202,-0.1058524250984191,0.1814188808202743,0.4311909675598144,-0.1263753771781921,0.4054643213748932,0.6223971843719482,-0.1070895344018936,0.4755802154541015,0.4118731021881103,-0.1610026359558105,0.4811066687107086,0.4578917622566223,-0.1888611316680908,0.4521884322166443,0.5223973393440247,-0.2099586874246597,0.4796285331249237,0.6781749129295349,-0.1101632416248321,0.5501297116279602,0.4366787075996399,-0.150757223367691,0.539292573928833,0.5043586492538452,-0.1514303684234619,0.5114090442657471,0.5710562467575073,-0.1644012629985809,0.5477732419967651,0.7088322639465332,-0.1175674870610237,0.612282395362854,0.480503112077713,-0.1505673378705978,0.5978277325630188,0.5443496108055115,-0.135244682431221,0.5672183632850647,0.5975799560546875,-0.1337096095085144,0.606755793094635,0.7201871871948242,-0.1321268379688263,0.6555243730545044,0.541103720664978,-0.1553798913955688,0.6425210237503052,0.5800003409385681,-0.1533761769533157,0.6223496198654175,0.6359447836875916,-0.1590675413608551,0.19338196247519915,0.08929064769188325
2.0,0.5856510400772095,0.6948473453521729,-8.848013521856046e-07,0.4961546063423157,0.534675657749176,-0.0213942788541317,0.3978924453258514,0.3939940333366394,-0.034302394837141,0.3114918768405914,0.314221441745758,-0.0475804507732391,0.2346667200326919,0.2554861307144165,-0.0555489622056484,0.3846395313739776,0.4380502104759216,-0.0487100332975387,0.4839555323123932,0.2956284880638122,-0.092886671423912,0.5091040730476379,0.3548731803894043,-0.1127601861953735,0.4858462214469909,0.4014864563941955,-0.1273194849491119,0.4357492327690124,0.5137478113174438,-0.0627347528934478,0.5558755397796631,0.3547435700893402,-0.098861426115036,0.5610942244529724,0.4249823689460754,-0.1024162694811821,0.5358209013938904,0.4714033007621765,-0.1117626726627349,0.4934218227863312,0.577991783618927,-0.0810285583138465,0.6048845648765564,0.424658864736557,-0.1155163794755935,0.6036246418952942,0.4881675243377685,-0.1092536374926567,0.5770490765571594,0.5252038836479187,-0.1086332723498344,0.5538473129272461,0.6256281137466431,-0.1023187488317489,0.6465648412704468,0.4983881413936615,-0.126281127333641,0.6428405046463013,0.5395633578300476,-0.127228707075119,0.615604817867279,0.5819751024246216,-0.1302947998046875,0.21512436661436024,0.09703318326714427
2.0,0.5941088795661926,0.6853223443031311,-7.601288416481111e-07,0.5396308898925781,0.5291880369186401,-0.0358680561184883,0.4511039853096008,0.3718255162239074,-0.0509798191487789,0.3793564438819885,0.2629690170288086,-0.0643777474761009,0.317721962928772,0.1691566705703735,-0.0715968087315559,0.3852838575839996,0.4196597933769226,-0.0388354621827602,0.5251758694648743,0.320555031299591,-0.0858348757028579,0.5406502485275269,0.3896536827087402,-0.1102124229073524,0.5027958750724792,0.4204306900501251,-0.1287968456745147,0.4068115055561065,0.5086447596549988,-0.044349156320095,0.570777416229248,0.4002784192562103,-0.08609139919281,0.5664293766021729,0.4709025621414184,-0.0947091430425643,0.5270425081253052,0.503180742263794,-0.1056621819734573,0.4424143731594085,0.589260458946228,-0.057291992008686,0.5946688652038574,0.4836135804653168,-0.0987216904759407,0.591265857219696,0.544634222984314,-0.0990170836448669,0.5535867810249329,0.5708997249603271,-0.1009548902511596,0.4890811443328857,0.6506385207176208,-0.0751074776053428,0.6208242774009705,0.5714525580406189,-0.108744591474533,0.6233336925506592,0.6134905815124512,-0.1196769401431083,0.587729811668396,0.650653600692749,-0.1277237385511398,0.24349637605597377,0.11247968899236824
2.0,0.4072128534317016,0.7244153022766113,-5.666568085871404e-07,0.4574937522411346,0.5617395043373108,-0.0300931558012962,0.4782450199127197,0.3950936198234558,-0.0473672896623611,0.4834256768226623,0.2716304063796997,-0.06250461935997,0.4746959209442138,0.1553216874599456,-0.0716777294874191,0.3953859210014343,0.3771599531173706,-0.0643050447106361,0.5524790287017822,0.4049628674983978,-0.1129007562994957,0.5378397107124329,0.4642339944839477,-0.135808527469635,0.4873660504817962,0.4615722596645355,-0.1528441905975341,0.3694027960300445,0.4672149121761322,-0.0746811181306839,0.5529522895812988,0.5030067563056946,-0.1217334493994712,0.5206993818283081,0.5481652021408081,-0.1317127496004104,0.4708226919174194,0.540626585483551,-0.1433629840612411,0.3628851771354675,0.5697007775306702,-0.0885018035769462,0.5348044037818909,0.5997394323348999,-0.1310864984989166,0.5084497928619385,0.6345462799072266,-0.1243205368518829,0.4656540751457214,0.6250977516174316,-0.1207894831895828,0.3700257241725921,0.6687013506889343,-0.1062435284256935,0.509073793888092,0.6840090751647949,-0.1413180828094482,0.4999455511569977,0.6888473033905029,-0.146594762802124,0.4630429744720459,0.6780474185943604,-0.1494439393281936,0.24102732861090198,0.1169960370434058
2.0,0.3864698708057403,0.5773458480834961,-4.040663270643563e-07,0.4732798933982849,0.5557998418807983,-0.0496925264596939,0.5459413528442383,0.4933306574821472,-0.0861672833561897,0.6163115501403809,0.4563580751419067,-0.1182937175035476,0.6763960123062134,0.4114716649055481,-0.1456239968538284,0.4703469276428222,0.3334285318851471,-0.0872953683137893,0.4999283254146576,0.4932953715324402,-0.1396914571523666,0.4992811381816864,0.5382261872291565,-0.1645392477512359,0.4925804734230041,0.5046506524085999,-0.1807642579078674,0.3856024444103241,0.3408561646938324,-0.0878944545984268,0.4365939497947693,0.5460105538368225,-0.127547413110733,0.4469435513019562,0.5756674408912659,-0.1262470632791519,0.4376046657562256,0.5245790481567383,-0.1276047527790069,0.3181396722793579,0.3860570788383484,-0.0939074978232383,0.3706559538841247,0.5719854831695557,-0.1274330615997314,0.3880252540111542,0.5979496240615845,-0.1047729849815368,0.3806580603122711,0.5534291863441467,-0.0901079848408699,0.2622049748897552,0.4468929469585418,-0.1074864864349365,0.3024486899375915,0.5875201225280762,-0.1343820393085479,0.3239811956882477,0.6166876554489136,-0.1270151287317276,0.3223794102668762,0.5920089483261108,-0.1188523322343826,0.16508910812326746,0.07982403514624165
2.0,0.3600314855575561,0.5010353922843933,-3.542702984304924e-07,0.4349710941314697,0.5444597005844116,-0.0621200613677501,0.5311519503593445,0.5480284690856934,-0.1037687435746193,0.6115073561668396,0.5697544813156128,-0.1381371170282364,0.6848902702331543,0.5870275497436523,-0.1670216768980026,0.5001524686813354,0.3119093775749206,-0.0872041955590248,0.4539243876934051,0.4451445043087005,-0.1363500654697418,0.4431832432746887,0.5008233189582825,-0.1616289019584655,0.4611254930496216,0.4746912121772766,-0.178298220038414,0.432959109544754,0.2636064291000366,-0.0806164294481277,0.3795486092567444,0.4339421093463897,-0.1185933351516723,0.3828689157962799,0.4899280667304992,-0.1212417855858802,0.4053728282451629,0.4563793838024139,-0.1252032220363617,0.3667429983615875,0.2525857090950012,-0.0797697603702545,0.3196831345558166,0.4087848663330078,-0.1134891808032989,0.3268835246562958,0.4657876789569855,-0.0989287197589874,0.3494513034820556,0.4404965043067932,-0.0893666744232177,0.3024512529373169,0.2572957873344421,-0.0868663787841796,0.2607293426990509,0.3725291192531585,-0.1086799725890159,0.2690871357917785,0.4239572286605835,-0.101030059158802,0.2896427512168884,0.4132674634456634,-0.0935259535908699,0.17075518400271258,0.08073245176912425
2.0,0.3643624484539032,0.4609662890434265,-2.997456078901451e-07,0.4069014191627502,0.5338284969329834,-0.0778440982103347,0.4933966100215912,0.5804661512374878,-0.1294676959514618,0.5723116993904114,0.6439573764801025,-0.1687754392623901,0.6414617300033569,0.6957806944847107,-0.1997313648462295,0.5199112892150879,0.3331952691078186,-0.1222514361143112,0.4285281896591186,0.4253172576427459,-0.1771070957183838,0.4118300676345825,0.4703370928764343,-0.1968011409044265,0.4470824897289276,0.4468258023262024,-0.2092271894216537,0.4789469242095947,0.2559708952903747,-0.1096385046839714,0.3690579533576965,0.3740012347698211,-0.1558069586753845,0.3611648380756378,0.4334270060062408,-0.1529253423213958,0.3950655460357666,0.411298543214798,-0.1511682122945785,0.4257916212081909,0.2144188284873962,-0.1020569279789924,0.3296224474906921,0.3204587399959564,-0.1443263590335846,0.322890043258667,0.3896642923355102,-0.1201135590672493,0.3551300168037414,0.3798572421073913,-0.1019017547369003,0.3674646914005279,0.1901450306177139,-0.1033110544085502,0.2925204634666443,0.2626612484455108,-0.131356731057167,0.2916039526462555,0.3248744010925293,-0.118979625403881,0.3212983608245849,0.3320087492465973,-0.1060165017843246,0.20039387916322163,0.09179135226986393
2.0,0.3370865285396576,0.5108801126480103,-1.452052060813003e-07,0.3694751858711242,0.5495131611824036,-0.0867714807391166,0.4396659135818481,0.5757242441177368,-0.1459239870309829,0.5151956677436829,0.6416214108467102,-0.1912184357643127,0.5801454186439514,0.7106702327728271,-0.2238123118877411,0.5024113655090332,0.3110349774360657,-0.1161417290568351,0.3908432424068451,0.3597834408283233,-0.1788500994443893,0.374779462814331,0.4185791313648224,-0.2062237113714218,0.420103371143341,0.4102010130882263,-0.2229897826910019,0.472108781337738,0.2332278192043304,-0.1010838523507118,0.3464929163455963,0.2947714924812317,-0.1516185849905014,0.3320200443267822,0.370395690202713,-0.1507559716701507,0.3764435648918152,0.3566401600837707,-0.1485743820667266,0.4259378015995025,0.1880539357662201,-0.093986801803112,0.3189478516578674,0.2455677539110183,-0.1390474736690521,0.3043877482414245,0.3270393908023834,-0.1161554679274559,0.3423948585987091,0.3226794600486755,-0.0983065292239189,0.3735693097114563,0.1645881235599517,-0.0968004465103149,0.2887921035289764,0.1988303363323211,-0.1234606355428695,0.2824109196662903,0.2650061249732971,-0.1108658388257026,0.3149586021900177,0.2774035930633545,-0.0977135747671127,0.20978918548291564,0.10024255938542741
2.0,0.3273301720619201,0.437418669462204,-2.679146007267264e-07,0.3691861629486084,0.4934467077255249,-0.0707922354340553,0.449472427368164,0.5285956263542175,-0.1177253127098083,0.5207725763320923,0.5826377272605896,-0.1538839340209961,0.5775189995765686,0.6318849325180054,-0.1799930483102798,0.4715385735034942,0.2790708541870117,-0.1040443554520607,0.3764149844646454,0.3510270714759826,-0.1553754657506942,0.3652585744857788,0.4034623503684997,-0.1756397038698196,0.4022906124591827,0.3844964802265167,-0.1893136799335479,0.4311667084693908,0.201978787779808,-0.0947807729244232,0.3195842504501343,0.2944961190223694,-0.1385024487972259,0.3135806918144226,0.366728812456131,-0.137448251247406,0.3494738042354584,0.3507248163223266,-0.1375293433666229,0.3800067901611328,0.1627053171396255,-0.0909432992339134,0.2847579717636108,0.2435379475355148,-0.1299007683992386,0.2781841158866882,0.3213810622692108,-0.1075411885976791,0.3106282949447632,0.3116703033447265,-0.092030644416809,0.3248198628425598,0.1461315155029297,-0.0954512730240821,0.2494088560342788,0.1959119588136673,-0.1192237138748169,0.2493038922548294,0.2603205144405365,-0.106053277850151,0.2798777222633362,0.268475592136383,-0.093949094414711,0.17590303101120544,0.07954325631804471
2.0,0.2756772041320801,0.4659973084926605,-3.365631187079998e-07,0.3314439952373504,0.5147759914398193,-0.0637596249580383,0.416388601064682,0.5332966446876526,-0.1084638312458992,0.490350604057312,0.5769224166870117,-0.1434270590543747,0.5530576705932617,0.6054441928863525,-0.1711454838514328,0.3754338324069977,0.3116820752620697,-0.1140052005648613,0.3016668558120727,0.4409624338150024,-0.158744990825653,0.3057054281234741,0.4797344803810119,-0.1742333769798278,0.3302563726902008,0.4525935649871826,-0.1845883131027221,0.3198448419570923,0.2504133880138397,-0.1048043668270111,0.2271573096513748,0.4207030534744262,-0.140928253531456,0.2431079149246215,0.4593079686164856,-0.1419534534215927,0.2730129957199096,0.4277890920639038,-0.1466664224863052,0.2622388899326324,0.2272055447101593,-0.0979151427745819,0.1800004839897155,0.3775404393672943,-0.1279101967811584,0.1972869038581848,0.4248186945915222,-0.1119847074151039,0.2252861708402633,0.398963063955307,-0.1041925027966499,0.1991879194974899,0.2248318493366241,-0.0986702665686607,0.1370085030794143,0.3372628092765808,-0.1182656288146972,0.152954027056694,0.3777826726436615,-0.1099255606532096,0.1809363961219787,0.3585449457168579,-0.1038700193166732,0.16677137899007816,0.07425617135524477
2.0,0.2014291882514953,0.7694032788276672,-3.434443556216138e-07,0.2256982326507568,0.6244385242462158,-0.0074446373619139,0.2530654370784759,0.4963744282722473,-0.0339823849499225,0.2661256790161133,0.3831984400749206,-0.0601236633956432,0.2602073550224304,0.2955100238323211,-0.0825550705194473,0.3482387065887451,0.544906735420227,-0.0583590678870677,0.4538146555423736,0.5314946174621582,-0.0721980854868888,0.4408378601074219,0.5505086183547974,-0.0686483606696128,0.4150911569595337,0.558222234249115,-0.064862735569477,0.3673851490020752,0.6369011998176575,-0.0663737580180168,0.4615037143230438,0.6129106879234314,-0.0690983608365058,0.4294936656951904,0.6193330883979797,-0.0535539872944355,0.3906968832015991,0.6293027400970459,-0.0479789189994335,0.3766779899597168,0.7246060371398926,-0.0715605095028877,0.4656392633914947,0.6922501921653748,-0.0667194277048111,0.4348246157169342,0.6958368420600891,-0.0387278273701667,0.3951215445995331,0.7084061503410339,-0.0268183518201112,0.381569504737854,0.8054370880126953,-0.0769639611244201,0.4530705213546753,0.7690539956092834,-0.067628264427185,0.4247499108314514,0.7664288282394409,-0.0404700860381126,0.3925678730010986,0.7746012210845947,-0.0242657903581857,0.20677722733986048,0.09070530815549571
2.0,0.1061370223760604,0.8135064244270325,-5.372613145482319e-07,0.1342557221651077,0.6557950377464294,-0.0138398651033639,0.173667162656784,0.5018632411956787,-0.0458548069000244,0.1825027465820312,0.3725218176841736,-0.0781803280115127,0.1698013246059417,0.2700738906860351,-0.1049008592963218,0.2492226213216781,0.559450626373291,-0.0725046694278717,0.391788899898529,0.540822446346283,-0.1074374914169311,0.3474152684211731,0.5664339661598206,-0.1172202378511428,0.2944988310337066,0.5746537446975708,-0.1188825443387031,0.2663097977638244,0.6703698635101318,-0.0836786031723022,0.3982221484184265,0.6328027844429016,-0.1013712808489799,0.3530116975307464,0.6435097455978394,-0.0915437862277031,0.3025592267513275,0.6537715196609497,-0.0873974934220314,0.2775972485542297,0.7742218971252441,-0.0937404334545135,0.398343026638031,0.7231640815734863,-0.1012158542871475,0.3563592731952667,0.7309778332710266,-0.0707665681838989,0.3069368004798889,0.7460148930549622,-0.0537060685455799,0.2867355644702911,0.8664705157279968,-0.1046117842197418,0.3782025575637817,0.8118191957473755,-0.09966591745615,0.3454972207546234,0.8110527396202087,-0.0681701600551605,0.3067898154258728,0.8249513506889343,-0.0478387884795665,0.23922308420615276,0.10663437840852763
2.0,0.0998638123273849,0.7844709157943726,-5.080033815829665e-07,0.114907830953598,0.6304774880409241,-0.0148817393928766,0.1428341567516327,0.4787769019603729,-0.0479498244822025,0.1444380581378936,0.3533627390861511,-0.0813424065709114,0.1284522712230682,0.2494811415672302,-0.1093702837824821,0.2183011025190353,0.5355924367904663,-0.0775337889790535,0.3610453009605407,0.5082082152366638,-0.1152840405702591,0.3208093643188476,0.5314501523971558,-0.1256726682186126,0.2701965272426605,0.5435408353805542,-0.1270621865987777,0.2381761521100998,0.6451032161712646,-0.0891632661223411,0.3731441497802734,0.5998411774635315,-0.1107742711901664,0.3292296230792999,0.60969078540802,-0.1003631651401519,0.2800597548484802,0.6241216659545898,-0.0953273177146911,0.2549556195735931,0.7454621195793152,-0.0998462811112403,0.3782394826412201,0.6883819103240967,-0.1107971891760826,0.3365271985530853,0.698100209236145,-0.0785404369235038,0.2889637351036072,0.7176992893218994,-0.0596623420715332,0.2708046436309814,0.8345874547958374,-0.1114911064505577,0.3653846979141235,0.7770306468009949,-0.1087608933448791,0.3325685262680053,0.7815195918083191,-0.0762978121638298,0.2942568659782409,0.7989075183868408,-0.0552175231277942,0.2378147539289427,0.10877726594907672
2.0,0.0945080667734146,0.800176203250885,-4.897280518889602e-07,0.1122085973620414,0.6465246081352234,-0.0148278670385479,0.1461995840072631,0.4902216494083404,-0.0458704829216003,0.1501746326684951,0.3626245260238647,-0.077294260263443,0.1330397129058838,0.2589840590953827,-0.10294109582901,0.2164200097322464,0.5444568991661072,-0.071798451244831,0.3623722791671753,0.519936203956604,-0.1100888028740882,0.3243432641029358,0.5440820455551147,-0.1205985620617866,0.2748424112796783,0.5559018850326538,-0.1218338161706924,0.234942153096199,0.6528937816619873,-0.0832440480589866,0.3741413056850433,0.6088358759880066,-0.1060149371623992,0.3304526209831238,0.6207423806190491,-0.0959680303931236,0.2805691361427307,0.6347833275794983,-0.0901103615760803,0.251751035451889,0.7530465126037598,-0.0943875983357429,0.377257764339447,0.6966096758842468,-0.1065437644720077,0.3354393243789673,0.7086403369903564,-0.0752358585596084,0.2877172827720642,0.7273874282836914,-0.0560337789356708,0.2685414552688598,0.8426331877708435,-0.1065246909856796,0.362748920917511,0.7851329445838928,-0.104401908814907,0.3311921656131744,0.7913675308227539,-0.0734372586011886,0.2937834858894348,0.8070402145385742,-0.0529564432799816,0.23853943120326163,0.10813284438574679
2.0,0.1891394555568695,0.7966112494468689,-5.005118168810441e-07,0.2209023237228393,0.641263484954834,-0.009126772172749,0.2546645402908325,0.4981078803539276,-0.0398715883493423,0.2605292201042175,0.3741883337497711,-0.0717716664075851,0.2494853138923645,0.2734164297580719,-0.0994955003261566,0.3399022817611694,0.5708277821540833,-0.0623730905354023,0.4605320692062378,0.5466395616531372,-0.0928639620542526,0.4259537756443023,0.5613141059875488,-0.1032027378678321,0.3800323009490967,0.5752021670341492,-0.1055302992463111,0.3555882573127746,0.6761370897293091,-0.0728978440165519,0.4702267050743103,0.6390119194984436,-0.0847488045692443,0.433379590511322,0.6394884586334229,-0.0748399421572685,0.3868091702461242,0.655804455280304,-0.0720674991607666,0.3664469122886657,0.7748274803161621,-0.0820686370134353,0.4709888696670532,0.7308200597763062,-0.0832472965121269,0.4363627135753631,0.729367733001709,-0.0556272156536579,0.391778290271759,0.7475259900093079,-0.042564895004034,0.3753027319908142,0.8647012710571289,-0.0918813124299049,0.4628379940986633,0.8172167539596558,-0.0823710262775421,0.4313441216945648,0.8103282451629639,-0.051917053759098,0.3932182192802429,0.8242888450622559,-0.0334845595061779,0.23252544642764447,0.10509783758799696
2.0,0.307122528553009,0.7616206407546997,-4.253154202160658e-07,0.3427578210830688,0.6052321791648865,-0.0061502736061811,0.376468151807785,0.4682981967926025,-0.0367815122008323,0.3908828794956207,0.3464492559432983,-0.0687097236514091,0.3840282261371612,0.2419908046722412,-0.0971828773617744,0.4818963408470154,0.5323341488838196,-0.054711353033781,0.5961728692054749,0.512549638748169,-0.0783223435282707,0.5645684003829956,0.5370507836341858,-0.0873824134469032,0.5161037445068359,0.5482065677642822,-0.0903924033045768,0.5028179287910461,0.6270961761474609,-0.0647455006837844,0.6013880968093872,0.6015035510063171,-0.0670541822910308,0.5689398646354675,0.618566632270813,-0.0584604069590568,0.524833619594574,0.628200888633728,-0.0595981478691101,0.5123894214630127,0.7229542136192322,-0.0725707337260246,0.6005330681800842,0.6949774026870728,-0.0641711056232452,0.5705538392066956,0.7054751515388489,-0.0396636053919792,0.5270071029663086,0.7148987054824829,-0.0327030047774314,0.516209602355957,0.812063455581665,-0.0809094458818435,0.5836747884750366,0.7748469114303589,-0.0680543184280395,0.5536558628082275,0.776962399482727,-0.0400955602526664,0.5185907483100891,0.7868799567222595,-0.0244001820683479,0.23435126491122277,0.10848628851991635
2.0,0.4443632364273071,0.7048972845077515,-5.13205975494202e-07,0.480807900428772,0.538732647895813,-0.0061478354036808,0.5147973299026489,0.4046315550804138,-0.030163062736392,0.535337507724762,0.2856489419937134,-0.0539660453796386,0.5346964597702026,0.1884970963001251,-0.0736100822687149,0.6582028269767761,0.4833615720272064,-0.0396780148148536,0.7315051555633545,0.4875054657459259,-0.0350169166922569,0.7056220769882202,0.5073623061180115,-0.0226069763302803,0.6661460995674133,0.5119041204452515,-0.015356364659965,0.6783865690231323,0.5868331789970398,-0.0447522215545177,0.7260586023330688,0.5821953415870667,-0.0268232226371765,0.6927668452262878,0.591533362865448,-0.012781255878508,0.6532806158065796,0.5998743176460266,-0.0134524023160338,0.6791503429412842,0.6856729984283447,-0.0459615886211395,0.7233023643493652,0.6705000400543213,-0.0246880054473876,0.6932844519615173,0.6759828925132751,-0.0047307834029197,0.65286785364151,0.6830004453659058,-0.0034728271421045,0.6715782880783081,0.7743805646896362,-0.0475627481937408,0.7149877548217773,0.7535635232925415,-0.0296476650983095,0.6872002482414246,0.7486552000045776,-0.0059869582764804,0.6544404625892639,0.7527028322219849,0.0062674223445355,0.22135429326754913,0.09912002950690756
2.0,0.5181390047073364,0.6874686479568481,-6.911305945322965e-07,0.55165034532547,0.5196434855461121,-0.0049525592476129,0.5916577577590942,0.3870989680290222,-0.0262109413743019,0.6217731237411499,0.2659496665000915,-0.0464709848165512,0.6199495792388916,0.1682797074317932,-0.0627310425043106,0.7593201398849487,0.459107756614685,-0.0379863604903221,0.8186416625976562,0.4804189205169678,-0.0283118728548288,0.7830266952514648,0.4988376796245575,-0.0143220601603388,0.7411978244781494,0.496768981218338,-0.0076653161086142,0.784744918346405,0.5634962320327759,-0.0410269908607006,0.8050068616867065,0.5768498182296753,-0.0158130396157503,0.7653180360794067,0.587244987487793,-0.0015530590899288,0.7276674509048462,0.5908029079437256,-0.0043480764143168,0.7830305099487305,0.6668655872344971,-0.0391643717885017,0.7969146370887756,0.6660041809082031,-0.0121378833428025,0.762939453125,0.6723256707191467,0.006192740984261,0.7228981256484985,0.6733641624450684,0.004376315511763,0.7704342603683472,0.7572052478790283,-0.0379556939005851,0.7835503220558167,0.755037248134613,-0.0157217048108577,0.7510209083557129,0.752393901348114,0.005809074267745,0.7193687558174133,0.7514036297798157,0.0156511683017015,0.22364260273371173,0.09903098351003105
2.0,0.2794914245605469,0.7580350041389465,-3.18867478199536e-07,0.2778366208076477,0.6339012384414673,-0.0420906729996204,0.2570720613002777,0.5285537838935852,-0.0641899481415748,0.2341952621936798,0.4404002428054809,-0.0826677158474922,0.2248513102531433,0.375993549823761,-0.0895548835396766,0.1238650754094123,0.5709856748580933,-0.0186124462634325,0.0720137730240821,0.5482506155967712,-0.0651857778429985,0.1341345310211181,0.5710041522979736,-0.0837295278906822,0.1527475863695144,0.5798840522766113,-0.087200790643692,0.1132181361317634,0.6458739042282104,-0.0122142825275659,0.0712548941373825,0.6225588321685791,-0.0541930310428142,0.1537825316190719,0.6436418890953064,-0.0564136356115341,0.1474445760250091,0.6436383724212646,-0.0473741516470909,0.1039225608110427,0.7149624824523926,-0.0150217758491635,0.0684969872236251,0.6969004273414612,-0.0556866526603698,0.1389416754245758,0.7070333361625671,-0.0383920297026634,0.1306706815958023,0.7042571306228638,-0.0161946862936019,0.0939576998353004,0.7808250188827515,-0.0217817444354295,0.0669596493244171,0.7679600119590759,-0.0367339327931404,0.1158011108636856,0.7635281085968018,-0.0163289569318294,0.1233656257390976,0.765254020690918,0.0049713170155882,0.15797525681330873,0.06544436276356318
2.0,0.2721486687660217,0.7610594630241394,-3.4234619761264184e-07,0.2726860642433166,0.6431369781494141,-0.0388172306120395,0.2531362175941467,0.537621796131134,-0.0598173104226589,0.2289568185806274,0.4572275876998901,-0.0774999633431434,0.2236934602260589,0.3952135145664215,-0.0840789154171943,0.1245509088039398,0.5806942582130432,-0.0211529806256294,0.0675264745950698,0.5601743459701538,-0.0668454021215438,0.131157174706459,0.5837861895561218,-0.0844315439462661,0.152366355061531,0.5904556512832642,-0.0874085798859596,0.1135750487446785,0.6546757221221924,-0.0157004743814468,0.0686026811599731,0.6314710378646851,-0.0556929819285869,0.1499958485364914,0.653396487236023,-0.0564488023519516,0.1455693691968917,0.6518754363059998,-0.0471242293715477,0.1033693850040435,0.7213119268417358,-0.018614450469613,0.0659536868333816,0.7032685875892639,-0.0563666634261608,0.1346485763788223,0.7164736390113831,-0.0370592772960662,0.128736525774002,0.7125501036643982,-0.0142761850729584,0.0937534645199775,0.7856029272079468,-0.0252486187964677,0.063284546136856,0.7751572132110596,-0.0374774038791656,0.1112836599349975,0.7727609872817993,-0.0153279406949877,0.1216072440147399,0.773570716381073,0.0066634435206651,0.14743005153821723,0.06258379037869513
2.0,0.2434629797935485,0.760484516620636,-3.26696579122654e-07,0.2432526648044586,0.6428566575050354,-0.0393364392220974,0.2271729409694671,0.5396813750267029,-0.0597620829939842,0.2045740187168121,0.4561848640441894,-0.0770798176527023,0.1986536681652069,0.3942522704601288,-0.0833374634385109,0.0972863584756851,0.5783095359802246,-0.0158636793494224,0.0408568829298019,0.5592992901802063,-0.0617185868322849,0.102068081498146,0.5828940272331238,-0.0802711546421051,0.1260363161563873,0.5901947021484375,-0.0831679478287696,0.0858299881219863,0.6514456272125244,-0.0098449122160673,0.0397939532995224,0.6298511624336243,-0.0500476919114589,0.1210565865039825,0.6520913243293762,-0.0519211813807487,0.1205200552940368,0.6493356227874756,-0.0425433218479156,0.0757343024015426,0.7182446122169495,-0.0127485496923327,0.0375812202692031,0.7012700438499451,-0.0514388978481292,0.10681813955307,0.7148034572601318,-0.0333994925022125,0.1041058897972107,0.7102229595184326,-0.0104310577735304,0.0668050274252891,0.7835088968276978,-0.0193951837718486,0.0350105017423629,0.7714380621910095,-0.0319543853402137,0.0835562273859977,0.7691802978515625,-0.0100357271730899,0.0955901518464088,0.7691384553909302,0.0123982978984713,0.15006256008553076,0.06252883198559658
2.0,0.1883720755577087,0.7575662136077881,-2.7891891818399017e-07,0.1860605478286743,0.6382540464401245,-0.0383114926517009,0.1717180013656616,0.5381550788879395,-0.0590493120253086,0.1526978909969329,0.4544786810874939,-0.0776706933975219,0.1438842117786407,0.3944143652915954,-0.0861611887812614,0.0380879268050193,0.5804633498191833,-0.0085579119622707,-0.0060802772641181,0.5486916899681091,-0.056182213127613,0.0509609282016754,0.5769445896148682,-0.0799174606800079,0.0626660212874412,0.5912988185882568,-0.087652787566185,0.0225651524960994,0.6514500975608826,-0.0038971945177763,-0.0155969262123107,0.6188364624977112,-0.0519268028438091,0.0603544451296329,0.6431288719177246,-0.0627970546483993,0.0566593185067176,0.6510536670684814,-0.0587793849408626,0.0112640112638473,0.7190214395523071,-0.0082584852352738,-0.021157182753086,0.6889040470123291,-0.0538832023739814,0.0468081682920455,0.7060756683349609,-0.0422457717359066,0.0387028194963932,0.7120792865753174,-0.022500080987811,0.0005802437663078,0.7841297388076782,-0.0158291570842266,-0.0251233354210853,0.7578696608543396,-0.0345287956297397,0.0238065868616104,0.7619999647140503,-0.0180267803370952,0.0301740393042564,0.7694590091705322,0.0007584849372506,0.14889985375812406,0.06129838077187422
2.0,0.3650115132331848,0.7571483254432678,-3.782439534916193e-07,0.3692910671234131,0.6430959701538086,-0.0413674153387546,0.3464468419551849,0.5313707590103149,-0.0623158439993858,0.3236768245697021,0.4463071227073669,-0.0789612084627151,0.3160364627838135,0.3843212723731994,-0.0856685265898704,0.2242464423179626,0.5694655776023865,-0.0285105109214782,0.1841730177402496,0.5452294945716858,-0.0710391476750373,0.2431063652038574,0.5782255530357361,-0.0871491953730583,0.2559794187545776,0.5884352922439575,-0.0916630327701568,0.2100178897380828,0.6393473148345947,-0.023140175268054,0.1786669790744781,0.6133366227149963,-0.0626486986875534,0.2551178336143493,0.6404824256896973,-0.0636812597513198,0.2490088045597076,0.6404227018356323,-0.056226048618555,0.1999918967485427,0.7053395509719849,-0.0254295580089092,0.1720812022686004,0.6848975419998169,-0.0650316253304481,0.2405453771352768,0.7004098892211914,-0.0470762848854064,0.2355104833841323,0.6983740329742432,-0.0262635573744773,0.1916329264640808,0.7700629234313965,-0.0313554480671882,0.1690857261419296,0.7556530237197876,-0.0480746664106845,0.2179796695709228,0.7550013065338135,-0.0284655597060918,0.2268430888652801,0.7580488920211792,-0.0088428482413291,0.15196608327438635,0.06281408191104877
2.0,0.4067544341087341,0.7466905117034912,-4.065429095589934e-07,0.4095612466335296,0.6402184963226318,-0.036288920789957,0.3842950165271759,0.5299299955368042,-0.0544187761843204,0.3599487543106079,0.4482797980308532,-0.0692701339721679,0.3507775068283081,0.391024649143219,-0.0753057897090911,0.2694598138332367,0.56833815574646,-0.0252389330416917,0.2343740463256836,0.5444445610046387,-0.0612270347774028,0.2900631427764892,0.5773968696594238,-0.0735134035348892,0.3004882633686065,0.5876999497413635,-0.0774279758334159,0.254988819360733,0.6342647075653076,-0.022014632821083,0.2273958921432495,0.6094167232513428,-0.0566840432584285,0.300322026014328,0.6363751292228699,-0.0561335533857345,0.2944853603839874,0.6377056241035461,-0.0491831935942173,0.2466367781162262,0.69813472032547,-0.025368969887495,0.2214431166648864,0.6786985397338867,-0.0610595345497131,0.2867085635662079,0.6952356696128845,-0.0427018776535987,0.2819373607635498,0.6955665349960327,-0.0232981350272893,0.2407001107931137,0.7620203495025635,-0.0319136306643486,0.2196262180805206,0.7491394281387329,-0.0478377565741539,0.2663114070892334,0.7469253540039062,-0.028909208253026,0.2752450406551361,0.7484833598136902,-0.0106930248439311,0.14441047762236486,0.05829831039319584
2.0,0.4732177853584289,0.7204232215881348,-3.512849957587605e-07,0.4752180278301239,0.6171867251396179,-0.0313836298882961,0.4537836611270904,0.5135483145713806,-0.0491184294223785,0.4311833083629608,0.4353151321411133,-0.0653347373008728,0.421497106552124,0.3769766688346863,-0.0741018205881118,0.3483416140079498,0.5474697351455688,-0.0185902081429958,0.3161856234073639,0.5211533308029175,-0.0514866895973682,0.3694207370281219,0.5513145327568054,-0.062635451555252,0.3802641928195953,0.5633276104927063,-0.066480316221714,0.3320245444774627,0.6079977750778198,-0.0177359953522682,0.3099607527256012,0.5830726623535156,-0.0493437722325325,0.3779969811439514,0.6090185046195984,-0.0488619245588779,0.3713733553886413,0.6119351387023926,-0.0430525168776512,0.3239250779151916,0.6694052815437317,-0.0231874138116836,0.3052868545055389,0.647133469581604,-0.0568560734391212,0.3653607070446014,0.6643289923667908,-0.0392317734658718,0.3596386909484863,0.6681486964225769,-0.0213309898972511,0.3185544908046722,0.7329789400100708,-0.0314635373651981,0.3040348589420318,0.7154581546783447,-0.0488447472453117,0.3485630750656128,0.7140144109725952,-0.0320289880037307,0.3550742268562317,0.7173981666564941,-0.0156146818771958,0.14254264575800277,0.05978344717261604
2.0,0.5623098015785217,0.7232868075370789,-3.791593030655349e-07,0.5656169652938843,0.6213390827178955,-0.0305710695683956,0.5395458340644836,0.5108084082603455,-0.0468960851430892,0.5189569592475891,0.4310420155525207,-0.0615451857447624,0.5106397867202759,0.3741211891174316,-0.0693879723548889,0.4367667138576507,0.5383504033088684,-0.021689174696803,0.4184231758117676,0.5124808549880981,-0.0512926913797855,0.4684192538261413,0.5468610525131226,-0.0606128349900245,0.4741407334804535,0.5615441203117371,-0.0648541525006294,0.415581613779068,0.597224771976471,-0.0217258464545011,0.408501386642456,0.574207603931427,-0.0509277321398258,0.4713149964809418,0.6015745997428894,-0.0506307482719421,0.463273137807846,0.6069815754890442,-0.0463956892490386,0.4067364633083343,0.6598936319351196,-0.0273892451077699,0.4015811383724212,0.6403424143791199,-0.0590916872024536,0.4585368633270263,0.6564871668815613,-0.0441628955304622,0.4517433047294616,0.6630791425704956,-0.0296000689268112,0.4029454290866852,0.7231779098510742,-0.0358607769012451,0.4007883071899414,0.7043748497962952,-0.0539996437728405,0.443734347820282,0.7038859724998474,-0.0404677540063858,0.4468214213848114,0.7093939185142517,-0.0270728264003992,0.14150915320373048,0.05805742969435189
2.0,0.6438411474227905,0.7418065071105957,-3.222328075480619e-07,0.6557061672210693,0.6469245553016663,-0.0253681372851133,0.6290605068206787,0.5386757850646973,-0.0408110804855823,0.6110215187072754,0.457085371017456,-0.0571584515273571,0.60496586561203,0.3925516605377197,-0.0675337985157966,0.5195931792259216,0.5424354076385498,-0.0156388860195875,0.4944990873336792,0.5003950595855713,-0.0524311698973178,0.5282347202301025,0.5188460946083069,-0.0644848197698593,0.5518527626991272,0.5443192720413208,-0.0657195076346397,0.4903830885887146,0.5988966822624207,-0.0171569213271141,0.5154799818992615,0.5873894095420837,-0.050115168094635,0.576736569404602,0.617960512638092,-0.0488915182650089,0.5749776363372803,0.6245005130767822,-0.0408139936625957,0.4805072546005249,0.6648831367492676,-0.0255927722901105,0.5184317827224731,0.6581048369407654,-0.0608407258987426,0.5683086514472961,0.6785527467727661,-0.0474348030984401,0.5601834058761597,0.6838783025741577,-0.0315686725080013,0.4798363447189331,0.7331362962722778,-0.0368400067090988,0.5127374529838562,0.7251556515693665,-0.0587910152971744,0.5542479753494263,0.7286511063575745,-0.0492021441459655,0.5518251657485962,0.7306981682777405,-0.036337599158287,0.1504889203983851,0.06564235330808074
2.0,0.7317683696746826,0.7571583986282349,-2.396218690137175e-07,0.7513691782951355,0.6564359068870544,-0.0111614363268017,0.7352521419525146,0.5429527759552002,-0.0194412041455507,0.7148697972297668,0.4634117484092712,-0.0308399330824613,0.7064310312271118,0.401266485452652,-0.041219275444746,0.619573712348938,0.5485811829566956,-0.0057780849747359,0.5954276323318481,0.5138496160507202,-0.0253839492797851,0.6025251746177673,0.5133875608444214,-0.0368500426411628,0.6096484661102295,0.5168934464454651,-0.0437710620462894,0.5856791734695435,0.6010736227035522,-0.0117945792153477,0.6231949925422668,0.593705415725708,-0.030771791934967,0.6682767271995544,0.6212250590324402,-0.0353477634489536,0.6714253425598145,0.6343403458595276,-0.0367471054196357,0.575599730014801,0.6642038226127625,-0.0208389014005661,0.6221640110015869,0.6545308232307434,-0.0417097806930542,0.6622242331504822,0.6735185384750366,-0.0348943993449211,0.6627391576766968,0.6831251978874207,-0.0286221150308847,0.5753383040428162,0.7302945256233215,-0.0317324623465538,0.6204932928085327,0.7209202647209167,-0.0444365963339805,0.6548770070075989,0.7252624034881592,-0.0382474102079868,0.656713604927063,0.7276915311813354,-0.0314037874341011,0.14621882823128918,0.06356868118396379
2.0,0.7996714115142822,0.7594218254089355,-5.66284938940953e-07,0.8243840336799622,0.6438190937042236,-0.0153982453048229,0.8080121874809265,0.5243730545043945,-0.0241255201399326,0.7925410866737366,0.4452388882637024,-0.0341690145432949,0.787241518497467,0.3863490223884582,-0.0396041311323642,0.6825091242790222,0.5330022573471069,-0.0123939756304025,0.7215767502784729,0.5056030750274658,-0.0414695106446743,0.7601062059402466,0.5550298094749451,-0.057659275829792,0.7519160509109497,0.5782382488250732,-0.0676658079028129,0.6527848839759827,0.5877777338027954,-0.0189007520675659,0.7252994179725647,0.5716063380241394,-0.0440687909722328,0.766193687915802,0.6128504276275635,-0.0505606830120086,0.7477815747261047,0.6267369389533997,-0.0540324077010154,0.645591676235199,0.6497509479522705,-0.029243865981698,0.7176007032394409,0.6370089054107666,-0.0530709140002727,0.7559553384780884,0.6641921401023865,-0.048425231128931,0.7383506894111633,0.6758309006690979,-0.044304147362709,0.6499309539794922,0.7093089818954468,-0.0417934246361255,0.7104846835136414,0.6998040080070496,-0.0544599220156669,0.7406807541847229,0.711968183517456,-0.0499585270881652,0.7301416993141174,0.7218932509422302,-0.0450176782906055,0.1404337620724322,0.05937711864006164
2.0,0.4624464809894562,0.6114798784255981,-2.554704678914277e-07,0.496433675289154,0.4809653460979461,-0.0126653984189033,0.5032024383544922,0.3791518211364746,-0.0565183758735656,0.5021697282791138,0.2966543436050415,-0.0981426239013671,0.4802494347095489,0.2033586204051971,-0.1347355097532272,0.433891624212265,0.3831710517406463,-0.1530094295740127,0.5426880121231079,0.3682737052440643,-0.2071907222270965,0.5463562607765198,0.4180026054382324,-0.1997826397418975,0.5145693421363831,0.4399252533912658,-0.1891352087259292,0.4252959191799164,0.4556649029254913,-0.1773682981729507,0.5477190017700195,0.4377632439136505,-0.2215672433376312,0.5364421606063843,0.4949130117893219,-0.1794091910123825,0.5003896355628967,0.5082487463951111,-0.1517636775970459,0.4284946024417877,0.5324962139129639,-0.2005167603492736,0.5390979647636414,0.517803966999054,-0.237644761800766,0.5275952816009521,0.5594483613967896,-0.1822837442159652,0.4962273836135864,0.570643424987793,-0.147723987698555,0.4379475712776184,0.5996334552764893,-0.2258263528347015,0.5159614682197571,0.5983582735061646,-0.2574890553951263,0.5129725337028503,0.6056208610534668,-0.2399624288082122,0.4910464584827423,0.6098429560661316,-0.2272655069828033,0.19377308851339733,0.10258474805021045
2.0,0.4233006238937378,0.6383528113365173,-5.510908067662967e-07,0.4656176567077636,0.4998892247676849,-0.0186604857444763,0.4908004105091095,0.3657568097114563,-0.0403526611626148,0.4878435730934143,0.2692893147468567,-0.0616485513746738,0.4709500074386596,0.1836571246385574,-0.0775893032550811,0.4489426910877228,0.374680608510971,-0.0696556717157363,0.5741087794303894,0.3735153079032898,-0.1146520748734474,0.556360125541687,0.4253306090831756,-0.1313491016626358,0.5168513059616089,0.4296973645687103,-0.1422988474369049,0.4404505789279938,0.4545838534832001,-0.0842959433794021,0.5839105248451233,0.4476363956928253,-0.1228154078125953,0.5540584325790405,0.4869678914546966,-0.1213902309536933,0.5150465369224548,0.4891955852508545,-0.1257566809654235,0.4438419938087463,0.5334866642951965,-0.1009054630994796,0.5797966718673706,0.5234542489051819,-0.1324581503868103,0.5476178526878357,0.5545764565467834,-0.1168359518051147,0.5122200846672058,0.5539245009422302,-0.1101604849100112,0.4557782113552093,0.6062557697296143,-0.119818240404129,0.568158745765686,0.5913777351379395,-0.137280985713005,0.545093834400177,0.6046385765075684,-0.1298302710056305,0.5084381103515625,0.6042018532752991,-0.1284259855747223,0.18692485474123205,0.08872638904964028
2.0,0.4204210340976715,0.5891213417053223,-2.807463772569463e-07,0.4446247220039367,0.4810336530208587,-0.0159082561731338,0.4825282394886017,0.3510374426841736,-0.0407434403896331,0.4919399321079254,0.2544102668762207,-0.0635718926787376,0.4819577038288116,0.171875923871994,-0.0814926028251648,0.4864565730094909,0.3666554689407348,-0.0814680531620979,0.6100577712059021,0.3606400787830353,-0.1187146678566932,0.5960578322410583,0.3981422483921051,-0.1293483078479766,0.5590372085571289,0.4075149893760681,-0.1333517730236053,0.4851655066013336,0.4419169425964355,-0.0927965119481086,0.6223167777061462,0.4384707510471344,-0.1207707896828651,0.5971870422363281,0.4664492905139923,-0.1131588369607925,0.555698037147522,0.471396803855896,-0.1107542887330055,0.491770327091217,0.5224536061286926,-0.1031111478805542,0.6216760873794556,0.5124954581260681,-0.1226148530840873,0.5936450958251953,0.5303179621696472,-0.1004026234149932,0.5536304116249084,0.5338213443756104,-0.0881960913538932,0.5033787488937378,0.5985302925109863,-0.1142085194587707,0.6116740703582764,0.5795860886573792,-0.1219170242547988,0.590636134147644,0.584497332572937,-0.1042270213365554,0.5515298843383789,0.5878387689590454,-0.0940008834004402,0.18373804606891686,0.08504536735594682
2.0,0.3907169103622436,0.6064213514328003,-4.030247851005697e-07,0.403678834438324,0.486268013715744,-0.012252751737833,0.4288052320480346,0.3639878034591675,-0.0356263108551502,0.4407987296581268,0.2650844752788543,-0.0585424862802028,0.437103807926178,0.1873411238193512,-0.0766290202736854,0.4924338757991791,0.3831868469715118,-0.0527866259217262,0.5942935943603516,0.3752210736274719,-0.0793414562940597,0.5715707540512085,0.4029015302658081,-0.087614856660366,0.5370778441429138,0.4112017154693603,-0.0903832837939262,0.5074667930603027,0.4600633978843689,-0.0617954768240451,0.6026153564453125,0.4466937482357025,-0.0756885558366775,0.5731185078620911,0.4668545722961426,-0.0680603310465812,0.5360407829284668,0.4739358127117157,-0.0657797530293464,0.5205162167549133,0.53937828540802,-0.0705886781215667,0.6080808639526367,0.5158470273017883,-0.0800608769059181,0.5791087746620178,0.5340287685394287,-0.0570607781410217,0.5424841046333313,0.5466410517692566,-0.0440902896225452,0.5315080881118774,0.6161359548568726,-0.0801180079579353,0.6034004092216492,0.5836496949195862,-0.081315279006958,0.5783207416534424,0.5947661399841309,-0.0588439293205738,0.5473943948745728,0.6061519384384155,-0.0437765307724475,0.1815327462719551,0.07990496764693954
2.0,0.3585127592086792,0.6325409412384033,-4.890168838755926e-07,0.369430661201477,0.4975117444992065,-0.0099328085780143,0.3845758736133575,0.3816856443881988,-0.0316631197929382,0.3977208733558655,0.28042933344841,-0.0527094490826129,0.3968296349048614,0.2028530240058899,-0.0691884979605674,0.4861033856868744,0.4033421277999878,-0.0378383807837963,0.556896984577179,0.3967817425727844,-0.0479049123823642,0.5311704277992249,0.4219657480716705,-0.0481819808483123,0.4991863071918487,0.4309668838977813,-0.0483515225350856,0.5101569890975952,0.4785139262676239,-0.0433154143393039,0.5691311955451965,0.4610947966575622,-0.0424919426441192,0.5391024351119995,0.4787130951881408,-0.0347388759255409,0.5072830319404602,0.4917296767234802,-0.0351996347308158,0.5242632627487183,0.5549685955047607,-0.0472686924040317,0.5802730321884155,0.5287855267524719,-0.0439207144081592,0.5543424487113953,0.5428030490875244,-0.025656359270215,0.5223342776298523,0.55994713306427,-0.0191824212670326,0.5327016115188599,0.6268203854560852,-0.0516995675861835,0.5801723003387451,0.5926610231399536,-0.0464713834226131,0.5554362535476685,0.5998572707176208,-0.0264117065817117,0.5299567580223083,0.6148286461830139,-0.0137648833915591,0.18313769351287504,0.07931227612810134
2.0,0.3184729516506195,0.6585698127746582,-5.269546932140656e-07,0.3223236799240112,0.5204125046730042,-0.0094788447022438,0.3364897966384887,0.4125769138336181,-0.0277682598680257,0.3526954054832458,0.3150016665458679,-0.045041661709547,0.3535019755363464,0.2386381775140762,-0.058747686445713,0.4780792593955993,0.4335664808750152,-0.0187558140605688,0.5053011775016785,0.4327928423881531,-0.0156671795994043,0.4780622124671936,0.4526717066764831,-0.0150377508252859,0.4488650858402252,0.4671081900596618,-0.0166502203792333,0.5076097249984741,0.5081775784492493,-0.0186093524098396,0.5191115736961365,0.4960638880729675,-0.0038846989627927,0.4903251826763153,0.5055208802223206,-0.0007637353264726,0.4632570743560791,0.5225086808204651,-0.0070493351668119,0.515373945236206,0.5845057368278503,-0.0161980800330638,0.528353214263916,0.5634997487068176,-0.0015882463194429,0.5042620301246643,0.570031464099884,0.008151308633387,0.4747248291969299,0.5864173173904419,0.0066931690089404,0.5135597586631775,0.6526674032211304,-0.0145538998767733,0.5322550535202026,0.6320726275444031,-0.001641153008677,0.5102362036705017,0.6346040964126587,0.0140830306336283,0.4864442050457001,0.6463708877563477,0.0230470802634954,0.17749316351446937,0.07758793802149615
2.0,0.4344959855079651,0.7207966446876526,-3.894800499892881e-07,0.4610021114349365,0.5955666303634644,-0.0070990705862641,0.4991036653518677,0.4792196154594421,-0.0291405543684959,0.5208210945129395,0.3832398056983948,-0.0506527051329612,0.5221805572509766,0.3041407167911529,-0.0673676505684852,0.5750944018363953,0.5017896890640259,-0.053739994764328,0.6823912262916565,0.5212521553039551,-0.0732782557606697,0.6580460071563721,0.54966801404953,-0.0747625455260276,0.6217671632766724,0.5498117804527283,-0.0739635676145553,0.5873932242393494,0.5819341540336609,-0.0646863058209419,0.6879891157150269,0.595234215259552,-0.0708995535969734,0.6547471880912781,0.6147146224975586,-0.0586116909980773,0.6133949160575867,0.614130437374115,-0.0544474720954895,0.5945723056793213,0.6676454544067383,-0.0739949196577072,0.6841802000999451,0.6690551042556763,-0.0748962759971618,0.6507313847541809,0.6835342645645142,-0.04919458553195,0.6106269359588623,0.6873392462730408,-0.0373586826026439,0.5970377326011658,0.7516605854034424,-0.0837397724390029,0.6641567945480347,0.739071249961853,-0.0804336071014404,0.6342659592628479,0.7478393316268921,-0.0563775673508644,0.6032009124755859,0.7523621916770935,-0.0413579307496547,0.18068335446993303,0.08085730273639118
2.0,0.4222394824028015,0.7161214351654053,-3.5565244616009295e-07,0.4492554366588592,0.5942838191986084,-0.0087276799604296,0.4891089797019958,0.4767268300056457,-0.0315976813435554,0.5112205743789673,0.3800117969512939,-0.0537630207836627,0.5119712948799133,0.3005292117595672,-0.0710225105285644,0.5590108036994934,0.4988370239734649,-0.0551865436136722,0.6678346395492554,0.5153205990791321,-0.0768030881881713,0.6458553671836853,0.5477526783943176,-0.0797270312905311,0.6102594137191772,0.5503432154655457,-0.079486533999443,0.5701761245727539,0.5783698558807373,-0.0659365728497505,0.673850417137146,0.5900298357009888,-0.0749333575367927,0.6413144469261169,0.6123033761978149,-0.0635305717587471,0.5995392799377441,0.6113304495811462,-0.0588977485895156,0.576659619808197,0.6639028787612915,-0.0752861574292182,0.6692579984664917,0.6629411578178406,-0.0788148716092109,0.6355904936790466,0.6799959540367126,-0.0530773438513278,0.595170259475708,0.6836620569229126,-0.0400263518095016,0.5789938569068909,0.7481347918510437,-0.0851515531539917,0.6477534770965576,0.735108494758606,-0.0835371389985084,0.6187872290611267,0.7446793913841248,-0.0594782941043376,0.5877506732940674,0.7484027743339539,-0.043807003647089,0.1819961628363422,0.08133839755174058
2.0,0.4068280458450317,0.719722330570221,-3.6665167613136873e-07,0.4354732930660248,0.598448634147644,-0.0075554265640676,0.4779447913169861,0.4781180918216705,-0.0295667331665754,0.5003392696380615,0.3813263773918152,-0.0511731505393981,0.4989917576313019,0.3022792041301727,-0.0676535218954086,0.5460831522941589,0.4979546964168548,-0.0549592077732086,0.6580841541290283,0.5211670398712158,-0.0784504488110542,0.6297089457511902,0.5494131445884705,-0.0824675038456916,0.5895116925239563,0.5483704805374146,-0.0827826634049415,0.5548115968704224,0.5802590250968933,-0.0668283849954605,0.663304328918457,0.5938012003898621,-0.0772460922598838,0.6288033127784729,0.6133593916893005,-0.0659479051828384,0.5857121348381042,0.6123182773590088,-0.0612361915409565,0.5598210692405701,0.6678323745727539,-0.0774444118142128,0.6566377878189087,0.668132483959198,-0.0820554196834564,0.6217502355575562,0.6845101118087769,-0.0562350079417228,0.5801982879638672,0.688999354839325,-0.0429540611803531,0.5614231824874878,0.7534403800964355,-0.0885379388928413,0.6329138875007629,0.7423496246337891,-0.0878982692956924,0.6025601625442505,0.7517537474632263,-0.0646255910396575,0.5700557827949524,0.7560889720916748,-0.0495324805378913,0.18114329325507442,0.0807581205161221
2.0,0.3864568471908569,0.7240192890167236,-3.621365465278359e-07,0.4145667254924774,0.603385865688324,-0.0075606554746627,0.4571777880191803,0.484329342842102,-0.030151329934597,0.4791524708271026,0.3878625035285949,-0.0528506934642791,0.4783297181129455,0.3075158894062042,-0.0705831870436668,0.5202206969261169,0.5036553740501404,-0.0560270622372627,0.6332603693008423,0.5208131074905396,-0.0824011415243148,0.6079460382461548,0.5525017380714417,-0.0887051522731781,0.5700823664665222,0.5544028282165527,-0.0903553888201713,0.5273867845535278,0.5830326080322266,-0.0687581226229667,0.6388134360313416,0.5944187641143799,-0.0819646567106247,0.6049767732620239,0.6168317198753357,-0.0716766566038131,0.5629071593284607,0.6155809760093689,-0.0675614401698112,0.5315314531326294,0.6684192419052124,-0.0804338827729225,0.6329554915428162,0.6699792146682739,-0.0876211896538734,0.5974103212356567,0.6873744130134583,-0.0617116242647171,0.555817723274231,0.6899428963661194,-0.0479746349155902,0.5325140953063965,0.753092885017395,-0.0926369801163673,0.6091659069061279,0.7445690631866455,-0.0928535908460617,0.5790972113609314,0.7523975372314453,-0.069364033639431,0.5455679893493652,0.7530207633972168,-0.0542233511805534,0.1826065073646286,0.08228424303294057
2.0,0.3717659115791321,0.7243906855583191,-3.6719873719448525e-07,0.3988211452960968,0.6038280725479126,-0.0078809447586536,0.4404388070106506,0.4816911816596985,-0.0306190643459558,0.4604304134845733,0.3843019008636474,-0.0533306449651718,0.4576008021831512,0.3046969473361969,-0.0709594115614891,0.5021803975105286,0.5048247575759888,-0.0587140843272209,0.6165485978126526,0.5209740996360779,-0.0855772122740745,0.5904262065887451,0.5492854118347168,-0.0914787277579307,0.5518698692321777,0.5510178804397583,-0.0925062224268913,0.5099250078201294,0.5868810415267944,-0.0711479038000106,0.622698962688446,0.5946972370147705,-0.0848864689469337,0.5882250666618347,0.6131895780563354,-0.0736848562955856,0.5454180836677551,0.6131807565689087,-0.068791463971138,0.5145930051803589,0.6734383702278137,-0.0824692323803901,0.6164236664772034,0.6710373163223267,-0.0904024094343185,0.580718457698822,0.6858953833580017,-0.0642683357000351,0.5388972759246826,0.6897464394569397,-0.0500342696905136,0.5160181522369385,0.7580456733703613,-0.0942684486508369,0.5974856615066528,0.7485486268997192,-0.0950969234108924,0.5675376057624817,0.7544355392456055,-0.0716997385025024,0.5318548679351807,0.7551162838935852,-0.056497398763895,0.18234263537509077,0.08158264973590969
2.0,0.3704977035522461,0.7342644929885864,-3.723999100202491e-07,0.3940860331058502,0.6108015179634094,-0.0088875442743301,0.4289936125278473,0.4877361059188843,-0.0327458530664444,0.4445719420909881,0.3869984447956085,-0.0562031976878643,0.4401246011257171,0.3065562546253204,-0.0748669952154159,0.4926036298274994,0.5111275315284729,-0.0581716001033782,0.6040253043174744,0.5212705135345459,-0.0845972001552581,0.5785747170448303,0.5485014319419861,-0.0907990857958793,0.5409572124481201,0.5513951182365417,-0.0919970348477363,0.5034339427947998,0.5922610759735107,-0.0692695677280426,0.6103639006614685,0.5940273404121399,-0.0816564857959747,0.5769953727722168,0.6112667918205261,-0.070884495973587,0.5357126593589783,0.6134700179100037,-0.0666896179318428,0.5114657878875732,0.6772022843360901,-0.0793146342039108,0.6076584458351135,0.6669023036956787,-0.085498422384262,0.5740447640419006,0.6808573007583618,-0.0596781261265277,0.5342720746994019,0.6875051259994507,-0.0461454279720783,0.5166059732437134,0.7592486143112183,-0.0898532792925834,0.5909523963928223,0.7387018203735352,-0.0886054933071136,0.5621351599693298,0.746845006942749,-0.0643652230501174,0.5300707221031189,0.7527204751968384,-0.048813734203577,0.18634438021538965,0.08269862235372256
2.0,0.3666130900382995,0.7233462929725647,-4.385898932923738e-07,0.3909934759140014,0.590643584728241,-0.0032230967190116,0.4216216206550598,0.4730504751205444,-0.0226301159709692,0.4383699297904968,0.3732854425907135,-0.0417200028896331,0.433014452457428,0.2943800389766693,-0.0564692094922065,0.5183233022689819,0.4969256520271301,-0.0423021055757999,0.6023803949356079,0.5195204615592957,-0.0504080802202224,0.575389564037323,0.5461321473121643,-0.0463264621794223,0.5403248071670532,0.5434281826019287,-0.0437705852091312,0.5349280834197998,0.5737258791923523,-0.0511060915887355,0.6064721345901489,0.5872320532798767,-0.0458820946514606,0.5744588971138,0.6084702610969543,-0.0325712449848651,0.5379175543785095,0.6106531620025635,-0.0299989506602287,0.5426128506660461,0.6560474038124084,-0.0571774244308471,0.5990166068077087,0.6597647666931152,-0.0471461452543735,0.5704057812690735,0.6769578456878662,-0.0251338500529527,0.5351287126541138,0.6820230484008789,-0.0186587199568748,0.5427694916725159,0.7343123555183411,-0.0635329261422157,0.5853903889656067,0.7264907956123352,-0.0538338907063007,0.5573639869689941,0.7370518445968628,-0.0322768166661262,0.5302057266235352,0.7424753904342651,-0.0199647974222898,0.18220319870589163,0.08045050001314863
2.0,0.3594605326652527,0.6839142441749573,-4.215635840409959e-07,0.3865615129470825,0.5656143426895142,0.0003167011309415,0.4304358065128326,0.4506177306175232,-0.015065717510879,0.4577325284481048,0.3598664402961731,-0.0322958119213581,0.4576196670532226,0.2854160070419311,-0.044935654848814,0.5028569102287292,0.4501881301403045,-0.0322854444384574,0.6031852960586548,0.4961582720279693,-0.0519676022231578,0.5762469172477722,0.5283419489860535,-0.0584649704396724,0.5382291078567505,0.5224589705467224,-0.0623045265674591,0.5093540549278259,0.5195437669754028,-0.0476410575211048,0.6023961305618286,0.5637029409408569,-0.0537832081317901,0.5713569521903992,0.5897562503814697,-0.0458931736648082,0.5349119305610657,0.5822386741638184,-0.0455734729766845,0.5117210149765015,0.5999606847763062,-0.0623655579984188,0.5950604677200317,0.6360547542572021,-0.0659626498818397,0.5623126029968262,0.6561264395713806,-0.04616130143404,0.5259379744529724,0.6493026614189148,-0.0382677465677261,0.5117068290710449,0.683792233467102,-0.077300377190113,0.5794475674629211,0.705863893032074,-0.0772477090358734,0.5454959273338318,0.7161739468574524,-0.0588539689779281,0.5104371309280396,0.7070263624191284,-0.0480631105601787,0.17006700121657312,0.07551586176870098
2.0,0.3178268074989319,0.6411449909210205,-4.2333067540312186e-07,0.3674399852752685,0.5460482239723206,0.0076365768909454,0.4399945139884949,0.4555492997169494,-0.0005644198390655,0.483241319656372,0.3804958760738373,-0.0114553924649953,0.4927211701869964,0.3109776973724365,-0.0176308546215295,0.4837569296360016,0.4046287834644317,-0.0321487113833427,0.5884683728218079,0.4923172295093536,-0.0561355277895927,0.5574935078620911,0.5296280980110168,-0.0604300387203693,0.5232334136962891,0.5154462456703186,-0.0625781863927841,0.4723900854587555,0.4464964270591736,-0.0510812141001224,0.575374960899353,0.5602115392684937,-0.0673844367265701,0.5405378937721252,0.5859780311584473,-0.0600767880678176,0.5129004120826721,0.5651292204856873,-0.058863315731287,0.457082599401474,0.5106420516967773,-0.0688575431704521,0.5567205548286438,0.6194614171981812,-0.0822721198201179,0.5233969688415527,0.6386842727661133,-0.0678712800145149,0.4973412156105041,0.6155091524124146,-0.061553306877613,0.4432539939880371,0.5837863087654114,-0.0859942063689231,0.5280939936637878,0.6735720038414001,-0.0903003141283989,0.502536952495575,0.6884397268295288,-0.0794483423233032,0.4761360585689544,0.6660925149917603,-0.073719248175621,0.15482994437291203,0.0704328124448375
2.0,0.2945036888122558,0.599531888961792,-5.032089234191517e-07,0.4039221107959747,0.6163795590400696,-0.0158127471804618,0.4905261993408203,0.5832071900367737,-0.027507958933711,0.5412273406982422,0.5650490522384644,-0.0395413376390934,0.5852404832839966,0.5605047941207886,-0.0442228019237518,0.4800353944301605,0.3808798491954803,-0.0199779048562049,0.532672643661499,0.4484375715255737,-0.0555847026407718,0.489324152469635,0.5054921507835388,-0.0701469779014587,0.4619249701499939,0.4861398041248321,-0.0798958241939544,0.4336944222450256,0.3425262868404388,-0.0307637024670839,0.4870849251747131,0.446723610162735,-0.0709713548421859,0.444383293390274,0.5127878189086914,-0.0787938684225082,0.4222668409347534,0.4816337823867798,-0.080243244767189,0.382535308599472,0.3354978561401367,-0.0451662540435791,0.4290116429328918,0.4440286159515381,-0.0845613926649093,0.3989554643630981,0.507658839225769,-0.0791238099336624,0.380463033914566,0.4756956100463867,-0.071293257176876,0.3352954983711242,0.3484202027320862,-0.0613818690180778,0.3746448159217834,0.4438706636428833,-0.0896269381046295,0.3604209125041961,0.4968859851360321,-0.0884084478020668,0.3444553911685943,0.475899875164032,-0.0829278156161308,0.09882095091313618,0.04449407949337239
2.0,0.2889779210090637,0.5920535922050476,-4.674191700360098e-07,0.3929548263549804,0.6205520033836365,-0.0206915941089391,0.492174357175827,0.6072776317596436,-0.0339195057749748,0.5507190823554993,0.6026427149772644,-0.0452940016984939,0.5918417572975159,0.6219694018363953,-0.0477831475436687,0.4884371161460876,0.3982112109661102,-0.0232253018766641,0.5402511954307556,0.4639516770839691,-0.060166135430336,0.4867250323295593,0.5145279765129089,-0.07590813934803,0.4622619152069092,0.4907126724720001,-0.0858933255076408,0.446599006652832,0.3511719405651092,-0.0307458229362964,0.4966703355312347,0.4444698095321655,-0.0723327100276947,0.4450952112674713,0.505005955696106,-0.0818245485424995,0.4279281795024872,0.4690284132957458,-0.0836295485496521,0.3986758589744568,0.3323250412940979,-0.0414201989769935,0.438140332698822,0.4250048995018005,-0.0792418718338012,0.4014450311660766,0.4877343475818634,-0.0720787346363067,0.3866606950759887,0.4517514109611511,-0.0625773668289184,0.3546028733253479,0.3314040899276733,-0.0542121976613998,0.3807352781295776,0.4102363586425781,-0.0767826288938522,0.3653419613838196,0.4650825560092926,-0.0707198604941368,0.3517751097679138,0.4413962662220001,-0.0620694011449813,0.10169385093551936,0.04550594539591736
2.0,0.2861832678318023,0.5660629868507385,-4.286080468318687e-07,0.3815157413482666,0.6131153702735901,-0.0231382120400667,0.4779219627380371,0.6318349838256836,-0.0405254811048507,0.5350807905197144,0.647193431854248,-0.0561224445700645,0.5722708702087402,0.6795230507850647,-0.0637503117322921,0.4958349466323852,0.4295840561389923,-0.0275925304740667,0.5362036228179932,0.4829849004745483,-0.0617496669292449,0.4815006554126739,0.5297356843948364,-0.0748400837182998,0.4605430364608764,0.508767306804657,-0.0831030309200286,0.4597420990467071,0.3726245760917663,-0.0335464924573898,0.4930751323699951,0.449834793806076,-0.0688201114535331,0.4398423433303833,0.5115435719490051,-0.0750408619642257,0.4316786825656891,0.4775424599647522,-0.075968399643898,0.4159081578254699,0.3419355154037475,-0.0425068326294422,0.4419258236885071,0.4149381816387176,-0.0760304480791091,0.4012846350669861,0.4779097437858581,-0.0663939416408538,0.3932593464851379,0.4439238309860229,-0.0564803145825862,0.3736206591129303,0.3254858255386352,-0.0535958968102932,0.391105979681015,0.3850043416023254,-0.0732541978359222,0.372248888015747,0.4386494755744934,-0.063860222697258,0.362215518951416,0.4200670123100281,-0.0536084920167923,0.10823705848234724,0.049864723451880325
2.0,0.2653379440307617,0.5428234338760376,-4.085928253516613e-07,0.3560725450515747,0.5999406576156616,-0.0287409611046314,0.4495620727539062,0.6377095580101013,-0.0467942282557487,0.5120567679405212,0.6619881987571716,-0.0602646097540855,0.5498039126396179,0.6907430291175842,-0.0642137750983238,0.4890486896038055,0.4405940771102905,-0.0376904122531414,0.5160516500473022,0.4881564974784851,-0.0691919773817062,0.4607005715370178,0.5283602476119995,-0.0773510038852691,0.4475611746311188,0.5028971433639526,-0.0824173390865325,0.4558270573616028,0.378906786441803,-0.039982620626688,0.473393827676773,0.450785219669342,-0.0762148424983024,0.4183205962181091,0.5079264640808105,-0.083904281258583,0.4183522760868072,0.4700652658939361,-0.0872151851654052,0.4124988317489624,0.3408854305744171,-0.0442632734775543,0.4275950789451599,0.4024567902088165,-0.0787872225046157,0.3842916786670685,0.4638412892818451,-0.0675827637314796,0.383945882320404,0.4309597611427307,-0.0576708875596523,0.3690798282623291,0.314669132232666,-0.0506803542375564,0.3773918449878692,0.3617754280567169,-0.0706688985228538,0.3572275042533874,0.4207242727279663,-0.0592008009552955,0.3524309396743774,0.4074237942695617,-0.0480006337165832,0.11473628952333066,0.0476159963552878
2.0,0.2528485059738159,0.5369964838027954,-4.220754590278375e-07,0.3366852700710296,0.5912516117095947,-0.0330806002020835,0.4322140514850616,0.632990837097168,-0.0519987307488918,0.4967353641986847,0.6676981449127197,-0.065458096563816,0.5367749929428101,0.7060116529464722,-0.069561555981636,0.4810307621955871,0.4431397616863251,-0.0396261401474475,0.5013787150382996,0.4887177348136902,-0.070679947733879,0.4440139532089233,0.5251951813697815,-0.0809435248374939,0.4362230598926544,0.49878990650177,-0.0880268663167953,0.4492031633853912,0.3802251815795898,-0.0401338934898376,0.45852792263031,0.4464115500450134,-0.0716832354664802,0.4030771255493164,0.5012403130531311,-0.0775154754519462,0.4072524011135101,0.466111958026886,-0.0809584259986877,0.4054299294948578,0.3399481475353241,-0.0435799919068813,0.4168184399604797,0.3925491869449615,-0.0744921565055847,0.3722758293151855,0.454456090927124,-0.0620058700442314,0.3753784894943237,0.4277546405792236,-0.0523654893040657,0.3605011105537414,0.3117733299732208,-0.0498714931309223,0.3661005198955536,0.346904456615448,-0.0669431835412979,0.3454660177230835,0.4061759710311889,-0.0540983490645885,0.3439741134643554,0.4003377258777618,-0.0427880436182022,0.1287380396618832,0.05556919242722085
2.0,0.2483482807874679,0.5149281024932861,-3.6679779213955044e-07,0.3219331502914428,0.572481632232666,-0.0341390073299407,0.404961884021759,0.622584879398346,-0.0574722588062286,0.4658620953559875,0.6667662262916565,-0.0774299129843711,0.5057743191719055,0.7083596587181091,-0.0894292369484901,0.4622150659561157,0.4543372690677643,-0.0348888970911502,0.483422040939331,0.477796345949173,-0.0681319013237953,0.4280944168567657,0.5128951668739319,-0.0808958485722541,0.4220113456249237,0.4954918920993805,-0.0885237678885459,0.4342055916786194,0.3896445333957672,-0.0354068018496036,0.4432190656661987,0.4284012913703918,-0.065553218126297,0.3868109583854675,0.4831715524196625,-0.0688626170158386,0.3924952447414398,0.4548348784446716,-0.0695237293839454,0.3946799635887146,0.3429352045059204,-0.0400911755859851,0.4075542092323303,0.3726963996887207,-0.0704973042011261,0.3610106408596039,0.4324744045734405,-0.0546553954482078,0.365003764629364,0.4124577641487121,-0.0416211299598217,0.3525194227695465,0.3046451210975647,-0.0478698723018169,0.3622289299964905,0.3203831315040588,-0.0625226646661758,0.3386340737342834,0.3763853311538696,-0.0453184247016906,0.3359858989715576,0.3783612251281738,-0.0303829945623874,0.13616794152898676,0.0588810920970535
2.0,0.2609595358371734,0.5038937926292419,-3.2456298981742293e-07,0.3189189434051513,0.578287661075592,-0.0379018224775791,0.3914536535739898,0.642220139503479,-0.0651533231139183,0.4485649764537811,0.6991763114929199,-0.0904264599084854,0.4864649772644043,0.7464002370834351,-0.1085026785731315,0.4621427357196808,0.4981387257575989,-0.0328242108225822,0.4826384782791137,0.5056764483451843,-0.068865492939949,0.4247887730598449,0.5309277772903442,-0.0829101204872131,0.4170155227184295,0.5287168025970459,-0.0902123004198074,0.4453538060188293,0.4277125000953674,-0.0320783592760562,0.452150821685791,0.4447012841701507,-0.0654815360903739,0.3892852365970611,0.4883083403110504,-0.0654855966567993,0.3963800966739654,0.4777306318283081,-0.0610436536371707,0.4157475531101227,0.3720418810844421,-0.0371426194906234,0.4214788973331451,0.3865548968315124,-0.0699590891599655,0.3692315518856048,0.4342527091503143,-0.0514185242354869,0.3751679062843323,0.4267746210098266,-0.0343357361853122,0.3824548423290252,0.3226496279239654,-0.0460948050022125,0.3856302499771118,0.3322217464447021,-0.0616665855050087,0.3536024093627929,0.3767179548740387,-0.044012252241373,0.3509325385093689,0.381266176700592,-0.0275514107197523,0.14751207062441737,0.06319223758370843
2.0,0.2973905205726623,0.5507751107215881,-2.785424726425845e-07,0.345784842967987,0.6344886422157288,-0.0353008322417736,0.4098339974880218,0.7124402523040771,-0.0604484640061855,0.4511821866035461,0.7778064012527466,-0.0833170264959335,0.4737191200256347,0.838679850101471,-0.0993837937712669,0.5018830299377441,0.5861063003540039,-0.0317756384611129,0.5039606690406799,0.6085011959075928,-0.0667696520686149,0.4494122862815857,0.6206678152084351,-0.0801618471741676,0.4444983005523681,0.6132098436355591,-0.0871872305870056,0.4935852289199829,0.5128189325332642,-0.0322013050317764,0.4832310378551483,0.5506004691123962,-0.0642274320125579,0.4227855503559112,0.5769891738891602,-0.0671952664852142,0.4340719580650329,0.5600212812423706,-0.0657339319586753,0.4685912728309631,0.4530906677246094,-0.0377364493906497,0.4588339030742645,0.486256331205368,-0.0706629455089569,0.4087903499603271,0.5207576155662537,-0.058157205581665,0.4208676517009735,0.507055938243866,-0.0458066575229167,0.4383384585380554,0.4016976952552795,-0.0465706475079059,0.4310725927352905,0.4273421764373779,-0.0647671297192573,0.3981866240501404,0.4655463993549347,-0.0521548949182033,0.3994801640510559,0.4637897610664367,-0.0393979996442794,0.14674367051975087,0.0668702561195158
2.0,0.343565434217453,0.5630383491516113,-2.520423549867701e-07,0.3808941841125488,0.6606400609016418,-0.031415157020092,0.4323991239070892,0.7475501298904419,-0.0535341091454029,0.4636731743812561,0.8217530846595764,-0.0742574706673622,0.4739891588687897,0.8876867294311523,-0.0874564573168754,0.5228028297424316,0.6557064056396484,-0.0309747066348791,0.5504742860794067,0.6730196475982666,-0.0664582997560501,0.4926249980926513,0.675853431224823,-0.0764076113700866,0.4853208065032959,0.6675010323524475,-0.0802428647875785,0.5186244249343872,0.5816498398780823,-0.033232532441616,0.5411462187767029,0.6090201735496521,-0.0672109723091125,0.4686094522476196,0.6234498023986816,-0.0657078400254249,0.478973776102066,0.609729528427124,-0.0601739920675754,0.5051296949386597,0.5163733959197998,-0.0407468415796756,0.5256102681159973,0.5415367484092712,-0.0755588859319686,0.4621082246303558,0.5645925998687744,-0.0561678484082222,0.4688619971275329,0.5522221326828003,-0.03816719353199,0.4868618249893188,0.455384612083435,-0.0512491017580032,0.4988875985145569,0.4751037955284118,-0.0694713294506073,0.4585132300853729,0.5066075921058655,-0.0522201247513294,0.454061895608902,0.5032147169113159,-0.036256980150938,0.15006239783641842,0.06802851091553763
2.0,0.393035739660263,0.5690340399742126,-2.6611323278302734e-07,0.4163159728050232,0.6678298115730286,-0.0327277518808841,0.4524225890636444,0.7594990730285645,-0.0523271970450878,0.478002518415451,0.8366695642471313,-0.0698310434818267,0.4841180443763733,0.900819718837738,-0.0791878253221511,0.5432500839233398,0.6885329484939575,-0.0231512393802404,0.588569700717926,0.701079249382019,-0.060472022742033,0.5310196876525879,0.693344235420227,-0.0751775428652763,0.5176354646682739,0.6891436576843262,-0.0800694450736045,0.5448240637779236,0.6193875074386597,-0.0209648665040731,0.5829373598098755,0.6370554566383362,-0.0543075129389762,0.512292742729187,0.6387038230895996,-0.0554617419838905,0.515647292137146,0.6332620978355408,-0.0501429140567779,0.5420790910720825,0.5574154853820801,-0.0249815490096807,0.5755558013916016,0.5719574093818665,-0.0574471987783908,0.5118903517723083,0.5811989307403564,-0.0392459481954574,0.5127284526824951,0.5785120725631714,-0.0202546995133161,0.5368642210960388,0.4972921013832092,-0.0321715511381626,0.5600290894508362,0.5069353580474854,-0.0448143072426319,0.518325686454773,0.524997353553772,-0.0255257412791252,0.5087611675262451,0.5247584581375122,-0.0074280025437474,0.1473011207385798,0.065116751747802
2.0,0.4144434034824371,0.5619795918464661,-2.490704389401799e-07,0.4345670640468597,0.6581628918647766,-0.0329086892306804,0.4676295518875122,0.750598132610321,-0.0529324598610401,0.4898380935192108,0.8297650814056396,-0.0706183761358261,0.4937334358692169,0.8921665549278259,-0.0804391354322433,0.5588446855545044,0.6840739250183105,-0.0262249540537595,0.6048019528388977,0.6977085471153259,-0.0624968186020851,0.5495233535766602,0.6894165277481079,-0.0761638879776001,0.5382544994354248,0.6868633031845093,-0.0807572230696678,0.5627191066741943,0.6180060505867004,-0.0235330257564783,0.603071928024292,0.6363480687141418,-0.0568578206002712,0.5341485738754272,0.6358827352523804,-0.0573614351451396,0.5360903739929199,0.6305945515632629,-0.0516361854970455,0.5625459551811218,0.5586546063423157,-0.0266748443245887,0.5979472398757935,0.5736334323883057,-0.058700855821371,0.5356016755104065,0.579875648021698,-0.039967056363821,0.5350541472434998,0.5777326226234436,-0.0206826627254486,0.5602223873138428,0.5003854036331177,-0.0329192541539669,0.5850647687911987,0.5115344524383545,-0.0455263294279575,0.5433424115180969,0.526153564453125,-0.0264067761600017,0.5326489210128784,0.5252893567085266,-0.0084952162578701,0.14655936734776506,0.06328953233293821
2.0,0.43128103017807,0.5547935366630554,-2.5866904707072536e-07,0.4490338563919067,0.6503204703330994,-0.0332654230296611,0.4783785045146942,0.7408855557441711,-0.0537753589451313,0.4971235394477844,0.8208680152893066,-0.0721480697393417,0.4996671676635742,0.8825977444648743,-0.08271424472332,0.5688608288764954,0.6819764971733093,-0.026051290333271,0.6161487698554993,0.6900451183319092,-0.0639480501413345,0.563125491142273,0.6816457509994507,-0.0785165801644325,0.5498092174530029,0.6815841794013977,-0.0826632007956504,0.5731216073036194,0.6154278516769409,-0.023088390007615,0.6135135293006897,0.6288655400276184,-0.0568301007151603,0.5456441640853882,0.6263423562049866,-0.0569704920053482,0.548129141330719,0.6237010955810547,-0.0503140240907669,0.5744386911392212,0.5568321347236633,-0.0263071563094854,0.6105536818504333,0.5684785842895508,-0.0580967962741851,0.5499091148376465,0.572291374206543,-0.0389141030609607,0.5500035881996155,0.5722763538360596,-0.0188954249024391,0.573640763759613,0.4998378157615661,-0.0328667648136615,0.5997212529182434,0.5085123777389526,-0.0447383075952529,0.5585688352584839,0.5204662680625916,-0.0250355973839759,0.5475334525108337,0.5194027423858643,-0.0063349120318889,0.14619511182239203,0.06267913179345368
2.0,0.4382440149784088,0.5604607462882996,-2.4848324642334774e-07,0.4546356499195099,0.6567625403404236,-0.0325541719794273,0.4809621572494507,0.7445060610771179,-0.0537000186741352,0.4987409710884094,0.8229010105133057,-0.0738759040832519,0.5009618997573853,0.8841961622238159,-0.0867509096860885,0.5700668096542358,0.6858376860618591,-0.0223496444523334,0.6171900629997253,0.6969477534294128,-0.0608272850513458,0.5664374232292175,0.6882547736167908,-0.0758231952786445,0.5507107973098755,0.6834096908569336,-0.0796579048037529,0.5752923488616943,0.6194667816162109,-0.0202497411519289,0.6141247749328613,0.6342484951019287,-0.0554373897612094,0.5462514162063599,0.6313827037811279,-0.0564764663577079,0.5479526519775391,0.6272689700126648,-0.0495220236480236,0.5767216682434082,0.5610716938972473,-0.0246194265782833,0.6113712787628174,0.5735495090484619,-0.0581591315567493,0.5514466166496277,0.5774133205413818,-0.0399052836000919,0.5509487986564636,0.5754740834236145,-0.0195441301912069,0.5758984684944153,0.5033202171325684,-0.0322817936539649,0.6022685766220093,0.5123546123504639,-0.0460295975208282,0.5614657402038574,0.5260025262832642,-0.027261808514595,0.5496071577072144,0.5261215567588806,-0.0085487561300396,0.1449333483206761,0.06267211434633604
2.0,0.3981122970581054,0.5391672253608704,-2.499717197679274e-07,0.4310305118560791,0.6289388537406921,-0.0359044559299945,0.4717281460762024,0.7106077671051025,-0.0573188997805118,0.5024569034576416,0.783499538898468,-0.0754995867609977,0.5172188878059387,0.8431339859962463,-0.0860263109207153,0.5547613501548767,0.6270000338554382,-0.0313401669263839,0.5949387550354004,0.6253793835639954,-0.0690608918666839,0.543385922908783,0.6312123537063599,-0.0852771699428558,0.5353734493255615,0.634013831615448,-0.0917088016867637,0.5472486019134521,0.5600928068161011,-0.0276419445872306,0.5847243070602417,0.5639954805374146,-0.0612501688301563,0.5198431015014648,0.5813818573951721,-0.0631445422768592,0.5228894352912903,0.5778633952140808,-0.0590632036328315,0.5375111103057861,0.5018359422683716,-0.0299157164990901,0.5719804167747498,0.5035985708236694,-0.0619955025613307,0.5143694877624512,0.5262027382850647,-0.0448120087385177,0.5152416825294495,0.5276222229003906,-0.0268497429788112,0.5265585780143738,0.44708052277565,-0.0356440320611,0.5530417561531067,0.4443643093109131,-0.0482193753123283,0.5169069766998291,0.4717007279396057,-0.0297522246837615,0.5062114596366882,0.4787425994873047,-0.0123857334256172,0.14302699651141954,0.06232973114085984
2.0,0.3782691061496734,0.5306478142738342,-2.300135975019657e-07,0.4154892265796661,0.6181583404541016,-0.0365038476884365,0.4604375958442688,0.6948879957199097,-0.0582897886633873,0.4975047707557678,0.7663444876670837,-0.0761724337935447,0.5140258073806763,0.826344907283783,-0.0855918079614639,0.5416198372840881,0.614185631275177,-0.0347209759056568,0.5784481763839722,0.6061522364616394,-0.0721087530255317,0.5260302424430847,0.6150407791137695,-0.0854316055774688,0.5197506546974182,0.6195645332336426,-0.0897552445530891,0.5306323766708374,0.546228289604187,-0.0304528903216123,0.5675470232963562,0.5471528768539429,-0.0644750148057937,0.4995335638523102,0.5682013034820557,-0.0630785450339317,0.5058196187019348,0.5662556290626526,-0.0566973723471164,0.5185507535934448,0.4880072176456451,-0.0320359580218791,0.5513938665390015,0.4870750606060028,-0.0642083138227462,0.4925232529640198,0.5133979320526123,-0.043942105025053,0.4960383772850036,0.5159248113632202,-0.0243262480944395,0.5057350397109985,0.433502197265625,-0.0371640659868717,0.529462993144989,0.4283828139305115,-0.0489332936704158,0.4932973086833954,0.4587683081626892,-0.029043260961771,0.4841972589492798,0.4670130610466003,-0.0111509403213858,0.14456146191615282,0.06294219264576675
2.0,0.3794229626655578,0.540657639503479,-2.689358495899796e-07,0.417950838804245,0.6268246173858643,-0.0309076663106679,0.4684308767318725,0.706167995929718,-0.0512804612517356,0.5049223303794861,0.7707027196884155,-0.068975530564785,0.5240267515182495,0.8293099403381348,-0.079170137643814,0.5553742051124573,0.6108241081237793,-0.0282240305095911,0.5758270025253296,0.6308438777923584,-0.060510404407978,0.5231173634529114,0.6321278214454651,-0.0718794241547584,0.5186727046966553,0.6198418140411377,-0.0772694870829582,0.5487478971481323,0.5445585250854492,-0.0275495797395706,0.5597211122512817,0.5720745325088501,-0.0571372248232364,0.4967637062072754,0.5902676582336426,-0.0582097917795181,0.5091375708580017,0.5762776732444763,-0.0556859672069549,0.5327619314193726,0.4880802035331726,-0.0316252782940864,0.5422165989875793,0.5120483040809631,-0.0606391541659832,0.4886057078838348,0.5375127792358398,-0.0452474430203437,0.4981342852115631,0.5269386768341064,-0.0314010195434093,0.5147978067398071,0.4365389347076416,-0.0386802107095718,0.5184827446937561,0.4543902277946472,-0.0525461956858634,0.4846250414848327,0.4850193858146667,-0.0379731319844722,0.4837591350078583,0.4827089309692383,-0.0246920604258775,0.13795895699519828,0.062479718571932574
2.0,0.3547943234443664,0.5617132186889648,-2.755582499958109e-07,0.4104700684547424,0.6305400729179382,-0.0352798998355865,0.4789932072162628,0.6847498416900635,-0.0553020648658275,0.5363866090774536,0.7277844548225403,-0.0710985139012336,0.5698376893997192,0.772759735584259,-0.0786137506365776,0.5310574769973755,0.5654049515724182,-0.0321779288351535,0.5595859885215759,0.548156201839447,-0.0656271204352378,0.5097843408584595,0.5778676271438599,-0.0771743655204773,0.5044810175895691,0.5813305974006653,-0.0816446617245674,0.5071446895599365,0.505386471748352,-0.0285313352942466,0.538382351398468,0.4942073822021484,-0.0609707087278366,0.4794784784317016,0.5429345369338989,-0.0589650273323059,0.4800130724906921,0.5399137735366821,-0.051829133182764,0.4813748896121979,0.4562440514564514,-0.0303084664046764,0.5068371295928955,0.4465053677558899,-0.0612183921039104,0.4577643573284149,0.4964032173156738,-0.0407400168478488,0.4601559638977051,0.498201310634613,-0.0210172943770885,0.4543954133987427,0.4125641584396362,-0.0353555269539356,0.4695761203765869,0.4048596024513244,-0.0472730062901973,0.4412600100040436,0.4479835629463196,-0.0279845185577869,0.4362796247005462,0.4577116072177887,-0.0104797361418604,0.12861530258846374,0.05655289062028889
2.0,0.3433465659618377,0.5630532503128052,-2.714944855597423e-07,0.4003542065620422,0.6272861957550049,-0.0394052974879741,0.4738077819347381,0.6781312823295593,-0.0595964342355728,0.5365267395973206,0.7118419408798218,-0.073757603764534,0.57289057970047,0.7529594302177429,-0.0786536484956741,0.519660234451294,0.5510931611061096,-0.0373350642621517,0.5448427796363831,0.5288389325141907,-0.070543348789215,0.493552953004837,0.5659803152084351,-0.0812816098332405,0.4918646514415741,0.5695406198501587,-0.0855621099472045,0.4921295940876007,0.4924521446228027,-0.0305392947047948,0.5200046896934509,0.4777633249759674,-0.0623802170157432,0.4625861346721649,0.5324925780296326,-0.0592604614794254,0.4672080278396606,0.5283274054527283,-0.0519559495151042,0.4639517962932586,0.4452122747898102,-0.0293271522969007,0.4863542914390564,0.4339811205863952,-0.0589986816048622,0.4404304623603821,0.4876990020275116,-0.0384829454123973,0.4469891488552093,0.4879698753356933,-0.0196337774395942,0.4361118376255035,0.4037988781929016,-0.0318038985133171,0.44670170545578,0.3979012370109558,-0.0425963625311851,0.4217022061347961,0.4425828754901886,-0.0243316236883401,0.420079231262207,0.4509118199348449,-0.008212074637413,0.12561779310597765,0.05510851159767247
2.0,0.3479122519493103,0.5736433267593384,-2.678372368336568e-07,0.4057326912879944,0.6369677782058716,-0.041165392845869,0.4797693789005279,0.6808909177780151,-0.0626433864235878,0.5429823398590088,0.7115189433097839,-0.078050673007965,0.5830202698707581,0.7468181848526001,-0.0846486613154411,0.5226543545722961,0.5486598610877991,-0.0382097326219081,0.542790949344635,0.5260418653488159,-0.0721431374549865,0.497635543346405,0.5649476051330566,-0.0837853178381919,0.49616140127182,0.5695507526397705,-0.0883562490344047,0.4928698539733886,0.4920387864112854,-0.031339194625616,0.5161851644515991,0.4769922494888305,-0.0628387331962585,0.4630479514598846,0.5357506275177002,-0.0600106641650199,0.4677597284317016,0.5316662788391113,-0.0527939982712268,0.4633163213729858,0.4467588365077972,-0.0304313618689775,0.4810817539691925,0.434477686882019,-0.061474971473217,0.4382478296756744,0.4917444884777069,-0.0422940142452716,0.4453772306442261,0.4920806586742401,-0.0238460283726453,0.4338067173957824,0.4079768657684326,-0.0332702100276947,0.443244993686676,0.4002023041248321,-0.0458881109952926,0.4189909100532532,0.4476820826530456,-0.0282276589423418,0.4163801968097687,0.4570440053939819,-0.0120139382779598,0.1244643850791705,0.05378295029867181
2.0,0.3328034579753876,0.5780670046806335,-2.759448136657739e-07,0.3922225832939148,0.6439288854598999,-0.0364458002150058,0.4670262038707733,0.6906680464744568,-0.0575072541832923,0.5287936925888062,0.7202802896499634,-0.0739812925457954,0.5677868723869324,0.7617337703704834,-0.0821921750903129,0.510073184967041,0.5557661652565002,-0.0334388576447963,0.5285145044326782,0.5397027730941772,-0.0670740008354187,0.4791672229766845,0.5776282548904419,-0.0793031528592109,0.4770496487617492,0.580313503742218,-0.0853257402777671,0.4814172387123108,0.4969519972801208,-0.0297164041548967,0.5046069025993347,0.4889194369316101,-0.0630552321672439,0.4510011672973633,0.5441761612892151,-0.0623587928712368,0.4538612961769104,0.5385371446609497,-0.0568295940756797,0.4506475329399109,0.4511222243309021,-0.0314114205539226,0.4681421816349029,0.4469844102859497,-0.0629739686846733,0.425321489572525,0.5020875930786133,-0.0451071560382843,0.4308103919029236,0.4995850920677185,-0.0279821436852216,0.4203128814697265,0.4135615825653076,-0.0365077517926692,0.4279444813728332,0.4152639210224151,-0.0495331324636936,0.4035854041576385,0.4603922367095947,-0.0333177000284194,0.4028130769729614,0.4656183123588562,-0.0185650307685136,0.1257473449138209,0.05750024110188918
2.0,0.3217560052871704,0.568626344203949,-2.725161891703465e-07,0.3731317222118377,0.639569878578186,-0.0313632823526859,0.446075290441513,0.6957916617393494,-0.0493175908923149,0.4996725022792816,0.7345771789550781,-0.064386710524559,0.5298120975494385,0.7761884927749634,-0.0722440332174301,0.5058876276016235,0.5756062865257263,-0.0269441921263933,0.5257166624069214,0.5787634253501892,-0.0576446950435638,0.4749795794486999,0.5976678729057312,-0.0667077451944351,0.4696232676506042,0.5924493074417114,-0.0707422867417335,0.4850082397460937,0.5153961777687073,-0.0268764067441225,0.5054177045822144,0.5303605198860168,-0.0591985844075679,0.4471874833106994,0.5678123235702515,-0.058862704783678,0.4531398415565491,0.5561593174934387,-0.0531803108751773,0.4583132863044739,0.4658765196800232,-0.0320006757974624,0.4738865792751312,0.4784440994262695,-0.0663052275776863,0.4263855218887329,0.5219701528549194,-0.0517523512244224,0.4320483207702636,0.5143999457359314,-0.0360116772353649,0.4296253025531769,0.4228547811508178,-0.0396971367299556,0.4394091069698334,0.4359871447086334,-0.058612011373043,0.4120535254478454,0.4771463871002197,-0.0460520200431346,0.4107038378715515,0.4794457852840423,-0.0328127518296241,0.11832634982490511,0.051977246567760226
2.0,0.3179906606674194,0.5790426135063171,-2.971345054447738e-07,0.3727274537086487,0.6427225470542908,-0.0262057185173034,0.4451212286949157,0.6914702653884888,-0.03917982801795,0.498822808265686,0.7193458676338196,-0.0501146763563156,0.5258147716522217,0.751250147819519,-0.0536666959524154,0.4902429282665252,0.5632186532020569,-0.0145091405138373,0.5209189653396606,0.5709668397903442,-0.0452033169567585,0.4709802567958832,0.5937842726707458,-0.0571826137602329,0.462090790271759,0.5871740579605103,-0.0624129176139831,0.467829942703247,0.5141515135765076,-0.0148315075784921,0.5027058720588684,0.5298295021057129,-0.0462606549263,0.4467896819114685,0.5664270520210266,-0.0486468560993671,0.4476231634616852,0.5529544949531555,-0.0446841977536678,0.4438341557979584,0.4715674221515655,-0.020651202648878,0.4749428331851959,0.4860297739505768,-0.0540163218975067,0.428155243396759,0.526682436466217,-0.0420855768024921,0.4272851347923279,0.514501690864563,-0.0275024157017469,0.4187020063400268,0.4310725629329681,-0.0286279115825891,0.4430793225765228,0.450624942779541,-0.0452989600598812,0.4155346751213074,0.4868029952049255,-0.032768715173006,0.4081653356552124,0.4813763499259949,-0.0196652170270681,0.10146404072882681,0.04194122106995427
2.0,0.3154073059558868,0.6339244842529297,-2.1473974243235721e-07,0.3739597797393799,0.688775897026062,-0.0236621312797069,0.443800538778305,0.7323374152183533,-0.0374370478093624,0.4915616810321808,0.7540553212165833,-0.050800897181034,0.5174471735954285,0.7632572650909424,-0.0579268746078014,0.481519877910614,0.6078447699546814,-0.0112951779738068,0.5172989368438721,0.6298456788063049,-0.0414483398199081,0.4756432771682739,0.6560888290405273,-0.0532183423638343,0.4631227552890777,0.6419790983200073,-0.0582416206598281,0.4612128436565399,0.5603530406951904,-0.0138899534940719,0.4971022605895996,0.5843806266784668,-0.0456977263092994,0.4463286101818084,0.622016191482544,-0.0492620803415775,0.4407622516155243,0.6026648283004761,-0.0462623611092567,0.435986191034317,0.5182570219039917,-0.0219151321798563,0.4678711295127868,0.5414745807647705,-0.0569576621055603,0.4232751131057739,0.5829461812973022,-0.0462511666119098,0.4163584411144256,0.5637048482894897,-0.0324320048093795,0.4053426086902618,0.4791275858879089,-0.0316950604319572,0.4327583014965057,0.5088257789611816,-0.0515316613018512,0.4057340919971466,0.5458835959434509,-0.0398082993924617,0.3944589495658874,0.534844160079956,-0.0269836317747831,0.08246027491016641,0.028381579423908124
2.0,0.4143581092357635,0.8176939487457275,-2.883019192267966e-07,0.4393275380134582,0.7219403982162476,-0.0026208602357655,0.469736784696579,0.6357804536819458,-0.0159446634352207,0.4903601408004761,0.56464684009552,-0.0297496523708105,0.4925905466079712,0.5076699256896973,-0.0400683432817459,0.536483883857727,0.6419246792793274,-0.0250511225312948,0.6013243198394775,0.6801959276199341,-0.0351516231894493,0.5860636830329895,0.7069414258003235,-0.0368108935654163,0.5599918365478516,0.7067017555236816,-0.0379938706755638,0.5447531342506409,0.6965709328651428,-0.034265462309122,0.6025639772415161,0.7350924015045166,-0.0349679850041866,0.5803197622299194,0.7579759359359741,-0.028629520907998,0.5520399212837219,0.7540944814682007,-0.0284657161682844,0.5475043058395386,0.7595580816268921,-0.0426428280770778,0.597585141658783,0.7914788126945496,-0.0416362099349498,0.5746066570281982,0.8085956573486328,-0.0275709126144647,0.5467780232429504,0.8048919439315796,-0.0227822791785001,0.5456942915916443,0.8233109712600708,-0.0513912662863731,0.5863894820213318,0.8412783741950989,-0.0490410961210727,0.5630097985267639,0.8515818119049072,-0.0349177122116088,0.5393447875976562,0.8479833602905273,-0.0262183994054794,0.13235011804034383,0.05794668987431449
2.0,0.3946385681629181,0.7697083950042725,-2.681980220131664e-07,0.430567979812622,0.6908470988273621,-0.0027004682924598,0.4821616411209106,0.6116451025009155,-0.0135783739387989,0.5148911476135254,0.5509427189826965,-0.0256217345595359,0.5252220034599304,0.4976755678653717,-0.0339694507420063,0.5268449783325195,0.5991479158401489,-0.0285009462386369,0.6110628247261047,0.6735254526138306,-0.0526374615728855,0.5882856249809265,0.7009321451187134,-0.0629721879959106,0.5584589242935181,0.6915199756622314,-0.0685178115963935,0.520754873752594,0.6431299448013306,-0.0406838208436965,0.6040089726448059,0.7261063456535339,-0.0564012974500656,0.5761579275131226,0.7480279207229614,-0.0536709539592266,0.5479371547698975,0.732318639755249,-0.0535900853574276,0.5115588903427124,0.6998052597045898,-0.0534164607524871,0.5880643129348755,0.7760528326034546,-0.06568393856287,0.5599043965339661,0.7912774085998535,-0.0536573529243469,0.5338597893714905,0.7722795605659485,-0.0473914667963981,0.5022898316383362,0.7617394328117371,-0.0665339156985282,0.5661205053329468,0.820366382598877,-0.0718098431825637,0.5419967770576477,0.8292497396469116,-0.0613376796245574,0.5166365504264832,0.8117803335189819,-0.0548336245119571,0.12352750966082172,0.054898090459852965
2.0,0.1055801957845687,0.8069206476211548,-2.7493598508954165e-07,0.1274933367967605,0.7111033201217651,-0.0100206937640905,0.1626318246126175,0.6090842485427856,-0.0333570688962936,0.1758647412061691,0.5294143557548523,-0.0537890642881393,0.1732083857059478,0.4631907343864441,-0.0702495574951171,0.1861701309680938,0.642923891544342,-0.0816977769136428,0.2828963994979858,0.646101176738739,-0.1041474044322967,0.2597411572933197,0.6645267009735107,-0.1011850461363792,0.2257023006677627,0.6626254320144653,-0.0962430238723754,0.1870056241750717,0.7091720700263977,-0.0886042863130569,0.2843798100948334,0.7038326263427734,-0.1021942794322967,0.2574196457862854,0.715805172920227,-0.0852012857794761,0.2232310622930526,0.7170721292495728,-0.0769766345620155,0.191286563873291,0.7739758491516113,-0.0923862159252166,0.2822704315185547,0.7599858045578003,-0.0984597578644752,0.2549201846122741,0.768335223197937,-0.0702634826302528,0.2198522090911865,0.7740495204925537,-0.055422306060791,0.1970568001270294,0.8341848254203796,-0.0962447449564933,0.2723464369773865,0.8121278882026672,-0.0937376990914344,0.2503968179225921,0.8133745193481445,-0.070717267692089,0.2189653813838958,0.8174368143081665,-0.0573789291083812,0.15085700789973897,0.06829035135586
2.0,0.1452750414609909,0.8161409497261047,-2.645254255639884e-07,0.1799979209899902,0.7213617563247681,-0.0134319979697465,0.2256902307271957,0.6156683564186096,-0.0390688888728618,0.2417231798171997,0.5356782674789429,-0.0625688061118125,0.2356116622686386,0.463153064250946,-0.0820443779230117,0.2167887538671493,0.6413111686706543,-0.0867657214403152,0.3238006234169006,0.657502293586731,-0.1230926811695098,0.3005565404891968,0.6789844632148743,-0.1321393102407455,0.2634773850440979,0.671896755695343,-0.1350529044866562,0.2059413343667984,0.7097731232643127,-0.0975790545344352,0.32355397939682,0.7179032564163208,-0.1272922158241272,0.2959553599357605,0.7314271926879883,-0.1183447018265724,0.2587442398071289,0.7290157079696655,-0.1142491772770881,0.2058131396770477,0.7806664705276489,-0.1065534576773643,0.3185845613479614,0.7808170914649963,-0.1246950626373291,0.289691150188446,0.7882375717163086,-0.0992668867111206,0.2529113888740539,0.7895107865333557,-0.0846003219485282,0.212281733751297,0.8477848172187805,-0.116406112909317,0.3053507208824157,0.8363454341888428,-0.121686540544033,0.2865734100341797,0.8333501219749451,-0.1032316163182258,0.2541380524635315,0.8334115743637085,-0.0927889496088028,0.15876473729364116,0.07534290708077168
2.0,0.1815546751022339,0.8275469541549683,-2.613679725982365e-07,0.231697216629982,0.7310786247253418,-0.0229703541845083,0.2824910581111908,0.6290985345840454,-0.0530124679207801,0.2962158322334289,0.5472818613052368,-0.0791968554258346,0.2883602082729339,0.4675424098968506,-0.1006947830319404,0.2474558502435684,0.6548506021499634,-0.1028427854180336,0.357471227645874,0.6826831102371216,-0.1462748497724533,0.3350847065448761,0.7063632011413574,-0.1582573354244232,0.2980218231678009,0.6991822123527527,-0.1634622663259506,0.2268888056278228,0.7309056520462036,-0.1121501997113227,0.3560496568679809,0.7512527704238892,-0.1515350639820099,0.3263120651245117,0.7622622847557068,-0.1450403034687042,0.2857681214809418,0.7573519945144653,-0.1429672390222549,0.2219662964344024,0.8063989281654358,-0.1203495860099792,0.3465391099452972,0.8145685195922852,-0.1472196727991104,0.3164671957492828,0.817268967628479,-0.1234509050846099,0.2795288562774658,0.812387228012085,-0.1098937913775444,0.2253102958202362,0.8732308745384216,-0.1301884055137634,0.326069563627243,0.8740209341049194,-0.1413734853267669,0.305338591337204,0.8685389757156372,-0.124690793454647,0.2706028521060943,0.863411545753479,-0.1160881146788597,0.1685480095460208,0.08295933841392697
2.0,0.2424715608358383,0.8515762090682983,-4.592110087742185e-07,0.2887186408042907,0.7544727921485901,-0.0304532777518033,0.3134635090827942,0.6377183794975281,-0.0446680672466754,0.3251644968986511,0.54481041431427,-0.0550736337900161,0.3327720761299133,0.4581601023674011,-0.0623942762613296,0.2439069896936416,0.6381857991218567,-0.0544399581849575,0.3596856892108917,0.6832085251808167,-0.0858966931700706,0.3432823419570923,0.7170537114143372,-0.1023285016417503,0.3044764697551727,0.7102226614952087,-0.1161662191152572,0.2181714177131652,0.7053093910217285,-0.0571066662669181,0.3520576655864715,0.7522724866867065,-0.0823516175150871,0.3263278305530548,0.7741255760192871,-0.0863741934299469,0.2889517843723297,0.7670162916183472,-0.0961091816425323,0.2079790830612182,0.7769530415534973,-0.0627346187829971,0.3331768810749054,0.8190508484840393,-0.0875355973839759,0.3086208701133728,0.8378749489784241,-0.0818354934453964,0.2741306722164154,0.8277934789657593,-0.0820535272359848,0.2084309309720993,0.8426057696342468,-0.072512961924076,0.3083532154560089,0.8763569593429565,-0.095277801156044,0.2939543128013611,0.8830946683883667,-0.0995949879288673,0.2625070810317993,0.8763943910598755,-0.1042952835559845,0.18146132958121897,0.08729114289801927
2.0,0.1989569365978241,0.8552699685096741,-3.375684514139721e-07,0.2733112573623657,0.7410115599632263,-0.0067191189154982,0.3145389258861542,0.6299157738685608,-0.0408033952116966,0.3388378620147705,0.5379421710968018,-0.0761106461286544,0.3479648530483246,0.4350728690624237,-0.1070856526494026,0.2341402471065521,0.5970842242240906,-0.1189781799912452,0.3488199710845947,0.6403710246086121,-0.1699445992708206,0.3405389487743377,0.6938498616218567,-0.1714374423027038,0.3065110146999359,0.6950052380561829,-0.1699561923742294,0.2069470882415771,0.6678994297981262,-0.1458522677421569,0.3442062437534332,0.7166534662246704,-0.1950370818376541,0.3197503387928009,0.7596043348312378,-0.1740434467792511,0.2804956138134002,0.754859447479248,-0.1626645475625991,0.192272812128067,0.7499939203262329,-0.1713002324104309,0.3160639405250549,0.7919360399246216,-0.2125778943300247,0.2916504442691803,0.8242378234863281,-0.1757959425449371,0.2548461854457855,0.8198857307434082,-0.1542238593101501,0.1851106584072113,0.8249106407165527,-0.1979569345712661,0.2785157561302185,0.8573724627494812,-0.2288988083600998,0.2683322429656982,0.8659555912017822,-0.2174877226352691,0.2374169677495956,0.8578851222991943,-0.2111045569181442,0.20850512658201584,0.10781858047353
2.0,0.2075920403003692,0.8376344442367554,-2.749958696313115e-07,0.2931972742080688,0.7199376225471497,-0.0180742423981428,0.3218925297260284,0.6074318885803223,-0.0639364644885063,0.3376254141330719,0.5202038288116455,-0.1064808517694473,0.342926561832428,0.4183074235916137,-0.1438917070627212,0.2066590636968612,0.5747094750404358,-0.1711139231920242,0.3237864971160888,0.6126559376716614,-0.2245599776506424,0.3195999264717102,0.6752670407295227,-0.2109180241823196,0.2853763699531555,0.6854717135429382,-0.1985509842634201,0.1724137663841247,0.644920825958252,-0.1957731693983078,0.3069860339164734,0.6846715211868286,-0.2389895915985107,0.2957097291946411,0.7451412081718445,-0.190158873796463,0.2584037780761719,0.7437373399734497,-0.1599979251623153,0.1560727953910827,0.7261553406715393,-0.219714343547821,0.2766909003257751,0.7640569806098938,-0.2574589848518371,0.2715053856372833,0.8063212037086487,-0.1964699476957321,0.2344309538602829,0.7986400127410889,-0.1612056195735931,0.149934709072113,0.7993710041046143,-0.2467667609453201,0.2230082601308822,0.8456178903579712,-0.2885876893997192,0.2344685345888137,0.8493806719779968,-0.2780731618404388,0.2189053297042846,0.8319237232208252,-0.2708179652690887,0.20640575229149946,0.10867636199960685
2.0,0.2551887929439544,0.7210188508033752,-6.032569785929809e-07,0.325037807226181,0.5973368287086487,-0.0240169633179903,0.3749727010726928,0.4691974222660064,-0.05247538164258,0.3947201073169708,0.3675366640090942,-0.0774796307086944,0.3999289274215698,0.2621069848537445,-0.0963035598397255,0.3303653299808502,0.453683078289032,-0.1057192087173461,0.4661605656147003,0.5090131163597107,-0.1546888053417205,0.4453418850898742,0.5643869638442993,-0.1640397310256958,0.4008887112140655,0.5542323589324951,-0.1694134771823883,0.3057360649108886,0.5363718271255493,-0.120426595211029,0.4649392962455749,0.5872797966003418,-0.1644338220357895,0.4292522072792053,0.6283590793609619,-0.1548604816198349,0.3869938552379608,0.6190505623817444,-0.1540081799030304,0.2929303646087646,0.6263732314109802,-0.135438397526741,0.442846268415451,0.6680811047554016,-0.1718562841415405,0.4105531573295593,0.6999152898788452,-0.1486707925796508,0.3756085932254791,0.6944475173950195,-0.1372293084859848,0.2910884916782379,0.7135720252990723,-0.152911752462387,0.4108336567878723,0.7390574812889099,-0.1764169335365295,0.3910326361656189,0.7459350228309631,-0.168169766664505,0.3555901348590851,0.7352297306060791,-0.1658713221549987,0.2131435471818443,0.10722354854047747
2.0,0.307534784078598,0.7144947648048401,-3.915190234238253e-07,0.3484192192554474,0.5929663181304932,-0.0057420553639531,0.3979566395282745,0.4761679470539093,-0.0254989247769117,0.4296112954616546,0.3828757405281067,-0.0443754009902477,0.4396479427814483,0.3074690103530884,-0.0582813881337642,0.4672982096672058,0.5086792707443237,-0.0518201403319835,0.5603213906288147,0.5455207228660583,-0.0667923390865325,0.534864604473114,0.5734007954597473,-0.0646072477102279,0.4973299503326416,0.5690046548843384,-0.0617491379380226,0.4710873663425445,0.5898644328117371,-0.0615977607667446,0.5619902610778809,0.6180680990219116,-0.0644347891211509,0.5323548913002014,0.6389336585998535,-0.0513124875724315,0.4931961894035339,0.6353330612182617,-0.0477635823190212,0.4710009098052978,0.6755303144454956,-0.0690930411219596,0.5532023310661316,0.6910632848739624,-0.0683375522494316,0.5231287479400635,0.7073206901550293,-0.0440271981060504,0.4842735230922699,0.7070003747940063,-0.0336980856955051,0.4662212431430816,0.757436215877533,-0.0766414180397987,0.5375792980194092,0.7568045854568481,-0.0722043216228485,0.5100899934768677,0.7651445865631104,-0.0492654666304588,0.4774387180805206,0.7645374536514282,-0.0354767180979251,0.17683943540590447,0.07733230711381618
2.0,0.3744098544120788,0.7173462510108948,-4.724157065538748e-07,0.4104353189468384,0.5904331803321838,0.0006071250536479,0.4494028389453888,0.4817805290222168,-0.0133201656863093,0.4784135222434997,0.3911659121513366,-0.0274689123034477,0.4888666868209839,0.3207534551620483,-0.0372257716953754,0.5478296279907227,0.5199359059333801,-0.0257086474448442,0.6134012341499329,0.552431046962738,-0.0245665740221738,0.5877258777618408,0.5782321095466614,-0.0172857698053121,0.554767370223999,0.5743455290794373,-0.0135557958856225,0.5582514405250549,0.5915674567222595,-0.0337726138532161,0.6092624068260193,0.62069171667099,-0.0192323848605155,0.5804349184036255,0.6404596567153931,-0.0073597249574959,0.5475378632545471,0.6370241045951843,-0.0076244506053626,0.5578505396842957,0.6694586277008057,-0.0389831289649009,0.6020973920822144,0.6849604249000549,-0.0236007533967494,0.5761951804161072,0.7007558345794678,-0.0058113969862461,0.5427367687225342,0.6999847292900085,-0.0031100816559046,0.5500314235687256,0.7441900968551636,-0.0441046543419361,0.5925149321556091,0.7465853095054626,-0.03178596124053,0.5671268105506897,0.755121111869812,-0.0123371975496411,0.5388780832290649,0.7554943561553955,-0.0016991148004308,0.16750699031317162,0.07184969766217668
2.0,0.4213675856590271,0.6973218321800232,-5.261454703031632e-07,0.435426652431488,0.5817486047744751,0.0017957385862246,0.463506817817688,0.4939066767692566,-0.0080080991610884,0.4904088675975799,0.4166386127471924,-0.0184830669313669,0.5019496083259583,0.354272186756134,-0.0264216735959053,0.5798429846763611,0.5337175726890564,-0.0100945606827735,0.6045742630958557,0.5718851089477539,-0.0016217980301007,0.5809280276298523,0.5890761017799377,0.0043900334276258,0.5568058490753174,0.5897253751754761,0.0056578973308205,0.5972596406936646,0.5960612297058105,-0.0148581899702548,0.6009301543235779,0.6355054378509521,0.0073511549271643,0.5733962655067444,0.6422616243362427,0.0155125353485345,0.5489973425865173,0.6385664343833923,0.0112095158547163,0.5960031747817993,0.6614341139793396,-0.0170437172055244,0.5936203002929688,0.6865780353546143,0.0045949360355734,0.5704948306083679,0.6912250518798828,0.0147578259930014,0.5461863875389099,0.687205970287323,0.0109126949682831,0.5865718126296997,0.7198624014854431,-0.01975654438138,0.5854777693748474,0.7389906048774719,-0.0030179957393556,0.562919020652771,0.7419089674949646,0.0099426424130797,0.5413631796836853,0.7378872632980347,0.0149161731824278,0.14599554331127418,0.06392011626422521
2.0,0.4197069406509399,0.6981912851333618,-5.121588060319482e-07,0.4336032271385193,0.5819206833839417,0.0008205679478123,0.4623041749000549,0.4923804402351379,-0.0091642187908291,0.4892798662185669,0.4151984453201294,-0.0197976324707269,0.499730110168457,0.3517169952392578,-0.0279783513396978,0.5759795308113098,0.5344633460044861,-0.0100780287757515,0.6022634506225586,0.5705239176750183,-0.0035722912289202,0.5793611407279968,0.5873424410820007,0.000100444041891,0.5558605194091797,0.5884164571762085,-7.351404292421648e-06,0.5931476950645447,0.5956237316131592,-0.0143495332449674,0.5976594686508179,0.6336171627044678,0.0066464627161622,0.5708450675010681,0.640923023223877,0.0140748787671327,0.5470454692840576,0.6376458406448364,0.0094046397134661,0.5922835469245911,0.6598841547966003,-0.0164412427693605,0.5895410180091858,0.6847040057182312,0.0044329320080578,0.5673329830169678,0.688999354839325,0.0138955870643258,0.5429919958114624,0.6850720643997192,0.0097373146563768,0.5836784839630127,0.7170397043228149,-0.0191921833902597,0.5805856585502625,0.7358668446540833,-0.002452797954902,0.5588456392288208,0.7385751605033875,0.0100152781233191,0.537776529788971,0.7350516319274902,0.0146254003047943,0.14676810611433944,0.06485388395613283
2.0,0.398110032081604,0.5337007641792297,-3.183818080287893e-07,0.4521383941173553,0.6081096529960632,0.0017205552430823,0.5089303255081177,0.6483170390129089,-0.0009955747518688,0.5466887950897217,0.6842133402824402,-0.0082803545519709,0.5675579309463501,0.7176679372787476,-0.010527485050261,0.5671787261962891,0.5333880186080933,0.0175826475024223,0.5935134887695312,0.5919939279556274,-0.0082379085943102,0.5477074980735779,0.5915569067001343,-0.0202161464840173,0.5406826138496399,0.5600132346153259,-0.0268602408468723,0.5577651262283325,0.492372453212738,0.0030987989157438,0.5863422751426697,0.5601418614387512,-0.0248734969645738,0.532232940196991,0.5657246112823486,-0.0298747830092906,0.530804455280304,0.5308955311775208,-0.0292793028056621,0.5424224734306335,0.4551585614681244,-0.0153087051585316,0.5708909034729004,0.5188766121864319,-0.0450065173208713,0.5193610787391663,0.534874439239502,-0.0348645374178886,0.5135276913642883,0.5006838440895081,-0.0230043660849332,0.5223718881607056,0.4241869151592254,-0.0335691981017589,0.5500439405441284,0.4802258014678955,-0.0501246266067028,0.5147129893302917,0.4993724822998047,-0.0385501496493816,0.5025975704193115,0.4718136489391327,-0.0267770048230886,0.09131046229012507,0.03949405635110298
2.0,0.3865514397621155,0.4491869211196899,-2.174068640670157e-07,0.4174485802650451,0.5303199887275696,-0.0378419794142246,0.4548196494579315,0.6055892705917358,-0.0566960498690605,0.4921935200691223,0.6726429462432861,-0.0704313740134239,0.5125129818916321,0.7208813428878784,-0.0759715139865875,0.5348039865493774,0.5273716449737549,-0.0314595438539981,0.5626461505889893,0.5128237009048462,-0.0675568804144859,0.5142572522163391,0.5196262001991272,-0.0841680839657783,0.5100786685943604,0.5301408767700195,-0.090161494910717,0.5253787040710449,0.4656711220741272,-0.0240054689347744,0.5559597611427307,0.4582316279411316,-0.056378286331892,0.4980112314224243,0.4734303951263428,-0.0581750087440013,0.5001620650291443,0.4792271256446838,-0.0537914671003818,0.516457736492157,0.4121482968330383,-0.0226153526455163,0.5472372770309448,0.4030396342277527,-0.0523673184216022,0.4931104183197021,0.4231249094009399,-0.0361835211515426,0.4929030537605285,0.4336936473846435,-0.0191389713436365,0.5071882605552673,0.3621531426906585,-0.0248733256012201,0.5303118228912354,0.3550317883491516,-0.0337908528745174,0.4947447776794433,0.374860405921936,-0.0154771683737635,0.4836423397064209,0.3842290937900543,0.0011156797409057,0.13035461656032948,0.05263569692252293
2.0,0.9162365794181824,0.8119683861732483,-1.421564377324103e-07,0.8831043243408203,0.6794020533561707,-0.0081449244171381,0.8377063870429993,0.5598931908607483,-0.0292969066649675,0.8135926127433777,0.4556780457496643,-0.0490396358072757,0.8021257519721985,0.3731588423252105,-0.0697561651468277,0.7734408378601074,0.6157768964767456,-0.0642352476716041,0.6735305190086365,0.6324476003646851,-0.0805160030722618,0.7014720439910889,0.6476923227310181,-0.0820953249931335,0.7377133965492249,0.6499460339546204,-0.0814108848571777,0.7665919661521912,0.7022718191146851,-0.0709379985928535,0.6687625646591187,0.7022960782051086,-0.0793362185359001,0.7001981139183044,0.71158367395401,-0.0705441236495971,0.7398216128349304,0.7146518230438232,-0.0683787688612937,0.7646810412406921,0.7850709557533264,-0.0743834227323532,0.677622377872467,0.7671164870262146,-0.0783938914537429,0.7085674405097961,0.774806559085846,-0.0576911643147468,0.746358335018158,0.7797330617904663,-0.0479201413691043,0.7665526866912842,0.8609287738800049,-0.0778795927762985,0.6967798471450806,0.834384024143219,-0.0804192870855331,0.7262470722198486,0.8365190625190735,-0.0609053820371627,0.7591518759727478,0.8430145382881165,-0.0475163497030735,0.1943518719023184,0.08584918414072736
2.0,0.9085586667060852,0.7419394254684448,-2.2874854721521842e-07,0.8688774108886719,0.6159480214118958,-0.0006737479125149,0.8137984871864319,0.5019621253013611,-0.0167098548263311,0.7817444205284119,0.4020775258541107,-0.033845480531454,0.7665967345237732,0.3226676285266876,-0.0526655986905097,0.7556591629981995,0.5524433255195618,-0.0457747615873813,0.6623974442481995,0.5823401212692261,-0.0650912672281265,0.689985990524292,0.5976511240005493,-0.0725059881806373,0.7266015410423279,0.5912351608276367,-0.0752929672598838,0.7537500858306885,0.6338428258895874,-0.0561685822904109,0.6640139222145081,0.6494511365890503,-0.0645949319005012,0.6935951709747314,0.6595437526702881,-0.058467473834753,0.728473424911499,0.6556791067123413,-0.0579727441072464,0.7576674222946167,0.713622510433197,-0.0642892345786094,0.6793220043182373,0.7156346440315247,-0.0692692324519157,0.7083473205566406,0.7225832939147949,-0.0508483983576297,0.7427079677581787,0.7214525938034058,-0.0419207736849784,0.7653682827949524,0.7890166640281677,-0.0720017552375793,0.6974973678588867,0.7791290283203125,-0.0726801976561546,0.7256348133087158,0.7796013355255127,-0.0530109740793705,0.7579792141914368,0.7802219390869141,-0.0394259952008724,0.18885798247608337,0.08300350012118658
2.0,0.7980301976203918,0.7175532579421997,-1.3546167565436917e-07,0.7598310112953186,0.5973361730575562,5.389771467889659e-05,0.7133219838142395,0.4940302968025207,-0.0112179489806294,0.6802931427955627,0.4055480062961578,-0.023829998448491,0.6590259075164795,0.3378855586051941,-0.0375440083444118,0.6280579566955566,0.5503100156784058,-0.0220391768962144,0.5653933882713318,0.5879045128822327,-0.0287347007542848,0.5903384685516357,0.603356122970581,-0.033203762024641,0.6209970712661743,0.5972388386726379,-0.0359097868204116,0.6261587142944336,0.6264485120773315,-0.0295266844332218,0.5703883171081543,0.6547684669494629,-0.0265277661383152,0.5965349078178406,0.6635279059410095,-0.0234998781234025,0.6271106600761414,0.6573630571365356,-0.0260883569717407,0.6347340941429138,0.6994004845619202,-0.0350616760551929,0.5846948623657227,0.7134311199188232,-0.0299971159547567,0.6074956059455872,0.7198651432991028,-0.0185535736382007,0.6363002061843872,0.7151389718055725,-0.0155772399157285,0.6482789516448975,0.7649795413017273,-0.0406762883067131,0.6020340323448181,0.7704086303710938,-0.0343464165925979,0.6219154596328735,0.7725398540496826,-0.0188888199627399,0.6468443870544434,0.7691611647605896,-0.0085648633539676,0.16739863968882554,0.07223971339487509
2.0,0.7134428024291992,0.7004456520080566,-1.1747233941150625e-07,0.6730766296386719,0.5816559791564941,0.0010249087354168,0.6283774375915527,0.4820015430450439,-0.0091187814250588,0.5906920433044434,0.4011954069137573,-0.0219840854406356,0.5657423734664917,0.3354479670524597,-0.0368648767471313,0.5293045043945312,0.5454148054122925,-0.0086415670812129,0.4778691232204437,0.5893592238426208,-0.0151743721216917,0.5032041072845459,0.6012473702430725,-0.0240375306457281,0.5342420935630798,0.594595193862915,-0.0297265574336051,0.5269920825958252,0.6143772602081299,-0.0165533926337957,0.4854296445846557,0.6515721678733826,-0.0128662688657641,0.5099932551383972,0.6569763422012329,-0.0156284850090742,0.5417770147323608,0.6480961441993713,-0.0217910800129175,0.5364848375320435,0.6841913461685181,-0.0231006294488906,0.4963834583759308,0.7059457898139954,-0.0186452399939298,0.5190912485122681,0.7093944549560547,-0.0111801614984869,0.5489537119865417,0.7013642191886902,-0.0098735224455595,0.5506739020347595,0.750871479511261,-0.0299896523356437,0.5092723965644836,0.7622689604759216,-0.0251512769609689,0.5318899750709534,0.7577091455459595,-0.0111889457330107,0.5594412088394165,0.7489796876907349,-0.0007731398800387,0.16177437281530777,0.07187941167848565
2.0,0.6404942870140076,0.6923304796218872,-2.159091820885806e-07,0.6083019375801086,0.5734166502952576,-0.0040375399403274,0.5626108646392822,0.472034752368927,-0.014161666855216,0.5195130705833435,0.3968705534934997,-0.025321727618575,0.4916353225708008,0.3348220884799957,-0.0384609550237655,0.4576407372951507,0.5367319583892822,-0.0167493503540754,0.4175961017608642,0.5923265814781189,-0.021796653047204,0.4443981051445007,0.612280547618866,-0.0288447141647338,0.4759034514427185,0.6076439619064331,-0.033611599355936,0.4537509083747864,0.6108049154281616,-0.0209855958819389,0.4298183619976043,0.6574788689613342,-0.0157320778816938,0.4565623700618744,0.6662352681159973,-0.01739895157516,0.4864872097969055,0.6534186005592346,-0.0238134618848562,0.4650620222091675,0.6830310225486755,-0.023402189835906,0.4415814578533172,0.7119617462158203,-0.018734261393547,0.4670499861240387,0.7199649810791016,-0.0120699536055326,0.497035264968872,0.7094258666038513,-0.0121710859239101,0.480957418680191,0.7501934170722961,-0.0265310611575841,0.4578094482421875,0.7658411860466003,-0.0233917031437158,0.4841810464859009,0.7675868272781372,-0.0115717193111777,0.511239767074585,0.757512629032135,-0.0027076785918325,0.15638189827761337,0.06928073427431443
2.0,0.5788110494613647,0.6791112422943115,-1.3507062135431624e-07,0.5427072048187256,0.5627277493476868,-0.003188022878021,0.4966011941432953,0.4715863466262817,-0.0136974658817052,0.4545800685882568,0.3972365856170654,-0.0251898635178804,0.430252730846405,0.3365179896354675,-0.037993561476469,0.3839729428291321,0.5507348775863647,-0.0125159490853548,0.3694531917572021,0.5782040953636169,-0.0127490265294909,0.4025876820087433,0.5873240828514099,-0.0197649393230676,0.4281708002090454,0.5852378606796265,-0.0265312269330024,0.3806148767471313,0.6289845705032349,-0.016458785161376,0.3763557970523834,0.6434524655342102,-0.0058784438297152,0.4057783186435699,0.644335150718689,-0.0079711908474564,0.4331517517566681,0.6383180022239685,-0.0157394297420978,0.3951697945594787,0.6997278928756714,-0.0181078370660543,0.3878698945045471,0.7037374377250671,-0.0081735514104366,0.4145232141017914,0.7020494937896729,-0.0029969685710966,0.4430199563503265,0.695167064666748,-0.0050912518054246,0.4155602157115936,0.7591836452484131,-0.0204031821340322,0.4072892069816589,0.7577307820320129,-0.0127716083079576,0.4332980811595917,0.7516528367996216,-0.0006390338530763,0.4571372270584106,0.7430258393287659,0.0078369602560997,0.1524331981663008,0.06665209629859671
2.0,0.5306745767593384,0.6727735996246338,-1.1172129887881965e-07,0.5004338026046753,0.5580483078956604,-0.0030718750786036,0.4575648009777069,0.4714781045913696,-0.0129543431103229,0.4167534410953522,0.3945866823196411,-0.0237351991236209,0.3895657956600189,0.3348963260650635,-0.036001656204462,0.3442744612693786,0.5474958419799805,-0.0111505147069692,0.335136204957962,0.5725424289703369,-0.0093544954434037,0.3675153255462646,0.5818524956703186,-0.0154902264475822,0.391918420791626,0.5819752812385559,-0.0218375287950038,0.3388482928276062,0.622506856918335,-0.0139269810169935,0.3432488441467285,0.635655403137207,0.001263341284357,0.3724070787429809,0.6365721821784973,0.0003730530734173,0.3969885110855102,0.6309229731559753,-0.0081328004598617,0.3529850840568542,0.6912934184074402,-0.0144785223528742,0.3535896241664886,0.6934788227081299,-0.0005620314623229,0.3794144093990326,0.6908950209617615,0.0040254495106637,0.4059012532234192,0.6841894388198853,-5.841488473379286e-06,0.3722159564495086,0.7507339715957642,-0.015713881701231,0.3711632490158081,0.7490936517715454,-0.0052736042998731,0.3966098427772522,0.7421842813491821,0.0061874650418758,0.4196886122226715,0.734692394733429,0.013130160048604,0.15430367976967746,0.06672760046211694
2.0,0.6367722749710083,0.4924015700817108,-6.109679020482872e-07,0.5748509168624878,0.5538939237594604,-0.0033784699626266,0.516369104385376,0.5794042944908142,-0.0124337878078222,0.481946051120758,0.6014919877052307,-0.0264733862131834,0.4666949212551117,0.625761091709137,-0.0353525020182132,0.453673392534256,0.4266221523284912,0.015127744525671,0.4150847196578979,0.493243545293808,-0.0166216269135475,0.4674080610275268,0.5164481401443481,-0.0362430214881897,0.4901828467845917,0.4999871850013733,-0.0467690788209438,0.4648470878601074,0.3900491595268249,0.0028790619689971,0.4280304610729217,0.4732874631881714,-0.0313333831727504,0.4894599616527557,0.4993079900741577,-0.0357126556336879,0.5065844655036926,0.469342291355133,-0.0311667378991842,0.4843508899211883,0.3598894476890564,-0.0147217521443963,0.4526682496070862,0.4400249421596527,-0.0416502654552459,0.5098215937614441,0.4708023071289062,-0.0251711551100015,0.5249605178833008,0.441568523645401,-0.008155551739037,0.5114623308181763,0.337097704410553,-0.0346689410507679,0.4863024652004242,0.4097049534320831,-0.0461647920310497,0.5239248275756836,0.4364262223243713,-0.0331383496522903,0.5384463667869568,0.4081873595714569,-0.0196574255824089,0.07170595916001199,0.030007083643872442
2.0,0.6367825865745544,0.4566078186035156,-5.147809929439973e-07,0.5890718102455139,0.5362106561660767,-0.0236498657613992,0.5369300842285156,0.6011461615562439,-0.04529345408082,0.4933116137981415,0.650688111782074,-0.0702508762478828,0.4688557982444763,0.6879494786262512,-0.0886083021759986,0.459084540605545,0.4731386601924896,-0.0007003311184234,0.4241552948951721,0.5014513731002808,-0.0383957102894783,0.4773290157318115,0.5167162418365479,-0.05457653850317,0.4975954890251159,0.5074869990348816,-0.0596574209630489,0.4697441756725311,0.4271457195281982,-0.0041687814518809,0.4385407269001007,0.4624519646167755,-0.0469454452395439,0.5042476654052734,0.4842467010021209,-0.0487941391766071,0.508245050907135,0.4615862369537353,-0.03827815502882,0.4847812354564667,0.3823071718215942,-0.0154318176209926,0.4621105790138244,0.416812002658844,-0.0501626878976821,0.5181580781936646,0.4407569766044616,-0.0319774113595485,0.5211051106452942,0.4194263815879822,-0.0101044662296772,0.5037624835968018,0.3370418548583984,-0.0302131213247776,0.4878683984279632,0.3730714023113251,-0.0400508120656013,0.5234703421592712,0.3972176313400268,-0.0234871730208396,0.5278784036636353,0.3770429790019989,-0.0067003420554101,0.11851202610748579,0.04820260843769246
2.0,0.6266867518424988,0.4645560383796692,-5.275828698358964e-07,0.5930159091949463,0.5535045862197876,-0.0276846382766962,0.5492407083511353,0.6253508925437927,-0.0458158552646636,0.5053542256355286,0.6817228198051453,-0.0658926367759704,0.4854306280612945,0.7295767068862915,-0.0786547660827636,0.4632918536663055,0.520881712436676,0.0032604795414954,0.4219581484794616,0.5261135697364807,-0.0286896023899316,0.4771329760551452,0.5293510556221008,-0.0420846231281757,0.495623230934143,0.5260326862335205,-0.0460242331027984,0.467970073223114,0.4655226767063141,0.0048975874669849,0.4355066120624542,0.4752245545387268,-0.0298560205847024,0.5007769465446472,0.4868963658809662,-0.0321027599275112,0.5000557899475098,0.480368047952652,-0.0243298336863517,0.4775415360927582,0.4133726358413696,-0.0012704781256616,0.4527535736560821,0.4219217896461487,-0.029287775978446,0.5060375928878784,0.4381154775619507,-0.0128100970759987,0.5055729150772095,0.4296801686286926,0.0059281126596033,0.4898275136947632,0.3628338873386383,-0.0110877137631177,0.4699146151542663,0.3716677129268646,-0.0155470324680209,0.5047876238822937,0.3930784165859222,0.0021335296332836,0.5089504718780518,0.384735107421875,0.0184572841972112,0.1265430392620316,0.05338366972697203
2.0,0.6176641583442688,0.471795380115509,-5.8845677131103e-07,0.5849019289016724,0.5599659085273743,-0.0217343885451555,0.5429084897041321,0.6345364451408386,-0.0341171659529209,0.5049656629562378,0.6987141370773315,-0.0485659763216972,0.490580141544342,0.7522691488265991,-0.055927325040102,0.4642254710197449,0.5353754162788391,0.0077096540480852,0.4213975369930267,0.5443683862686157,-0.0221407637000083,0.4778425395488739,0.5461791753768921,-0.0361175574362278,0.494046002626419,0.5432351231575012,-0.0414652079343795,0.4667649865150451,0.4812946617603302,0.0081238634884357,0.4301873743534088,0.4951458275318146,-0.0253309905529022,0.4947235584259033,0.5035644173622131,-0.0300467982888221,0.4955788552761078,0.4966697990894317,-0.0251633264124393,0.4742631018161773,0.4300916194915771,0.0017531756311655,0.44452565908432,0.4405925571918487,-0.0253916196525096,0.5007854700088501,0.4546973407268524,-0.0106761502102017,0.5012859106063843,0.445568174123764,0.0062308656051754,0.4844622015953064,0.3802401721477508,-0.0074209892190992,0.4617269039154053,0.3896253108978271,-0.0109273958951234,0.4998482465744018,0.4099587202072143,0.0067498511634767,0.5035573840141296,0.4011895060539245,0.022297678515315,0.13067107016359605,0.05593989600196144
2.0,0.6184875965118408,0.4741097092628479,-5.075754643257824e-07,0.5926225185394287,0.5572043657302856,-0.0348141305148601,0.5551946759223938,0.6359767317771912,-0.0545036345720291,0.5213593244552612,0.7120910882949829,-0.0728190690279007,0.5149054527282715,0.7682124972343445,-0.0828204900026321,0.4696936011314392,0.5612178444862366,-0.0133547354489564,0.4259101152420044,0.5571058988571167,-0.0429925024509429,0.4851621091365814,0.5553216934204102,-0.051721129566431,0.497163861989975,0.5597525835037231,-0.053790520876646,0.4730901420116424,0.5012747049331665,-0.007178961765021,0.433892011642456,0.5045345425605774,-0.0412785373628139,0.501437246799469,0.5106011033058167,-0.0420192703604698,0.4958564043045044,0.5146477222442627,-0.034584142267704,0.4787314236164093,0.4461060166358948,-0.0078121596015989,0.4461615085601806,0.4475703537464142,-0.0382690988481044,0.5032821297645569,0.4586454331874847,-0.0217765588313341,0.5022703409194946,0.4589617550373077,-0.0032189171761274,0.4836591780185699,0.3961959183216095,-0.0118396803736686,0.4584423303604126,0.3973133862018585,-0.0188658405095338,0.4980954527854919,0.4118818044662475,-0.0014612567611038,0.5033045411109924,0.4089900255203247,0.0142379878088831,0.1411076308110328,0.05736979539026863
2.0,0.6262720823287964,0.4826196432113647,-5.02327111462364e-07,0.5999825596809387,0.5661888718605042,-0.0376498252153396,0.5646051168441772,0.6485084295272827,-0.0568575598299503,0.5332236289978027,0.7305270433425903,-0.0743421018123626,0.5249629020690918,0.7878304123878479,-0.0832424387335777,0.4782941043376922,0.5860292911529541,-0.0079333633184432,0.4343740940093994,0.5852981209754944,-0.0381343401968479,0.4922432899475097,0.5771872401237488,-0.0480960644781589,0.5037904977798462,0.5828036069869995,-0.0508318617939949,0.478298544883728,0.5263378620147705,0.0002331101422896,0.4385954737663269,0.530796229839325,-0.0343698263168334,0.5056107640266418,0.5299546122550964,-0.0367486923933029,0.4991258978843689,0.5387952923774719,-0.0302635300904512,0.4818320572376251,0.4712798297405243,0.0006780723924748,0.4483956396579742,0.4719387292861938,-0.0318951308727264,0.5048545002937317,0.4771556258201599,-0.0170986671000719,0.5040150880813599,0.4817673861980438,0.0010591843165457,0.4854103028774261,0.4214680790901184,-0.0024175008293241,0.4590068161487579,0.4216846823692322,-0.0114575922489166,0.500047504901886,0.4328180849552154,0.0047000106424093,0.5071672797203064,0.4338782429695129,0.0198883898556232,0.14723546425787742,0.058575862867215694
2.0,0.6253558397293091,0.4799890518188476,-5.499855433299672e-07,0.6015249490737915,0.5688697099685669,-0.0328382402658462,0.5675498247146606,0.6538676619529724,-0.04697847366333,0.5371086597442627,0.7319589853286743,-0.0599932335317134,0.5283007621765137,0.7835716009140015,-0.0644175037741661,0.4820250868797302,0.5883519649505615,0.0013096202164888,0.4361535906791687,0.5899247527122498,-0.0280073340982198,0.4942021369934082,0.5803747177124023,-0.0396659485995769,0.5052767395973206,0.5853385329246521,-0.0437436550855636,0.4820130467414856,0.5296847820281982,0.0077491998672485,0.4408855438232422,0.5358800888061523,-0.0263920109719038,0.5056874752044678,0.5333520770072937,-0.0314436927437782,0.5009030699729919,0.541193962097168,-0.0269243288785219,0.4842674732208252,0.4759516417980194,0.0065072863362729,0.4483555853366852,0.4786370992660522,-0.0258911922574043,0.5049066543579102,0.4818603098392486,-0.0132553270086646,0.5040265917778015,0.4848778247833252,0.0037295911461114,0.4856465756893158,0.4248388111591339,0.0021235609892755,0.4586137235164642,0.4277786612510681,-0.0066680358722805,0.5006757974624634,0.4375161230564117,0.0088892979547381,0.5069220662117004,0.4371992647647857,0.0237879864871501,0.1366298666592937,0.05254536434644798
2.0,0.5622286200523376,0.4952092468738556,-6.705852797495027e-07,0.5483098030090332,0.573250949382782,-0.0533080697059631,0.5062839984893799,0.6551746129989624,-0.0864767357707023,0.4707030057907104,0.728630542755127,-0.1127977669239044,0.4524655640125274,0.7977180480957031,-0.131015658378601,0.3807007074356079,0.5783053636550903,-0.0560084581375122,0.4218862652778625,0.5517092347145081,-0.089070089161396,0.4640743732452392,0.5551655292510986,-0.0986292138695716,0.4571449160575866,0.5705071687698364,-0.105480782687664,0.3704775869846344,0.5072014331817627,-0.0495942682027816,0.4330208599567413,0.485565721988678,-0.0872048884630203,0.4826871454715729,0.5075388550758362,-0.0917277559638023,0.4632987976074219,0.5273141860961914,-0.0921197012066841,0.3829368352890014,0.4425445199012756,-0.0486658848822116,0.444352239370346,0.4286516308784485,-0.0873351320624351,0.4869684875011444,0.4546219706535339,-0.0794812217354774,0.4721883237361908,0.4738554954528808,-0.0710414275527,0.4047692716121673,0.386121392250061,-0.0531284026801586,0.4542141258716583,0.3715822994709015,-0.0806095525622367,0.4891185164451599,0.4029313921928406,-0.0799676701426506,0.4822424948215484,0.4282400608062744,-0.0764161720871925,0.15874120575890302,0.07373994335400497
2.0,0.5626085996627808,0.5219956636428833,-5.94542484577687e-07,0.5589901804924011,0.6219154596328735,-0.0152534209191799,0.5368268489837646,0.7079831957817078,-0.017557693645358,0.5174187421798706,0.761137068271637,-0.0230851136147975,0.5113025903701782,0.7911382913589478,-0.0218339134007692,0.4479957818984985,0.6829379796981812,0.0263227988034486,0.419348806142807,0.7165514230728149,-0.0004345483903307,0.4683586359024048,0.6834086179733276,-0.0117483912035822,0.4816548526287079,0.6649277210235596,-0.0135838510468602,0.4336664974689483,0.633276104927063,0.0239854697138071,0.4083299934864044,0.6643009781837463,-0.0076149799861013,0.4701394736766815,0.6316845417022705,-0.0103332800790667,0.4724045395851135,0.6188583374023438,-0.0002478227834217,0.4246024191379547,0.5829809308052063,0.0136423408985137,0.4061515927314758,0.6069565415382385,-0.0143761904910206,0.463365226984024,0.5844253897666931,-0.0008759549236856,0.4645095765590668,0.5718855857849121,0.0187915619462728,0.418302983045578,0.5272382497787476,0.0009293631883338,0.4048745632171631,0.5518538355827332,-0.0039034707006067,0.4468516111373901,0.5463973879814148,0.0126835256814956,0.4485169947147369,0.5351788401603699,0.0298029202967882,0.08708928610127499,0.03064386075006506
2.0,0.6696012020111084,0.6904892921447754,-1.7431788990052158e-07,0.7161144018173218,0.6157426834106445,-0.0108614601194858,0.7419021725654602,0.5394989252090454,-0.0213035475462675,0.7592144012451172,0.4747262597084045,-0.0309714470058679,0.7764264345169067,0.4285147190093994,-0.0413972251117229,0.6317927241325378,0.477615624666214,-0.0193343851715326,0.6489856839179993,0.5006476640701294,-0.0230898801237344,0.6621377468109131,0.5302245020866394,-0.031888198107481,0.66558438539505,0.5472956299781799,-0.0405119210481643,0.5923461318016052,0.511237382888794,-0.0202057044953107,0.6166384816169739,0.5368839502334595,-0.0145236765965819,0.6319519281387329,0.5594133734703064,-0.018921323120594,0.6374940276145935,0.5731881856918335,-0.0288268942385911,0.5694243907928467,0.5565985441207886,-0.0200490225106477,0.5888836979866028,0.5741090178489685,-0.0178417488932609,0.6053145527839661,0.5902705788612366,-0.0187523681670427,0.6133489608764648,0.6035205125808716,-0.0242407452315092,0.5532405376434326,0.6042190194129944,-0.0209846869111061,0.5672961473464966,0.6164007782936096,-0.0210432969033718,0.5841323137283325,0.630350649356842,-0.016503045335412,0.5924073457717896,0.641874372959137,-0.0140011385083198,0.1179541206027247,0.050402950630270824
2.0,0.7431780099868774,0.7158405184745789,-3.69836179459071e-08,0.7094613313674927,0.5998345613479614,-0.0022811426315456,0.6809163093566895,0.5171473026275635,-0.0152907287701964,0.6523840427398682,0.4362392425537109,-0.0282593015581369,0.6394215226173401,0.3714518547058105,-0.0414026118814945,0.5759861469268799,0.5765735507011414,-0.0197644345462322,0.5480188727378845,0.5860094428062439,-0.0162879861891269,0.5788940191268921,0.5944307446479797,-0.0168103389441967,0.6046906113624573,0.5987964868545532,-0.0189921949058771,0.5659180879592896,0.6505916714668274,-0.0226185340434312,0.5487989187240601,0.6382555961608887,-0.0090875150635838,0.5760484337806702,0.6409691572189331,-0.006115254946053,0.6012141704559326,0.6475005149841309,-0.010878961533308,0.5736218094825745,0.7174097895622253,-0.0222382396459579,0.5559664368629456,0.6946693658828735,-0.0077603315003216,0.5787190198898315,0.6968439221382141,0.0009277731878682,0.6050352454185486,0.7034624218940735,-0.0001019135816022,0.5867742300033569,0.7735523581504822,-0.022172387689352,0.5670526623725891,0.7521824240684509,-0.0111027872189879,0.5896677374839783,0.7511510848999023,0.0035644629970192,0.6125073432922363,0.7547918558120728,0.0128642506897449,0.15372316452403137,0.06736600892391723
2.0,0.7369884848594666,0.7327181696891785,-7.268942425753266e-08,0.7233017683029175,0.6100010871887207,-0.0064044967293739,0.7083364129066467,0.5179163813591003,-0.0199991203844547,0.692139208316803,0.4325203597545624,-0.0338584817945957,0.6881930232048035,0.3679004311561584,-0.0473950244486331,0.5861892104148865,0.5558103322982788,-0.0144617836922407,0.5811989307403564,0.5384207367897034,-0.0147937145084142,0.6120011210441589,0.5569512248039246,-0.0212843790650367,0.6324601173400879,0.5758424401283264,-0.0280330013483762,0.5659527778625488,0.6244803667068481,-0.016852905973792,0.5714035034179688,0.6011052131652832,-0.0077515537850558,0.6002371311187744,0.6120221614837646,-0.0102807721123099,0.6206277012825012,0.6290267705917358,-0.018421497195959,0.5646714568138123,0.6897348165512085,-0.017329042777419,0.5666268467903137,0.6621055006980896,-0.0076718144118785,0.5912621021270752,0.6679835915565491,-0.0030088978819549,0.6133697032928467,0.6821966171264648,-0.0052862628363072,0.570044994354248,0.7464120388031006,-0.0186198782175779,0.5626482367515564,0.7223843336105347,-0.010016263462603,0.5845094919204712,0.7232478857040405,0.0024213227443397,0.6037006378173828,0.7304927110671997,0.0107390163466334,0.15382157528599671,0.06614034726266237
2.0,0.7297041416168213,0.7246378064155579,-4.3822488748901385e-08,0.7058581113815308,0.603102445602417,-0.0029068286530673,0.6806250214576721,0.5172250270843506,-0.0147941326722502,0.6553781032562256,0.4341835081577301,-0.0267286151647567,0.6437695026397705,0.3695223927497864,-0.0387481227517128,0.5704940557479858,0.5708616375923157,-0.0163537133485078,0.5509542226791382,0.5671484470367432,-0.0134958922863006,0.5829080939292908,0.5782799124717712,-0.016220623627305,0.6075891256332397,0.5878347158432007,-0.0199835766106843,0.5566573143005371,0.6448018550872803,-0.0188107267022132,0.5464842319488525,0.6251459121704102,-0.0053119836375117,0.5742170214653015,0.630386233329773,-0.003722647903487,0.5986085534095764,0.6414896249771118,-0.0094567080959677,0.5612650513648987,0.7116561532020569,-0.0184205211699008,0.5496826767921448,0.685882031917572,-0.0043189637362957,0.5730190277099609,0.688106119632721,0.0033262246288359,0.5984340310096741,0.6972986459732056,0.0019265750888735,0.5716229677200317,0.767393946647644,-0.0184226650744676,0.55497807264328,0.7426472902297974,-0.0072972136549651,0.5776276588439941,0.7429249286651611,0.0072752344422042,0.5997101068496704,0.7489339113235474,0.0165634844452142,0.1541044811075709,0.06678538774840402
2.0,0.7360595464706421,0.7141903042793274,-1.022558677732377e-07,0.6923086643218994,0.6002563238143921,0.0021565353963524,0.6542697548866272,0.5206331610679626,-0.0092746205627918,0.61979079246521,0.4412924349308014,-0.0213067270815372,0.6028661131858826,0.3772434890270233,-0.0353925973176956,0.5539942979812622,0.578076958656311,-0.0213694181293249,0.5221571326255798,0.6258065700531006,-0.0141818327829241,0.5497817993164062,0.647217333316803,-0.0134250288829207,0.5689284205436707,0.6539511680603027,-0.0166315119713544,0.5500959753990173,0.6537753343582153,-0.0268295258283615,0.5326542854309082,0.6757420301437378,-0.0119631262496113,0.5590037107467651,0.6797235012054443,-0.0094060720875859,0.5844818353652954,0.6787654161453247,-0.0159233957529068,0.5629729628562927,0.7248646020889282,-0.0277552343904972,0.5432197451591492,0.7266802787780762,-0.012771725654602,0.5645514130592346,0.7293974161148071,-0.0044697797857224,0.5911949276924133,0.7302212119102478,-0.0065917707979679,0.5803332924842834,0.7861757874488831,-0.0285003874450922,0.5545101165771484,0.7785047292709351,-0.0192859061062335,0.5765244960784912,0.7751165628433228,-0.0055695995688438,0.6003281474113464,0.7730282545089722,0.0031132742296904,0.1545479897568272,0.06772831003652074
2.0,0.7404616475105286,0.6894330978393555,-1.8619154218413317e-07,0.6883214116096497,0.5901528000831604,0.0092795239761471,0.6402897834777832,0.5142369270324707,0.0006926053320057,0.5995767116546631,0.4411675631999969,-0.0100270444527268,0.5789188742637634,0.3809108734130859,-0.0236462261527776,0.5506953001022339,0.5689823627471924,-0.0174016952514648,0.51573646068573,0.6348728537559509,-0.0111280605196952,0.5480848550796509,0.6478273868560791,-0.0098105883225798,0.5730538964271545,0.6387410163879395,-0.0116090467199683,0.5533591508865356,0.6410356163978577,-0.0263007711619138,0.5324394106864929,0.6897350549697876,-0.0112632336094975,0.5601948499679565,0.6940865516662598,-0.007460942491889,0.5870335102081299,0.6834909915924072,-0.0123630873858928,0.5711397528648376,0.7110451459884644,-0.0302787292748689,0.5508260130882263,0.7383439540863037,-0.0130621660500764,0.5742764472961426,0.7405921220779419,-0.0035439545754343,0.6007394194602966,0.731857180595398,-0.0053476458415389,0.592928409576416,0.7737488150596619,-0.0336024574935436,0.571937084197998,0.7866461277008057,-0.0212492421269416,0.5966225266456604,0.7827833890914917,-0.0068080825731158,0.6204055547714233,0.7737975120544434,0.0019305628957226,0.14877702708926271,0.06513905909608977
2.0,0.7467596530914307,0.6666536927223206,-2.45746775817679e-07,0.6903384923934937,0.5762845277786255,0.0077287442982196,0.6325849890708923,0.5030107498168945,-0.0016591565217822,0.5880128145217896,0.4350420236587524,-0.0128678027540445,0.5652372241020203,0.3762426674365997,-0.0270374491810798,0.5484186410903931,0.5561994314193726,-0.0224560499191284,0.5117757320404053,0.6349763870239258,-0.0210479013621807,0.5447288155555725,0.6460244059562683,-0.0211981330066919,0.5689792633056641,0.6307672262191772,-0.0233205519616603,0.55637127161026,0.6252555251121521,-0.03161047026515,0.5333205461502075,0.6920380592346191,-0.0222390461713075,0.5632281303405762,0.6939929127693176,-0.0184145849198102,0.5892661213874817,0.6757149696350098,-0.0219091232866048,0.577450156211853,0.6943109631538391,-0.0362424664199352,0.5587193965911865,0.7373452186584473,-0.0243072174489498,0.5858084559440613,0.736025333404541,-0.013952424749732,0.6112324595451355,0.7201632261276245,-0.0140384286642074,0.6020038723945618,0.7589040994644165,-0.0403712205588817,0.5867376327514648,0.7801124453544617,-0.0321680456399917,0.6155945658683777,0.7723863124847412,-0.0187744311988353,0.6386853456497192,0.7579942345619202,-0.0099876960739493,0.14577354319279137,0.06462871413679751
2.0,0.7164815664291382,0.4167841970920563,-4.974242528987816e-07,0.6859827637672424,0.4984368085861206,-0.0406061559915542,0.6356912851333618,0.5854713320732117,-0.0619125552475452,0.6107714176177979,0.6652584671974182,-0.0807361379265785,0.6176651120185852,0.7226420640945435,-0.0917339622974395,0.5515371561050415,0.5157650113105774,-0.0228860955685377,0.5178776383399963,0.5089108943939209,-0.054702591150999,0.5791540741920471,0.5018920302391052,-0.0615688227117061,0.5891910195350647,0.5019946098327637,-0.0632716715335846,0.5521957278251648,0.4468607008457184,-0.0182757396250963,0.5284568071365356,0.4457719027996063,-0.0568886436522007,0.5993902087211609,0.4516340494155884,-0.0553997047245502,0.5923761129379272,0.4532929062843323,-0.0459930039942264,0.56200110912323,0.38483726978302,-0.021423302590847,0.5460937023162842,0.3834344148635864,-0.0601776093244552,0.6081668138504028,0.3986554741859436,-0.044263120740652,0.6042994260787964,0.4020698666572571,-0.0250045005232095,0.5750097036361694,0.3293672204017639,-0.0283792931586503,0.5632763504981995,0.328202337026596,-0.0443308092653751,0.608178436756134,0.3496963381767273,-0.0299242809414863,0.614190936088562,0.3571253418922424,-0.0157781522721052,0.14152762613308895,0.058833258929244375
2.0,0.701357901096344,0.4342705905437469,-5.826213396176172e-07,0.6899954080581665,0.519250214099884,-0.0418535768985748,0.6597284078598022,0.6135101318359375,-0.065204344689846,0.6443482637405396,0.6938564777374268,-0.0841044634580612,0.6399260759353638,0.7564082145690918,-0.0944021344184875,0.5553135871887207,0.5721709132194519,-0.0374591499567031,0.5430916547775269,0.56988525390625,-0.0665517598390579,0.598641037940979,0.5418386459350586,-0.0704838931560516,0.6064726710319519,0.5417347550392151,-0.0716324225068092,0.5388651490211487,0.5052524209022522,-0.0328993871808052,0.5383885502815247,0.5053126215934753,-0.0688429400324821,0.6035192012786865,0.4894322752952575,-0.0682084783911705,0.5973221063613892,0.4975101053714752,-0.0627747103571891,0.5387539863586426,0.4394245147705078,-0.0339647494256496,0.5402378439903259,0.4365966022014618,-0.0713217481970787,0.6003575921058655,0.4325453341007232,-0.0544647723436355,0.5984084010124207,0.440002977848053,-0.0376770682632923,0.5471710562705994,0.3798843920230865,-0.0388040915131568,0.5431236624717712,0.3743981122970581,-0.0593665614724159,0.5906196236610413,0.3823364973068237,-0.0462258420884609,0.5990014672279358,0.3921874463558197,-0.0333465188741683,0.1471886725379878,0.06354775804740348
2.0,0.8308253288269043,0.6871311664581299,4.611523607422897e-08,0.754379391670227,0.5968478918075562,-0.0076418491080403,0.7040866017341614,0.5267298221588135,-0.0292895995080471,0.6665562987327576,0.4475672543048858,-0.0505270324647426,0.646150529384613,0.3785580992698669,-0.0708885341882705,0.6126869916915894,0.6498852968215942,-0.0407112464308738,0.5662853717803955,0.6704269051551819,-0.044367853552103,0.6025758385658264,0.6535093188285828,-0.0451550781726837,0.633380651473999,0.6416703462600708,-0.0466022714972496,0.6263160109519958,0.7325517535209656,-0.0436744876205921,0.5830865502357483,0.7281785607337952,-0.0364875942468643,0.6147134900093079,0.7121113538742065,-0.0313631556928157,0.6467510461807251,0.7045277953147888,-0.033872116357088,0.6525920033454895,0.8002769947052002,-0.0432282499969005,0.617583155632019,0.7801148295402527,-0.031106911599636,0.6446550488471985,0.7687636613845825,-0.0193535108119249,0.6767510175704956,0.76459801197052,-0.0181535203009843,0.6813308596611023,0.8550947904586792,-0.0438129045069217,0.6495107412338257,0.8365761041641235,-0.0327878259122371,0.6746601462364197,0.8212277889251709,-0.0162547696381807,0.7008799314498901,0.8136247992515564,-0.0056948401033878,0.16444427417730412,0.07478803148749258
2.0,0.8586229085922241,0.6544607281684875,-1.4297108918981396e-07,0.8814729452133179,0.5553563237190247,-0.0069724065251648,0.8964020013809204,0.4709198474884033,-0.0207455474883317,0.9077258110046388,0.3946741819381714,-0.0355528891086578,0.9219096302986144,0.3365098237991333,-0.051362071186304,0.768609344959259,0.4454591274261474,-0.0163563378155231,0.7660955786705017,0.4545227885246277,-0.0214705932885408,0.7887101173400879,0.4833962917327881,-0.0316577106714248,0.8072089552879333,0.501699686050415,-0.0401336401700973,0.7316169142723083,0.4976554811000824,-0.0195932853966951,0.7453473210334778,0.5129566192626953,-0.0127163995057344,0.7684227824211121,0.5368251204490662,-0.0167770478874444,0.78758704662323,0.5507555603981018,-0.0258920863270759,0.7131017446517944,0.5583304166793823,-0.0212771091610193,0.7264503836631775,0.5629205703735352,-0.0158396381884813,0.7483596205711365,0.580810010433197,-0.0135060017928481,0.768544614315033,0.594997763633728,-0.0167582612484693,0.7022027373313904,0.6183427572250366,-0.0239798333495855,0.7117437124252319,0.6201126575469971,-0.0199755299836397,0.7351364493370056,0.6327463984489441,-0.0101206600666046,0.7537113428115845,0.6419528126716614,-0.0029181644786149,0.14019295675782506,0.06192094577325681
2.0,0.8373865485191345,0.6575628519058228,-3.7652426954082336e-08,0.7983884811401367,0.5453065037727356,-0.0019232999766245,0.7633782029151917,0.4619759619235992,-0.0146750770509243,0.7375568151473999,0.3820822834968567,-0.0290818400681018,0.7275370359420776,0.317791223526001,-0.0442170426249504,0.6558856964111328,0.5183228850364685,-0.0128126787021756,0.61622154712677,0.5502013564109802,-0.0165059678256511,0.6467685699462891,0.5636258125305176,-0.0243415758013725,0.6774021983146667,0.5636557340621948,-0.0301398113369941,0.6480856537818909,0.5938810706138611,-0.0180371291935443,0.6211085319519043,0.6087998747825623,-0.011719879694283,0.6504324674606323,0.613249659538269,-0.0143478848040103,0.6815608143806458,0.6118109822273254,-0.0207517594099044,0.6561161279678345,0.6668283343315125,-0.0211017355322837,0.6298875212669373,0.6660745143890381,-0.0131776444613933,0.6538436412811279,0.6698240041732788,-0.0070562176406383,0.6839681267738342,0.6709762215614319,-0.0071224831044673,0.6694682836532593,0.732021152973175,-0.0247428826987743,0.6431538462638855,0.7243597507476807,-0.0178761556744575,0.6663100719451904,0.7208821773529053,-0.0045885317958891,0.6918693780899048,0.717693567276001,0.0055603752844035,0.15148120598528192,0.06680427174916595
2.0,0.8353881239891052,0.6505073308944702,-2.099726259530144e-07,0.7879515886306763,0.5442448258399963,0.0046771252527832,0.7417125701904297,0.459687203168869,-0.0044959960505366,0.7088391780853271,0.382933109998703,-0.0170243885368108,0.6929923295974731,0.3220657706260681,-0.0314076319336891,0.6397209763526917,0.5166882276535034,-0.0055070831440389,0.6015428304672241,0.5697070360183716,-0.0108182905241847,0.6333214044570923,0.5877517461776733,-0.0201095324009656,0.6643794178962708,0.5835660696029663,-0.0265109371393919,0.6368647217750549,0.5894203782081604,-0.0143944304436445,0.6143379211425781,0.6357426643371582,-0.0085321627557277,0.6446440815925598,0.6437063813209534,-0.0114250211045145,0.6741495132446289,0.6332933306694031,-0.0180049333721399,0.6488997936248779,0.6617155075073242,-0.021113159134984,0.627951979637146,0.6915140748023987,-0.0140114445239305,0.6541478037834167,0.6966213583946228,-0.0076235057786107,0.6831783056259155,0.6884623765945435,-0.0075299562886357,0.6660050749778748,0.728304386138916,-0.0279328264296054,0.641523003578186,0.7463887333869934,-0.0214335583150386,0.6671372056007385,0.7461872100830078,-0.0075224223546683,0.6930282115936279,0.7378454208374023,0.0032171781640499,0.14845051931359368,0.06452002247298394
2.0,0.8069134950637817,0.6395688056945801,-1.5891592397565549e-07,0.759996771812439,0.5285801887512207,0.005407590419054,0.7164342999458313,0.4434535801410675,-0.0039987480267882,0.682928740978241,0.3671040832996368,-0.016720974817872,0.6660734415054321,0.3051972687244415,-0.0319166332483291,0.6081129312515259,0.5051694512367249,-0.0057866834104061,0.5789571404457092,0.5614272952079773,-0.0069307773374021,0.6105356812477112,0.5787927508354187,-0.014378554187715,0.6403498649597168,0.5737111568450928,-0.0207885894924402,0.6043254137039185,0.5813409090042114,-0.0145002258941531,0.5905287265777588,0.6254494190216064,-0.0051121306605637,0.6216851472854614,0.6325527429580688,-0.0079038580879569,0.6523361206054688,0.6220828890800476,-0.0152134820818901,0.6168069839477539,0.6558678150177002,-0.0202907621860504,0.6041089296340942,0.6838183999061584,-0.0094688450917601,0.6320422291755676,0.6885826587677002,-0.0042652627453207,0.6625099182128906,0.6805442571640015,-0.0062104370445013,0.6357212066650391,0.7231190204620361,-0.0262243580073118,0.625922441482544,0.7431066036224365,-0.0184630304574966,0.6545522212982178,0.7405805587768555,-0.0064231324940919,0.6807570457458496,0.7302528619766235,0.0026324861682951,0.14976792722284746,0.06593529287339829
2.0,0.7220713496208191,0.6624497175216675,-1.4652970037332125e-07,0.6697531342506409,0.5496262311935425,0.0004874248406849,0.6218631267547607,0.46616330742836,-0.0107591543346643,0.5872586369514465,0.3886288404464721,-0.0254653710871934,0.5700905323028564,0.3233881294727325,-0.0419942438602447,0.5093463063240051,0.5458148717880249,-0.0042233732528984,0.4953736364841461,0.5988238453865051,-0.0100073236972093,0.530647873878479,0.6033907532691956,-0.0236561764031648,0.5582267045974731,0.5919893980026245,-0.0343176759779453,0.509190559387207,0.6203256845474243,-0.0123647134751081,0.5020824074745178,0.661558985710144,-0.0084680626168847,0.533322811126709,0.6602863073348999,-0.0165953505784273,0.5637584328651428,0.6480079293251038,-0.0265385378152132,0.5244174003601074,0.6912032961845398,-0.0186081212013959,0.5184644460678101,0.7174862623214722,-0.0133551880717277,0.5460438132286072,0.7140223979949951,-0.0113888652995228,0.5744239687919617,0.7017839550971985,-0.013718863017857,0.5452664494514465,0.7558088302612305,-0.0256767719984054,0.5360202193260193,0.7735118865966797,-0.0212412383407354,0.5624340772628784,0.7627324461936951,-0.010515964590013,0.58565354347229,0.7468769550323486,-0.0017317763995379,0.15505090710541966,0.06945716536637302
2.0,0.6697037220001221,0.673358678817749,-2.0291605551392425e-07,0.6027846336364746,0.569866955280304,-0.0006741434917785,0.5451393723487854,0.4883559048175812,-0.0147648407146334,0.5010377764701843,0.4155861437320709,-0.0313521698117256,0.4747571051120758,0.3530173003673553,-0.0504475869238376,0.4401114881038666,0.5943204760551453,-0.0175459366291761,0.4129951298236847,0.6645339131355286,-0.0240808501839637,0.4497512578964233,0.6675602793693542,-0.0342740528285503,0.4831825494766235,0.6504436731338501,-0.0418553724884986,0.4498647153377533,0.6776871681213379,-0.0256220679730176,0.4282395839691162,0.7287228107452393,-0.0221991892904043,0.4616078734397888,0.725956380367279,-0.026268146932125,0.4967304468154907,0.7071365714073181,-0.0339576564729213,0.4751310050487518,0.7520166635513306,-0.0311432722955942,0.4503064453601837,0.786973774433136,-0.0264212246984243,0.4807907044887543,0.7815428972244263,-0.0202003233134746,0.5152716040611267,0.7629561424255371,-0.0204626806080341,0.5055007338523865,0.8175393342971802,-0.037201777100563,0.4817622601985931,0.8433821797370911,-0.0363042317330837,0.51220703125,0.8300827741622925,-0.0241548623889684,0.5418594479560852,0.8114342093467712,-0.0140658095479011,0.15666352406653178,0.07049942412329879
2.0,0.6460894346237183,0.6451472043991089,-2.4255925268334977e-07,0.5745306611061096,0.5473189949989319,-2.9654274840140715e-05,0.513274073600769,0.4748058319091797,-0.0153174353763461,0.4675071537494659,0.4030733704566955,-0.0349272191524505,0.4395932853221893,0.3402740955352783,-0.0562210977077484,0.3993623852729797,0.574917197227478,-0.0133021203801035,0.3491565287113189,0.6527554392814636,-0.0287100728601217,0.3876102864742279,0.6619834303855896,-0.0448748134076595,0.4258409440517425,0.6436529159545898,-0.0547805912792682,0.4109819829463959,0.6577332615852356,-0.0227236896753311,0.3850585222244262,0.7165937423706055,-0.0272433012723922,0.4227783977985382,0.7115703225135803,-0.0340970158576965,0.459208995103836,0.6871957182884216,-0.0418176800012588,0.4388154745101928,0.7335634231567383,-0.0309382826089859,0.4179483354091644,0.7722274661064148,-0.0320922546088695,0.4501813054084778,0.7643925547599792,-0.0261746905744075,0.4865189790725708,0.7414596676826477,-0.0245948228985071,0.4694933295249939,0.8016995191574097,-0.0400236062705516,0.4514701068401336,0.8284226655960083,-0.0414204262197017,0.4828222692012787,0.8135132193565369,-0.0300398878753185,0.5138931274414062,0.7890819311141968,-0.0190670266747474,0.15874746059465383,0.07194694048504649
1.0,0.6538368463516235,0.5743474960327148,-7.704808240305283e-07,0.556014895439148,0.5879008173942566,-0.0176733303815126,0.451472520828247,0.5280591249465942,-0.0230520386248826,0.4283920526504516,0.4359104335308075,-0.032331958413124,0.4885479509830475,0.4059858024120331,-0.03534846752882,0.4680538773536682,0.3943464457988739,0.0151780936866998,0.4238441288471222,0.3746329843997955,-0.02445724979043,0.4642545580863952,0.4464672803878784,-0.0415155589580535,0.4883737564086914,0.4568189680576324,-0.0477858483791351,0.5120437741279602,0.3546533286571502,0.0067680473439395,0.4716531634330749,0.3494216799736023,-0.0359357260167598,0.5135338306427002,0.43915656208992,-0.0343234688043594,0.5342116951942444,0.4416656196117401,-0.0190277975052595,0.560425341129303,0.3316015005111694,-0.0112902056425809,0.5258402228355408,0.3445023894309997,-0.0508835799992084,0.5617523789405823,0.4339865446090698,-0.0319045111536979,0.5788533091545105,0.4330982267856598,-0.0056238025426864,0.6170254945755005,0.3170328438282013,-0.0326663143932819,0.5764275193214417,0.3366578221321106,-0.0462117344141006,0.5974022150039673,0.3992168605327606,-0.0291690956801176,0.6143896579742432,0.3957009315490722,-0.0103711513802409,0.12817053389753852,0.06725559440701874
1.0,0.6646794080734253,0.5793161988258362,-7.563670010313217e-07,0.5664224624633789,0.59485924243927,-0.0186390876770019,0.4621654450893402,0.53346848487854,-0.0251023061573505,0.4409683048725128,0.4389902651309967,-0.035294871777296,0.500190258026123,0.4109121859073639,-0.0393586903810501,0.47709721326828,0.4018979370594024,0.0133063727989792,0.431826114654541,0.3800334632396698,-0.026424404233694,0.4740942120552063,0.4490302503108978,-0.0444855280220508,0.4992614984512329,0.4617834687232971,-0.0518485084176063,0.5215598940849304,0.3594346344470978,0.0050882943905889,0.4810497164726257,0.3531050086021423,-0.0372079759836196,0.5253328680992126,0.4413182437419891,-0.0366986133158206,0.5451728105545044,0.4474171698093414,-0.0228252187371253,0.571115255355835,0.3355539441108703,-0.0125953052192926,0.5361214280128479,0.3473398685455322,-0.0514879189431667,0.573388397693634,0.4364490807056427,-0.0323683694005012,0.5890756249427795,0.4387284815311432,-0.0067391484044492,0.6289448738098145,0.3211032152175903,-0.0336858928203582,0.5884978175163269,0.3412237763404846,-0.0473637133836746,0.609734296798706,0.4038432538509369,-0.0302732288837432,0.6252343058586121,0.4017208218574524,-0.0118413288146257,0.12910916817764487,0.06566683249450382
1.0,0.6679569482803345,0.5775799751281738,-7.474269523299881e-07,0.5684468746185303,0.5902079939842224,-0.0187680143862962,0.4660775661468506,0.5293575525283813,-0.0256788358092308,0.4465742707252502,0.4382617473602295,-0.0363314002752304,0.5066327452659607,0.4110909700393677,-0.0410165004432201,0.4815000891685486,0.3950622081756592,0.0130537087097764,0.4382433295249939,0.3770359456539154,-0.0259146336466074,0.4793580770492553,0.4478523731231689,-0.0430620089173316,0.5034346580505371,0.4591675102710724,-0.0498806498944759,0.5261139869689941,0.3541935980319977,0.0049067703075706,0.4877815842628479,0.3517720103263855,-0.0365686528384685,0.530794620513916,0.4405398368835449,-0.0355309545993804,0.5502914190292358,0.4439687430858612,-0.0215065293014049,0.5758067965507507,0.3311970233917236,-0.0126786734908819,0.5436083674430847,0.3489419519901275,-0.0511725954711437,0.5793272852897644,0.4372488856315613,-0.0328614749014377,0.5948550701141357,0.4366585910320282,-0.0078225610777735,0.6332717537879944,0.3176351487636566,-0.0336433872580528,0.5938313007354736,0.3417137861251831,-0.0465353168547153,0.6148539781570435,0.4032198488712311,-0.0295662749558687,0.6311053037643433,0.3996460437774658,-0.0112801222130656,0.12596408632399358,0.06608495795535568
1.0,0.6668184399604797,0.5778658390045166,-8.234412689489545e-07,0.572273313999176,0.5895852446556091,-0.0166375953704118,0.4704820513725281,0.5265809893608093,-0.0215471517294645,0.4491385817527771,0.4428393542766571,-0.0296480022370815,0.5068525671958923,0.4184220731258392,-0.0316281802952289,0.4942671656608581,0.3598147928714752,0.0143412444740533,0.4489876925945282,0.3767444193363189,-0.0202717129141092,0.4857279658317566,0.4479159414768219,-0.0369565710425376,0.5089715719223022,0.4558264911174774,-0.0454353466629982,0.5378944277763367,0.322354257106781,0.0057606282643973,0.4941455721855163,0.3640047609806061,-0.0312780104577541,0.533092737197876,0.4483265280723572,-0.0295618176460266,0.5552505254745483,0.4464603066444397,-0.0175647642463445,0.5855590105056763,0.3082874417304992,-0.0118278535082936,0.5459728837013245,0.364263504743576,-0.046736117452383,0.5781840085983276,0.4484558701515198,-0.0277880765497684,0.5962468385696411,0.4421978890895843,-0.0046786852180957,0.6388108730316162,0.3073216080665588,-0.0331146493554115,0.5921453833580017,0.3606306612491607,-0.0483371242880821,0.6111760139465332,0.4252670109272003,-0.0344136357307434,0.6292608976364136,0.4225205481052398,-0.0185296814888715,0.1145547586061995,0.06269791734713502
1.0,0.6707399487495422,0.5765500068664551,-7.56262750201131e-07,0.5776828527450562,0.5917088389396667,-0.0214124508202075,0.4852232038974762,0.5353643894195557,-0.0311004985123872,0.4606264233589172,0.4636262655258178,-0.0419492684304714,0.5073724389076233,0.4471132457256317,-0.0451122224330902,0.5168411731719971,0.3393992185592651,0.0086155887693166,0.4592165946960449,0.3909559249877929,-0.0268218871206045,0.4979439973831177,0.4593910276889801,-0.0469878502190113,0.5238708853721619,0.4564376473426819,-0.0593253001570701,0.5584436058998108,0.3070469200611114,0.0011529517360031,0.4991279542446136,0.3852050304412842,-0.036289844661951,0.5422489047050476,0.4635884165763855,-0.0365435890853405,0.5668559074401855,0.4539763331413269,-0.0274855066090822,0.601951003074646,0.3048824667930603,-0.0151597084477543,0.5462209582328796,0.3920477032661438,-0.051022220402956,0.5816166996955872,0.4684834778308868,-0.0333217829465866,0.6036938428878784,0.456836462020874,-0.0122538460418581,0.6471437215805054,0.3215940296649933,-0.0359610691666603,0.5919755697250366,0.4004020094871521,-0.0565808974206447,0.6128881573677063,0.4566970765590668,-0.0475712083280086,0.6327657103538513,0.4480340778827667,-0.0344965420663356,0.0920607483244099,0.04967770194588206
1.0,0.6796340346336365,0.5787712335586548,-6.75250078074896e-07,0.5806432366371155,0.5786665081977844,-0.0232195295393466,0.5007601976394653,0.52299565076828,-0.0389664508402347,0.4706709086894989,0.4679064750671386,-0.0553928352892398,0.5059614181518555,0.4620427191257477,-0.064099483191967,0.5508679747581482,0.3082786500453949,0.0003122093621641,0.4750146865844726,0.3762907087802887,-0.0359990559518337,0.5067741274833679,0.4431096613407135,-0.0604734495282173,0.5348973274230957,0.4351466298103332,-0.0768744125962257,0.5876477360725403,0.2916657924652099,-0.0080088227987289,0.5067968368530273,0.3867036700248718,-0.0453701391816139,0.5416970252990723,0.4547084867954254,-0.0501481182873249,0.5705451965332031,0.4413599967956543,-0.0468596033751964,0.6225911378860474,0.3070136308670044,-0.0241710301488637,0.5453885793685913,0.4032064378261566,-0.05702356249094,0.574331521987915,0.4685400426387787,-0.0420459546148777,0.6007978320121765,0.4559203684329986,-0.0256211515516042,0.654928982257843,0.3424057364463806,-0.0453189127147197,0.5904490351676941,0.4228920340538025,-0.0662520229816436,0.609049379825592,0.4670699834823608,-0.060259036719799,0.6324369311332703,0.4544468820095062,-0.0501315407454967,0.066136086109105,0.036818601406828855
1.0,0.6994004845619202,0.5850397348403931,-5.922270815972297e-07,0.5985430479049683,0.5630869269371033,-0.0213548447936773,0.5315704941749573,0.5134252309799194,-0.0420100875198841,0.4931036531925201,0.4761786460876465,-0.0627298727631568,0.4979842901229858,0.4520402252674103,-0.0759966373443603,0.5936485528945923,0.2922030091285705,-0.0104895709082484,0.4941834211349487,0.3673552274703979,-0.0469392463564872,0.5211261510848999,0.4233112633228302,-0.0719342082738876,0.5497798919677734,0.4125999510288238,-0.0879567563533783,0.6196077466011047,0.2938047349452972,-0.0187109690159559,0.5103627443313599,0.3957324922084808,-0.0536268353462219,0.543769359588623,0.4480583965778351,-0.0609597153961658,0.5742519497871399,0.4324433505535126,-0.0623383447527885,0.6400532722473145,0.3250705599784851,-0.0327678434550762,0.5373309850692749,0.4281756281852722,-0.0605181008577346,0.567760169506073,0.4771949052810669,-0.0493942759931087,0.5957642793655396,0.4608177542686462,-0.0391464978456497,0.653978705406189,0.3770498633384704,-0.0511617586016655,0.5758332014083862,0.4628390967845917,-0.0711065158247947,0.5983486771583557,0.4986492395401001,-0.0679231584072113,0.6255672574043274,0.483224868774414,-0.0609477013349533,0.07778970110443316,0.027973040932206747
1.0,0.6979033350944519,0.5961589813232422,-6.176036322358414e-07,0.6007960438728333,0.5617596507072449,-0.0207403451204299,0.538277804851532,0.5106673240661621,-0.0445015840232372,0.4982084929943084,0.4734798669815063,-0.0685623213648796,0.507085382938385,0.4579358398914337,-0.0852036103606224,0.6055883765220642,0.2973006963729858,-0.019171318039298,0.5017626881599426,0.3715624809265136,-0.05451051145792,0.5224053263664246,0.4314953088760376,-0.0736317113041877,0.55194091796875,0.430524468421936,-0.0847038179636001,0.6289083957672119,0.3085581660270691,-0.0285819079726934,0.5117497444152832,0.4139004349708557,-0.0643274709582328,0.5396566987037659,0.4712963402271271,-0.0687950551509857,0.5691075325012207,0.4611873626708984,-0.0678234100341796,0.6451433300971985,0.3461551368236542,-0.0429291315376758,0.5345245599746704,0.4542601406574249,-0.0716733559966087,0.5616844892501831,0.5080211162567139,-0.0598523207008838,0.588750422000885,0.4977211356163025,-0.0488291531801223,0.6539062261581421,0.4029067456722259,-0.0612856447696685,0.5706160068511963,0.4871588051319122,-0.0797922685742378,0.5901783108711243,0.5243341326713562,-0.0753744095563888,0.6165173053741455,0.5137201547622681,-0.0676482617855072,0.07355427625941677,0.024440713015294564
1.0,0.7196348905563354,0.6010264158248901,-5.529886379918025e-07,0.6568711996078491,0.5432499051094055,-0.0092733912169933,0.5890246629714966,0.4847290813922882,-0.0289517901837825,0.5247029662132263,0.4682128727436065,-0.0493553839623928,0.4884654879570007,0.4754031896591186,-0.0646276995539665,0.6067625284194946,0.3185935914516449,-0.0229325108230114,0.4933755993843078,0.3956779241561889,-0.0554045960307121,0.5176677107810974,0.4514445960521698,-0.0726993680000305,0.5525334477424622,0.4473410546779632,-0.0834827795624733,0.6158430576324463,0.3449325561523437,-0.0365059524774551,0.4946587681770324,0.4478957056999206,-0.0663836002349853,0.5266154408454895,0.4978916943073272,-0.0691460520029068,0.5597522854804993,0.4884362518787384,-0.0707020014524459,0.6201210021972656,0.3963513970375061,-0.0527415312826633,0.5055032968521118,0.4984034895896911,-0.0761391595005989,0.5408297777175903,0.547086775302887,-0.0641339793801307,0.5737531781196594,0.5346153378486633,-0.0568320266902446,0.6230280995368958,0.463613361120224,-0.0712722092866897,0.534161388874054,0.5480057597160339,-0.0920632779598236,0.5616958141326904,0.5804714560508728,-0.0897892042994499,0.5919228792190552,0.5649416446685791,-0.0856701657176017,0.10710691128776145,0.03997623182898246
1.0,0.7295620441436768,0.595750629901886,-3.797741783273523e-07,0.6987455487251282,0.487394243478775,-0.003422841662541,0.6310532093048096,0.414456844329834,-0.0182979144155979,0.5611910820007324,0.4073221683502197,-0.0329732671380043,0.5211430191993713,0.4477055370807647,-0.0459637083113193,0.607158362865448,0.3279240727424621,-0.0350343063473701,0.5028940439224243,0.4011412560939789,-0.0582017488777637,0.531522274017334,0.4428622424602508,-0.0669522881507873,0.561835765838623,0.4326688349246979,-0.0721088349819183,0.6048345565795898,0.3787992298603058,-0.0465434901416301,0.5008572936058044,0.4712496399879455,-0.0646220371127128,0.5343039631843567,0.5024049878120422,-0.0599632784724235,0.5634356141090393,0.4886632561683655,-0.0586882829666137,0.6024805903434753,0.4455181062221527,-0.057797897607088,0.5073107481002808,0.5321953296661377,-0.0699022561311721,0.5415192246437073,0.5573142170906067,-0.0566615499556064,0.5708993077278137,0.5393565893173218,-0.0508990474045276,0.6012192964553833,0.520089328289032,-0.0700169578194618,0.5292181968688965,0.5885881185531616,-0.0804293379187583,0.5592113137245178,0.6060413718223572,-0.0731730610132217,0.5858005881309509,0.5904514193534851,-0.0675253868103027,0.11811486617077421,0.058338798119658565
1.0,0.7381252646446228,0.5984172821044922,-3.920571032267617e-07,0.7012351751327515,0.4856842160224914,0.0018502000020816,0.6273958086967468,0.4203019142150879,-0.0123464372009038,0.5529730319976807,0.425159603357315,-0.0268876384943723,0.5140098929405212,0.472838282585144,-0.0406459160149097,0.6021720767021179,0.3494816422462463,-0.0345842130482196,0.507213294506073,0.4286834001541137,-0.0542716681957244,0.5359385013580322,0.4688017964363098,-0.0609471276402473,0.5637619495391846,0.4579559862613678,-0.0650768503546714,0.599295973777771,0.4035022556781769,-0.0477720685303211,0.5065976977348328,0.4974641501903534,-0.0609699413180351,0.5384237766265869,0.525428295135498,-0.05447319149971,0.5662634372711182,0.5125030875205994,-0.0529206693172454,0.597634494304657,0.4730136394500732,-0.059516005218029,0.512866735458374,0.562490701675415,-0.0662332847714424,0.5475194454193115,0.5833030343055725,-0.0519795678555965,0.5757167935371399,0.5654946565628052,-0.0469414852559566,0.5981157422065735,0.5487380027770996,-0.0715679600834846,0.5359992384910583,0.6194230318069458,-0.0767460614442825,0.5642362833023071,0.633982241153717,-0.0674739554524421,0.5871541500091553,0.6185706257820129,-0.0615990534424781,0.1281299980275364,0.06309257371854375
1.0,0.7442203164100647,0.6043498516082764,-2.848150870704558e-07,0.7020185589790344,0.4888211190700531,0.0168905537575483,0.634795069694519,0.4269593358039856,0.0115247406065464,0.5732682347297668,0.4417639374732971,0.0037028775550425,0.5407059192657471,0.4912174642086029,-0.0063922139815986,0.6032130718231201,0.40895676612854,-0.0289109591394662,0.5204333662986755,0.4412904977798462,-0.0387644916772842,0.5439605712890625,0.465036541223526,-0.0402684584259986,0.5734143257141113,0.4658412933349609,-0.0405834168195724,0.5968896150588989,0.4867967069149017,-0.0450732409954071,0.5214365124702454,0.5118066668510437,-0.0456257238984108,0.5463213324546814,0.5295629501342773,-0.0358438529074192,0.5767583847045898,0.5308371186256409,-0.0333884172141552,0.5946855545043945,0.5664910078048706,-0.0569635853171348,0.5282629132270813,0.5822713375091553,-0.0541348718106746,0.5562506318092346,0.5952681303024292,-0.0362655632197856,0.586756706237793,0.5953283309936523,-0.0292103495448827,0.5977283120155334,0.6445220112800598,-0.0667493566870689,0.5427361726760864,0.6456706523895264,-0.0623397752642631,0.5703269243240356,0.6520782709121704,-0.0427881628274917,0.596660852432251,0.6522810459136963,-0.0302826613187789,0.11533816608645213,0.060065518961140325
1.0,0.7450112104415894,0.6416497826576233,-2.183843719194556e-07,0.7020792365074158,0.5229389071464539,0.009181510657072,0.6315475702285767,0.4583503007888794,0.0020527779124677,0.5646618604660034,0.4590975642204284,-0.0045369965955615,0.5275164246559143,0.5044165849685669,-0.0125881284475326,0.6113431453704834,0.4690512418746948,-0.0457429848611354,0.5267082452774048,0.4869277775287628,-0.0562810935080051,0.5511248707771301,0.4989597201347351,-0.0549440123140811,0.5816532373428345,0.500004768371582,-0.0523730963468551,0.6048635840415955,0.5521714091300964,-0.0564156882464885,0.5267359614372253,0.5554315447807312,-0.0581590794026851,0.5517295002937317,0.5648759603500366,-0.0464595071971416,0.5833240151405334,0.5702025294303894,-0.0419890917837619,0.6006410717964172,0.631450891494751,-0.0624196156859397,0.5379183292388916,0.6234471797943115,-0.0578646771609783,0.5629157423973083,0.6279280185699463,-0.0377985052764415,0.5914959907531738,0.6311057806015015,-0.0296497587114572,0.6012303233146667,0.7034149169921875,-0.0669735819101333,0.5498047471046448,0.6827274560928345,-0.0588962286710739,0.5742936134338379,0.6847265958786011,-0.0380126796662807,0.5971910357475281,0.689414918422699,-0.02572569437325,0.11471241400269847,0.059147424011443475
1.0,0.751513659954071,0.6806032061576843,-1.6856043316693106e-07,0.7149723172187805,0.5615496635437012,0.0057956771925091,0.6448178291320801,0.4943720698356628,-0.0015818855026736,0.5780739188194275,0.4919521808624267,-0.0079037509858608,0.5390199422836304,0.5337533950805664,-0.0145637094974517,0.6208068132400513,0.5097101926803589,-0.049166090786457,0.528770923614502,0.5154864192008972,-0.062770664691925,0.5577064156532288,0.5232775807380676,-0.0627863183617591,0.5917479991912842,0.5252563953399658,-0.059857178479433,0.6132550835609436,0.5966213941574097,-0.0578751862049102,0.531158447265625,0.5840944647789001,-0.0615214593708515,0.5576066970825195,0.5872575640678406,-0.0504433549940586,0.589081346988678,0.5936099290847778,-0.0456472039222717,0.6081957221031189,0.6757553219795227,-0.0624712333083152,0.5413557887077332,0.648209810256958,-0.0595001205801963,0.5680418610572815,0.6501452326774597,-0.0390653312206268,0.5960228443145752,0.6577165722846985,-0.0299284216016531,0.6080117225646973,0.7431349754333496,-0.0660068690776825,0.5558599233627319,0.7023353576660156,-0.0591800101101398,0.5809664130210876,0.703547477722168,-0.0382087081670761,0.6032435297966003,0.7138465642929077,-0.0253547169268131,0.11363366311913757,0.057592617936203495
1.0,0.7553365230560303,0.6877031326293945,-2.1561602636666066e-07,0.7256407141685486,0.5690449476242065,0.0049513401463627,0.6613839864730835,0.4921201467514038,-0.0034066231455653,0.5921775698661804,0.4757506847381592,-0.0102220708504319,0.5487565994262695,0.5103132724761963,-0.017425088211894,0.6407250761985779,0.5115604996681213,-0.0541126802563667,0.5415452718734741,0.509695827960968,-0.0683640763163566,0.5671882629394531,0.518706738948822,-0.0674954056739807,0.6016932129859924,0.5231435894966125,-0.0637566149234771,0.6300580501556396,0.5946783423423767,-0.0624717734754085,0.5391275882720947,0.5774457454681396,-0.0676439329981803,0.5652100443840027,0.582123339176178,-0.0557081922888755,0.5980486869812012,0.5906620025634766,-0.0501545183360576,0.6210911273956299,0.6705865859985352,-0.066466100513935,0.5445634126663208,0.6416657567024231,-0.0649335831403732,0.5709017515182495,0.6442470550537109,-0.0435937605798244,0.6001167297363281,0.652329683303833,-0.033657032996416,0.6164723634719849,0.7366880178451538,-0.0693180337548255,0.5572038292884827,0.697615921497345,-0.0645238831639289,0.5811985731124878,0.6994110941886902,-0.0442502237856388,0.6042187809944153,0.7091943025588989,-0.0318503864109516,0.11494535875557056,0.055962814477138766
1.0,0.7513493299484253,0.6736687421798706,-2.583856542059948e-07,0.7274996042251587,0.5597747564315796,0.0012943189358338,0.6607046127319336,0.4808657467365265,-0.0102108111605048,0.5890390276908875,0.460267037153244,-0.0201067086309194,0.5431714653968811,0.49210125207901,-0.0299736615270376,0.656549334526062,0.4857765138149261,-0.0553638115525245,0.5530723929405212,0.4868897795677185,-0.0762560069561004,0.5773824453353882,0.5031636357307434,-0.0806630402803421,0.6102831959724426,0.510973334312439,-0.0803355947136879,0.644178032875061,0.5656276345252991,-0.0650348737835884,0.5471992492675781,0.5553476810455322,-0.0779023915529251,0.5728148818016052,0.5675209164619446,-0.0689746215939521,0.6034891605377197,0.5778937935829163,-0.0646218284964561,0.6304541230201721,0.6409875154495239,-0.0714872628450393,0.5494035482406616,0.6198868751525879,-0.0786131769418716,0.5767847895622253,0.6294817924499512,-0.057698767632246,0.6052971482276917,0.637511670589447,-0.0461265183985233,0.6184881329536438,0.7095047831535339,-0.0770720764994621,0.5577991604804993,0.6772955656051636,-0.0786588042974472,0.5833351016044617,0.6858990788459778,-0.0593849644064903,0.6062040328979492,0.6964043974876404,-0.0467596426606178,0.11971151806486333,0.05669750673696887
1.0,0.7587424516677856,0.6751810908317566,-3.838511872800154e-07,0.7331420183181763,0.5715188384056091,0.0005069353501312,0.6676985025405884,0.4885035753250122,-0.0123174721375107,0.5946974754333496,0.476062536239624,-0.0240429658442735,0.5531918406486511,0.5153073072433472,-0.0360484905540943,0.6567156910896301,0.45164954662323,-0.0516246668994426,0.5526136159896851,0.4894416630268097,-0.0705048218369484,0.5649504065513611,0.5296154618263245,-0.0701289325952529,0.5907463431358337,0.5342422127723694,-0.0679814666509628,0.6539583802223206,0.5209688544273376,-0.0637737512588501,0.5484341979026794,0.5649678707122803,-0.0811389535665512,0.5705951452255249,0.5930127501487732,-0.0707933902740478,0.6019614934921265,0.5880038142204285,-0.0648001655936241,0.6476384401321411,0.5955530405044556,-0.0734006986021995,0.5488104820251465,0.6299500465393066,-0.0892253071069717,0.5774803161621094,0.6506143808364868,-0.0711703598499298,0.6102965474128723,0.6430379152297974,-0.0599677190184593,0.6405694484710693,0.671761691570282,-0.0817620307207107,0.5663239359855652,0.6849957704544067,-0.094709500670433,0.5923929810523987,0.6990796327590942,-0.0823507905006408,0.6198666095733643,0.6944156289100647,-0.072432056069374,0.1199724005655994,0.05836953309367447
1.0,0.7678259611129761,0.6777594089508057,-4.811084863831638e-07,0.7422637939453125,0.5723610520362854,0.0019105732208117,0.6744750142097473,0.488962173461914,-0.0102915139868855,0.5948805212974548,0.469999611377716,-0.0221035033464431,0.5544959306716919,0.5051170587539673,-0.0333171412348747,0.663661003112793,0.4333859980106354,-0.0433928966522216,0.5522262454032898,0.4832853674888611,-0.064765065908432,0.5714897513389587,0.5272731781005859,-0.067154660820961,0.5985546708106995,0.5241261124610901,-0.0671064183115959,0.6638451218605042,0.4947478771209717,-0.0565283857285976,0.5485997200012207,0.5553279519081116,-0.0747744664549827,0.5746511816978455,0.5868211984634399,-0.0646702349185943,0.6048151850700378,0.5790534615516663,-0.0588785521686077,0.659538984298706,0.5652999877929688,-0.0680952072143554,0.5541547536849976,0.6219139099121094,-0.0826677083969116,0.5838039517402649,0.6459972262382507,-0.0654392391443252,0.6151707768440247,0.6352084875106812,-0.0552847981452941,0.653305172920227,0.6403001546859741,-0.0789286643266677,0.5705580711364746,0.6775715947151184,-0.0904923751950264,0.5971761345863342,0.6932624578475952,-0.0805238783359527,0.6261336803436279,0.6844608187675476,-0.0725189670920372,0.12323205879800281,0.05467994097406385
1.0,0.774228572845459,0.6579639315605164,-5.1986995686093e-07,0.7449176907539368,0.5615756511688232,-0.0003451261727605,0.66953444480896,0.4949713945388794,-0.0149738434702157,0.5896903276443481,0.4899964928627014,-0.0291508231312036,0.5493895411491394,0.5323129892349243,-0.0413212962448596,0.6607354283332825,0.3980218768119812,-0.0435747355222702,0.5525516867637634,0.4739796221256256,-0.0616259984672069,0.5768299102783203,0.5228075385093689,-0.0618620663881301,0.6066108345985413,0.5181675553321838,-0.0627381205558776,0.6658439636230469,0.4401419162750244,-0.0556438006460666,0.5514490008354187,0.5402798056602478,-0.0735113695263862,0.5830617547035217,0.577601969242096,-0.0646073296666145,0.6140038371086121,0.5730429887771606,-0.0614345408976078,0.6655151844024658,0.5058796405792236,-0.0661257579922676,0.5597246289253235,0.6032164096832275,-0.080689862370491,0.5964879393577576,0.6365258097648621,-0.0681551843881607,0.6294683814048767,0.6332109570503235,-0.0634641572833061,0.6638349294662476,0.57915198802948,-0.0766863152384758,0.5846045613288879,0.6626905798912048,-0.0955404788255691,0.6037581562995911,0.6961326599121094,-0.0967265665531158,0.6212449073791504,0.7019246220588684,-0.0972150117158889,0.12854330335565264,0.05969053252537605
1.0,0.708707332611084,0.5749508738517761,-5.626041001960402e-07,0.6405320167541504,0.6362674236297607,-0.020073976367712,0.5552904009819031,0.6411598920822144,-0.0242373645305633,0.5166029930114746,0.578027069568634,-0.0308516789227724,0.5396581292152405,0.5197585821151733,-0.0316231325268745,0.5381428599357605,0.5765849947929382,0.0124279158189892,0.4986405372619629,0.5486847758293152,-0.0226359069347381,0.5481711626052856,0.5775805711746216,-0.0385606959462165,0.5617319345474243,0.5837249159812927,-0.0443789511919021,0.5604283213615417,0.5251769423484802,0.0089998133480548,0.524941623210907,0.5029425024986267,-0.0297059845179319,0.5811171531677246,0.5454453825950623,-0.034828919917345,0.5888400077819824,0.5498700141906738,-0.0263571962714195,0.584245502948761,0.4774530529975891,-0.0027660578489303,0.5528133511543274,0.4644120633602142,-0.0399121306836605,0.605869472026825,0.5103671550750732,-0.0276986733078956,0.614726185798645,0.5143033862113953,-0.007092984393239,0.6124786138534546,0.4288184642791748,-0.0171979088336229,0.5807147026062012,0.4282124936580658,-0.0302922688424587,0.6162059307098389,0.4651875495910644,-0.0152132138609886,0.6289921402931213,0.4684562981128692,0.0016556683694943,0.12262624332171194,0.06266858125210419
1.0,0.7001445889472961,0.5502942800521851,-5.200961368245771e-07,0.6347088813781738,0.6147865653038025,-0.0223540626466274,0.5562357306480408,0.6258207559585571,-0.0289852246642112,0.5139630436897278,0.5660468935966492,-0.0381680615246295,0.5307248830795288,0.5063552260398865,-0.0414970107376575,0.5348042845726013,0.5697690844535828,0.0135277733206748,0.494402676820755,0.5456475615501404,-0.0225056167691946,0.5442646741867065,0.5672339797019958,-0.039815567433834,0.5587239265441895,0.5721474289894104,-0.0461692251265049,0.5546109080314636,0.5179068446159363,0.0100247953087091,0.5196346044540405,0.4981971681118011,-0.0288330893963575,0.575770914554596,0.5339313745498657,-0.0359810031950473,0.5824217200279236,0.5393173098564148,-0.029052510857582,0.5763500928878784,0.4704780280590057,-0.0021342723630368,0.5459393262863159,0.4559915363788605,-0.0405391380190849,0.599507212638855,0.4966756999492645,-0.0294828694313764,0.607340395450592,0.5023311972618103,-0.0093212751671671,0.6030747294425964,0.4224753081798553,-0.0171015281230211,0.5720318555831909,0.4188796281814575,-0.0308136511594057,0.6091445684432983,0.4512228667736053,-0.0149566624313592,0.6226674914360046,0.455460250377655,0.0027138495352119,0.12279804954949541,0.062089744228008226
1.0,0.6337214708328247,0.5545487999916077,-4.233836818912096e-07,0.5831915736198425,0.635809063911438,-0.0134499724954366,0.5165849328041077,0.6668522953987122,-0.01188818924129,0.4705856442451477,0.6249547600746155,-0.0141363544389605,0.4774786531925201,0.5633826851844788,-0.0107913352549076,0.5006586909294128,0.6223194003105164,0.0342939086258411,0.4588469862937927,0.6127094626426697,0.005966336466372,0.5032458305358887,0.6202505826950073,-0.0110731218010187,0.5158336758613586,0.621432900428772,-0.0181458368897438,0.5091572999954224,0.5704038739204407,0.0302269421517848,0.4727535545825958,0.563988208770752,-0.001293403445743,0.5254068970680237,0.579867959022522,-0.0120832193642854,0.5311673283576965,0.5795534253120422,-0.0089546311646699,0.520337700843811,0.5217312574386597,0.0181431286036968,0.4853732883930206,0.5178671479225159,-0.0120101887732744,0.5381966829299927,0.5372514724731445,-0.0046788388863205,0.5469784736633301,0.5345892310142517,0.0113893477246165,0.5345019102096558,0.4682089686393738,0.0036144247278571,0.5073967576026917,0.4715338945388794,-0.0045608463697135,0.5440114736557007,0.4901394248008728,0.0087555134668946,0.5563028454780579,0.4856590628623962,0.0235495474189519,0.11061855374037624,0.06204694297035787
1.0,0.6053112745285034,0.6359930038452148,-4.355776184183924e-07,0.5426529049873352,0.6898748874664307,0.0033527750056236,0.4895052313804626,0.6935480833053589,0.0115052359178662,0.4636328220367431,0.6522189378738403,0.0123841436579823,0.4589081704616546,0.6088269948959351,0.0157791059464216,0.4940987527370453,0.6207085847854614,0.0512154065072536,0.4589380323886871,0.6208358407020569,0.0362760461866855,0.4851957261562347,0.6430760025978088,0.0243289805948734,0.5024169683456421,0.638753354549408,0.0199848692864179,0.5036107301712036,0.583692729473114,0.0428437925875186,0.4639160931110382,0.5780949592590332,0.0208660531789064,0.5034660696983337,0.6101759076118469,0.0087329605594277,0.5240892171859741,0.6022961139678955,0.01097131986171,0.5130293965339661,0.5454506874084473,0.0289958249777555,0.4717757105827331,0.5440765619277954,0.0065161776728928,0.5115231871604919,0.5805429220199585,0.0083162961527705,0.5355945825576782,0.5718827843666077,0.0204645581543445,0.5288869738578796,0.4985827803611755,0.0146069349721074,0.4860186576843261,0.5040508508682251,0.0070723523385822,0.509728193283081,0.5385000109672546,0.0169002097100019,0.5331616401672363,0.538675844669342,0.0301648955792188,0.09017820647566484,0.04378023317484381
1.0,0.6270905137062073,0.7027550935745239,-4.199409602279047e-07,0.6346350312232971,0.6012628674507141,0.0216413736343383,0.6036421060562134,0.5209541916847229,0.0242309123277664,0.5560129284858704,0.4915120899677276,0.0228430815041065,0.5159046649932861,0.5032689571380615,0.0209994539618492,0.6046241521835327,0.4413562417030334,0.0042063482105731,0.5174624919891357,0.4524396061897278,0.0012592588318511,0.5264952778816223,0.494437575340271,-0.0021502475719898,0.548973798751831,0.5111817121505737,-0.0059331217780709,0.5748665928840637,0.4611386358737945,-0.0117426151409745,0.4921700060367584,0.4907539784908294,-0.0076717613264918,0.5051941871643066,0.5312615633010864,-0.0055317399092018,0.5307583808898926,0.5446358919143677,-0.0085833445191383,0.5445922017097473,0.4973171949386596,-0.0246237535029649,0.4711638689041137,0.5296120047569275,-0.0149836046621203,0.4885101020336151,0.5720015168190002,-0.0063570700585842,0.5152781009674072,0.5803374648094177,-0.0081769935786724,0.515953779220581,0.5445752143859863,-0.0367558784782886,0.4630301594734192,0.5757483243942261,-0.0357388444244861,0.4833187162876129,0.6135594248771667,-0.0298147667199373,0.5089861750602722,0.6186490654945374,-0.0267390143126249,0.08956041764312912,0.04183653533176487
1.0,0.6246466040611267,0.700599193572998,-1.976763712718821e-07,0.6330747604370117,0.5875982642173767,0.0102749429643154,0.599581241607666,0.5006873607635498,0.0065353116951882,0.545806348323822,0.4733983278274536,0.0019754695240408,0.504424512386322,0.4985706210136413,-0.0034756478853523,0.5922871232032776,0.4465254545211792,-0.0132406996563076,0.5223625302314758,0.4430322051048279,-0.0156657006591558,0.5347580909729004,0.4768922626972198,-0.0181815456598997,0.5559253692626953,0.4929819107055664,-0.0206239577382802,0.5560401678085327,0.4880703389644623,-0.0229137018322944,0.4985441267490387,0.4852438569068908,-0.0164965260773897,0.5097071528434753,0.5151945948600769,-0.0119077684357762,0.5298332571983337,0.5343647003173828,-0.0130280880257487,0.5216389298439026,0.5384495258331299,-0.029400723055005,0.4790323674678802,0.5325053930282593,-0.019759951159358,0.4932714998722076,0.5591344833374023,-0.0098200626671314,0.5132834315299988,0.5754913091659546,-0.0085128815844655,0.4920848906040191,0.592062771320343,-0.0351499877870082,0.4670988917350769,0.579504132270813,-0.0265942364931106,0.4837157428264618,0.6043154001235962,-0.0131384087726473,0.4998255372047424,0.6196541786193848,-0.0048114950768649,0.09570529251298614,0.048742336534275274
1.0,0.6462997794151306,0.6738722920417786,-1.8538693780101315e-07,0.6295770406723022,0.563368558883667,0.0122478324919939,0.5849410891532898,0.4944673478603363,0.0072889723815023,0.531464159488678,0.4867600500583648,0.0010337248677387,0.4955714344978332,0.5212460160255432,-0.0067728753201663,0.5654974579811096,0.450166791677475,-0.0206586737185716,0.4981865882873535,0.4638379216194153,-0.0227269642055034,0.5159041285514832,0.492744892835617,-0.0216343346983194,0.5392845869064331,0.5041319131851196,-0.0216001849621534,0.5388737320899963,0.5010940432548523,-0.0321363508701324,0.4851822853088379,0.5142366290092468,-0.0260964352637529,0.5008977055549622,0.5403371453285217,-0.0189069397747516,0.523501992225647,0.5535018444061279,-0.0185076724737882,0.5160640478134155,0.5603001117706299,-0.0396189950406551,0.474203884601593,0.5680001974105835,-0.030190173536539,0.4931355714797973,0.5912563800811768,-0.0176636390388011,0.5155668258666992,0.601379930973053,-0.0152011541649699,0.4985582232475281,0.623166024684906,-0.0460582748055458,0.4717971086502075,0.6182597875595093,-0.0388514883816242,0.4930219054222107,0.6370639801025391,-0.0242652520537376,0.5116508603096008,0.6451209187507629,-0.0151942027732729,0.09434918019104757,0.05038365372272637
1.0,0.6569018959999084,0.6475009918212891,-2.0366840658425645e-07,0.6262959241867065,0.5427195429801941,0.0134747428819537,0.5752629637718201,0.49090576171875,0.0089051751419901,0.5245962738990784,0.5030835270881653,0.0026711921673268,0.4972666800022125,0.5478370189666748,-0.0055290036834776,0.5472596883773804,0.4537447392940521,-0.0201516598463058,0.4878782033920288,0.4908942580223083,-0.0208988022059202,0.5092411041259766,0.516350507736206,-0.0190316997468471,0.5336447358131409,0.5195977687835693,-0.0189505573362112,0.5289766192436218,0.5117017030715942,-0.032015424221754,0.4852100312709808,0.5472166538238525,-0.023947287350893,0.506098747253418,0.5689212083816528,-0.0162061676383018,0.5304877758026123,0.5732451677322388,-0.0160600449889898,0.5175986289978027,0.5781190991401672,-0.0396782755851745,0.4850810766220093,0.6049608588218689,-0.0283812992274761,0.5086683034896851,0.6218473315238953,-0.016495132818818,0.5325484275817871,0.6231297850608826,-0.0152014074847102,0.5126118063926697,0.6456872820854187,-0.0462864637374877,0.4931625723838806,0.6578506827354431,-0.0384628660976886,0.5172929763793945,0.6706780195236206,-0.0250197239220142,0.5368734002113342,0.6730203628540039,-0.0170522052794694,0.09763674437456482,0.053075653080098546
1.0,0.6827037930488586,0.6226162314414978,-2.978742656978284e-07,0.6373028755187988,0.5319080948829651,0.0181822888553142,0.5775115489959717,0.4898773431777954,0.018834775313735,0.5261354446411133,0.503341794013977,0.0165699794888496,0.5027109980583191,0.5449679493904114,0.0127069549635052,0.5380814075469971,0.4665175676345825,-0.0079033207148313,0.4827355742454529,0.5132631659507751,-0.0056465533562004,0.5031083822250366,0.5380753874778748,-0.0021246755495667,0.525957465171814,0.5378201007843018,-0.0010074357269331,0.5309950709342957,0.5231435894966125,-0.0207348335534334,0.4898459911346435,0.5751492381095886,-0.0112859876826405,0.511577844619751,0.5937885046005249,-0.0029001799412071,0.535431981086731,0.5895932912826538,-0.0017750045517459,0.5312466025352478,0.5875437259674072,-0.0296166446059942,0.501291036605835,0.631499171257019,-0.0175897907465696,0.5244079828262329,0.6439746618270874,-0.0066469581797719,0.5467841625213623,0.6371859908103943,-0.0055666547268629,0.5377404689788818,0.6531355381011963,-0.0371530428528785,0.5165542960166931,0.6800413131713867,-0.0285236965864896,0.5406560301780701,0.6893883347511292,-0.0161454118788242,0.5603979825973511,0.6862415075302124,-0.0087879579514265,0.09310020137300763,0.04792039719802668
1.0,0.6980431079864502,0.611806333065033,-3.315419405680587e-07,0.6487966179847717,0.5263516306877136,0.0133029501885175,0.5819491744041443,0.4920788407325744,0.0099268220365047,0.5217273831367493,0.5095835328102112,0.0054933577775955,0.4855828881263733,0.5392874479293823,0.000671426707413,0.5487284064292908,0.4705538153648376,-0.0262232907116413,0.4783368706703186,0.5216895341873169,-0.0315861143171787,0.5006543397903442,0.5386700630187988,-0.0282387323677539,0.5264778137207031,0.5347095727920532,-0.0252783615142107,0.5511863827705383,0.5364311337471008,-0.0378670208156108,0.4887398481369018,0.5868175029754639,-0.0371661446988582,0.5135852694511414,0.5986956357955933,-0.0262349396944046,0.5394149422645569,0.5904616713523865,-0.0219985991716384,0.5567512512207031,0.6050466895103455,-0.0457730069756507,0.5055732727050781,0.6427187919616699,-0.0409451685845851,0.5309106111526489,0.6491289734840393,-0.0240357667207717,0.5545139312744141,0.6394245624542236,-0.0174896921962499,0.5665538311004639,0.6712822318077087,-0.0522087551653385,0.5245375633239746,0.6904916763305664,-0.0471697859466075,0.5481956005096436,0.6949674487113953,-0.0314205065369606,0.5682740211486816,0.6907291412353516,-0.0214143097400665,0.10770689888363508,0.047031883995940556
1.0,0.7132085561752319,0.5287823677062988,-2.842275819148199e-07,0.6716245412826538,0.4302549958229065,-0.0009171110577881,0.5952202081680298,0.3770619034767151,-0.0156201422214508,0.5197405815124512,0.4012628495693207,-0.0284496843814849,0.4899990856647491,0.4560912847518921,-0.0411123782396316,0.5860664248466492,0.3529648184776306,-0.0544338226318359,0.4897457063198089,0.4083707928657532,-0.0754973217844963,0.5116154551506042,0.431701123714447,-0.0789119303226471,0.538100004196167,0.4268418550491333,-0.0791397094726562,0.5898197293281555,0.4268161058425903,-0.065528504550457,0.4945632517337799,0.4784473478794098,-0.0821054577827453,0.5195826888084412,0.4924173951148987,-0.0732533112168312,0.549686074256897,0.4839347302913666,-0.068321868777275,0.591130256652832,0.5002499222755432,-0.0740893483161926,0.506094753742218,0.5417174100875854,-0.0873191803693771,0.5355023741722107,0.5479537844657898,-0.0686657503247261,0.5657874941825867,0.5364170074462891,-0.0571141019463539,0.5932155251502991,0.5726442337036133,-0.0816977396607399,0.5277683734893799,0.5946258306503296,-0.0905027389526367,0.5556145310401917,0.5977166891098022,-0.0756256431341171,0.581347644329071,0.5888209342956543,-0.0644902363419532,0.13404097068730267,0.06364791980554793
1.0,0.637449324131012,0.5336595177650452,-2.167929835650284e-07,0.5888193249702454,0.4210191667079925,0.0078861471265554,0.502970278263092,0.3640426397323608,-0.0050029521808028,0.4221716225147247,0.3940137028694153,-0.0180444493889808,0.3870990872383117,0.4545121490955353,-0.0321267321705818,0.4772594571113586,0.3362254202365875,-0.0478574112057685,0.3781128227710724,0.3960547745227813,-0.0674846991896629,0.4100039601325989,0.4144353568553924,-0.0733544528484344,0.442359447479248,0.4043521285057068,-0.0757687762379646,0.4789274632930755,0.4239304959774017,-0.0636920034885406,0.3850593566894531,0.4700396955013275,-0.0757003426551818,0.4179097414016723,0.4820586144924164,-0.0665307343006134,0.4527987241744995,0.4754520356655121,-0.0628610029816627,0.4808990359306335,0.5090609192848206,-0.0758041664958,0.400091677904129,0.5393009185791016,-0.0825349614024162,0.4356207251548767,0.5467284917831421,-0.0607301332056522,0.4698161780834198,0.538577139377594,-0.0490077473223209,0.4864027798175812,0.5909280776977539,-0.0866000577807426,0.4218028485774994,0.5956975817680359,-0.0885175913572311,0.4544039666652679,0.5996980667114258,-0.0675687715411186,0.4827388226985931,0.5959884524345398,-0.0529505759477615,0.149487673320741,0.07133341022852434
1.0,0.5832089185714722,0.5427732467651367,-3.623213729042618e-07,0.5251317024230957,0.433144211769104,0.0259182844310998,0.4448606073856354,0.3889545500278473,0.025330701842904,0.3826595842838287,0.4205877184867859,0.0211712960153818,0.3594239056110382,0.4830407798290252,0.014279207214713,0.4041188657283783,0.360290914773941,-0.0228689257055521,0.327417641878128,0.411110520362854,-0.0213598366826772,0.3569965958595276,0.4327186346054077,-0.0145726166665554,0.3880529999732971,0.4290736317634582,-0.0111212581396102,0.4030291438102722,0.4390274882316589,-0.0408148504793643,0.3390634655952453,0.487441748380661,-0.0304799415171146,0.3708361089229584,0.5020312666893005,-0.0160749591886997,0.4024868607521057,0.4952742457389831,-0.0125108594074845,0.4086470305919647,0.5196207761764526,-0.0525614023208618,0.3561244010925293,0.5533562898635864,-0.0373353846371173,0.3898568153381347,0.561598002910614,-0.0177586264908313,0.4196591973304748,0.5547361373901367,-0.0131768239662051,0.4215172827243805,0.5982478857040405,-0.0619068667292594,0.3804097473621368,0.60557621717453,-0.0487310700118541,0.4124701917171478,0.6102848052978516,-0.0278999023139476,0.4381504356861114,0.6082504391670227,-0.0163054224103689,0.12756874296565932,0.06699091373043796
1.0,0.5882045030593872,0.548808753490448,-3.2753325740486616e-07,0.534863293170929,0.448937326669693,0.0220031850039958,0.4666174948215484,0.4093124568462372,0.0214965865015983,0.4125284254550934,0.4321046471595764,0.0178143940865993,0.3897776901721954,0.4827526211738586,0.0120982453227043,0.4200037121772766,0.3865458369255066,-0.016356935724616,0.3575054109096527,0.437049925327301,-0.0157899614423513,0.385692298412323,0.451328843832016,-0.0118629047647118,0.4151698648929596,0.4449887275695801,-0.0097596710547804,0.4192171692848205,0.4580134451389313,-0.031104851514101,0.3659945130348205,0.4999521672725677,-0.0216634627431631,0.3937685191631317,0.5119351148605347,-0.010487675666809,0.4226577281951904,0.5062289237976074,-0.0082382205873727,0.4255995452404022,0.5312629342079163,-0.0407168343663215,0.3822992444038391,0.559629499912262,-0.0269839651882648,0.4104133248329162,0.5665239095687866,-0.0108231678605079,0.4379012584686279,0.5602205395698547,-0.0072252615354955,0.4383049011230469,0.6021738052368164,-0.0483657456934452,0.4023100137710571,0.6092722415924072,-0.035810187458992,0.4298612177371979,0.6115056872367859,-0.0174130164086818,0.4539638459682464,0.6074439287185669,-0.0067949527874588,0.10670586737351263,0.055816552960164786
1.0,0.6640584468841553,0.5529294610023499,-3.2819099260450457e-07,0.6152772307395935,0.4512288868427276,0.0124054448679089,0.54360032081604,0.4087636768817901,0.0060241781175136,0.4816086888313293,0.4280146956443786,-0.0027234409935772,0.4526578783988952,0.4770518243312835,-0.0128784114494919,0.5169309973716736,0.3848058581352234,-0.0244987197220325,0.4421164393424988,0.4328222870826721,-0.0392767004668712,0.4681578576564789,0.4493486583232879,-0.0466321110725402,0.4969697296619415,0.4428892135620117,-0.0505974739789962,0.5172563791275024,0.4544278979301452,-0.0393932238221168,0.4462296068668365,0.4976736903190613,-0.046808373183012,0.4706982672214508,0.5100031495094299,-0.0415422581136226,0.4998501539230346,0.503784716129303,-0.0402327626943588,0.5200062990188599,0.5264146327972412,-0.0515286475419998,0.4616081416606903,0.5584478378295898,-0.0541125126183033,0.4879501461982727,0.5658708214759827,-0.039224985986948,0.514839768409729,0.5566826462745667,-0.0322701558470726,0.5272587537765503,0.5947122573852539,-0.0624023042619228,0.4819784462451935,0.6098055243492126,-0.0609232708811759,0.5081924200057983,0.6143152117729187,-0.0446289218962192,0.5310548543930054,0.6077982783317566,-0.033742181956768,0.11528706261857019,0.05784386604914394
1.0,0.767169713973999,0.5826537609100342,-4.804968511962215e-07,0.7236655354499817,0.4837620258331299,0.0117465611547231,0.6519990563392639,0.4294135570526123,0.0035471480805426,0.5833135843276978,0.4389607310295105,-0.0065166987478733,0.5506065487861633,0.4846135973930359,-0.0173439141362905,0.6340226531028748,0.4055454134941101,-0.0409001559019088,0.5428487658500671,0.4494399428367615,-0.0579064823687076,0.5658512115478516,0.4722607731819153,-0.0604821853339672,0.5930794477462769,0.4685275852680206,-0.0609350651502609,0.6359209418296814,0.4763998985290527,-0.0568677373230457,0.5448379516601562,0.5193030834197998,-0.0704050958156585,0.5708400011062622,0.5368577837944031,-0.0620278418064117,0.6001827716827393,0.531191885471344,-0.0579528771340847,0.6376951932907104,0.5503596663475037,-0.0694737359881401,0.5541127324104309,0.5815239548683167,-0.0781853348016738,0.579660177230835,0.5921789407730103,-0.0624147579073905,0.6070821285247803,0.583824098110199,-0.0538464523851871,0.6421061754226685,0.6209006905555725,-0.0803391635417938,0.5703231692314148,0.6366372108459473,-0.0855522528290748,0.565887451171875,0.6520627737045288,-0.0753960013389587,0.5653679370880127,0.6610726714134216,-0.0689242631196975,0.11731974054709439,0.057194081636024914
1.0,0.8155136704444885,0.6329845786094666,-3.200309777184885e-07,0.7729694843292236,0.5329453349113464,0.0049495822750031,0.6979568600654602,0.4768984019756317,-0.0052514062263071,0.6272777915000916,0.4899843335151672,-0.0154883740469813,0.5897390842437744,0.5355932712554932,-0.0257011353969573,0.6861782073974609,0.4609032869338989,-0.0421179197728633,0.5894327163696289,0.4956920742988586,-0.0617090687155723,0.6139407753944397,0.5180820822715759,-0.0669935867190361,0.6428486704826355,0.5140750408172607,-0.0685268118977546,0.6874890327453613,0.5343450903892517,-0.0544895194470882,0.5924006700515747,0.5636758804321289,-0.0682021751999855,0.6205155849456787,0.5785183906555176,-0.0598287060856819,0.651559591293335,0.5723082423210144,-0.0549707934260368,0.6883799433708191,0.6069837212562561,-0.0642836913466453,0.6053375601768494,0.6222136616706848,-0.0739344283938407,0.6341904997825623,0.6303837299346924,-0.0548852048814296,0.6635597944259644,0.6255501508712769,-0.0428794771432876,0.6908338665962219,0.6747220754623413,-0.072969265282154,0.6316966414451599,0.6695160865783691,-0.0766433551907539,0.653813898563385,0.6718263030052185,-0.0599497631192207,0.6758557558059692,0.6715104579925537,-0.0478474013507366,0.1247973000778687,0.059946895154528
1.0,0.83885657787323,0.727573573589325,-2.361733777433983e-07,0.8019737601280212,0.6264644861221313,0.0067335390485823,0.7362269163131714,0.5747663378715515,-0.0032867128029465,0.6727097034454346,0.5910674333572388,-0.0142451710999012,0.6348376274108887,0.6334335803985596,-0.0255046859383583,0.7185278534889221,0.5657041072845459,-0.0373960621654987,0.62277752161026,0.5766953229904175,-0.0582923106849193,0.6429291367530823,0.5945606231689453,-0.0659917891025543,0.6753255724906921,0.5970844626426697,-0.0680228248238563,0.7142773270606995,0.6417728066444397,-0.0492692962288856,0.6226658225059509,0.6497860550880432,-0.062212087213993,0.6484649777412415,0.6571923494338989,-0.0569271519780159,0.680154025554657,0.6554946899414062,-0.0538428500294685,0.7118927836418152,0.7150239944458008,-0.0586349330842494,0.6332780718803406,0.7122002243995667,-0.0664736256003379,0.6616930961608887,0.7125656604766846,-0.0494042411446571,0.6904634833335876,0.7107721567153931,-0.0389769189059734,0.71338951587677,0.7800108790397644,-0.0667022839188575,0.6587596535682678,0.7642462253570557,-0.0687558874487876,0.6831645369529724,0.7580324411392212,-0.052084781229496,0.7045798301696777,0.7559589743614197,-0.0400967337191104,0.1192278137855392,0.05793065883183685
1.0,0.8630731105804443,0.756523072719574,-2.461904955453065e-07,0.8235412240028381,0.6610633134841919,0.0031997156329452,0.7524110078811646,0.6067301034927368,-0.0077650095336139,0.6824276447296143,0.6203503608703613,-0.0185643080621957,0.6425325870513916,0.662900447845459,-0.0297403521835804,0.7439928650856018,0.5978250503540039,-0.0417057499289512,0.6460641622543335,0.6144173741340637,-0.0616182014346122,0.6649959087371826,0.6333049535751343,-0.0686611235141754,0.6968120336532593,0.6362440586090088,-0.0705788433551788,0.7416936159133911,0.6729324460029602,-0.0523341633379459,0.6470935940742493,0.6838493943214417,-0.063525415956974,0.6703575849533081,0.6933731436729431,-0.0576564446091651,0.702403724193573,0.6947616338729858,-0.0551394633948802,0.7396990060806274,0.7464301586151123,-0.0604022815823555,0.6592675447463989,0.7462624907493591,-0.0676053091883659,0.6846073269844055,0.7495956420898438,-0.0504417642951011,0.7144543528556824,0.7507491111755371,-0.040487665683031,0.739239513874054,0.8143052458763123,-0.0673656985163688,0.6749333739280701,0.7996124625205994,-0.0695602893829345,0.6976804733276367,0.7973496317863464,-0.0522871948778629,0.722304105758667,0.7995372414588928,-0.0402520783245563,0.12534468729599793,0.05938879937277925
1.0,0.7812570333480835,0.781999945640564,-1.3191331049711152e-07,0.7388883233070374,0.678305983543396,0.005929154343903,0.6664525270462036,0.6277152299880981,-0.0004873828729614,0.5984479784965515,0.6453967690467834,-0.0070056463591754,0.5649443864822388,0.6933425068855286,-0.0141121055930852,0.6511324644088745,0.6238639950752258,-0.0298293810337781,0.5634111166000366,0.6400960087776184,-0.0427411496639251,0.5809247493743896,0.6537887454032898,-0.0472941398620605,0.6083849668502808,0.6568233966827393,-0.0482326820492744,0.6460629105567932,0.6966052651405334,-0.0389546453952789,0.5632452964782715,0.7042518258094788,-0.0435317978262901,0.5871304273605347,0.7102259397506714,-0.0370602943003177,0.617476761341095,0.7132349610328674,-0.0339019410312175,0.6455592513084412,0.7672756314277649,-0.0452753417193889,0.5770441293716431,0.7627965211868286,-0.0455135181546211,0.6000146269798279,0.7611343264579773,-0.0304262824356555,0.6270126700401306,0.7624128460884094,-0.0224771928042173,0.6486766338348389,0.8313770294189453,-0.0504743456840515,0.5962303280830383,0.8106464147567749,-0.0469037629663944,0.6167032718658447,0.8057774305343628,-0.0300292912870645,0.6385267376899719,0.8100715279579163,-0.0185506977140903,0.12164076266994509,0.058921865360886345
1.0,0.6494545340538025,0.7566161751747131,-1.4503167733437294e-07,0.6159396767616272,0.6566184759140015,0.012698302976787,0.5637203454971313,0.601536214351654,0.0105551509186625,0.508159339427948,0.6112226843833923,0.0075948084704577,0.4783689379692077,0.6494897603988647,0.0036962702870368,0.5151903033256531,0.6111297011375427,-0.0231042765080928,0.4486348330974579,0.6323216557502747,-0.0243585277348756,0.4663501977920532,0.6394779682159424,-0.0184926241636276,0.4930023849010467,0.6394424438476562,-0.013532230630517,0.5098890066146851,0.6821244359016418,-0.0328309945762157,0.4487964510917663,0.6920697689056396,-0.0281860828399658,0.4680970311164856,0.696409285068512,-0.0181046370416879,0.4943695962429046,0.6986984014511108,-0.0145381651818752,0.5115827322006226,0.7506612539291382,-0.0384291782975196,0.4577065706253052,0.7489265203475952,-0.0313072465360164,0.4763520061969757,0.7487028241157532,-0.0159852597862482,0.5015367865562439,0.7491169571876526,-0.0100699141621589,0.5197810530662537,0.8148761987686157,-0.042243342846632,0.4692050814628601,0.8012325763702393,-0.0353134162724018,0.4876442551612854,0.7953779697418213,-0.01859912276268,0.5093778371810913,0.7943528890609741,-0.0077582509256899,0.09813994899641301,0.04865219137731055
1.0,0.5977540612220764,0.7357950210571289,-2.268597256716021e-07,0.5584456324577332,0.6380842328071594,0.0140985222533345,0.4966651499271393,0.5893672704696655,0.0162177216261625,0.4398587644100189,0.5940865278244019,0.016928369179368,0.4136629402637481,0.6347100734710693,0.0161695275455713,0.4501989185810089,0.5938506722450256,-0.0114048635587096,0.3906267285346985,0.6207255721092224,-0.0107780387625098,0.4128290116786957,0.633781909942627,-0.0089122550562024,0.4390332996845245,0.631044328212738,-0.0074072782881557,0.4445046186447143,0.6641262173652649,-0.019410703331232,0.398472398519516,0.6845375895500183,-0.0102124027907848,0.4217044711112976,0.6925597190856934,-0.0017744860379025,0.447837620973587,0.6901764869689941,-4.121160964132287e-05,0.4470460414886474,0.7327905893325806,-0.0238746777176857,0.4097387492656708,0.7436689138412476,-0.0121598932892084,0.4313372075557709,0.7472031116485596,0.0004963350947946,0.4566098153591156,0.744889497756958,0.0036648684181272,0.4557582437992096,0.7950882315635681,-0.026877598837018,0.4204206466674804,0.7927807569503784,-0.0152348922565579,0.4405003488063812,0.7934910655021667,0.0007452356512658,0.4617289304733276,0.791805624961853,0.010422539897263,0.09457980183791392,0.04834324672831154
1.0,0.4954439103603363,0.715000569820404,-2.209360161486984e-07,0.4479935765266418,0.6182156801223755,0.0230878703296184,0.3909028470516205,0.5779206156730652,0.0295644793659448,0.3404074609279632,0.5914269685745239,0.0331896357238292,0.3174858689308166,0.6334176659584045,0.0353722274303436,0.3303373456001282,0.5838873386383057,0.0055089928209781,0.2850250601768493,0.6015861630439758,0.0177640058100223,0.3048157691955566,0.6165618896484375,0.0261302050203084,0.3308910727500915,0.6192407011985779,0.0307579860091209,0.3208999633789062,0.6536645293235779,-0.0034052287228405,0.2948988974094391,0.6667994260787964,0.0204143971204757,0.3185925483703613,0.6746253371238708,0.0311556980013847,0.342790275812149,0.6728647351264954,0.03187857568264,0.3281217217445373,0.721298336982727,-0.0074914484284818,0.3074775636196136,0.7251937985420227,0.0160419773310422,0.3318061828613281,0.7259966731071472,0.0262884125113487,0.3573907017707824,0.7242087721824646,0.0248930528759956,0.3443164229393005,0.7819800972938538,-0.0093730678781867,0.3282098770141601,0.7764854431152344,0.0087536871433258,0.351982980966568,0.7713228464126587,0.0233093705028295,0.3740282654762268,0.7674081325531006,0.0311779268085956,0.09221553667546271,0.04788926553023797
1.0,0.3379177451133728,0.3741950988769531,-5.183792950447241e-07,0.292459487915039,0.450273185968399,-0.0098833292722702,0.2271797209978103,0.4871988892555237,-0.0099325226619839,0.1749874055385589,0.4511262774467468,-0.0147031499072909,0.1774462312459945,0.3917645215988159,-0.0153929628431797,0.2009714394807815,0.4327647686004638,0.028422238305211,0.1590044349431991,0.4307844340801239,0.0002251041732961,0.2040124982595443,0.4416037201881408,-0.0163403879851102,0.2217025011777877,0.4408436119556427,-0.0230378750711679,0.2091488689184188,0.3832549154758453,0.0224818270653486,0.1686192750930786,0.3828742206096649,-0.007966298609972,0.2223881781101226,0.4016193747520447,-0.0160408783704042,0.2360296100378036,0.400119811296463,-0.0112740835174918,0.2196095138788223,0.3362461030483246,0.0094746965914964,0.1808791160583496,0.3381090760231018,-0.0201929323375225,0.234060913324356,0.3611438870429992,-0.0111654652282595,0.2506764531135559,0.3600184619426727,0.0059907054528594,0.2342382222414016,0.2851566672325134,-0.0053987270221114,0.199505478143692,0.2954611182212829,-0.0156375728547573,0.2359825521707534,0.314752846956253,-0.0024817888624966,0.252893328666687,0.3104119300842285,0.0125327222049236,0.10775414117286655,0.0594166619989328
1.0,0.5400388836860657,0.2803061008453369,-5.010144263906113e-07,0.5097364187240601,0.3420761227607727,-0.0171973668038845,0.4513039588928222,0.3734602928161621,-0.023519217967987,0.4105072319507599,0.3444603681564331,-0.0310993622988462,0.4007458090782165,0.3003686368465423,-0.0350958444178104,0.419038325548172,0.3280738592147827,-0.002763015916571,0.3772567510604858,0.3161485195159912,-0.0319941006600856,0.4181552827358246,0.3202978372573852,-0.0461424440145492,0.4398835003376007,0.3262814879417419,-0.0508974902331829,0.4275398850440979,0.281404972076416,-0.0061382483690977,0.3927138149738312,0.2700474560260772,-0.0366935655474662,0.4412773549556732,0.2834605872631073,-0.0426536835730075,0.4564070701599121,0.2963655292987823,-0.0385035052895545,0.4388000965118408,0.238845407962799,-0.0148123996332287,0.4101673662662506,0.2289490401744842,-0.0440392717719078,0.4579002261161804,0.2468275278806686,-0.0340987369418144,0.4722616672515869,0.2608847320079803,-0.0191193595528602,0.4544408321380615,0.1977127939462661,-0.0254171956330537,0.4311666786670685,0.19174325466156,-0.0392196252942085,0.4665792286396026,0.2081061899662017,-0.0272138137370347,0.4808090031147003,0.2183732539415359,-0.0140814390033483,0.08962441054208459,0.04533583588870309
1.0,0.3493217825889587,0.5739251375198364,-2.1131496907855762e-07,0.4012013673782348,0.6585947275161743,-0.066233791410923,0.4829283356666565,0.7314872741699219,-0.1055459678173065,0.5175647735595703,0.6699120998382568,-0.13493213057518,0.4820834994316101,0.588760256767273,-0.1547323763370514,0.6096713542938232,0.5670000314712524,-0.0580592453479766,0.5992669463157654,0.6061872839927673,-0.1134299412369728,0.5315213799476624,0.633768618106842,-0.1431962549686432,0.5199997425079346,0.617687463760376,-0.160757228732109,0.5915746688842773,0.4726305603981018,-0.0499188676476478,0.5556492209434509,0.5291183590888977,-0.1030752807855606,0.4905083477497101,0.5766612887382507,-0.1185954138636589,0.495968610048294,0.5596726536750793,-0.1224157512187957,0.5499471426010132,0.4052824974060058,-0.0505017153918743,0.4950959384441376,0.475963294506073,-0.1000256910920143,0.4467287063598633,0.5323355793952942,-0.0985745564103126,0.4589814841747284,0.5201802849769592,-0.091158427298069,0.5008596777915955,0.3558498620986938,-0.0574268288910388,0.4444450736045837,0.437700867652893,-0.0869891643524169,0.4122048020362854,0.4925517439842224,-0.0879645049571991,0.4245316982269287,0.4890508353710174,-0.0837843418121337,0.15096694349423428,0.09075567298957989
1.0,0.3316308259963989,0.6176590323448181,-2.658666744537186e-07,0.4031242132186889,0.7085422873497009,-0.0426064915955066,0.5054319500923157,0.7871307134628296,-0.0696002319455146,0.5622962713241577,0.775098443031311,-0.0932690873742103,0.5353125333786011,0.7195676565170288,-0.1078790873289108,0.6114784479141235,0.624504804611206,-0.0187273770570755,0.6311516165733337,0.7011690139770508,-0.0614471361041069,0.556155264377594,0.7127708196640015,-0.0837059095501899,0.5399746894836426,0.6745866537094116,-0.0976139679551124,0.5925970077514648,0.541384220123291,-0.020947229117155,0.6113701462745667,0.6326951384544373,-0.0679038912057876,0.5250244140625,0.6640906929969788,-0.07827128469944,0.521317183971405,0.6249983906745911,-0.0769319757819175,0.5549951791763306,0.4784412980079651,-0.0303898006677627,0.5712195038795471,0.5719755291938782,-0.0774757787585258,0.4985379874706268,0.6159635186195374,-0.0660034343600273,0.4900470077991485,0.5776118040084839,-0.0495740696787834,0.5093017816543579,0.4314809441566467,-0.0437958501279354,0.5232616662979126,0.5233674049377441,-0.0692794322967529,0.4744473099708557,0.5631489157676697,-0.0555651560425758,0.4634844362735748,0.5305567979812622,-0.0399452894926071,0.08320388627253608,0.06344479855028
1.0,0.3637493252754211,0.637563169002533,-2.879569649394398e-07,0.4501706063747406,0.6969292759895325,-0.0198201611638069,0.5222472548484802,0.7155094742774963,-0.0436851792037487,0.5738667845726013,0.7252407670021057,-0.0699644833803176,0.6168807148933411,0.7290812730789185,-0.0891023427248001,0.5996336340904236,0.4948401749134063,-0.0146543877199292,0.6516586542129517,0.628478467464447,-0.0575499795377254,0.5944362878799438,0.6679874658584595,-0.0831548795104026,0.5599978566169739,0.6523290872573853,-0.0979176089167594,0.5768552422523499,0.4589326977729797,-0.0275346245616674,0.6281535625457764,0.6269590854644775,-0.0667576640844345,0.5627108216285706,0.6600351929664612,-0.0746985897421836,0.5319395065307617,0.6348328590393066,-0.0746756047010421,0.5411662459373474,0.4538905620574951,-0.0459741093218326,0.5813114047050476,0.6171137094497681,-0.0799835920333862,0.5230523943901062,0.6464789509773254,-0.0715336129069328,0.4979135692119598,0.6206364631652832,-0.0607838854193687,0.4972701668739319,0.4727539122104645,-0.0675787404179573,0.5253218412399292,0.6049954891204834,-0.0856847018003463,0.4883234798908233,0.6309796571731567,-0.0778735503554344,0.4691685438156128,0.6096202731132507,-0.0682719722390174,0.1058414107288186,0.047235636429000145
1.0,0.3924716711044311,0.6546754837036133,-2.52457311944454e-07,0.4301769733428955,0.5411338806152344,0.0154135916382074,0.4947463870048523,0.4689920842647552,0.0047761024907231,0.5592159032821655,0.4579152762889862,-0.0105897793546319,0.5947585105895996,0.4821756482124328,-0.0231170393526554,0.5206853747367859,0.3932092785835266,-0.0252415854483842,0.6298274993896484,0.4487947821617126,-0.042460948228836,0.6120336651802063,0.4972341060638428,-0.0451913811266422,0.5807028412818909,0.4979279041290283,-0.0473125763237476,0.527280330657959,0.4424837529659271,-0.0476587601006031,0.6359374523162842,0.5149964690208435,-0.0562721416354179,0.6112138032913208,0.5551837086677551,-0.0493036992847919,0.5816392302513123,0.5470517873764038,-0.0481914281845092,0.5336097478866577,0.5114805698394775,-0.0676147490739822,0.6302874088287354,0.5811777710914612,-0.0708461105823516,0.6000956892967224,0.6139779090881348,-0.0550937764346599,0.5694194436073303,0.6010509133338928,-0.0487980730831623,0.538305401802063,0.5892570614814758,-0.0869315564632415,0.617414653301239,0.6438693404197693,-0.0804987028241157,0.5878578424453735,0.6670695543289185,-0.0635914653539657,0.557403028011322,0.6539714932441711,-0.0543464571237564,0.10466259400658913,0.04481935768317639
1.0,0.4417399764060974,0.6579548120498657,-3.109627755293332e-07,0.45026695728302,0.5274548530578613,0.0204412806779146,0.4916937053203583,0.4431516230106354,0.0159586407244205,0.5467288494110107,0.4164674282073974,0.0070542339235544,0.5874489545822144,0.4316156804561615,0.0005996917607262,0.5085951685905457,0.3726533055305481,-0.0102438675239682,0.5981703996658325,0.3694075644016266,-0.0141760446131229,0.5931531190872192,0.4140846729278564,-0.0104873608797788,0.5655028820037842,0.4309947490692138,-0.0079657910391688,0.5403900742530823,0.4245372414588928,-0.0294252913445234,0.6227689981460571,0.433822900056839,-0.0210495814681053,0.6116190552711487,0.473771184682846,-0.0113369142636656,0.5843769311904907,0.4850925207138061,-0.0099238343536853,0.5714661478996277,0.4910968840122223,-0.045076560229063,0.6375634670257568,0.4995500445365906,-0.0326956436038017,0.6188907027244568,0.5368717908859253,-0.0149122895672917,0.5910806059837341,0.5473911762237549,-0.0097935386002063,0.5969616174697876,0.5627214312553406,-0.059756439179182,0.6479564309120178,0.561226487159729,-0.0431418195366859,0.6245322227478027,0.5929343700408936,-0.0212159678339958,0.5990665555000305,0.6035130620002747,-0.0089734233915805,0.09766290516408815,0.04392331528787185
1.0,0.4981274306774139,0.6779040694236755,-3.886155468535435e-07,0.4584997892379761,0.558978796005249,0.0064831115305423,0.4567272961139679,0.46917325258255,0.0007841695914976,0.4975506067276001,0.42681884765625,-0.0065433564595878,0.543495774269104,0.4331824481487274,-0.0117910206317901,0.500881016254425,0.417607843875885,-0.0160971600562334,0.5418409109115601,0.3533331751823425,-0.0204763635993003,0.5358744263648987,0.3923546075820923,-0.0200176294893026,0.5192707180976868,0.4230737686157226,-0.0195213686674833,0.5544366240501404,0.4472706913948059,-0.0246747955679893,0.5828179121017456,0.3937120139598846,-0.0162515994161367,0.5742491483688354,0.4278484582901001,-0.0084706014022231,0.5559713244438171,0.4591609537601471,-0.007129181176424,0.5994818806648254,0.4879205226898193,-0.0310451667755842,0.6128217577934265,0.4474165141582489,-0.0200548190623521,0.6022772192955017,0.4768019318580627,-0.0069789290428161,0.5840781927108765,0.5072882175445557,-0.0032434414606541,0.6327909231185913,0.5353428721427917,-0.0372347794473171,0.6350318789482117,0.5005609393119812,-0.0263786185532808,0.6212058067321777,0.5235632061958313,-0.0099144782871007,0.6069338917732239,0.550114631652832,0.0006755050271749,0.09477469184494279,0.04667967235220207
1.0,0.4529750049114227,0.629768967628479,-3.871933529353555e-07,0.3997312188148498,0.5592823028564453,0.0040751607157289,0.3839254081249237,0.4861703217029571,0.007008584216237,0.4109971523284912,0.4479803442955017,0.0106272036209702,0.446931779384613,0.4586033225059509,0.014643526636064,0.45814049243927,0.4030361473560333,0.0003325809957459,0.454003632068634,0.4050624668598175,0.0137127749621868,0.4475924670696258,0.4309507608413696,0.0206263922154903,0.4427616596221924,0.4484904408454895,0.0220366045832633,0.5033501982688904,0.4245311319828033,-0.0013768477365374,0.4914043247699737,0.4304618239402771,0.0200467612594366,0.4821893572807312,0.4551787078380584,0.0266662593930959,0.4775894284248352,0.4778735935688019,0.0253866724669933,0.536323606967926,0.4630887806415558,-0.0007132908212952,0.5183990597724915,0.4714308977127075,0.0168532244861125,0.5076522827148438,0.4894687235355377,0.0201901048421859,0.5004186630249023,0.5103299021720886,0.0164794269949197,0.5578709840774536,0.5072462558746338,1.5537591480097035e-06,0.5435548424720764,0.5063726902008057,0.0115843107923865,0.5322598218917847,0.5226556062698364,0.018622575327754,0.5246240496635437,0.5409141182899475,0.0219528935849666,0.06919562565506299,0.037686548505850334
1.0,0.4559961855411529,0.6201568841934204,-3.785869466810255e-07,0.4046062231063843,0.5486779808998108,0.0050589093007147,0.3900504112243652,0.4768319725990295,0.0078740557655692,0.415705919265747,0.439776062965393,0.0108502255752682,0.4511365294456482,0.4506165981292724,0.0141592975705862,0.4602329730987549,0.3947928249835968,0.0005283579812385,0.456576943397522,0.3977049887180328,0.0114629482850432,0.450306087732315,0.4223374426364898,0.0163139700889587,0.4457745552062988,0.4393286108970642,0.0164284501224756,0.5053849816322327,0.4156778752803802,-0.0028471578843891,0.495157241821289,0.4239183068275451,0.015472462400794,0.4857752919197082,0.4481256604194641,0.0204043537378311,0.4814315736293793,0.471411645412445,0.0186284985393285,0.5398278832435608,0.4532119631767273,-0.003875610884279,0.5263079404830933,0.4629932045936584,0.0104506444185972,0.5143221616744995,0.4813190996646881,0.0132460966706275,0.5066492557525635,0.5031533241271973,0.0100991362705826,0.5641559958457947,0.4974987804889679,-0.0047170743346214,0.5546286106109619,0.4990707635879516,0.0050006094388663,0.5418574810028076,0.5161789655685425,0.0120631782338023,0.5333378314971924,0.5354369878768921,0.0160879734903574,0.06677023260766499,0.037199399159524346
1.0,0.4143117666244507,0.7033601999282837,-3.585627155189286e-07,0.4473238289356231,0.5863369107246399,0.0074992394074797,0.5048937797546387,0.5142696499824524,-0.0016932502621784,0.5662295818328857,0.4954638183116913,-0.0114108631387352,0.6096655130386353,0.5208879113197327,-0.0178091097623109,0.5282701253890991,0.4938661754131317,-0.035392876714468,0.6182935237884521,0.5084128975868225,-0.0439653061330318,0.5985718369483948,0.5339792370796204,-0.0389804430305957,0.5665042996406555,0.535118818283081,-0.0342170745134353,0.543003261089325,0.5667314529418945,-0.0472981557250022,0.6272571086883545,0.572732150554657,-0.0464477874338626,0.6050442457199097,0.5942888855934143,-0.0339760370552539,0.5725326538085938,0.5987699031829834,-0.0286644212901592,0.5560526847839355,0.6423646807670593,-0.0555894151329994,0.6263864636421204,0.636054277420044,-0.049796849489212,0.6032488942146301,0.6548044085502625,-0.0280616357922554,0.5715910792350769,0.6621466279029846,-0.0179396569728851,0.5617554187774658,0.7128213047981262,-0.0631416961550712,0.6177191734313965,0.6918045282363892,-0.0527973137795925,0.5942496657371521,0.7050707936286926,-0.0300932545214891,0.56729656457901,0.7157842516899109,-0.0160162579268217,0.10621034980588975,0.05073462510798952
1.0,0.3567741513252258,0.5790308713912964,-3.275898166066327e-07,0.4066474139690399,0.6524914503097534,-0.0351955778896808,0.4884134531021118,0.716215193271637,-0.0508289486169815,0.5379860401153564,0.6713202595710754,-0.0621801242232322,0.5160001516342163,0.5950350165367126,-0.0653548389673233,0.5518386363983154,0.6165880560874939,-0.020249156281352,0.6020302772521973,0.6218593120574951,-0.0528690554201602,0.5343119502067566,0.6430740356445312,-0.0670166388154029,0.5207909941673279,0.6330393552780151,-0.0745954290032386,0.5330720543861389,0.5536637902259827,-0.0174298770725727,0.5753781795501709,0.5598808526992798,-0.0523678660392761,0.5035448670387268,0.5972558259963989,-0.0581962950527668,0.5015200972557068,0.5797215104103088,-0.0561409965157508,0.5076278448104858,0.4988132417201996,-0.0200708881020545,0.5416249632835388,0.5037493705749512,-0.0566406957805156,0.4794977605342865,0.5487789511680603,-0.04377968236804,0.4769299626350403,0.5370224714279175,-0.0280118398368358,0.4803163409233093,0.4422398507595062,-0.0250218249857425,0.5067159533500671,0.4611306190490722,-0.0416020005941391,0.4657291173934936,0.5004777312278748,-0.0249448157846927,0.4553711116313934,0.4941096603870392,-0.0093023488298058,0.12512658654290407,0.07945373755100056
1.0,0.3405002355575561,0.588469922542572,-3.279960480995215e-07,0.3784776628017425,0.667131245136261,-0.0418700166046619,0.4430142045021057,0.7505394220352173,-0.0656788423657417,0.4860625267028808,0.732752799987793,-0.0840397626161575,0.4817180633544922,0.6647984981536865,-0.0944334343075752,0.5517891645431519,0.6446899175643921,-0.0330847948789596,0.5594217777252197,0.6718970537185669,-0.0707242339849472,0.4940692782402038,0.687520444393158,-0.0877391323447227,0.4831132590770721,0.6744492650032043,-0.0972057953476905,0.5458332300186157,0.5711847543716431,-0.0294711664319038,0.5393031239509583,0.6021794080734253,-0.0676880404353141,0.4692589342594147,0.6301890015602112,-0.0748155862092971,0.4738270342350006,0.6125820279121399,-0.0742265731096267,0.5214730501174927,0.5091258883476257,-0.0317300520837307,0.5072176456451416,0.5430623292922974,-0.0701801478862762,0.4463662803173065,0.5792241096496582,-0.0598384626209735,0.4502768814563751,0.5634763240814209,-0.0472750924527645,0.4898703694343567,0.4519212245941162,-0.0376355834305286,0.468067467212677,0.4971346855163574,-0.0599765740334987,0.4274194538593292,0.5307349562644958,-0.0512341037392616,0.4290607571601867,0.5191782116889954,-0.0406378507614135,0.0983682940579192,0.0688817095517766
1.0,0.3278187215328216,0.622604489326477,-1.9037457832382645e-07,0.3575361669063568,0.7117339372634888,-0.0435081645846366,0.3863901197910309,0.7789613604545593,-0.0800242945551872,0.4116701185703277,0.8097819089889526,-0.1134135723114013,0.4154013395309448,0.7797929644584656,-0.1415280997753143,0.5437360405921936,0.6905041933059692,-0.0452313274145126,0.5047167539596558,0.7684366703033447,-0.0893126502633094,0.4494605958461761,0.7603623270988464,-0.1173555105924606,0.4403455257415771,0.7348651885986328,-0.1352509707212448,0.5387933254241943,0.6194705963134766,-0.0460303723812103,0.4819159805774688,0.7143658995628357,-0.0838028043508529,0.4187619388103485,0.7124930620193481,-0.0947324410080909,0.420817881822586,0.687694251537323,-0.0996057093143463,0.5114860534667969,0.5607239603996277,-0.0524786077439785,0.4527636766433716,0.651283860206604,-0.086154043674469,0.4036279916763305,0.6589351296424866,-0.0818381458520889,0.4077200293540954,0.6367940306663513,-0.0759985074400901,0.4716837108135223,0.5128414034843445,-0.0637507662177085,0.4219809174537658,0.5869027972221375,-0.0826397836208343,0.386835366487503,0.6063646674156189,-0.0781627744436264,0.3896079361438751,0.5968263149261475,-0.0720353573560714,0.06800779729245919,0.04127572480803574
1.0,0.3245651423931122,0.6475049257278442,-2.391235796039837e-07,0.3781801462173462,0.7271891832351685,-0.0214434042572975,0.428994357585907,0.7742531895637512,-0.0425506271421909,0.4647383093833923,0.8042698502540588,-0.0635446608066558,0.4949662387371063,0.8076089024543762,-0.0788851082324981,0.5457327365875244,0.6254600882530212,-0.026119414716959,0.5475835204124451,0.7492064833641052,-0.0589839629828929,0.5011110305786133,0.7519826889038086,-0.0773459672927856,0.4921353459358215,0.7223238945007324,-0.0897981375455856,0.5239147543907166,0.5863455533981323,-0.033952597528696,0.5091193914413452,0.7357527017593384,-0.0638087540864944,0.463683933019638,0.7327739596366882,-0.0708175376057624,0.4612882733345032,0.7017030715942383,-0.0754163935780525,0.4838305711746216,0.5707424283027649,-0.0456708632409572,0.4647229015827179,0.7171992659568787,-0.071276731789112,0.425437867641449,0.714093804359436,-0.0669470131397247,0.4220130443572998,0.683633029460907,-0.0638697817921638,0.4353967905044555,0.5730445384979248,-0.0605303645133972,0.4176756739616394,0.6941380500793457,-0.0763242170214653,0.389401912689209,0.6952091455459595,-0.07561706751585,0.3866103291511535,0.6684347987174988,-0.0740775614976883,0.08237164075804045,0.03406180132985634
1.0,0.2678059935569763,0.694320559501648,-3.2812477002153173e-07,0.2949332594871521,0.5893653631210327,0.0059346668422222,0.3561033904552459,0.5232592821121216,-0.0060479431413114,0.4219978451728821,0.5160213708877563,-0.0199828464537858,0.4615702033042907,0.544867753982544,-0.0302538387477397,0.3599735498428345,0.4917525053024292,-0.0410618148744106,0.4636964499950409,0.4879810214042663,-0.0593600310385227,0.4455146193504333,0.5227317810058594,-0.059052687138319,0.4118431508541107,0.5332682132720947,-0.0549772158265113,0.3731376826763153,0.561552107334137,-0.0550875477492809,0.4731909930706024,0.5537577867507935,-0.0645364597439765,0.4494689106941223,0.5807164311408997,-0.0535154417157173,0.4158775806427002,0.5881868600845337,-0.0466542951762676,0.3895691335201263,0.6353667378425598,-0.066572181880474,0.4792933464050293,0.6191393136978149,-0.0687931254506111,0.4555667340755462,0.6411864161491394,-0.046166256070137,0.4247169494628906,0.6508486270904541,-0.0325273461639881,0.4043262898921966,0.705752968788147,-0.0776239037513732,0.4828316569328308,0.6733519434928894,-0.0694364234805107,0.462997555732727,0.6846350431442261,-0.045796263962984,0.4363075196743011,0.6960867047309875,-0.0304397512227296,0.110345367148873,0.05003577348691805
1.0,0.277783989906311,0.5543619990348816,-2.518976884857693e-07,0.2971854507923126,0.4302273988723755,0.0167542118579149,0.345238596200943,0.3526849448680877,0.0072020846419036,0.4076955616474151,0.3372127413749695,-0.0053123491816222,0.4509726762771606,0.3647887408733368,-0.015304310247302,0.3536882996559143,0.2922382652759552,-0.0313057079911232,0.4587596654891968,0.2924394011497497,-0.0407717004418373,0.4485695660114288,0.3349768817424774,-0.0363319851458072,0.4172073602676391,0.3478334546089172,-0.0325240902602672,0.3797427415847778,0.3541318476200104,-0.0503584407269954,0.478985846042633,0.362561285495758,-0.048173189163208,0.4624313414096832,0.4010187685489654,-0.0354679226875305,0.4323936700820923,0.4080425500869751,-0.031645331531763,0.4072223603725433,0.4263173639774322,-0.0652474462985992,0.4885163307189941,0.430618554353714,-0.0568649917840957,0.4645601511001587,0.4652349948883056,-0.0341007076203823,0.4340976476669311,0.472260445356369,-0.0254916083067655,0.4300912916660309,0.5004124641418457,-0.0790870860219001,0.4895890951156616,0.4935912489891052,-0.0649904012680053,0.4624169170856476,0.5229506492614746,-0.0404683649539947,0.4360955059528351,0.5318142771720886,-0.0266886483877897,0.10877837734683092,0.05227985926672092
1.0,0.2077370882034301,0.6600919961929321,-3.410934255043685e-07,0.2323970198631286,0.5247550010681152,-0.0002592123637441,0.2937951982021332,0.439765065908432,-0.0166027266532182,0.3636670112609863,0.4297440946102142,-0.03212321549654,0.4096559584140777,0.4697983860969543,-0.0438258573412895,0.2975139617919922,0.4127321541309356,-0.0534996911883354,0.4192050099372864,0.4065178632736206,-0.0727534890174865,0.3973862826824188,0.443420946598053,-0.0741422548890113,0.3598871529102325,0.4505054056644439,-0.0720320865511894,0.3253922462463379,0.5022904872894287,-0.063507080078125,0.4319960474967956,0.4856643080711365,-0.0682731866836547,0.408040851354599,0.5145767331123352,-0.0561036244034767,0.3704860210418701,0.5243728160858154,-0.0507425107061862,0.35442915558815,0.5885093212127686,-0.0704412087798118,0.4321396946907043,0.557702898979187,-0.0653531849384307,0.4086832404136657,0.5825364589691162,-0.0412390381097793,0.3758381307125091,0.5942349433898926,-0.0299039036035537,0.3789503276348114,0.6640443801879883,-0.0775138363242149,0.4312605261802673,0.6180276870727539,-0.0629331842064857,0.405802309513092,0.6364768743515015,-0.0357880294322967,0.3806021213531494,0.6538755297660828,-0.0197720881551504,0.12274695484164085,0.06209896418541182
1.0,0.2090025693178177,0.6779879927635193,-3.006451265719079e-07,0.2362665832042694,0.5369027853012085,-0.0012417323887348,0.3008051216602325,0.4443987309932709,-0.017526151612401,0.3709573149681091,0.427180528640747,-0.0319500491023063,0.4118698239326477,0.4714209735393524,-0.0426765084266662,0.3091582655906677,0.4381108283996582,-0.057801317423582,0.4269455969333648,0.4263747930526733,-0.0744586065411567,0.3994986116886139,0.4522615373134613,-0.071565642952919,0.3593482375144958,0.4630569517612457,-0.0659226700663566,0.3367460370063782,0.534420907497406,-0.0664090663194656,0.4437432885169983,0.5005035996437073,-0.0722394585609436,0.4165009260177612,0.5173386335372925,-0.058675616979599,0.3776101768016815,0.5363990664482117,-0.0502749942243099,0.3636956214904785,0.6229283213615417,-0.0711598396301269,0.4474033713340759,0.5733349323272705,-0.0681338757276535,0.4198721349239349,0.5888983607292175,-0.0443526841700077,0.3843085765838623,0.6079217791557312,-0.0310780629515647,0.3864128589630127,0.6982927322387695,-0.0755011066794395,0.4447000026702881,0.6364457607269287,-0.0631898641586303,0.4174786508083343,0.6485199332237244,-0.0370341055095195,0.3916934728622436,0.6713843941688538,-0.0202086567878723,0.11703892570834862,0.06120545142580963
1.0,0.4276224672794342,0.5766531229019165,-2.9236431942081254e-07,0.4588023126125335,0.4374003410339355,0.0119319688528776,0.5093176960945129,0.3573672175407409,0.0063162702135741,0.5662136077880859,0.3503990173339844,-0.0036144633777439,0.6051447987556458,0.3926007747650146,-0.0112601220607757,0.5458264946937561,0.3236012458801269,-0.0052457121200859,0.6282963752746582,0.3207095861434936,-0.0150438966229557,0.6113430857658386,0.364344835281372,-0.022630725055933,0.577732264995575,0.3750167489051819,-0.027254382148385,0.5803513526916504,0.3963569700717926,-0.0201973877847194,0.6428695917129517,0.3967020511627197,-0.0163463857024908,0.6251439452171326,0.4320070743560791,-0.0157879497855901,0.590065598487854,0.4436435997486114,-0.0183273740112781,0.60709547996521,0.4765399098396301,-0.0332560054957866,0.6464540958404541,0.47604700922966,-0.0229495987296104,0.6274924278259277,0.5029345750808716,-0.0107619250193238,0.5956167578697205,0.5114542841911316,-0.0069785434752702,0.6219171285629272,0.5553564429283142,-0.0463796481490135,0.6502763032913208,0.5458567142486572,-0.0326300859451293,0.6288121342658997,0.5627999901771545,-0.0132395708933472,0.6011685729026794,0.5730835199356079,-0.0003249327128287,0.1036009977002407,0.057923070163083935
1.0,0.5035616755485535,0.5253802537918091,-5.818652653033496e-07,0.5258440375328064,0.3706452846527099,0.0262763891369104,0.5840457081794739,0.2908706665039062,0.0318837463855743,0.6480974555015564,0.2774541974067688,0.0335064828395843,0.6925217509269714,0.3172608613967895,0.0362143442034721,0.6773554086685181,0.2595658898353576,0.0069113420322537,0.7257007360458374,0.2474464923143386,0.0236105471849441,0.7029578685760498,0.2733758091926574,0.0375075563788414,0.6753631234169006,0.2885049879550934,0.0449477359652519,0.713697612285614,0.3386851847171783,-0.0059394901618361,0.7393637299537659,0.3341071903705597,0.0263740438967943,0.7118443846702576,0.3536285161972046,0.0404782965779304,0.6826967000961304,0.3696382045745849,0.0416182726621627,0.730591893196106,0.4262677133083343,-0.0135086942464113,0.7399489879608154,0.4115677773952484,0.0174364168196916,0.7143507599830627,0.4249351024627685,0.0302848201245069,0.6834113597869873,0.4395425021648407,0.0286196954548358,0.7318812012672424,0.5050729513168335,-0.0191031638532876,0.736295223236084,0.4858421683311462,0.0090034827589988,0.710978090763092,0.4952147006988525,0.0294466856867074,0.6831613183021545,0.5068586468696594,0.0400970503687858,0.11172398271679032,0.05971114665809892
1.0,0.4184291958808899,0.3824078440666199,-4.860573312726046e-07,0.4656310975551605,0.2285130321979522,0.0216928832232952,0.5263482332229614,0.1568082571029663,0.0158074349164962,0.5871756672859192,0.1650949865579605,0.0061359931714832,0.6232744455337524,0.2236651927232742,-0.0014163862215355,0.5706080794334412,0.0779756605625152,-0.0162084065377712,0.6407038569450378,0.1244220733642578,-0.0145992869511246,0.6175466775894165,0.1706303656101226,-0.008450711145997,0.5819017291069031,0.1787401288747787,-0.0064197229221463,0.6089092493057251,0.1558338701725006,-0.0363635048270225,0.6645978093147278,0.1988985538482666,-0.0229756515473127,0.6390028595924377,0.2338528335094452,-0.0126019082963466,0.6012292504310608,0.2406876981258392,-0.0108913462609052,0.6339044570922852,0.2499857991933822,-0.0512533746659755,0.668781042098999,0.2839462757110595,-0.0330212116241455,0.640958309173584,0.3091340065002441,-0.0171562116593122,0.6048675775527954,0.3120656907558441,-0.013859455473721,0.6444767713546753,0.3467310667037964,-0.0651475191116333,0.6637106537818909,0.364040195941925,-0.0453836135566234,0.6346207857131958,0.3817941546440124,-0.0241095349192619,0.6053643226623535,0.3840069770812988,-0.0113794868811964,0.1190008423837808,0.0692143718871282
1.0,0.2356598377227783,0.7159987092018127,-3.45412871638473e-07,0.262907326221466,0.5905833840370178,0.006901238579303,0.3210829794406891,0.513825535774231,-0.0056884065270423,0.3848474323749542,0.5093286633491516,-0.0206433646380901,0.4288456737995147,0.5467268824577332,-0.0327581502497196,0.3341983258724212,0.4795085191726684,-0.0341231077909469,0.4394874274730682,0.4767770767211914,-0.052100084722042,0.4215323626995086,0.515628457069397,-0.057212010025978,0.3864142000675201,0.5252038836479187,-0.0585683174431324,0.3548195362091064,0.5553151965141296,-0.0497453175485134,0.4513344764709472,0.5512282848358154,-0.0543737560510635,0.4289083480834961,0.582727313041687,-0.0464777126908302,0.3921957015991211,0.5902506113052368,-0.0441305041313171,0.3757250308990478,0.6358354687690735,-0.0629405230283737,0.454443097114563,0.6189226508140564,-0.0598245114088058,0.4300903677940368,0.646252453327179,-0.0377389378845691,0.3957047462463379,0.6566793918609619,-0.0271890703588724,0.3919184505939483,0.713513195514679,-0.0760391801595687,0.4489468336105346,0.6811743974685669,-0.0648744851350784,0.4226717352867126,0.7006290555000305,-0.0389198027551174,0.3940221667289734,0.7149459719657898,-0.0228693578392267,0.1158795406198743,0.059002034468000585
1.0,0.2871667146682739,0.7316038608551025,-3.040808280729834e-07,0.3135859072208404,0.6043455004692078,0.0077671436592936,0.370554119348526,0.529451310634613,-0.0015339681413024,0.4326198101043701,0.5214976668357849,-0.0132807046175003,0.4735153317451477,0.556816041469574,-0.0220003761351108,0.3925344347953796,0.4976897835731506,-0.0245582871139049,0.4904997944831848,0.4932745099067688,-0.0390282683074474,0.4741874933242798,0.5249716639518738,-0.0419382713735103,0.4394793510437011,0.5354424715042114,-0.0407586432993412,0.417326956987381,0.5742868185043335,-0.0376089997589588,0.5062819123268127,0.5660973191261292,-0.0388172231614589,0.4873285889625549,0.5916275978088379,-0.0305854007601737,0.4549953043460846,0.6020086407661438,-0.0271183643490076,0.4402306079864502,0.6536098122596741,-0.0485645085573196,0.5173222422599792,0.6342164874076843,-0.0455233454704284,0.4952034652233124,0.6545061469078064,-0.0270728375762701,0.4627431631088257,0.6661254167556763,-0.0172236356884241,0.4569129049777984,0.7282153367996216,-0.0589137412607669,0.5184106826782227,0.6924749612808228,-0.0487878508865833,0.4962297081947326,0.7080512642860413,-0.025696663185954,0.4689373970031738,0.7244876027107239,-0.0101739559322595,0.10848370203869857,0.05473448591536245
1.0,0.4060516655445099,0.7078172564506531,-3.5598955605564697e-07,0.4340007901191711,0.5762064456939697,0.0099130067974329,0.4780178964138031,0.4992780089378357,0.0036219970788806,0.5341622233390808,0.4715441465377807,-0.0040844609029591,0.5773881077766418,0.4993650019168854,-0.0084322616457939,0.5300820469856262,0.4727941453456878,-0.0169497821480035,0.6012176871299744,0.466747522354126,-0.0180986374616622,0.5855617523193359,0.4992080926895141,-0.0123070031404495,0.5546870231628418,0.5127027034759521,-0.0075313500128686,0.5594065189361572,0.5454776883125305,-0.0273693725466728,0.6153308749198914,0.542759120464325,-0.0164445862174034,0.596207857131958,0.5675039887428284,-0.0061144051142036,0.564896285533905,0.5796636343002319,-0.0032190715428441,0.5793602466583252,0.6253983974456787,-0.034547533839941,0.6171612739562988,0.6139500737190247,-0.0214245878159999,0.5972607135772705,0.6317132115364075,-0.0052980477921664,0.568044126033783,0.644802987575531,-0.0001384553324896,0.5883967876434326,0.7019165754318237,-0.0408769734203815,0.6114132404327393,0.6790299415588379,-0.0266040321439504,0.589934229850769,0.6905568838119507,-0.0065136556513607,0.5665843486785889,0.705068826675415,0.0063342037610709,0.10009870941962759,0.05158856899288672
1.0,0.4863243699073791,0.6677049994468689,-4.3750739564529805e-07,0.5063614845275879,0.526685893535614,0.0121942395344376,0.550970196723938,0.4425114393234253,0.0113503998145461,0.6110998392105103,0.4187906086444855,0.0089304074645042,0.6523136496543884,0.4498819410800934,0.0091026108711957,0.6197307705879211,0.4288380146026611,-0.0091405138373374,0.681418240070343,0.4324601888656616,-0.0013282656436786,0.6650909781455994,0.4664159417152405,0.0095397513359785,0.6349675059318542,0.4783362448215484,0.0161584392189979,0.652716875076294,0.5007347464561462,-0.0184120927006006,0.6936507225036621,0.5105559229850769,0.0004776388523168,0.675058901309967,0.5374900102615356,0.0117009822279214,0.645730197429657,0.548485517501831,0.0136219002306461,0.6737814545631409,0.5794435739517212,-0.0238874014467,0.7004448175430298,0.577517032623291,-0.0066373930312693,0.6819789409637451,0.5978090763092041,0.0071587972342967,0.6527149677276611,0.609502375125885,0.0101785268634557,0.6826525330543518,0.653158962726593,-0.0283308047801256,0.7090083956718445,0.6371274590492249,-0.0135661335662007,0.6901166439056396,0.6525515913963318,0.0050025838427245,0.6656595468521118,0.6655904650688171,0.0170576982200145,0.10163597937317927,0.051626338025650066
1.0,0.5582254528999329,0.6408239603042603,-4.887329509983829e-07,0.5736205577850342,0.504152238368988,0.0107094682753086,0.6201052665710449,0.4203998744487762,0.0104072922840714,0.67833012342453,0.4059809744358063,0.0082326037809252,0.7156993746757507,0.4459143280982971,0.0072330264374613,0.7144408822059631,0.4107464551925659,-0.0034114820882678,0.7454848289489746,0.4170070290565491,0.0034045812208205,0.7202082872390747,0.4382531344890594,0.0071089104749262,0.6941819190979004,0.4470660090446472,0.0074353939853608,0.7432252168655396,0.4852445423603058,-0.0120839392766356,0.7538620233535767,0.4867007136344909,0.0056186509318649,0.7291964888572693,0.5014011859893799,0.0111668929457664,0.701667070388794,0.5146929621696472,0.0094343032687902,0.7544926404953003,0.5624761581420898,-0.017429806292057,0.750421941280365,0.5532318949699402,1.8037137124338187e-05,0.729470431804657,0.562743067741394,0.0085945157334208,0.7023586630821228,0.5737239718437195,0.0080732693895697,0.7521769404411316,0.6307848691940308,-0.0222960785031318,0.7464855313301086,0.6168221831321716,-0.0059868087992072,0.724911630153656,0.6233446002006531,0.0092919720336794,0.701978325843811,0.6331911087036133,0.0185969341546297,0.09899139767188202,0.0547003914855826
1.0,0.6732948422431946,0.5826584696769714,-5.558991347243136e-07,0.6703897714614868,0.4464267492294311,0.035086303949356,0.7058193683624268,0.367134153842926,0.0565482378005981,0.7577952146530151,0.3488249182701111,0.0744623392820358,0.7922069430351257,0.3828369081020355,0.0919881761074066,0.824813187122345,0.3584949970245361,0.0456445328891277,0.8309009671211243,0.3565093278884887,0.0859165266156196,0.8028101325035095,0.372472882270813,0.1057715415954589,0.7833064794540405,0.3858436048030853,0.1140805259346962,0.8559812903404236,0.4301783740520477,0.0390023738145828,0.8422738909721375,0.4245960712432861,0.0915199890732765,0.8136274218559265,0.435609370470047,0.1031788662075996,0.7935018539428711,0.4564443528652191,0.1006611660122871,0.8629513382911682,0.5052144527435303,0.0383159890770912,0.8429691791534424,0.4973835051059723,0.0846004262566566,0.8173086047172546,0.5015594959259033,0.0891682282090187,0.7960776686668396,0.5169816017150879,0.0802211165428161,0.8588378429412842,0.5754712820053101,0.0405134968459606,0.8485056757926941,0.5639927983283997,0.0801339522004127,0.8241693377494812,0.5687786936759949,0.0956527441740036,0.803709089756012,0.5816120505332947,0.1009437590837478,0.0946856841150948,0.05146005692768529
1.0,0.5967666506767273,0.571823000907898,-3.353729880473111e-07,0.6457293033599854,0.650788426399231,-0.0056790625676512,0.7102358937263489,0.6853196620941162,-0.0128967799246311,0.764798104763031,0.692863404750824,-0.0253867357969284,0.7756722569465637,0.6554450392723083,-0.0330426506698131,0.7742127776145935,0.5556549429893494,0.0228604786098003,0.8040147423744202,0.6314764618873596,-0.0105442786589264,0.7555049061775208,0.6433882117271423,-0.0302813481539487,0.7253976464271545,0.6174460649490356,-0.0401745215058326,0.7740604281425476,0.5120773911476135,0.0087665915489196,0.8144683837890625,0.6044852137565613,-0.0283770523965358,0.7474991083145142,0.6271905303001404,-0.0377195738255977,0.7222394943237305,0.5949112772941589,-0.0351173989474773,0.7665581107139587,0.4767438173294067,-0.0114428251981735,0.8015074729919434,0.5852294564247131,-0.0507914721965789,0.7346787452697754,0.6058763265609741,-0.0436182729899883,0.7095983028411865,0.5668322443962097,-0.0290347281843423,0.7485833168029785,0.4481971859931946,-0.0326674915850162,0.7686487436294556,0.5576452016830444,-0.0565528832376003,0.7224286794662476,0.578985869884491,-0.0493050701916217,0.7010935544967651,0.5476329922676086,-0.0384977906942367,0.07470118358041423,0.03971138745165241
1.0,0.5520423650741577,0.5665144920349121,-3.942868715967052e-07,0.6149811744689941,0.6654560565948486,-0.007365973200649,0.6901525855064392,0.713687539100647,-0.0130792707204818,0.7465205788612366,0.7037126421928406,-0.0232334434986114,0.761429488658905,0.6534684896469116,-0.0268947258591651,0.7534458041191101,0.6143949031829834,0.0195405073463916,0.7846876978874207,0.685082197189331,-0.0127184493467211,0.7249548435211182,0.6866347789764404,-0.0241540037095546,0.7084792852401733,0.6501564383506775,-0.0292915124446153,0.7535499334335327,0.5547036528587341,0.0049982867203652,0.7999246120452881,0.6277672648429871,-0.0352549739181995,0.7200604677200317,0.6398279070854187,-0.0400755368173122,0.7078762650489807,0.6030887365341187,-0.0332268588244915,0.7428568005561829,0.5002168416976929,-0.0155097199603915,0.774215042591095,0.5822081565856934,-0.0618296489119529,0.6953266263008118,0.5985682010650635,-0.0493885055184364,0.6818996071815491,0.5548214316368103,-0.0295229908078908,0.7217913866043091,0.4475085139274597,-0.0362189225852489,0.7410520911216736,0.5390395522117615,-0.063687078654766,0.6877809166908264,0.5612466931343079,-0.0507471226155757,0.6731428503990173,0.5254198908805847,-0.034797515720129,0.09432707798297574,0.052537181547331745
1.0,0.508510410785675,0.5496554970741272,-4.224893643822725e-07,0.5472071170806885,0.6475817561149597,-0.0413184836506843,0.6260233521461487,0.7520959377288818,-0.0595937222242355,0.6878251433372498,0.7268252372741699,-0.0726382732391357,0.6930254101753235,0.6490837931632996,-0.0767164975404739,0.7307114601135254,0.6533863544464111,-0.0213700104504823,0.7600039839744568,0.6902016401290894,-0.0553077533841133,0.681742250919342,0.6925320625305176,-0.0675017684698104,0.6702708005905151,0.6744279265403748,-0.0739650353789329,0.7320859432220459,0.5798014998435974,-0.0170106049627065,0.7450439929962158,0.6212490797042847,-0.0536190941929817,0.656933069229126,0.6356960535049438,-0.0568411834537982,0.6606107950210571,0.6140301823616028,-0.0520859360694885,0.7167099118232727,0.5138478875160217,-0.0192853026092052,0.7172346711158752,0.5536001324653625,-0.0604236498475074,0.6382179260253906,0.5780227780342102,-0.0458923578262329,0.6394973993301392,0.5597320795059204,-0.0283681284636259,0.6942670345306396,0.4462596774101257,-0.0245700292289257,0.6887755393981934,0.4966126084327698,-0.0467825569212436,0.6331118941307068,0.5228329300880432,-0.0321308523416519,0.6282442212104797,0.5068496465682983,-0.0163146834820508,0.1240724270040516,0.07802183554033303
1.0,0.4305612742900848,0.5491166710853577,-3.479704560049868e-07,0.4495784938335418,0.6400116682052612,-0.0450344271957874,0.4939500987529754,0.7473008036613464,-0.0720826089382171,0.5457801222801208,0.7489776015281677,-0.0940172523260116,0.5624695420265198,0.6839367151260376,-0.1071349158883094,0.6353989839553833,0.6817808151245117,-0.0349031649529933,0.6464858055114746,0.7056400775909424,-0.078369565308094,0.5780090689659119,0.7033889293670654,-0.096348762512207,0.5645850300788879,0.6863385438919067,-0.1043693795800209,0.6460844278335571,0.6055147051811218,-0.0314724966883659,0.6330583095550537,0.6342033743858337,-0.0751205384731292,0.5530703067779541,0.6405224204063416,-0.0828287377953529,0.5583844184875488,0.6247276663780212,-0.0804397240281105,0.6358569264411926,0.5329251885414124,-0.0348293669521808,0.6045711040496826,0.5606902837753296,-0.0794232636690139,0.5348543524742126,0.5766260027885437,-0.0700656995177269,0.5399832129478455,0.5639305114746094,-0.0557412654161453,0.6152412295341492,0.4599999189376831,-0.0419390462338924,0.5731430649757385,0.4944501519203186,-0.0677890330553054,0.5249013900756836,0.5180840492248535,-0.0606266222894191,0.5294814705848694,0.5118482112884521,-0.0494905784726142,0.09969245731222805,0.06841729849080509
1.0,0.2889060080051422,0.6049057841300964,1.5856022272942027e-08,0.390382707118988,0.6379126310348511,-0.0883723497390747,0.4571561515331268,0.6576406359672546,-0.1605566889047622,0.4624149203300476,0.6994696855545044,-0.2189682275056839,0.4127064943313598,0.7183911800384521,-0.2711595892906189,0.4749845862388611,0.4118120968341827,-0.1821471154689788,0.4653518795967102,0.6288012862205505,-0.269621342420578,0.4267166554927826,0.684567391872406,-0.3056872487068176,0.4112200736999511,0.6388614773750305,-0.3276549875736236,0.3852042555809021,0.3935278654098511,-0.17847940325737,0.3904209434986114,0.633854866027832,-0.2540151476860046,0.3679850697517395,0.6722279787063599,-0.2525708973407745,0.3666687607765198,0.6008527874946594,-0.2504294216632843,0.3009352684020996,0.416636973619461,-0.1811867803335189,0.3113653659820556,0.6310642957687378,-0.2427895814180374,0.3084716498851776,0.6605557799339294,-0.2147430479526519,0.3157567977905273,0.5990440249443054,-0.192430168390274,0.2273385673761367,0.4549499154090881,-0.1941238641738891,0.2347397953271865,0.6107351183891296,-0.2435631603002548,0.2497290223836898,0.6445208191871643,-0.2396619915962219,0.2649719715118408,0.6144211888313293,-0.2316779345273971,0.13378864751564254,0.07451770805479098
1.0,0.2755076885223388,0.635650634765625,1.3540088161789754e-08,0.3856437504291534,0.6239343285560608,-0.0540996044874191,0.4671761393547058,0.6283621788024902,-0.1051173508167266,0.4977981150150299,0.6645799875259399,-0.1504192650318145,0.4575054049491882,0.7038642764091492,-0.1913654208183288,0.4434720277786255,0.3723950684070587,-0.1104203835129737,0.4992360770702362,0.5788784623146057,-0.1660133898258209,0.4712902307510376,0.6249984502792358,-0.1899081021547317,0.4479286074638366,0.581684947013855,-0.2080574035644531,0.3668232262134552,0.3919363915920257,-0.1163700744509697,0.4381152391433716,0.6229068636894226,-0.165768876671791,0.4095805585384369,0.6492586135864258,-0.1665903627872467,0.3904488086700439,0.5912702679634094,-0.1709337383508682,0.2980869710445404,0.4503525495529175,-0.1265641152858734,0.3652562499046325,0.6610736846923828,-0.1680794954299926,0.3478140532970428,0.6703141927719116,-0.1552918553352356,0.3317254185676574,0.6118624806404114,-0.1473902761936187,0.2414194345474243,0.5214759111404419,-0.1434983611106872,0.2987020611763,0.6824076771736145,-0.1783318817615509,0.3016870319843292,0.6856712102890015,-0.1822977364063263,0.2905235290527344,0.639987051486969,-0.183855727314949,0.1150339924802612,0.06959414854140339
1.0,0.2597813606262207,0.6355504989624023,4.302805791667197e-07,0.3775789141654968,0.6124153733253479,-0.0519518107175827,0.4609729051589966,0.620715856552124,-0.1242537200450897,0.518081784248352,0.6640307903289795,-0.1907782256603241,0.5094149112701416,0.6911555528640747,-0.2528344988822937,0.4303585886955261,0.4114419519901275,-0.172512337565422,0.5198948979377747,0.582919716835022,-0.2326695173978805,0.5000842213630676,0.6293011903762817,-0.2408470958471298,0.4678282439708709,0.6031450033187866,-0.2445542216300964,0.3606693744659424,0.4554492235183716,-0.185009628534317,0.4694456458091736,0.6483408212661743,-0.2399015575647354,0.4458915293216705,0.6806271076202393,-0.2207991480827331,0.4237107038497925,0.6385244727134705,-0.210138589143753,0.3031856715679168,0.5290079712867737,-0.198011502623558,0.4058479070663452,0.7040319442749023,-0.2378554195165634,0.3938842713832855,0.7171114087104797,-0.2016037553548813,0.3723911046981811,0.6766157150268555,-0.1797934919595718,0.2578042149543762,0.6094719171524048,-0.2172227054834365,0.3438929915428161,0.7420974969863892,-0.2472755759954452,0.3545799851417541,0.7455790042877197,-0.2363531291484832,0.3432731628417969,0.7115828990936279,-0.2286883294582367,0.15440659137152798,0.06827773045441303
1.0,0.2415196001529693,0.650933027267456,3.543746345258114e-07,0.3279618620872497,0.5690235495567322,-0.0160671398043632,0.4342481791973114,0.543350875377655,-0.0645618960261344,0.5187013149261475,0.5720667243003845,-0.1093912497162818,0.5364955067634583,0.6141307950019836,-0.1510437875986099,0.3814827799797058,0.4353660047054291,-0.142699509859085,0.4964856505393982,0.5348733067512512,-0.1782547831535339,0.4967872500419616,0.5927565097808838,-0.1727321147918701,0.4645885825157165,0.5937950611114502,-0.166582390666008,0.3345897793769836,0.5057991743087769,-0.1644960343837738,0.4820087254047394,0.6225998997688293,-0.1948664635419845,0.4651886224746704,0.6674072742462158,-0.1663689315319061,0.4268766343593597,0.6492745280265808,-0.1499217897653579,0.3008321821689605,0.5942149758338928,-0.1811795681715011,0.4464103877544403,0.698137104511261,-0.1955541968345642,0.4252597987651825,0.7206209897994995,-0.1509393155574798,0.3857070803642273,0.7009933590888977,-0.1268089860677719,0.2770358622074127,0.6886262893676758,-0.2001421302556991,0.4032988846302032,0.7621417045593262,-0.2050812989473343,0.4044246673583984,0.763971209526062,-0.176995649933815,0.3805307745933532,0.7426555156707764,-0.1608163565397262,0.15147089022778853,0.06181385944244968
1.0,0.2539392709732055,0.6590602397918701,-3.6175929807313885e-08,0.2927868366241455,0.5404131412506104,-0.0089111039415001,0.3770795464515686,0.4654290676116943,-0.0398684553802013,0.4620397090911865,0.4630086123943329,-0.0693670660257339,0.5053302645683289,0.5072513222694397,-0.094790294766426,0.3618810772895813,0.4314573109149933,-0.0985844060778617,0.5024629831314087,0.4613353312015533,-0.1315900832414627,0.4934346973896026,0.5021265149116516,-0.1344602406024933,0.4567918479442596,0.5066269040107727,-0.1324923038482666,0.3519129753112793,0.5114436745643616,-0.1138764098286628,0.5013858675956726,0.5439436435699463,-0.1382568925619125,0.4767523109912872,0.5728933215141296,-0.1219416633248329,0.4324617385864258,0.5688593983650208,-0.113012209534645,0.3532974421977997,0.5997369885444641,-0.1255641132593155,0.496927797794342,0.6192124485969543,-0.136702686548233,0.4650154113769531,0.6352740526199341,-0.1061937138438224,0.4195980429649353,0.6304122805595398,-0.0891999155282974,0.3610646724700928,0.6880309581756592,-0.138188362121582,0.4853891730308532,0.6871793270111084,-0.1370172947645187,0.4624606668949127,0.6937935948371887,-0.1115973144769668,0.4203555583953857,0.6912627816200256,-0.0962576121091842,0.14564942884779283,0.06691659084422909
1.0,0.3031719028949737,0.5910987854003906,-3.7825773802069307e-07,0.3991778194904327,0.6416546702384949,-0.0182061400264501,0.4834695160388946,0.64373379945755,-0.0351239554584026,0.5281661152839661,0.6292544007301331,-0.0536659657955169,0.5028150081634521,0.6074331998825073,-0.0659973844885826,0.5198630094528198,0.4312567114830017,-0.0060610091313719,0.5627042651176453,0.5354589819908142,-0.0430467873811721,0.5173929929733276,0.5752325057983398,-0.0694709867238998,0.492159754037857,0.5597450137138367,-0.0879919081926345,0.489242672920227,0.3988887965679168,-0.0174167361110448,0.5252097845077515,0.5344811677932739,-0.0536358617246151,0.4806402027606964,0.5725504159927368,-0.0664418563246727,0.460487425327301,0.5544921159744263,-0.0727724134922027,0.4506513178348541,0.3971856534481048,-0.034203540533781,0.478293776512146,0.5391173958778381,-0.0631866529583931,0.4405743777751922,0.5683767795562744,-0.0634254515171051,0.4235104024410248,0.5433135032653809,-0.061707317829132,0.4117691814899444,0.4211726486682892,-0.0547142885625362,0.4301885366439819,0.545886754989624,-0.0710480585694313,0.4025057554244995,0.5646148324012756,-0.0738003551959991,0.3876022100448608,0.5374650955200195,-0.0748665034770965,0.05143102385846962,0.03564978717540798
1.0,0.2972400188446045,0.5921356678009033,-3.387984293112823e-07,0.3682086169719696,0.6563355326652527,-0.0346721000969409,0.4602143764495849,0.6914620399475098,-0.0563453324139118,0.5026324391365051,0.662350594997406,-0.0750290527939796,0.4663845002651214,0.6160873174667358,-0.0863106548786163,0.522137463092804,0.5137398838996887,-0.0215627122670412,0.5468301773071289,0.5916062593460083,-0.0568124279379844,0.4860017299652099,0.6213074326515198,-0.076472632586956,0.4687434732913971,0.5958731770515442,-0.0899863690137863,0.4988784790039062,0.4561049938201904,-0.0236371159553527,0.5093879699707031,0.5590946078300476,-0.0585213638842105,0.448835551738739,0.5977537035942078,-0.0668639317154884,0.4428706467151642,0.5677558779716492,-0.0685402750968933,0.4609716832637787,0.423602283000946,-0.0315823554992675,0.4625430405139923,0.5331838130950928,-0.0641346275806427,0.4128514528274536,0.5718031525611877,-0.0587835758924484,0.4043999016284942,0.5408117175102234,-0.0514964014291763,0.4190938472747803,0.4083852171897888,-0.0436285845935344,0.4187624454498291,0.5122433304786682,-0.0624416545033454,0.3847999274730682,0.5452237129211426,-0.0589139834046363,0.3743646740913391,0.5193010568618774,-0.0536739714443683,0.08134703293523657,0.05984545484746073
1.0,0.3199388682842254,0.5892266035079956,-2.992528607137501e-07,0.3785478770732879,0.6510205268859863,-0.0329435728490352,0.4679289758205414,0.7024160623550415,-0.0500846542418003,0.5163437128067017,0.6695051193237305,-0.0634054020047187,0.4922439455986023,0.6119595766067505,-0.0698502212762832,0.532916247844696,0.5622243881225586,-0.0164755526930093,0.5592419505119324,0.6144474744796753,-0.0465809181332588,0.4994608759880066,0.637797474861145,-0.0622817128896713,0.4867337942123413,0.6113572716712952,-0.0729883164167404,0.514376163482666,0.501610279083252,-0.0161191374063491,0.5324785709381104,0.5661674737930298,-0.0480871312320232,0.4693639576435089,0.6032006144523621,-0.0553056970238685,0.4643424749374389,0.5736222863197327,-0.055577777326107,0.4837343394756317,0.4574632346630096,-0.0210222043097019,0.4912233054637909,0.529231071472168,-0.0552045255899429,0.4379056394100189,0.570517361164093,-0.0481763742864131,0.4304117858409881,0.5405024886131287,-0.0379751771688461,0.4488248229026794,0.4230544567108154,-0.0287182703614234,0.4560636878013611,0.4983888864517212,-0.0486398600041866,0.4187827110290527,0.5335497856140137,-0.0409237593412399,0.407573252916336,0.5078874826431274,-0.0314549021422863,0.0957302000908461,0.06272020377453726
1.0,0.3671707212924957,0.5723285675048828,-3.745697370050039e-07,0.4059850573539734,0.6503085494041443,-0.0239380039274692,0.4807441532611847,0.7095472812652588,-0.0318086259067058,0.5403226613998413,0.6736891865730286,-0.037381786853075,0.5402200818061829,0.6083270311355591,-0.0358560793101787,0.5296489596366882,0.6425362229347229,-0.0092625776305794,0.5794147253036499,0.6414039134979248,-0.0361054092645645,0.5202723741531372,0.6516689658164978,-0.045646172016859,0.5033574104309082,0.6480820775032043,-0.0495438948273658,0.5206239223480225,0.5858288407325745,-0.0084625659510493,0.5627650022506714,0.5855744481086731,-0.0362895354628562,0.4957220554351806,0.6085912585258484,-0.0369029343128204,0.4931386411190033,0.6006151437759399,-0.0313961803913116,0.5049918293952942,0.5342451930046082,-0.0124383205547928,0.5422014594078064,0.5338522791862488,-0.0446802303194999,0.4809347093105316,0.5643822550773621,-0.0292147248983383,0.4740802645683288,0.5597617030143738,-0.0115694953128695,0.4859330356121063,0.4775192737579345,-0.0178287364542484,0.512114405632019,0.4901492297649383,-0.0346199572086334,0.4721480011940002,0.5201261639595032,-0.0191435627639293,0.462025374174118,0.5170297026634216,-0.0036828718148171,0.11747045156830711,0.06538004029909593
1.0,0.3915349841117859,0.5691860914230347,-3.322099928482203e-07,0.4293911755084991,0.6444833278656006,-0.019717089831829,0.4905686676502228,0.7032524943351746,-0.0280618295073509,0.5480812788009644,0.6783059239387512,-0.0352871753275394,0.5622329711914062,0.619590699672699,-0.0363000594079494,0.5405476093292236,0.6463766098022461,-0.0062253582291305,0.5910903215408325,0.6471393704414368,-0.0340381450951099,0.5351071953773499,0.6518404483795166,-0.0453189313411712,0.5187413096427917,0.6492809057235718,-0.0496730841696262,0.5342095494270325,0.591895341873169,-0.0068812975659966,0.5792437791824341,0.5947972536087036,-0.0369344018399715,0.514559805393219,0.6107980608940125,-0.0407048612833023,0.5090856552124023,0.6048902273178101,-0.03675202652812,0.5216863751411438,0.5407364964485168,-0.0116808274760842,0.5612270832061768,0.5423148274421692,-0.0451710037887096,0.5012669563293457,0.565258264541626,-0.0311443861573934,0.4921231865882873,0.5624000430107117,-0.0134127764031291,0.5064593553543091,0.4838734269142151,-0.0172963757067918,0.5351989269256592,0.4963694512844085,-0.0342378057539463,0.4955768287181854,0.5202952027320862,-0.0187879148870706,0.4840855002403259,0.5180051326751709,-0.0026825068052858,0.11046690327914613,0.060405081676021675
1.0,0.4147081077098846,0.6134006977081299,-2.722960061873892e-07,0.4349885284900665,0.6904709339141846,-0.0295926313847303,0.4766110777854919,0.7753642797470093,-0.0437440834939479,0.5206731557846069,0.7676753997802734,-0.0537151023745536,0.5337579250335693,0.7110164761543274,-0.0564353428781032,0.5562419295310974,0.7191777229309082,-0.0199943445622921,0.5841657519340515,0.7518227100372314,-0.0480049848556518,0.5278980731964111,0.7380622625350952,-0.0587678924202919,0.5230922102928162,0.7192398309707642,-0.0642098486423492,0.5589678287506104,0.664438784122467,-0.0170406010001897,0.5841167569160461,0.6974597573280334,-0.0476416498422622,0.5196611285209656,0.6929330229759216,-0.052320085465908,0.5245903730392456,0.6745498180389404,-0.0505863204598426,0.5542241334915161,0.6136745810508728,-0.0183094050735235,0.5737788081169128,0.6430220603942871,-0.0498794093728065,0.5147748589515686,0.6474100351333618,-0.0382124111056327,0.5171658992767334,0.6300769448280334,-0.0248361825942993,0.5473734736442566,0.5603941082954407,-0.0214916877448558,0.5546402931213379,0.5956509113311768,-0.0378137938678264,0.5139505863189697,0.6049991250038147,-0.0251966696232557,0.5108421444892883,0.5879833698272705,-0.0126566775143146,0.08699120669558143,0.058213782913898754
1.0,0.4158574342727661,0.614864706993103,-2.512001913146378e-07,0.4365599751472473,0.6907573938369751,-0.0259814541786909,0.4751889109611511,0.7709108591079712,-0.0394804738461971,0.5157888531684875,0.763369083404541,-0.0499459281563758,0.5312781929969788,0.7097397446632385,-0.05396069586277,0.5527837872505188,0.7157899737358093,-0.0193982739001512,0.5811190605163574,0.7475127577781677,-0.0468805767595768,0.5274780988693237,0.733927309513092,-0.0566499568521976,0.519596517086029,0.7158908843994141,-0.0608195029199123,0.555985689163208,0.6630329489707947,-0.0184354726225137,0.5815824270248413,0.6942843794822693,-0.0479404032230377,0.5200468301773071,0.6884161233901978,-0.0515657477080822,0.5212956666946411,0.6707016229629517,-0.0490737557411193,0.552162230014801,0.61344313621521,-0.0213848426938056,0.5745965838432312,0.6418769955635071,-0.0523684993386268,0.5165351629257202,0.6446001529693604,-0.0397910997271537,0.5141791701316833,0.62782222032547,-0.0255455691367387,0.5449948310852051,0.5592287182807922,-0.0259446464478969,0.5554584264755249,0.5940925478935242,-0.0427209995687007,0.5159313082695007,0.6036127805709839,-0.0296249203383922,0.5106445550918579,0.5884680151939392,-0.0163009390234947,0.08424719361114909,0.05596556067697489
1.0,0.4191464781761169,0.6118150353431702,-2.2411697386814922e-07,0.4356723129749298,0.6878626942634583,-0.0295037254691123,0.4769265651702881,0.7676838636398315,-0.0438140518963336,0.5190454721450806,0.7560099363327026,-0.0546022690832614,0.5291501879692078,0.6978365778923035,-0.0592116527259349,0.555977463722229,0.7167669534683228,-0.0201848316937685,0.585788369178772,0.7476966381072998,-0.0481973849236965,0.5323317646980286,0.733000636100769,-0.0581706389784812,0.5195213556289673,0.7120887041091919,-0.0617164969444274,0.5591843128204346,0.6624947786331177,-0.0177109315991401,0.5833200216293335,0.6920879483222961,-0.0476635880768299,0.5216602087020874,0.6866204142570496,-0.051779419183731,0.5205975770950317,0.6681243777275085,-0.0487143993377685,0.5540703535079956,0.6116108298301697,-0.019570218399167,0.5744330883026123,0.638259768486023,-0.0513916090130806,0.5172369480133057,0.6432430148124695,-0.0400990918278694,0.5140373110771179,0.6264339685440063,-0.0257495809346437,0.5449789762496948,0.5565006732940674,-0.0232565626502037,0.5563548803329468,0.5904800891876221,-0.0408121757209301,0.5172576308250427,0.6022359132766724,-0.0283096563071012,0.5117665529251099,0.5877652764320374,-0.0147948255762457,0.08856091810639961,0.05922407729704933
1.0,0.4214280545711517,0.6055761575698853,-1.948118750760841e-07,0.4392026960849762,0.6853159666061401,-0.0303063429892063,0.4834440946578979,0.760737955570221,-0.044062465429306,0.5267348885536194,0.7364761829376221,-0.0539182685315609,0.5347434878349304,0.6741585731506348,-0.0575823560357093,0.5554269552230835,0.709587574005127,-0.0181602574884891,0.5827740430831909,0.7373809814453125,-0.0448427461087703,0.5315159559249878,0.7233155369758606,-0.0548265911638736,0.5216399431228638,0.7056779861450195,-0.059193767607212,0.558691680431366,0.6570886969566345,-0.0155554255470633,0.5842034220695496,0.6851873397827148,-0.0454575791954994,0.524614155292511,0.679929792881012,-0.0506952293217182,0.5232774615287781,0.6623246073722839,-0.048303335905075,0.5542954802513123,0.6073280572891235,-0.0174108017235994,0.5769818425178528,0.6326241493225098,-0.0498406067490577,0.5200591087341309,0.637177586555481,-0.0399153381586074,0.5168892741203308,0.6209403276443481,-0.0262853913009166,0.5465937256813049,0.5530650019645691,-0.0211007595062255,0.5579420924186707,0.5866302847862244,-0.0393189042806625,0.518651008605957,0.5976021885871887,-0.0276568550616502,0.5135313272476196,0.5827963352203369,-0.0148476185277104,0.10154016270667401,0.062936854777228
1.0,0.4223414063453674,0.5979025363922119,-2.0540318246276001e-07,0.4417177438735962,0.6746876239776611,-0.0269093979150056,0.4847976267337799,0.7477406859397888,-0.0395601578056812,0.5286699533462524,0.7245979905128479,-0.0490150600671768,0.5412667393684387,0.6665363311767578,-0.0530229397118091,0.553735613822937,0.6965653896331787,-0.0185996368527412,0.5845361948013306,0.7204534411430359,-0.0432015880942344,0.5341246128082275,0.7071511149406433,-0.0521352961659431,0.5238288044929504,0.6917084455490112,-0.0560603700578212,0.5575551986694336,0.6448118090629578,-0.016879441216588,0.5865932106971741,0.6693925261497498,-0.0441131517291069,0.5273705124855042,0.6654573678970337,-0.0482127629220485,0.5227053761482239,0.649914026260376,-0.0456100851297378,0.5529242753982544,0.5951273441314697,-0.0187493208795785,0.5803551077842712,0.6161110997200012,-0.0491587296128273,0.5226399898529053,0.6226388812065125,-0.0380625762045383,0.5144026279449463,0.6094140410423279,-0.0238680262118577,0.5441044569015503,0.5397087931632996,-0.0220137294381856,0.5606945753097534,0.5685973763465881,-0.0391158238053321,0.5219438672065735,0.5832266807556152,-0.0262977555394172,0.5130645036697388,0.5734162926673889,-0.0126654328778386,0.09982061115259687,0.0595474466471467
1.0,0.4473309814929962,0.5866988897323608,-2.1383135617725202e-07,0.4657167792320251,0.6626169681549072,-0.0262061282992362,0.5124011635780334,0.7365115880966187,-0.0374573431909084,0.557322084903717,0.7162538170814514,-0.0450752228498458,0.5665593147277832,0.6571449041366577,-0.0471400804817676,0.5790064334869385,0.6860162019729614,-0.0181069988757371,0.6075299382209778,0.7080450654029846,-0.040727000683546,0.5564579963684082,0.697807252407074,-0.0478036291897296,0.545851469039917,0.684015691280365,-0.0508424304425716,0.5821431279182434,0.633186936378479,-0.0160543154925107,0.6114364266395569,0.655128538608551,-0.0421071760356426,0.5519282817840576,0.6544332504272461,-0.0443776994943618,0.5460214614868164,0.6403181552886963,-0.040722519159317,0.5769039988517761,0.582291841506958,-0.0175383649766445,0.6036716103553772,0.6002171635627747,-0.046624656766653,0.5457906126976013,0.609717845916748,-0.0345354378223419,0.5372219085693359,0.5977031588554382,-0.0202539637684822,0.5675157904624939,0.526633620262146,-0.0204177591949701,0.5841165781021118,0.5536524653434753,-0.0366371758282184,0.5450870394706726,0.5685789585113525,-0.0238925572484731,0.5366199016571045,0.5583465099334717,-0.0108937639743089,0.0965708613413138,0.059861954874343384
1.0,0.4787886142730713,0.5693707466125488,-2.3121708636608679e-07,0.4986723363399505,0.643440842628479,-0.0220619514584541,0.5442520976066589,0.7177281975746155,-0.0314340107142925,0.5903504490852356,0.7107900381088257,-0.0384225957095623,0.6010117530822754,0.6538637280464172,-0.0405492186546325,0.6142626404762268,0.6630067825317383,-0.0120466109365224,0.6411169171333313,0.6882224678993225,-0.0347581207752227,0.59085613489151,0.6807683110237122,-0.0433764494955539,0.581628680229187,0.665296196937561,-0.0473136752843856,0.6166025996208191,0.6129609942436218,-0.0118204122409224,0.6452485918998718,0.6390902400016785,-0.0383915565907955,0.5864048600196838,0.638798713684082,-0.0428316593170166,0.5809805393218994,0.6214938163757324,-0.0405105836689472,0.61061030626297,0.5638684034347534,-0.0148303341120481,0.6381698250770569,0.5859985947608948,-0.0444156862795352,0.5803143978118896,0.5948391556739807,-0.033312015235424,0.5715678930282593,0.5795831680297852,-0.0194167010486125,0.6007187962532043,0.5082905292510986,-0.0188625063747167,0.6179936528205872,0.537729799747467,-0.0348609983921051,0.5789069533348083,0.55240398645401,-0.0220332499593496,0.570149302482605,0.5414162874221802,-0.0088615613058209,0.08592680590842695,0.05795507488899709
1.0,0.5439836382865906,0.5712061524391174,-2.0827604885198525e-07,0.5604172945022583,0.6420455574989319,-0.024486968293786,0.6059485673904419,0.7133841514587402,-0.0335076078772544,0.6569022536277771,0.7113010287284851,-0.0402835868299007,0.6846727132797241,0.6711151003837585,-0.041798397898674,0.6672376394271851,0.6554772853851318,-0.0053520794026553,0.6964948177337646,0.6811715364456177,-0.0304649770259857,0.6488680839538574,0.6742411851882935,-0.0394836440682411,0.6396632194519043,0.6599754691123962,-0.042321752756834,0.6719410419464111,0.6092783808708191,-0.0041496744379401,0.7055817246437073,0.6388376355171204,-0.0338576398789882,0.643836259841919,0.6349688172340393,-0.037815224379301,0.6369777917861938,0.6168177127838135,-0.0322629399597644,0.6686791777610779,0.5611782073974609,-0.007765466812998,0.6988413333892822,0.5867547988891602,-0.0431609079241752,0.6382853984832764,0.5916077494621277,-0.0323214866220951,0.628763735294342,0.5741679072380066,-0.0154666351154446,0.6605119705200195,0.5050563812255859,-0.0124241989105939,0.6769872307777405,0.5368591547012329,-0.0343263372778892,0.6366395354270935,0.5485134124755859,-0.0232807286083698,0.6284424066543579,0.5345019698143005,-0.0090317372232675,0.0897379575428128,0.0488712790786367
1.0,0.5913329124450684,0.5638586282730103,-3.0205083589862625e-07,0.6118825674057007,0.6436885595321655,-0.0234435629099607,0.6727065443992615,0.7168824076652527,-0.0299940053373575,0.7326200008392334,0.7041451930999756,-0.0350714586675167,0.7504400014877319,0.6532773375511169,-0.0332802273333072,0.729261577129364,0.6755081415176392,0.0003672588209155,0.7701447606086731,0.7014538645744324,-0.0258509498089551,0.7159276008605957,0.6890782713890076,-0.0348154194653034,0.7017974257469177,0.6789337992668152,-0.0374642945826053,0.7336609363555908,0.6237847805023193,0.0006111812544986,0.771517276763916,0.6466598510742188,-0.0303333420306444,0.7077231407165527,0.6397444009780884,-0.0334731675684452,0.7017935514450073,0.6297334432601929,-0.0271480102092027,0.7310441732406616,0.5715001821517944,-0.0047082495875656,0.7638494968414307,0.5929690599441528,-0.0409664623439312,0.7001185417175293,0.5947784781455994,-0.0286697745323181,0.6906040906906128,0.5856990218162537,-0.0104377763345837,0.7260765433311462,0.5136046409606934,-0.0112518901005387,0.7473489046096802,0.5442457795143127,-0.0304554142057895,0.7028412818908691,0.5519871711730957,-0.0167814381420612,0.6924394369125366,0.5417168140411377,-0.0011267530499026,0.1004932562421771,0.05392865343159137
1.0,0.5462117791175842,0.4739428758621216,-2.7742163410948706e-07,0.5777690410614014,0.5524813532829285,-0.0250522941350936,0.6389841437339783,0.6212059259414673,-0.0327759236097335,0.6914850473403931,0.5889914035797119,-0.0386478342115879,0.6935886144638062,0.5258338451385498,-0.0379920527338981,0.6958843469619751,0.5698508620262146,-0.0023308906238526,0.7371742129325867,0.5803313851356506,-0.0292258933186531,0.6821669340133667,0.577301025390625,-0.040591225028038,0.6656843423843384,0.5742077827453613,-0.0452585443854332,0.69510817527771,0.5140588879585266,-0.0019749116618186,0.7296118140220642,0.5225719213485718,-0.0318621136248111,0.6660191416740417,0.5296154022216797,-0.0369250401854515,0.6592087149620056,0.5246056914329529,-0.0330529101192951,0.6860813498497009,0.4608551561832428,-0.0070619191974401,0.7151732444763184,0.4671424329280853,-0.042390801012516,0.6533488631248474,0.4834257364273071,-0.0326598808169364,0.6437311172485352,0.4810934364795685,-0.0169503092765808,0.6729839444160461,0.4021409749984741,-0.0135800344869494,0.6930198669433594,0.4198994040489197,-0.0326015315949916,0.6511191129684448,0.4402230381965637,-0.0201384238898754,0.6401603817939758,0.4392455220222473,-0.0056694443337619,0.1100213162228248,0.06319598272230595
1.0,0.500304639339447,0.4450334906578064,-2.7695477911038324e-07,0.5334007143974304,0.5220860242843628,-0.032921977341175,0.6014721393585205,0.5946017503738403,-0.0455493740737438,0.6555243134498596,0.5569742321968079,-0.0542685240507125,0.6588326692581177,0.485154390335083,-0.055337868630886,0.6666998863220215,0.5323851704597473,-0.0126576293259859,0.709570050239563,0.5471817255020142,-0.0426471531391143,0.6488667726516724,0.5432848334312439,-0.0533744506537914,0.6338526606559753,0.5318228006362915,-0.0574515424668788,0.6647505760192871,0.4713973701000213,-0.0099934320896863,0.7030748724937439,0.4829567074775696,-0.0442792028188705,0.6329571008682251,0.4930785596370697,-0.0489819906651973,0.6285359263420105,0.4807583689689636,-0.044008120894432,0.6533492803573608,0.4135205149650574,-0.0129902632907032,0.6846996545791626,0.4205992519855499,-0.0527385510504245,0.6171471476554871,0.4433660805225372,-0.040979977697134,0.6098431348800659,0.4358163177967071,-0.0232874453067779,0.6378894448280334,0.3490666151046753,-0.017717283219099,0.6573493480682373,0.3692040741443634,-0.0396284759044647,0.6118581891059875,0.3971386253833771,-0.025633392855525,0.6027437448501587,0.3948359191417694,-0.0095480568706989,0.12395470800058848,0.07190395261060652
1.0,0.4912304878234863,0.4111316800117492,-2.892248858188396e-07,0.5255885720252991,0.4982088804244995,-0.0349149368703365,0.5996832847595215,0.5776174068450928,-0.0487263537943363,0.6601616144180298,0.5361266136169434,-0.0583690330386161,0.6535025238990784,0.4564656913280487,-0.0600500479340553,0.669765055179596,0.5087483525276184,-0.0168926212936639,0.7185291051864624,0.5231127738952637,-0.0479459799826145,0.6519507169723511,0.5200161337852478,-0.0579895637929439,0.6349652409553528,0.5096824169158936,-0.0620755366981029,0.6666567325592041,0.441599577665329,-0.0150547670200467,0.7091124057769775,0.4518274962902069,-0.0516545809805393,0.6325079202651978,0.4647112488746643,-0.0551214888691902,0.6267184615135193,0.453273206949234,-0.0490271374583244,0.6524259448051453,0.3773654103279114,-0.0189287345856428,0.6862112283706665,0.3836392760276794,-0.0619876980781555,0.6133081316947937,0.4107597768306732,-0.0485514663159847,0.6043722629547119,0.4035594463348388,-0.0291863214224576,0.632994532585144,0.3066846132278442,-0.0245885886251926,0.654361367225647,0.32687708735466,-0.0489990450441837,0.6047497391700745,0.3597656786441803,-0.0341040752828121,0.5936804413795471,0.357986569404602,-0.0172370262444019,0.13305064721095308,0.0799564371238213
1.0,0.5140841007232666,0.3960638642311096,-4.055128783875261e-07,0.5534588098526001,0.4932143688201904,-0.0352880731225013,0.6393864154815674,0.5830890536308289,-0.0473964102566242,0.7064340710639954,0.5362234711647034,-0.0550129972398281,0.7061454057693481,0.4493067562580108,-0.0532454289495945,0.7139875292778015,0.5051376819610596,-0.0164745319634675,0.7731927037239075,0.5160505771636963,-0.0523307770490646,0.6956246495246887,0.5148500204086304,-0.0655463263392448,0.674845814704895,0.5046383142471313,-0.0710314586758613,0.7080451250076294,0.430936187505722,-0.014772554859519,0.7586222887039185,0.4380548894405365,-0.0533981844782829,0.6706320643424988,0.4537419974803924,-0.0571054592728614,0.664854109287262,0.4427193999290466,-0.0509173646569252,0.6921055316925049,0.3599309623241424,-0.0193303599953651,0.7382915616035461,0.3632898926734924,-0.0636349692940712,0.6539501547813416,0.3923200666904449,-0.045808307826519,0.64380943775177,0.3866513669490814,-0.0234592743217945,0.6715725064277649,0.2813316583633423,-0.0258223339915275,0.7001925706863403,0.3007726669311523,-0.0492207333445549,0.6436881422996521,0.333470344543457,-0.0294531714171171,0.6314932107925415,0.3301318287849426,-0.0089900186285376,0.14962846284802847,0.08693516524102457
1.0,0.5426816940307617,0.3928309082984924,-4.760630076816597e-07,0.5788024663925171,0.5161831974983215,-0.0412446856498718,0.6726150512695312,0.6199265718460083,-0.0547896064817905,0.7591713666915894,0.5769215226173401,-0.0638406127691268,0.7806264162063599,0.4870809316635132,-0.0619777254760265,0.7578145861625671,0.5383954644203186,-0.0146425571292638,0.8269098997116089,0.5544856190681458,-0.0581753700971603,0.7395691871643066,0.5520258545875549,-0.0742669329047203,0.7153339385986328,0.5441122651100159,-0.0800308287143707,0.7550954222679138,0.4543679356575012,-0.0109748467803001,0.8156291246414185,0.4706982970237732,-0.0588697865605354,0.7112143635749817,0.4831490814685821,-0.0637051239609718,0.7038501501083374,0.4709105491638183,-0.0555059872567653,0.743007481098175,0.3737833201885223,-0.0153100853785872,0.7961147427558899,0.3870778977870941,-0.0704338401556015,0.6968766450881958,0.4109425246715545,-0.0501401014626026,0.6865600943565369,0.4032756686210632,-0.0228571649640798,0.7277494668960571,0.284364640712738,-0.0217807870358228,0.7603276968002319,0.3144015073776245,-0.051546286791563,0.692984938621521,0.3428565561771393,-0.029983926564455,0.6792516112327576,0.3347070813179016,-0.0062767080962657,0.17136536442843117,0.09238572011778061
1.0,0.4425122141838074,0.3082063496112823,-7.413349862872565e-07,0.484449565410614,0.4553721845149994,-0.0396344549953937,0.6094090342521667,0.5707641839981079,-0.0471131615340709,0.7117408514022827,0.5085322856903076,-0.049967885017395,0.7084606289863586,0.3890370726585388,-0.0404295660555362,0.7072089910507202,0.476379930973053,-0.0156663842499256,0.795455813407898,0.4729524254798889,-0.0630349665880203,0.6884406805038452,0.4773327112197876,-0.0853205174207687,0.6562243103981018,0.4774224758148193,-0.0970241650938987,0.6939738988876343,0.3741608262062073,-0.01313550863415,0.7742185592651367,0.3645322024822235,-0.0647444352507591,0.6509146690368652,0.3963059782981872,-0.0722422748804092,0.6356267929077148,0.3924329578876495,-0.0667245760560035,0.6740214228630066,0.2800134718418121,-0.0180646870285272,0.7487539052963257,0.2637591361999511,-0.074918083846569,0.6306746006011963,0.3085691928863525,-0.0505371764302253,0.6053690910339355,0.3123371005058288,-0.021018698811531,0.654069721698761,0.1752067655324936,-0.0252256207168102,0.7055652141571045,0.1793543398380279,-0.0557838566601276,0.6259950399398804,0.2256192862987518,-0.0309105608612298,0.599288821220398,0.2346643805503845,-0.0052972650155425,0.20707639137219727,0.11992016229652082
1.0,0.4379719495773315,0.4293269217014313,-5.212589826442127e-07,0.4867686331272125,0.5620685815811157,-0.0451951250433921,0.5958976149559021,0.6944394111633301,-0.0591836608946323,0.6894153952598572,0.6583482027053833,-0.0686356201767921,0.7126748561859131,0.551666259765625,-0.0661188289523124,0.6941038370132446,0.5947780609130859,-0.0118182832375168,0.7597601413726807,0.6192178130149841,-0.0583884753286838,0.6630575656890869,0.6161420345306396,-0.0758212581276893,0.6435608863830566,0.6037681102752686,-0.0832590237259864,0.6907598376274109,0.4975738525390625,-0.0097844945266842,0.7499107122421265,0.5196231007575989,-0.0631757602095604,0.6332520842552185,0.5339897274971008,-0.0704963132739067,0.631439745426178,0.5158839225769043,-0.0635476484894752,0.6738393306732178,0.4045654535293579,-0.0166560821235179,0.7250474095344543,0.4201604425907135,-0.0803586915135383,0.6125826239585876,0.4499520063400268,-0.0591756738722324,0.6054971814155579,0.4358233511447906,-0.030495386570692,0.6524195075035095,0.2995744943618774,-0.0255948081612586,0.6840662360191345,0.3355349898338318,-0.0602103546261787,0.6057862043380737,0.3709638714790344,-0.0353945344686508,0.5928996205329895,0.3601198196411133,-0.0089953523129224,0.18457842069243213,0.10921709440394478
1.0,0.4304810166358948,0.5245412588119507,-3.437995985677844e-07,0.4867650270462036,0.6465904712677002,-0.0399019345641136,0.5778206586837769,0.7574623823165894,-0.0550332479178905,0.6564018130302429,0.7229902744293213,-0.0653836131095886,0.6710489988327026,0.6231308579444885,-0.0667090415954589,0.6538880467414856,0.6513568758964539,-0.014039758592844,0.7028520107269287,0.685070276260376,-0.0480502992868423,0.6282150745391846,0.6875718235969543,-0.0585755296051502,0.6177874803543091,0.6643245816230774,-0.063624806702137,0.6530773639678955,0.5716309547424316,-0.0119829382747411,0.7069223523139954,0.5998321771621704,-0.0532684475183486,0.6134997010231018,0.6166022419929504,-0.0587152875959873,0.6115418672561646,0.5916332006454468,-0.0540581457316875,0.6399466395378113,0.4946623742580414,-0.0166127849370241,0.6888480186462402,0.5197070240974426,-0.0676154643297195,0.5976220369338989,0.5480568408966064,-0.0510702393949031,0.5906633138656616,0.5231127738952637,-0.0292230919003486,0.6188520193099976,0.4069531857967376,-0.0230251960456371,0.6519443392753601,0.4521897733211517,-0.0520097240805625,0.5903815031051636,0.4817471206188202,-0.0326762571930885,0.5770796537399292,0.4578167498111725,-0.0126224001869559,0.16392927134913177,0.10093661314554904
1.0,0.4060440063476562,0.5827775001525879,-4.08199895218786e-07,0.4555704891681671,0.6960728168487549,-0.0342911779880523,0.5418026447296143,0.7993608713150024,-0.0473222248256206,0.6175082921981812,0.7777594327926636,-0.0573621243238449,0.6206924319267273,0.6843993067741394,-0.0585758052766323,0.6195799708366394,0.6882113218307495,-0.009476319886744,0.6695058345794678,0.7286933064460754,-0.0444273799657821,0.5910788774490356,0.7270854711532593,-0.0572949610650539,0.5787573456764221,0.7039042711257935,-0.063695453107357,0.6158196330070496,0.6165833473205566,-0.0096607916057109,0.6683671474456787,0.65716153383255,-0.0549506284296512,0.5744561553001404,0.6675164699554443,-0.0630301758646965,0.5684418678283691,0.6391004323959351,-0.058542676270008,0.6033620834350586,0.5483059287071228,-0.0158849377185106,0.6520602703094482,0.5832604169845581,-0.0653777197003364,0.5631564855575562,0.6060289144515991,-0.0494693778455257,0.5512091517448425,0.5807321667671204,-0.0270617138594388,0.5865035057067871,0.4698491394519806,-0.0239125117659568,0.6207402944564819,0.5204453468322754,-0.0490365251898765,0.5604882836341858,0.5446885824203491,-0.0299509316682815,0.5445063710212708,0.5212980508804321,-0.0099413217976689,0.13987995896001754,0.09342229336438267
1.0,0.3569504022598266,0.5767345428466797,-4.020205608412653e-07,0.4017052352428436,0.6847149133682251,-0.0357022956013679,0.4849109053611755,0.7825686931610107,-0.0502198114991188,0.5531565546989441,0.7411669492721558,-0.0606581233441829,0.5660205483436584,0.6528046727180481,-0.0625578537583351,0.56496262550354,0.6855176687240601,-0.0183335412293672,0.6159822940826416,0.7093532085418701,-0.0548901967704296,0.5382829308509827,0.7124167680740356,-0.0681129768490791,0.5216730237007141,0.7019183039665222,-0.0741914212703704,0.5608000755310059,0.610355019569397,-0.0168584659695625,0.6089029312133789,0.6370388865470886,-0.0585395917296409,0.5178518295288086,0.6511520743370056,-0.0637303367257118,0.511195957660675,0.6330018043518066,-0.0590927824378013,0.5463317036628723,0.5400578379631042,-0.0213794596493244,0.5899410247802734,0.5647766590118408,-0.0688765794038772,0.5036503672599792,0.5890719890594482,-0.0514789000153541,0.49350306391716,0.5731519460678101,-0.0297311451286077,0.5258173942565918,0.462060809135437,-0.0275681819766759,0.554345965385437,0.5059682726860046,-0.0537171587347984,0.4954634010791778,0.5337375402450562,-0.0346988029778003,0.4809954762458801,0.5193153619766235,-0.0149918822571635,0.15352427323735385,0.08931395874085031
1.0,0.270513117313385,0.5851671695709229,-4.113428815344378e-07,0.3141512274742126,0.6818463802337646,-0.03213956579566,0.3965823650360107,0.7736397981643677,-0.0449430309236049,0.4607615172863006,0.7357099652290344,-0.0542799681425094,0.4620982408523559,0.651953399181366,-0.0556325800716877,0.4812626540660858,0.6758416891098022,-0.0158054288476705,0.5294364094734192,0.7017199993133545,-0.049417857080698,0.4543593823909759,0.7043566703796387,-0.0613095425069332,0.4397989511489868,0.687946081161499,-0.0669330954551696,0.4741885662078857,0.6043674349784851,-0.0161043349653482,0.5160672664642334,0.6325744390487671,-0.054774884134531,0.4306772947311401,0.6489213109016418,-0.0601064786314964,0.4279460310935974,0.6260346174240112,-0.0561496540904045,0.4567729234695434,0.5387643575668335,-0.0217232536524534,0.4929487705230713,0.5641070008277893,-0.0666238591074943,0.4119065105915069,0.5929400324821472,-0.051789466291666,0.4048437774181366,0.5746616721153259,-0.0321515798568725,0.4330682754516601,0.4674404859542846,-0.0286849346011877,0.4591726064682007,0.507988691329956,-0.0533362068235874,0.4032984375953674,0.5400328636169434,-0.0353018641471862,0.3905047178268432,0.5264755487442017,-0.016304362565279,0.1386152089145427,0.08377815195515148
1.0,0.203644722700119,0.5764685273170471,-3.302236848412577e-07,0.2522942125797272,0.6656112670898438,-0.0338326692581176,0.3325406610965729,0.7513338923454285,-0.0487172342836856,0.389294296503067,0.7153691053390503,-0.0596705228090286,0.3825790584087372,0.6351495385169983,-0.0631610974669456,0.4209057092666626,0.6445213556289673,-0.016996968537569,0.457516998052597,0.6743645668029785,-0.0482588447630405,0.387317806482315,0.6787311434745789,-0.0607572682201862,0.3754373490810394,0.6619744300842285,-0.0680698603391647,0.4112927317619324,0.5751248598098755,-0.0161782223731279,0.4435401558876037,0.6065905094146729,-0.053110271692276,0.3647401928901672,0.6259165406227112,-0.0597054995596408,0.3609180748462677,0.6043031811714172,-0.0575401410460472,0.3910179734230041,0.5125611424446106,-0.0204784460365772,0.4133602082729339,0.5439386367797852,-0.0629372373223304,0.3399870097637176,0.5756680369377136,-0.0514015890657901,0.3320508599281311,0.5565805435180664,-0.0350879840552806,0.3633566498756408,0.4465591013431549,-0.0265757367014884,0.3784872591495514,0.4935000538825989,-0.0506780110299587,0.3270903527736664,0.5277723670005798,-0.0365097858011722,0.3157293796539306,0.5141234993934631,-0.0208543185144662,0.1273234874787704,0.08057578690415439
1.0,0.1567239910364151,0.5263855457305908,-2.3467886478556466e-07,0.2118408381938934,0.6052235960960388,-0.0394396595656871,0.3076498508453369,0.68229079246521,-0.0559160448610782,0.3585723042488098,0.6404640674591064,-0.0669499114155769,0.3223443031311035,0.5603107213973999,-0.0696314349770546,0.3904950022697449,0.5567336082458496,-0.0174678843468427,0.4127310812473297,0.5943837761878967,-0.0474333874881267,0.3434072732925415,0.6060069799423218,-0.0604661107063293,0.3340931236743927,0.5863968133926392,-0.0692499056458473,0.3810226321220398,0.4817769229412079,-0.0147314490750432,0.39840167760849,0.5223504304885864,-0.0492606647312641,0.3235335946083069,0.5508362650871277,-0.0551895685493946,0.3222258687019348,0.5295494198799133,-0.0524742640554904,0.3544728755950928,0.4200873672962188,-0.0179830901324749,0.3525109589099884,0.4639730155467987,-0.0547878183424472,0.2893536686897278,0.5043545365333557,-0.0465513914823532,0.2899379730224609,0.4856733381748199,-0.0341274738311767,0.3210133910179138,0.3640535175800323,-0.0243792328983545,0.3158266842365265,0.4174536466598511,-0.0426726602017879,0.2732127606868744,0.4564518332481384,-0.0321391522884368,0.2699933052062988,0.4440682232379913,-0.0208590701222419,0.12362514546693196,0.08800123589179289
1.0,0.0838703662157058,0.63805091381073,1.1313018077885316e-08,0.2005049139261245,0.6660996079444885,-0.0595481805503368,0.2833676934242248,0.6921647787094116,-0.1162277087569236,0.3059755265712738,0.7305048704147339,-0.1679713726043701,0.2406306862831115,0.7469696998596191,-0.216318741440773,0.2751100063323974,0.4140455424785614,-0.1258399486541748,0.3015619814395904,0.6243746280670166,-0.1920439749956131,0.2686776518821716,0.6764872074127197,-0.2214107513427734,0.2514964640140533,0.6350454688072205,-0.2415536344051361,0.1889170706272125,0.4132035970687866,-0.1339431554079055,0.2318360805511474,0.6560090184211731,-0.1917481124401092,0.2034662067890167,0.691679835319519,-0.1963599771261215,0.1936872601509094,0.6335091590881348,-0.2023266404867172,0.1070356890559196,0.4548272490501404,-0.1462436467409134,0.1498932987451553,0.6773057579994202,-0.1960843950510025,0.1404657065868377,0.6975014805793762,-0.1850150525569915,0.1376252472400665,0.6393938660621643,-0.177419513463974,0.0359293222427368,0.5152217149734497,-0.1655725836753845,0.0694402456283569,0.6868542432785034,-0.203954666852951,0.0839233845472335,0.7037519812583923,-0.2064221799373626,0.0912764370441436,0.6657902598381042,-0.2066927403211593,0.12185337904785179,0.08293676406960779
1.0,0.2315409034490585,0.6861348748207092,1.1038070013569268e-08,0.3490079045295715,0.709883451461792,-0.0397655144333839,0.436354786157608,0.7551652193069458,-0.0877407565712928,0.4785448014736175,0.812943696975708,-0.1346280574798584,0.455897182226181,0.8431925177574158,-0.1788141876459121,0.4604750573635101,0.496036171913147,-0.1023413687944412,0.4926466047763824,0.7375030517578125,-0.1617562621831894,0.45486581325531,0.7704086303710938,-0.1930092275142669,0.434290200471878,0.7132807970046997,-0.2165936827659607,0.3727521300315857,0.4953416585922241,-0.1189968287944793,0.4177221655845642,0.769149899482727,-0.1681950241327285,0.3860722482204437,0.7772729396820068,-0.1724890321493148,0.3728447258472442,0.7090703845024109,-0.1815098971128463,0.2860133945941925,0.538499116897583,-0.1385522484779358,0.3337963223457336,0.7890682220458984,-0.1810107231140136,0.312765508890152,0.7891870737075806,-0.1653676927089691,0.2995672821998596,0.7267471551895142,-0.1563845127820968,0.2073612958192825,0.5983131527900696,-0.1640597432851791,0.2562550604343414,0.7969926595687866,-0.1994953900575637,0.2591466307640075,0.8026188015937805,-0.1979242116212844,0.2512398362159729,0.7582672834396362,-0.1952776312828064,0.1281603697103458,0.05814051870522117
1.0,0.3612410724163055,0.6559993028640747,1.8036708127056045e-07,0.4907942712306976,0.7247182726860046,-0.0471095666289329,0.5888108015060425,0.7977584004402161,-0.1028272658586502,0.6211035847663879,0.8788228631019592,-0.1560974419116974,0.567633867263794,0.9044262170791626,-0.2070549428462982,0.6169079542160034,0.5257959961891174,-0.1242207288742065,0.6229469776153564,0.7827047109603882,-0.1886138617992401,0.5781336426734924,0.8151794075965881,-0.2194364517927169,0.5637660622596741,0.756771981716156,-0.2416868209838867,0.5219517350196838,0.5106452703475952,-0.1409440040588379,0.5370747447013855,0.8153253197669983,-0.1950628757476806,0.5018863677978516,0.8124003410339355,-0.197584256529808,0.4971550107002258,0.7368172407150269,-0.2047266215085983,0.4256998300552368,0.5401761531829834,-0.1603255867958068,0.4488619267940521,0.8200887441635132,-0.2046653032302856,0.4255000948905945,0.8060818910598755,-0.1857132613658905,0.4203869104385376,0.733696699142456,-0.1742091178894043,0.3401175737380981,0.585399329662323,-0.1863755285739898,0.3688167929649353,0.8128571510314941,-0.2201716601848602,0.3667056560516357,0.8113111853599548,-0.2142422199249267,0.3607836663722992,0.7583221197128296,-0.2090482264757156,0.15063165105867335,0.07817422418028223
1.0,0.4082413911819458,0.6741086840629578,3.063423434923607e-07,0.5480470061302185,0.7413479685783386,-0.0845881700515747,0.6377435326576233,0.7952687740325928,-0.1705459505319595,0.6780868172645569,0.8549501895904541,-0.2484035044908523,0.6693798303604126,0.8718456029891968,-0.3196463584899902,0.7057069540023804,0.5065649747848511,-0.1807335317134857,0.7120471000671387,0.7860082387924194,-0.27467080950737,0.6575213670730591,0.8385905027389526,-0.313361793756485,0.6328837871551514,0.7888623476028442,-0.3376041054725647,0.6010276079177856,0.478192389011383,-0.1859121173620224,0.613945722579956,0.8003442883491516,-0.2765480875968933,0.5605676770210266,0.8216251134872437,-0.282886803150177,0.5568066835403442,0.7445746064186096,-0.2880443334579468,0.4962790012359619,0.5027234554290771,-0.1970195025205612,0.511566162109375,0.798577070236206,-0.2696730196475982,0.4812295436859131,0.7983298301696777,-0.2482606917619705,0.4800326228141784,0.718041181564331,-0.2325196117162704,0.402727723121643,0.543830394744873,-0.2174232006072998,0.4245615005493164,0.7801370620727539,-0.2718722522258758,0.4210750460624695,0.7865808010101318,-0.2716175317764282,0.4232737421989441,0.7223547101020813,-0.2683533430099487,0.17057490354281216,0.07373473306933327
1.0,0.3784133195877075,0.6654937267303467,1.2440554542081372e-07,0.5215615034103394,0.7064305543899536,-0.0599140599370002,0.6245405077934265,0.7401814460754395,-0.1188637912273407,0.6487307548522949,0.8034654259681702,-0.1754777580499649,0.5993475914001465,0.8412524461746216,-0.2264314442873001,0.6769710779190063,0.4174001216888428,-0.097627468407154,0.7048121094703674,0.683882474899292,-0.1680609583854675,0.6543708443641663,0.7265289425849915,-0.2077544182538986,0.6401695609092712,0.6678426861763,-0.2383525222539901,0.5775383710861206,0.3968731164932251,-0.1100250259041786,0.6099146008491516,0.7219444513320923,-0.171921044588089,0.5589107871055603,0.7350996136665344,-0.1833716928958892,0.5572237968444824,0.6515977382659912,-0.1961496919393539,0.4737043380737304,0.4336149096488952,-0.1299435347318649,0.5052319169044495,0.7407132387161255,-0.1803764849901199,0.4708359241485595,0.7317909002304077,-0.171534851193428,0.4682179093360901,0.6418733596801758,-0.1669765263795852,0.3776801228523254,0.4926083981990814,-0.1584606915712356,0.4116360545158386,0.7383068203926086,-0.1985788643360138,0.4035012423992157,0.7314445972442627,-0.2044471353292465,0.3993676900863647,0.656528115272522,-0.2077564448118209,0.14973586772138286,0.08039175249860635
1.0,0.1983555257320404,0.6106897592544556,1.7991921197335617e-07,0.3067497611045837,0.6551138162612915,-0.08805463463068,0.3857885599136352,0.6770579218864441,-0.1554452031850814,0.3710057735443115,0.7102503180503845,-0.2095074355602264,0.2882945537567138,0.7355036735534668,-0.2582140862941742,0.408468097448349,0.3703988790512085,-0.1608977168798446,0.3718845844268799,0.6011231541633606,-0.2435154318809509,0.3513535261154175,0.6492687463760376,-0.2881758213043213,0.3571305572986603,0.5967485308647156,-0.3188151121139526,0.303714394569397,0.340112030506134,-0.1559659838676452,0.286681592464447,0.6173892021179199,-0.2170318216085434,0.2784933149814605,0.6502559185028076,-0.2225294262170791,0.2871202528476715,0.5594882965087891,-0.2302137464284896,0.2038625627756118,0.3630366027355194,-0.1574784219264984,0.1999779045581817,0.6220893263816833,-0.2062086313962936,0.2074974477291107,0.6423417925834656,-0.1818595975637436,0.2192569375038147,0.560183048248291,-0.1659320294857025,0.114389881491661,0.4066588580608368,-0.1702035218477249,0.1144880801439285,0.603818416595459,-0.2110649794340133,0.1340315192937851,0.6337471008300781,-0.2058473825454712,0.1510427892208099,0.588726282119751,-0.1982755661010742,0.15323978093151755,0.0992532904675514
1.0,0.1990077495574951,0.5936993956565857,2.437037380786933e-07,0.3032977879047394,0.638099193572998,-0.0841114819049835,0.3758720159530639,0.6771543025970459,-0.1539429873228073,0.3565435409545898,0.7292232513427734,-0.2121603041887283,0.2751052677631378,0.7551057934761047,-0.2663385570049286,0.3959780931472778,0.3794894218444824,-0.1619182676076889,0.3568533658981323,0.6121175289154053,-0.2414143085479736,0.3430888950824737,0.654005229473114,-0.2830252051353454,0.3521608412265777,0.6027700901031494,-0.3123649954795837,0.2905530333518982,0.3513661921024322,-0.1595051288604736,0.27267786860466,0.6284979581832886,-0.2176477015018463,0.2674345672130584,0.6584270000457764,-0.2209886312484741,0.2768797278404236,0.5671796202659607,-0.2289173007011413,0.1903421431779861,0.3767282366752624,-0.1627609729766845,0.1840279400348663,0.6312471032142639,-0.2101909220218658,0.1934706717729568,0.650531530380249,-0.1841114312410354,0.2059353291988372,0.5683230757713318,-0.1684127449989318,0.1004295349121093,0.4221930205821991,-0.1767363548278808,0.0971341729164123,0.6163111329078674,-0.2181481719017028,0.1175020635128021,0.6425302028656006,-0.21271912753582,0.1349652409553527,0.596636176109314,-0.2062062323093414,0.16989154350705202,0.10117994567059892
1.0,0.3513546586036682,0.7541168928146362,-4.215870603729855e-07,0.3998000025749206,0.6240189671516418,0.0083169946447014,0.4720824062824249,0.5477110743522644,-0.0007318809512071,0.53766930103302,0.5348207950592041,-0.0111555773764848,0.5791156888008118,0.571735680103302,-0.0180488973855972,0.4955850541591644,0.535591721534729,-0.0362214110791683,0.5983874201774597,0.5459098219871521,-0.0481094270944595,0.5728609561920166,0.5704692602157593,-0.0446735359728336,0.5358316898345947,0.5740993022918701,-0.0396423116326332,0.5079664587974548,0.6246880888938904,-0.0494762547314167,0.6027318239212036,0.6215513348579407,-0.0502513647079467,0.5751219391822815,0.6351795792579651,-0.0377364754676818,0.5373729467391968,0.6415451765060425,-0.0312545038759708,0.517675518989563,0.7135683298110962,-0.0592294633388519,0.5958436727523804,0.6946094632148743,-0.0537245385348796,0.5689617395401001,0.7056188583374023,-0.0313786305487155,0.5344154834747314,0.7149987816810608,-0.0198723338544368,0.5215045809745789,0.7938382625579834,-0.0681360140442848,0.5839065909385681,0.7558547258377075,-0.0550874210894107,0.5589396357536316,0.7622461318969727,-0.029412891715765,0.5306517481803894,0.7770149111747742,-0.0129696717485785,0.11105487070067004,0.05592879095390092
1.0,0.4104697704315185,0.7192516326904297,-3.484491628569231e-07,0.4487521648406982,0.591988742351532,0.0143028805032372,0.5054847598075867,0.5232547521591187,0.0104462560266256,0.5621100664138794,0.5114516615867615,0.0044672829098999,0.597461998462677,0.5465950965881348,0.001045687473379,0.5371063947677612,0.4983618855476379,-0.0175074748694896,0.6207490563392639,0.5084279775619507,-0.0206666719168424,0.6021760106086731,0.5376811623573303,-0.0161421988159418,0.5710471868515015,0.5407410860061646,-0.0121150892227888,0.5581000447273254,0.5759075880050659,-0.030218131840229,0.6280357241630554,0.5773739814758301,-0.0213315729051828,0.6085323095321655,0.6002092361450195,-0.0103457942605018,0.5782253742218018,0.6068431735038757,-0.0065862713381648,0.5738691687583923,0.6575349569320679,-0.039300050586462,0.6249026656150818,0.6464049220085144,-0.026565222069621,0.6052887439727783,0.665642499923706,-0.0093634659424424,0.5774415135383606,0.6744696497917175,-0.0031035321298986,0.580431342124939,0.7331255674362183,-0.047229278832674,0.6158852577209473,0.7075574398040771,-0.0318870954215526,0.5944119095802307,0.7207212448120117,-0.0108498716726899,0.5728328227996826,0.7336774468421936,0.0022462995257228,0.0953569860985803,0.04996526231903294
1.0,0.5502594709396362,0.5061742067337036,-2.7930590817959455e-07,0.5843381285667419,0.3945052921772003,0.0074283755384385,0.6399339437484741,0.3299190402030945,-0.0044140652753412,0.7023470997810364,0.3232773840427398,-0.0185516607016325,0.7432295680046082,0.3620266318321228,-0.029173145070672,0.6664023399353027,0.2807282507419586,-0.0249405913054943,0.7600279450416565,0.3004965782165527,-0.0398126430809497,0.7412598729133606,0.3332381844520569,-0.0444245971739292,0.7090795636177063,0.3329258859157562,-0.0465705394744873,0.6813223958015442,0.3471269607543945,-0.0399750135838985,0.7652222514152527,0.370456337928772,-0.0427720099687576,0.7446741461753845,0.3996350467205047,-0.0367845892906188,0.7144163250923157,0.4001215100288391,-0.0359709598124027,0.6954015493392944,0.4224912822246551,-0.053100612014532,0.7623881697654724,0.4420895576477051,-0.0500498265027999,0.7395639419555664,0.4649077355861664,-0.0330688916146755,0.7099475860595703,0.4642879664897918,-0.0259773936122655,0.7046703696250916,0.4979044198989868,-0.0661962553858757,0.757391095161438,0.5037214159965515,-0.0563447326421737,0.7310041785240173,0.5198624134063721,-0.0361546911299228,0.7041438817977905,0.5217915773391724,-0.0239586792886257,0.11096799296640646,0.05732099390708529
1.0,0.3980199098587036,0.5807299613952637,-4.12498707191844e-07,0.486469030380249,0.6308513283729553,-0.0352989099919796,0.5700384378433228,0.6409101486206055,-0.0628343597054481,0.597285270690918,0.6129470467567444,-0.0879901722073555,0.5623506307601929,0.5813491344451904,-0.107836328446865,0.6216738820075989,0.4069271981716156,-0.0299252122640609,0.6371064186096191,0.5244274735450745,-0.072461150586605,0.5863955020904541,0.5662001967430115,-0.1033009365200996,0.5678320527076721,0.5430684685707092,-0.1256995499134063,0.5762925744056702,0.3576816916465759,-0.0360420867800712,0.5903065204620361,0.4992784857749939,-0.0721167773008346,0.5414617657661438,0.5459352731704712,-0.0854984149336814,0.5274264812469482,0.5216931104660034,-0.0943968072533607,0.5203227400779724,0.3435627520084381,-0.047873817384243,0.5311030149459839,0.4878467917442322,-0.0786844715476036,0.4946285188198089,0.5289925336837769,-0.0774910375475883,0.4836864173412323,0.4996277093887329,-0.0763647258281707,0.4637923240661621,0.3539285957813263,-0.0645211264491081,0.47437185049057,0.4727505147457123,-0.0816064849495887,0.4513400793075561,0.5073570013046265,-0.0797175019979476,0.4412004351615906,0.4803503751754761,-0.0777812376618385,0.0750452795181341,0.05111484174895866
1.0,0.2779613435268402,0.64637291431427,-2.3530533610482962e-07,0.3205305933952331,0.7293274998664856,-0.0486294515430927,0.3721112906932831,0.7887622117996216,-0.0830583795905113,0.3728064298629761,0.76482754945755,-0.1109262406826019,0.34768146276474,0.7108877301216125,-0.133722722530365,0.5264785289764404,0.6300644278526306,-0.0576273947954177,0.4358309507369995,0.6965129375457764,-0.1073851510882377,0.3998385667800903,0.7135593891143799,-0.1406885236501693,0.4177093207836151,0.6918856501579285,-0.163535013794899,0.4978368878364563,0.5420046448707581,-0.0575530156493186,0.3948679566383362,0.6265817284584045,-0.0980240106582641,0.3593764901161194,0.6587823629379272,-0.1130050420761108,0.3801628053188324,0.6337510943412781,-0.123982697725296,0.4481171369552612,0.47930508852005,-0.0630658194422721,0.351999431848526,0.5615947246551514,-0.0992183089256286,0.3194529116153717,0.6059485673904419,-0.0950648188591003,0.3374201953411102,0.588929295539856,-0.0916118845343589,0.3902166485786438,0.4351788163185119,-0.0744279250502586,0.3152951598167419,0.5041700601577759,-0.0987946465611457,0.2901098728179931,0.5507981181144714,-0.0962903276085853,0.3059042692184448,0.5497269630432129,-0.0918489322066307,0.09606314087496771,0.06372164205602689
1.0,0.7585211992263794,0.7016140818595886,-3.233141967484699e-07,0.7435426712036133,0.5846100449562073,-0.0014743657084181,0.6747287511825562,0.4886493682861328,-0.0192960873246192,0.5890336036682129,0.4647460579872131,-0.0346250124275684,0.5344620943069458,0.4924440383911133,-0.0497300066053867,0.6865682601928711,0.472324788570404,-0.069268062710762,0.5594282150268555,0.4708700180053711,-0.094846561551094,0.5795313715934753,0.4991118907928467,-0.0992577075958252,0.610528826713562,0.5049009919166565,-0.0993360206484794,0.6721406579017639,0.5564623475074768,-0.0814695507287979,0.543861448764801,0.5420913696289062,-0.1028264909982681,0.570354163646698,0.5670278072357178,-0.0926339924335479,0.6072793006896973,0.5798906683921814,-0.0864467620849609,0.6514938473701477,0.6344582438468933,-0.0901998057961463,0.5375372171401978,0.612532913684845,-0.10587178170681,0.569212019443512,0.633267879486084,-0.0817933306097984,0.606749415397644,0.6427993774414062,-0.0663344785571098,0.6299625635147095,0.7077021598815918,-0.0979373306035995,0.5473788380622864,0.6734338998794556,-0.1086666285991668,0.5748202800750732,0.6897942423820496,-0.0903430432081222,0.6044167280197144,0.7017474174499512,-0.0768220201134681,0.1435804930868191,0.06303482054811949
1.0,0.7691277861595154,0.6503757238388062,-5.809264962408633e-07,0.7301279306411743,0.5526304841041565,0.0003256228519603,0.6479332447052002,0.4823918342590332,-0.0164702851325273,0.5628752112388611,0.4763381779193878,-0.0336006917059421,0.5243736505508423,0.5195620656013489,-0.0485971979796886,0.6549944281578064,0.373572289943695,-0.0503591410815715,0.5310097932815552,0.449127733707428,-0.0750290304422378,0.5508953332901001,0.5028851628303528,-0.0776739716529846,0.5844488143920898,0.5018258690834045,-0.0785803496837616,0.6657976508140564,0.4180579483509063,-0.0658336877822876,0.5316118001937866,0.5199703574180603,-0.0893259644508361,0.5612227916717529,0.560907781124115,-0.0799394324421882,0.5956001877784729,0.5516967177391052,-0.0754894837737083,0.6699116230010986,0.4894804358482361,-0.0798947736620903,0.5411537885665894,0.5865157246589661,-0.098900981247425,0.5737777948379517,0.6192763447761536,-0.0823912024497985,0.6103021502494812,0.6072579622268677,-0.0742773562669754,0.6703711152076721,0.5717745423316956,-0.0939419195055961,0.5651671290397644,0.645496129989624,-0.1147885769605636,0.5726708769798279,0.678499162197113,-0.1119295954704284,0.5888596177101135,0.6813995242118835,-0.1092038303613662,0.1329689359764904,0.059796068785284685
1.0,0.7409287691116333,0.6114436984062195,-4.194386349354318e-07,0.6315305829048157,0.5960441827774048,-0.024987930431962,0.5615094900131226,0.559522807598114,-0.054989818483591,0.5165682435035706,0.534148633480072,-0.0831432789564132,0.5408650040626526,0.5284643769264221,-0.1046114191412925,0.6070455312728882,0.3364242315292358,-0.0346584469079971,0.5172227025032043,0.4351992309093475,-0.0704704374074935,0.5482919812202454,0.4849664270877838,-0.0899994969367981,0.5775536298751831,0.4697780907154083,-0.1021926626563072,0.6428030133247375,0.3498604893684387,-0.0416638627648353,0.5425316095352173,0.4859340190887451,-0.0724527090787887,0.5756643414497375,0.522351086139679,-0.0737810358405113,0.6016696095466614,0.4977441728115082,-0.0732335299253463,0.6705877184867859,0.3964295387268066,-0.0531776286661624,0.5768371224403381,0.5265146493911743,-0.0758421719074249,0.6049461960792542,0.5593924522399902,-0.064494252204895,0.6298410296440125,0.5359236001968384,-0.0563304424285888,0.6893552541732788,0.4614849388599396,-0.0688193216919899,0.6191578507423401,0.5716690421104431,-0.0830428898334503,0.6411230564117432,0.5941716432571411,-0.0801418274641037,0.664531409740448,0.5722628831863403,-0.0756824314594268,0.06207353838617423,0.032916931649695204
1.0,0.6791614890098572,0.6355540752410889,-6.930079052835936e-07,0.5920810103416443,0.6665151119232178,-0.0504966937005519,0.4995443224906921,0.6410427093505859,-0.0777274295687675,0.4912236630916595,0.5778013467788696,-0.0995170846581459,0.5636203289031982,0.549983561038971,-0.1126849800348281,0.4679358601570129,0.3978605270385742,-0.0301912240684032,0.4599560797214508,0.4609372913837433,-0.0703651085495948,0.4991630911827087,0.5406565070152283,-0.0937973633408546,0.5192992091178894,0.5406927466392517,-0.1084455028176307,0.5252139568328857,0.3530220091342926,-0.0264490097761154,0.5278128981590271,0.4630294740200043,-0.0634769424796104,0.5584046840667725,0.5428854823112488,-0.0676416978240013,0.5692694187164307,0.5398336052894592,-0.0626993253827095,0.5881025195121765,0.3490540385246277,-0.0322753004729747,0.5998084545135498,0.4828185439109802,-0.0654193386435508,0.6163522005081177,0.5511967539787292,-0.058331836014986,0.6198413372039795,0.5399928092956543,-0.0462701953947544,0.6493386030197144,0.3655300438404083,-0.0454386621713638,0.6532412767410278,0.4926592111587524,-0.06458031386137,0.6664467453956604,0.5454380512237549,-0.0628093779087066,0.6747463345527649,0.534140408039093,-0.0556240119040012,0.11670275670951136,0.07866701909154676
1.0,0.6054006218910217,0.6273348927497864,-6.82601751123002e-07,0.521300733089447,0.6735978126525879,-0.0660836100578308,0.4374575316905975,0.651129961013794,-0.1042763516306877,0.4596644043922424,0.5814650058746338,-0.131804808974266,0.5288419723510742,0.5305935144424438,-0.1480440199375152,0.3875545859336853,0.4028980135917663,-0.0604390054941177,0.4256478548049927,0.4748143255710602,-0.1118232384324073,0.4647887051105499,0.553040087223053,-0.1406431049108505,0.4697750210762024,0.5492419004440308,-0.1600224673748016,0.4525960981845855,0.3389698266983032,-0.0517387576401233,0.4977855384349823,0.4529351890087127,-0.100571684539318,0.5154727697372437,0.5390331149101257,-0.1077044606208801,0.5071872472763062,0.5240947008132935,-0.1071193814277648,0.5201346278190613,0.321949690580368,-0.0532427988946437,0.5718569159507751,0.4500962793827057,-0.0926465839147567,0.570669412612915,0.5296489596366882,-0.08163583278656,0.5510302186012268,0.5126916170120239,-0.0702051147818565,0.5878976583480835,0.3292250037193298,-0.0638566389679908,0.6249766945838928,0.4440857470035553,-0.092995561659336,0.6198433041572571,0.5153245329856873,-0.0945404022932052,0.5989271998405457,0.5121070742607117,-0.0905750170350074,0.157466694052719,0.0873908263031257
1.0,0.6084692478179932,0.5851096510887146,-5.142304075889115e-07,0.5196651220321655,0.6469570994377136,-0.0928177535533905,0.464618444442749,0.6234326362609863,-0.1505675911903381,0.5147431492805481,0.5758823752403259,-0.189416617155075,0.5835404992103577,0.5356260538101196,-0.2162442952394485,0.4233118295669555,0.3488440811634063,-0.1205628737807273,0.5059086680412292,0.4565950632095337,-0.1720832139253616,0.5242606997489929,0.5430217981338501,-0.1966300755739212,0.5104196071624756,0.5287718176841736,-0.2185038477182388,0.4886553287506103,0.3056040704250335,-0.1026795506477356,0.5686980485916138,0.4316501021385193,-0.1646389663219452,0.567783772945404,0.524445116519928,-0.1793151944875717,0.5470425486564636,0.5044227838516235,-0.1874170452356338,0.5514171719551086,0.3050563931465149,-0.0912452042102813,0.6315646171569824,0.4382617771625519,-0.139724388718605,0.6182444095611572,0.5225536823272705,-0.1276872903108596,0.5909414291381836,0.5056307911872864,-0.1184234470129013,0.6083974838256836,0.3273833394050598,-0.0898572951555252,0.6659325361251831,0.4371766149997711,-0.1272545307874679,0.6593042612075806,0.509811282157898,-0.1276886612176895,0.6389117240905762,0.5030837655067444,-0.1245057731866836,0.16175871069777167,0.08410333574749299
1.0,0.6677340865135193,0.5587465167045593,-4.5799131953572214e-07,0.5839481949806213,0.5831043720245361,-0.0737307071685791,0.5203091502189636,0.5684114694595337,-0.1239619255065918,0.5514048933982849,0.5630980730056763,-0.1615543812513351,0.6315719485282898,0.5546489357948303,-0.1898832470178604,0.5080347061157227,0.3049978613853454,-0.0892452225089073,0.5578797459602356,0.4462303519248962,-0.1437098532915115,0.5589271783828735,0.5154789090156555,-0.1753416508436203,0.5441861152648926,0.4871062338352203,-0.197936475276947,0.582567036151886,0.2798225283622741,-0.0800080895423889,0.6303773522377014,0.4425616562366485,-0.1332150995731353,0.6182245016098022,0.5133181214332581,-0.1424299329519271,0.6001377701759338,0.4789944589138031,-0.1448914110660553,0.6523064374923706,0.2944391965866089,-0.0790575817227363,0.6947745084762573,0.456424355506897,-0.1251740753650665,0.6704383492469788,0.5169041752815247,-0.114885464310646,0.6466559171676636,0.488781064748764,-0.1025079190731048,0.7117624878883362,0.3266012966632843,-0.0869717672467231,0.7371650338172913,0.4517854750156402,-0.1202760338783264,0.7138522267341614,0.5124344229698181,-0.1195874959230423,0.6925386786460876,0.5077621340751648,-0.1129840165376663,0.13005551987626643,0.08544395404850337
1.0,0.7103506326675415,0.5249205231666565,-5.714958319913421e-07,0.627620279788971,0.5240552425384521,-0.0545254088938236,0.5610308647155762,0.5046058297157288,-0.096346341073513,0.56928950548172,0.5175288319587708,-0.1312799602746963,0.6230984330177307,0.5321681499481201,-0.1596303880214691,0.564974308013916,0.2450332343578338,-0.0622550509870052,0.5788523554801941,0.338249534368515,-0.1166472434997558,0.5880511403083801,0.4258087873458862,-0.1510263383388519,0.5867039561271667,0.4344281554222107,-0.172056958079338,0.6404014825820923,0.2327854335308075,-0.0629821047186851,0.6501024961471558,0.3595400750637054,-0.1120943129062652,0.641981840133667,0.4486066997051239,-0.1266069859266281,0.6336199641227722,0.4443211853504181,-0.1312200725078582,0.7092104554176331,0.2579681575298309,-0.0709422752261161,0.7185555696487427,0.3877107799053192,-0.1144625023007392,0.6962831616401672,0.4716651737689972,-0.1086188107728958,0.6787301898002625,0.4689845740795135,-0.0984482392668724,0.7674806714057922,0.3003783226013183,-0.0855181589722633,0.7704839110374451,0.4147657752037048,-0.1133710518479347,0.7468502521514893,0.4886152744293213,-0.1077841520309448,0.7282217741012573,0.4966161251068115,-0.0973537936806678,0.09282744814787607,0.06255762996784588
1.0,0.772162139415741,0.4904992878437042,-4.416428112108406e-07,0.6539153456687927,0.4839622974395752,-0.0221728459000587,0.5664957761764526,0.4747703373432159,-0.0584935136139392,0.5026435852050781,0.4888190031051636,-0.0934154987335205,0.517770528793335,0.4814164936542511,-0.1206699237227439,0.568123996257782,0.2269262373447418,-0.0487793274223804,0.4832607209682464,0.3868938684463501,-0.0870612636208534,0.5249943733215332,0.4293783605098724,-0.1052899286150932,0.5571195483207703,0.3975720107555389,-0.1169917061924934,0.6148627996444702,0.2466086447238922,-0.0629735067486763,0.5205687880516052,0.4486189782619476,-0.0942465513944625,0.5619181394577026,0.4649456143379211,-0.095342680811882,0.5851026773452759,0.4228105843067169,-0.0972389876842498,0.6601985096931458,0.3011289834976196,-0.0799830257892608,0.5722712874412537,0.4952114224433899,-0.0992995053529739,0.6063815951347351,0.5072428584098816,-0.0823501348495483,0.6270797848701477,0.4644168615341186,-0.0739423781633377,0.7001957893371582,0.3786690533161163,-0.1011288166046142,0.6278582215309143,0.5329625606536865,-0.1114252358675003,0.6518927216529846,0.5368643999099731,-0.1017656549811363,0.6731690168380737,0.4965529143810272,-0.0940803363919258,0.07927311713484592,0.032037872120138665
1.0,0.7761984467506409,0.5200479030609131,-5.308615982357878e-07,0.7027547359466553,0.4487413465976715,-0.0066745728254318,0.6083624362945557,0.4115839600563049,-0.0305053070187568,0.5309023857116699,0.4433124661445617,-0.0544893480837345,0.5104050636291504,0.492542952299118,-0.0752896666526794,0.5802035331726074,0.2623692154884338,-0.0483332574367523,0.4770118594169616,0.4186156094074249,-0.0803742632269859,0.5198760628700256,0.4564050436019897,-0.0936920419335365,0.5566571950912476,0.430644690990448,-0.1031814292073249,0.6047969460487366,0.2946985363960266,-0.0651212334632873,0.4976953268051147,0.4867627322673797,-0.0929563269019126,0.5461457967758179,0.5081765055656433,-0.091957688331604,0.577547550201416,0.47672238945961,-0.0941018387675285,0.6323308944702148,0.3580151200294494,-0.0816462934017181,0.5270985960960388,0.5363523960113525,-0.1030687391757965,0.5733330845832825,0.5503115653991699,-0.087614856660366,0.6048054695129395,0.5134758353233337,-0.0808534696698188,0.6590099334716797,0.4407700002193451,-0.0993711873888969,0.5702663064002991,0.5769977569580078,-0.12149478495121,0.6054640412330627,0.5854887962341309,-0.1153086051344871,0.6371028423309326,0.5530775189399719,-0.1092927008867263,0.13474288163870282,0.05724014528404076
1.0,0.4634341597557068,0.5785067081451416,-4.4653842223851836e-07,0.3627140820026397,0.6395171880722046,-0.0299776922911405,0.288336306810379,0.664610743522644,-0.0651553347706794,0.2400180548429489,0.677786111831665,-0.0968179628252983,0.2643529772758484,0.6547344923019409,-0.1204849928617477,0.2327977865934372,0.4329180121421814,-0.0492487214505672,0.2055679261684417,0.5837351083755493,-0.0863671600818634,0.2540309131145477,0.6099676489830017,-0.1036646217107772,0.2705927193164825,0.5739966630935669,-0.1152834221720695,0.2760257422924042,0.4117011427879333,-0.0575669184327125,0.2504205405712127,0.5977690815925598,-0.092131070792675,0.2913004755973816,0.6122996807098389,-0.0920884534716606,0.3008481562137604,0.569599449634552,-0.0909229516983032,0.3256262242794037,0.4262852072715759,-0.0702295079827308,0.3001439571380615,0.5997768640518188,-0.0968455299735069,0.3322308361530304,0.6121929883956909,-0.0817176848649978,0.3415864408016205,0.5714433193206787,-0.0710847973823547,0.3744538128376007,0.4635959267616272,-0.0874497219920158,0.3556739687919616,0.6004713773727417,-0.1060402393341064,0.3775287866592407,0.6096450090408325,-0.1014123484492302,0.387628436088562,0.5758035182952881,-0.0951579883694648,0.0611073767904567,0.041032839573987456
1.0,0.4596083164215088,0.5851765871047974,-4.10536017625418e-07,0.3564212322235107,0.6332640051841736,-0.0353339724242687,0.2780462503433227,0.6527960300445557,-0.0707377642393112,0.2365190982818603,0.6634016036987305,-0.1008703261613845,0.2745676636695862,0.6450788378715515,-0.1230885535478591,0.237974464893341,0.4119949340820312,-0.0553728565573692,0.2129535526037216,0.5678516030311584,-0.0926396176218986,0.2570931911468506,0.597133457660675,-0.1112203523516655,0.2715193927288055,0.5617247819900513,-0.1241922080516815,0.2898415029048919,0.394797533750534,-0.0607443861663341,0.2637180685997009,0.5866918563842773,-0.0930775478482246,0.2995725870132446,0.6037492752075195,-0.0930964946746826,0.3073381185531616,0.5614973306655884,-0.092725746333599,0.3456352651119232,0.4155060946941376,-0.070826269686222,0.318469762802124,0.5945695042610168,-0.0963112488389015,0.3431842029094696,0.6092947721481323,-0.0825794413685798,0.3524177670478821,0.5687834024429321,-0.0726430788636207,0.3986586928367615,0.459932267665863,-0.0858098194003105,0.3746986389160156,0.6017540693283081,-0.1044966802000999,0.3913266658782959,0.6103963255882263,-0.100647896528244,0.4009230434894562,0.5754114389419556,-0.0947066843509674,0.053030752978905984,0.047718620095501284
1.0,0.4521185755729675,0.5987222790718079,-3.267930992478796e-07,0.3488450050354004,0.6432198882102966,-0.0487851537764072,0.2716060280799866,0.6604718565940857,-0.087562009692192,0.2428393363952636,0.6683340668678284,-0.1180523186922073,0.2964279949665069,0.6534595489501953,-0.1409052163362503,0.2392520457506179,0.4207396209239959,-0.0680689737200737,0.2275844663381576,0.5836473703384399,-0.1079856529831886,0.2665236890316009,0.6098449230194092,-0.1288036853075027,0.2768752872943878,0.5708239078521729,-0.1430035531520843,0.298526406288147,0.4027304053306579,-0.0656196996569633,0.2836078405380249,0.596984326839447,-0.0981287285685539,0.3117618560791015,0.6159360408782959,-0.0990098640322685,0.3142273128032684,0.5710691213607788,-0.0995471999049186,0.3601852655410766,0.4232254326343536,-0.0687539801001548,0.3427734971046448,0.6038559675216675,-0.0946986302733421,0.3564792275428772,0.6218692660331726,-0.0807474702596664,0.3619577884674072,0.5833101272583008,-0.0698563680052757,0.4162434041500091,0.4667397141456604,-0.0781520456075668,0.3965627551078796,0.6045771241188049,-0.0964084863662719,0.4020721316337585,0.6129056811332703,-0.0926262587308883,0.4062109887599945,0.5780787467956543,-0.0866227075457573,0.05925200581987737,0.060126953535634776
