label,x0,y0,z0,x1,y1,z1,x2,y2,z2,x3,y3,z3,x4,y4,z4,x5,y5,z5,x6,y6,z6,x7,y7,z7,x8,y8,z8,x9,y9,z9,x10,y10,z10,x11,y11,z11,x12,y12,z12,x13,y13,z13,x14,y14,z14,x15,y15,z15,x16,y16,z16,x17,y17,z17,x18,y18,z18,x19,y19,z19,x20,y20,z20
0.0,0.0,0.0,0.0,0.056958168745040894,-0.0007601380348205566,-0.03763687851238722,0.11082994937896729,-0.01728665828704834,-0.06238247694778912,0.1591516137123108,-0.019486188888549805,-0.08508477973151682,0.2008675336837769,-0.013326048851013184,-0.10867319869208812,0.08166983723640447,-0.15263301134109497,-0.04611240195441722,0.1156684160232544,-0.21880614757537842,-0.07226135449815271,0.13548806309700018,-0.26240611076354986,-0.09111305194306842,0.1513123512268067,-0.3023207783699036,-0.10487455742764942,0.046525776386260986,-0.17849183082580566,-0.04589317607093332,0.0772490799427033,-0.2614163160324097,-0.06949780749488352,0.09697824716567999,-0.31488525867462164,-0.08530555533576482,0.11172431707382208,-0.362094908952713,-0.09697726236987592,0.007770061492919977,-0.18139535188674927,-0.04971300306129932,0.010329008102416992,-0.2698161602020264,-0.07557094710278982,0.012889921665191706,-0.32728976011276245,-0.09378062056708812,0.017186760902404785,-0.378810316324234,-0.10581198947835442,-0.03146278858184809,-0.16354751586914062,-0.05656446012068272,-0.053905814886093084,-0.22706860303878784,-0.08095061647105692,-0.06974571943283081,-0.26652878522872925,-0.09331889318633552,-0.0812465697526932,-0.30607593059539795,-0.10143283622670642
0.0,0.0,0.0,0.0,0.05925634503364563,0.002883017063140869,-0.04028326437202164,0.11766189336776733,-0.013429880142211914,-0.06590139657583904,0.16742265224456793,-0.023015260696411133,-0.08899549931612674,0.20772618055343633,-0.02896052598953247,-0.11299188226786325,0.08447757363319403,-0.14695030450820923,-0.051698496344954444,0.11942866444587713,-0.2156574130058289,-0.07832597732868854,0.1398469209671021,-0.2592081427574158,-0.09618714988556575,0.15615451335906988,-0.2984382510185242,-0.10914920062151615,0.04934987425804144,-0.17039847373962402,-0.050665287080676046,0.08100500702857971,-0.25108826160430914,-0.07587379008856485,0.10173636674880981,-0.3036261796951294,-0.09216316581097314,0.11719027161598211,-0.35116243362426763,-0.10426305771198935,0.010863959789276123,-0.17209136486053467,-0.05356981024470994,0.010856986045837402,-0.2626793384552002,-0.08161403775540065,0.012102901935577393,-0.3205890655517578,-0.10028616875734994,0.01569941639900213,-0.37132340669631964,-0.11271988392201135,-0.028026640415191595,-0.15371644496917725,-0.059536216560275045,-0.052617073059081976,-0.21837118268013,-0.08609498083916374,-0.0690122246742248,-0.25798839330673223,-0.09962658375826544,-0.08121928572654719,-0.29608675837516785,-0.10865580827322674
0.0,0.0,0.0,0.0,0.052322596311569214,-0.013331949710845947,-0.013094850449419921,0.08750402927398682,-0.06331515312194824,-0.01825702433154672,0.1113071739673615,-0.09624254703521729,-0.02349741999671542,0.1321744322776795,-0.11473602056503296,-0.03030124549434272,0.0753481388092041,-0.15163308382034302,-0.02719145324692812,0.09691926836967474,-0.22241073846817022,-0.04315500576660722,0.107444167137146,-0.2659392356872559,-0.05166312922403902,0.11652415990829473,-0.3017678260803223,-0.05908514802024452,0.050085037946701105,-0.15945035219192505,-0.034768594993806724,0.06778731942176819,-0.2382904291152954,-0.05537384991214362,0.07901883125305181,-0.2894333899021149,-0.07208589334652513,0.08831748366355902,-0.333459347486496,-0.08362518121168702,0.023162543773651123,-0.1430673599243164,-0.04292575885222042,0.017140477895736694,-0.21243888139724731,-0.06651209910080522,0.013671845197677612,-0.2602068781852722,-0.08853115756676282,0.01207280158996582,-0.3023132681846619,-0.10381679107115352,-0.00269246101379389,-0.10754907131195068,-0.05103188250825492,-0.023976385593414307,-0.14027875661849976,-0.07550892104075042,-0.035717666149139404,-0.16360044479370117,-0.09221083541081042,-0.04398924112319941,-0.18859517574310303,-0.10409717132017703
0.0,0.0,0.0,0.0,-0.012325167655944824,-0.07214808464050293,0.01517199501107306,-0.015548586845398005,-0.12753593921661377,0.01235692724297616,-0.01922827959060669,-0.17801707983016968,0.00854713525335166,-0.0272405743598938,-0.21446931362152105,0.0049178522051391595,0.043132573366165106,-0.16119259595870972,-0.02749543022652284,0.06317088007926941,-0.24202036857604986,-0.04295843225260394,0.0735011100769043,-0.28847289085388184,-0.04849212747355124,0.08204755187034601,-0.3241658806800843,-0.05071738120456354,0.061522781848907415,-0.13887959718704224,-0.03887833785553594,0.09170016646385187,-0.22767156362533575,-0.06060201432843824,0.1079010665416717,-0.28049421310424805,-0.06996947657604834,0.11901342868804932,-0.31818836927413946,-0.07483568173189774,0.0781913697719574,-0.10226064920425415,-0.04547834899564404,0.1332932710647583,-0.15605729818344116,-0.06295480709810874,0.1607380509376526,-0.18779730796813965,-0.06847614180584564,0.17868143320083618,-0.2122964859008789,-0.07005841415663375,0.08924910426139832,-0.06014513969421387,-0.04860892277498854,0.1407065987586975,-0.070895254611969,-0.06011214983006134,0.1673966646194458,-0.0777859091758728,-0.06193760168095244,0.1888081431388855,-0.0912129282951355,-0.06113885101218834
0.0,0.0,0.0,0.0,-0.03339236974716181,-0.05955630540847778,0.015006962768481395,-0.0556560754776001,-0.10675781965255737,0.014362956933425096,-0.07767671346664429,-0.1501421332359314,0.011758286110804695,-0.09937390685081476,-0.17746567726135254,0.008524539485321695,0.015908479690551813,-0.16701239347457886,-0.008109827921046505,0.024214774370193537,-0.25066873431205755,-0.012837197095407704,0.02754658460617071,-0.29406860470771795,-0.012622688360764205,0.03267082571983343,-0.32894575595855713,-0.012126153730108004,0.044866353273391724,-0.159856915473938,-0.015808502607299504,0.06146889925003052,-0.25010430812835693,-0.026458235852672304,0.0695716142654419,-0.2997511327266693,-0.0313557930516736,0.07625237107276922,-0.3344602584838867,-0.0342460707056062,0.07105165719985962,-0.1327371597290039,-0.020068351574494103,0.11685264110565191,-0.19442766904830933,-0.028507650293661806,0.1430038213729859,-0.23162180185317993,-0.0348892197238939,0.16162490844726568,-0.2612142264842987,-0.038404072098686,0.08829468488693243,-0.09749627113342285,-0.021018200017763805,0.13551425933837896,-0.1302661895751953,-0.025942255206658105,0.16033130884170538,-0.15040487051010132,-0.027337637193753005,0.1820268034934998,-0.1724575161933899,-0.027500184647990904
0.0,0.0,0.0,0.0,-0.03507283329963684,-0.05072289705276489,0.01597128568157301,-0.056815326213836725,-0.09348368644714355,0.02046878023013221,-0.07642117142677313,-0.13150912523269653,0.02184273993536571,-0.09407052397727972,-0.15656840801239014,0.02257685681745151,0.017856627702712957,-0.1453225016593933,0.01558896845146761,0.030704468488693182,-0.21125391125679022,0.02005730142757041,0.03725111484527588,-0.2458279132843018,0.022014541010705012,0.043961554765701294,-0.27396008372306824,0.02293540669545271,0.04486805200576777,-0.13905322551727295,0.00813160130694251,0.06680291891098017,-0.2122882902622223,0.01035605596318581,0.07842355966567988,-0.2530975341796875,0.00819498060211281,0.08710098266601557,-0.2792490422725678,0.00569391708761201,0.0691010057926178,-0.11507266759872437,0.00224983638092621,0.11354053020477295,-0.1658189296722412,0.0032501802028690103,0.1390073299407959,-0.1946466863155365,-0.0019917011546367897,0.15703195333480835,-0.2164621651172638,-0.00598712040171269,0.08458501100540156,-0.08377325534820557,-0.00120805886633939,0.12921547889709473,-0.11325949430465698,0.0010948417888556102,0.152135968208313,-0.13012254238128662,0.0020585077995036102,0.17208492755889893,-0.14683187007904053,0.00253387975446621
0.0,0.0,0.0,0.0,0.09478437900543213,-0.03279316425323486,-0.06539500139444954,0.17712798714637756,-0.08966022729873657,-0.10587129376619933,0.24621811509132385,-0.1329900622367859,-0.14142141870945574,0.3126471936702728,-0.1572759747505188,-0.17789309851616503,0.0908899307250976,-0.29325494170188904,-0.07906027518004063,0.1356225311756134,-0.4170031547546387,-0.12483906380623463,0.16534185409545893,-0.49907636642456055,-0.15765137605160362,0.18905159831047058,-0.5725642144680023,-0.18096822134941704,0.02796134352684021,-0.32183563709259033,-0.07603242628067614,0.0559612512588501,-0.47347083687782293,-0.11733120314568163,0.07666859030723572,-0.5727772712707521,-0.14651177458256362,0.09162977337837219,-0.6581679284572601,-0.16731086008041984,-0.03394147753715521,-0.3086701333522797,-0.07961881540506963,-0.057000815868377686,-0.453821063041687,-0.12294616184919953,-0.07031357288360596,-0.5545212626457214,-0.15418345860928184,-0.0770696103572846,-0.6418821215629579,-0.17421643070667864,-0.09138694405555728,-0.2618269920349121,-0.08826627217024444,-0.13853341341018677,-0.36163854598999023,-0.12656417123764632,-0.1655546873807908,-0.43305927515029913,-0.14778880409687642,-0.18406859040260318,-0.505599170923233,-0.16182106368034962
0.0,0.0,0.0,0.0,0.0930690467357635,-0.030868828296661377,-0.06401524422335565,0.17592483758926392,-0.09053021669387817,-0.10462909666466655,0.2413056492805481,-0.14361029863357544,-0.14000254599022804,0.30677181482315063,-0.1817358136177063,-0.17632451383042275,0.08365803956985474,-0.2823559045791626,-0.08508321372437415,0.12301838397979731,-0.41197347640991216,-0.13154920665192546,0.14934146404266352,-0.4957332611083985,-0.16346595910954415,0.17038297653198242,-0.5726263523101807,-0.18620536950993474,0.020243793725967407,-0.307442456483841,-0.08316898075509016,0.04677966237068171,-0.46453079581260687,-0.12453298745322165,0.0656784176826477,-0.563922792673111,-0.15282647041249214,0.0786588191986084,-0.6506637334823608,-0.17401182381081526,-0.0413760244846344,-0.292339563369751,-0.08715733615326826,-0.06878244876861578,-0.4365805387496949,-0.13057303158211644,-0.08677014708518987,-0.5368617475032806,-0.16131202606129585,-0.09730505943298348,-0.6253844201564789,-0.18212054399418776,-0.09824430942535409,-0.24380874633789062,-0.09593731639552056,-0.15087346732616427,-0.34374439716339117,-0.13443682817387526,-0.18213017284870148,-0.4118176698684693,-0.15527465669083534,-0.20484185218811038,-0.48238247632980347,-0.16988797215390145
0.0,0.0,0.0,0.0,0.08480978012084961,-0.021803081035614014,-0.05916072173721432,0.16173473000526434,-0.07241904735565186,-0.09687834723598591,0.2240846455097199,-0.11662495136260986,-0.1297893573225223,0.2822867333889008,-0.150351881980896,-0.1639509399116718,0.0808907151222229,-0.2418053150177002,-0.08255186422474022,0.11709308624267578,-0.3531805872917176,-0.1262336422384464,0.1406365334987641,-0.4254022240638733,-0.1554074038446628,0.15915045142173773,-0.4918124675750733,-0.17591102911836742,0.025608271360397394,-0.26440155506134033,-0.08055800690061682,0.05183964967727667,-0.3992600440979004,-0.11990976079113122,0.07039767503738409,-0.485509604215622,-0.1447366227091038,0.08276814222335821,-0.5603711605072021,-0.16319466127760052,-0.02888908982276911,-0.25279271602630615,-0.08391228808767431,-0.05196294188499451,-0.38021785020828247,-0.12478203071958652,-0.0662782490253448,-0.46763959527015686,-0.15111600353128551,-0.07384687662124628,-0.5449880957603455,-0.16881460441953772,-0.07946506142616272,-0.21253639459609985,-0.09175459786064262,-0.1251630932092666,-0.3014463484287262,-0.1278033007562839,-0.15211936831474301,-0.3611103892326355,-0.14647330834276312,-0.171285331249237,-0.4220131039619446,-0.15952961637384533
0.0,0.0,0.0,0.0,0.07404866814613342,-0.02592390775680542,-0.04251680892241437,0.1419369280338288,-0.07881450653076172,-0.06803165000212627,0.1976106464862824,-0.11856722831726074,-0.09098413210642767,0.24373134970664984,-0.14276283979415894,-0.11500072103274298,0.07409083843231201,-0.2240504026412964,-0.05622449141276317,0.10565251111984253,-0.3226394057273865,-0.08776247125399547,0.12394079566001892,-0.3838164806365967,-0.10899842154515227,0.13761249184608465,-0.43927192687988287,-0.12411106001866297,0.026986688375473022,-0.2424319088459015,-0.056462280417804274,0.050257414579391535,-0.3556603789329529,-0.08594898503554298,0.065182626247406,-0.42908963561058044,-0.10555056851637798,0.07391077280044561,-0.49295601248741155,-0.11979004364741277,-0.01954677700996399,-0.23195526003837585,-0.06089932468069037,-0.03836217522621149,-0.34133294224739075,-0.09183653068077997,-0.05113640427589411,-0.4135254621505738,-0.11349150162470777,-0.059291571378707886,-0.4773934483528138,-0.12776360284817656,-0.06261172890663141,-0.19759154319763184,-0.06870413940680457,-0.1012063324451446,-0.273454487323761,-0.09678820144665677,-0.12493930757045749,-0.32343450188636785,-0.11197785657179787,-0.1421476006507873,-0.3732810318470002,-0.12211390208733518
0.0,0.0,0.0,0.0,0.06914898753166199,-0.019824564456939697,-0.03750767232315863,0.1321204006671906,-0.061664879322052,-0.06069189356105653,0.18198117613792425,-0.09363573789596558,-0.08175072865026323,0.22326448559761053,-0.11431419849395752,-0.10356160299318162,0.07607454061508179,-0.1975575089454651,-0.04915679664748033,0.10889914631843567,-0.2819381058216095,-0.07790100620525203,0.12713405489921575,-0.334708571434021,-0.09765759156482542,0.140614002943039,-0.38274666666984564,-0.11170030431287613,0.03511926531791687,-0.2171629667282105,-0.04987567709224543,0.060980260372161865,-0.31779074668884283,-0.07689887331264343,0.0768685936927796,-0.38168179988861084,-0.09511005924480283,0.08668133616447449,-0.43585148453712463,-0.10809808270471413,-0.006560653448104803,-0.21127688884735107,-0.05431580962078893,-0.01917758584022522,-0.31166577339172363,-0.08290547923581923,-0.028341829776763916,-0.3765463531017304,-0.10220943437354883,-0.03366169333457941,-0.4320697784423828,-0.11464453534620132,-0.04666396975517273,-0.18313872814178467,-0.06156569765346373,-0.078707754611969,-0.2539419531822205,-0.08683387236135323,-0.09775605797767639,-0.2993999421596527,-0.09970253752010193,-0.1106740534305572,-0.3429964780807495,-0.10804707602994763
0.0,0.0,0.0,0.0,0.06286284327507019,-0.014573514461517334,-0.033835466554364695,0.12034189701080328,-0.05039072036743164,-0.05425067951341579,0.16660809516906744,-0.07662266492843628,-0.0728041376676174,0.20326542854309088,-0.09477484226226807,-0.0918014790620418,0.0727899968624115,-0.175082266330719,-0.042830898961028596,0.10220247507095342,-0.2503942251205445,-0.0669585387911411,0.11811578273773199,-0.2971040308475495,-0.0832761000599475,0.12965708971023565,-0.33947026729583746,-0.0950074862446399,0.03641927242279058,-0.19449776411056519,-0.042712710401019593,0.06075188517570501,-0.28132420778274536,-0.06558813115020709,0.07569435238838201,-0.3363262712955475,-0.0805147733296962,0.08480027318000799,-0.38361549377441406,-0.0911097150053592,-0.0008978545665740967,-0.19096612930297852,-0.046053479960164595,-0.010700166225433294,-0.28006729483604437,-0.0705097909774394,-0.01758205890655512,-0.3369852900505066,-0.08673426469226789,-0.02189669013023371,-0.38594925403594976,-0.0971725579108806,-0.03603637218475342,-0.16690772771835327,-0.052045583328208495,-0.0636441707611084,-0.23042210936546326,-0.07414707501789049,-0.0801706314086914,-0.27167895436286926,-0.08535768052001909,-0.09167608618736262,-0.31087636947631836,-0.09254180600305509
0.0,0.0,0.0,0.0,0.054251253604888916,-0.011006414890289307,-0.0215442644083623,0.1001459956169129,-0.04045599699020386,-0.0339748298400763,0.13896858692169195,-0.06483155488967896,-0.046051732974660795,0.16991341114044195,-0.07983636856079102,-0.0582390015596274,0.06707778573036194,-0.15456807613372803,-0.0195779500180606,0.0916022658348084,-0.21739462018013,-0.033868852781665695,0.10536831617355352,-0.2543615996837616,-0.044370759057414895,0.11540144681930548,-0.2860820889472962,-0.0520452109748248,0.03661093115806585,-0.17119890451431274,-0.020660111459505897,0.057637900114059504,-0.24374893307685852,-0.0342114453786734,0.07048332691192633,-0.2894173860549927,-0.0444900540286425,0.07820823788642883,-0.3268318772315979,-0.051640670525443896,0.004569321870803833,-0.16885000467300415,-0.024790130334508796,-0.003552794456481878,-0.2436546385288239,-0.040792953001869095,-0.008008211851119995,-0.29103517532348633,-0.053649991529596194,-0.01045879721641535,-0.3297709822654724,-0.06185233943404,-0.026004374027252197,-0.1500391960144043,-0.0307010354125623,-0.04868847131729126,-0.2039676010608673,-0.045946407842052395,-0.06172680854797358,-0.2385801076889038,-0.0545033922070388,-0.06951776146888727,-0.2708733081817627,-0.0598250252777461
0.0,0.0,0.0,0.0,0.041748702526092474,-0.008153676986694336,-0.00817376597741767,0.07082429528236389,-0.04460328817367554,-0.01101104578891917,0.08908495306968689,-0.07142668962478638,-0.01504530048886457,0.10620632767677307,-0.08944118022918701,-0.01953707112888017,0.06831076741218567,-0.1421053409576416,-0.00658388006458207,0.08619096875190735,-0.2003418207168579,-0.01630722395101707,0.09716036915779114,-0.23467606306076055,-0.02271089925388017,0.10591700673103333,-0.26189193129539495,-0.02748758568385767,0.049843430519104004,-0.15228331089019775,-0.01215297392526787,0.06533113121986389,-0.220955491065979,-0.02243168502072017,0.0758657157421112,-0.26292377710342413,-0.03001068382481257,0.0834798514842987,-0.2963919043540955,-0.03442400171378777,0.029727816581726074,-0.14487111568450928,-0.01962836495557947,0.028294116258621216,-0.2106860876083374,-0.03247944488147417,0.0288274884223938,-0.252449631690979,-0.04280638172248527,0.03012421727180481,-0.2875244617462158,-0.04906262307385127,0.008436769247054998,-0.12178504467010498,-0.02784029244402567,-0.002292573451995905,-0.16440004110336304,-0.04118508323053047,-0.00849610567092901,-0.19313299655914307,-0.04874601810196557,-0.01244375109672552,-0.21928006410598755,-0.05324007420757937
0.0,0.0,0.0,0.0,0.04855835437774658,0.006372392177581787,-0.04302033039164136,0.0892587304115296,-0.007684230804443359,-0.06698626282047826,0.1276394426822663,-0.017097890377044678,-0.08570044489931657,0.1618321835994721,-0.016220510005950928,-0.10364336522650316,0.07083648443222051,-0.1458696722984314,-0.043163448594327664,0.10017153620719915,-0.20351332426071167,-0.06048376487922266,0.1186236441135407,-0.2410674691200257,-0.07220210882258016,0.13394555449485784,-0.2684952914714814,-0.08027146758865907,0.0475810170173645,-0.16753941774368286,-0.03259123491477566,0.07550403475761419,-0.23357844352722168,-0.046643845759149365,0.09449777007102972,-0.2755193710327149,-0.05527666213345126,0.10989364981651312,-0.30818885564804077,-0.061106257162805364,0.021777749061584528,-0.1709047555923462,-0.02631033027898856,0.02916505932807928,-0.24326601624488836,-0.041612621418948864,0.03439909219741821,-0.2923491895198822,-0.05464828761648726,0.04062566161155701,-0.3321409225463868,-0.06316382440161296,-0.005856573581695501,-0.15903908014297485,-0.023590726800080064,-0.014565527439117376,-0.21235117316246038,-0.03824799510073256,-0.017330735921859686,-0.24928098917007446,-0.048440061531778066,-0.015733301639556885,-0.2811651825904847,-0.05528922008704736
0.0,0.0,0.0,0.0,0.0367031991481781,0.039245009422302246,-0.10011959306370953,0.0567985475063324,0.04254758358001709,-0.16668630621802544,0.0797879695892334,0.05284535884857178,-0.21423370621573665,0.10246795415878296,0.07096576690673828,-0.2620977409876559,0.027623236179351807,-0.09605425596237183,-0.16992045424353813,0.04074758291244507,-0.15885579586029053,-0.22196931622397634,0.05033037066459656,-0.20901912450790405,-0.2543197818793032,0.0599856972694397,-0.2566116154193878,-0.27626776180636625,0.01324674487113947,-0.13767701387405396,-0.13459534428488942,0.024028360843658392,-0.23273113369941711,-0.18864811442267634,0.0366111695766449,-0.3016623258590698,-0.22195122621428703,0.049067586660385076,-0.3606080114841461,-0.24622445783984404,0.0070885419845581055,-0.15992075204849243,-0.09937150261771413,0.021166771650314276,-0.24699652194976807,-0.13955240927111842,0.0345400869846344,-0.31016352772712713,-0.16815998635661344,0.0492706298828125,-0.3570185601711273,-0.18795735619437434,0.0059243738651275635,-0.16798451542854315,-0.06982223919999334,0.007699161767959595,-0.23166477680206304,-0.09542946002852654,0.009496808052062988,-0.27610686421394354,-0.11494979492795203,0.014249563217163086,-0.3138898313045502,-0.13099251172911863
0.0,0.0,0.0,0.0,0.05057433247566223,0.022743940353393555,-0.039672936302878256,0.1004385650157929,0.026366114616394043,-0.06783056165025406,0.14988008141517645,0.03527170419692993,-0.09232083613918006,0.1908493340015412,0.03715360164642334,-0.11960708255813296,0.06797328591346741,-0.05286508798599243,-0.08048689271257095,0.1008807122707367,-0.10151076316833496,-0.11203638370082555,0.12194392085075384,-0.13433045148849487,-0.13018181825921715,0.14006981253623968,-0.1676377654075623,-0.14352314080045395,0.03546306490898132,-0.086822509765625,-0.07847046012923896,0.053801774978637695,-0.156103253364563,-0.10908815915630035,0.06762555241584783,-0.2009361982345581,-0.12583669925973595,0.07782071828842163,-0.24606454372406011,-0.14021207298085867,0.003554016351699829,-0.10124748945236206,-0.07746756727740936,-0.0035660266876220703,-0.17451205849647528,-0.10677499975011526,-0.008290201425552368,-0.22627505660057068,-0.12215766216561966,-0.010749816894531194,-0.2740354537963868,-0.13423047865674675,-0.02398616075515747,-0.09688669443130493,-0.07902454490707096,-0.04537546634674067,-0.1565948724746704,-0.10444454754636466,-0.059686303138732855,-0.193714439868927,-0.11610097343967135,-0.07085564732551569,-0.22895604372024542,-0.12573556507871325
0.0,0.0,0.0,0.0,0.0579276978969574,0.03216135501861572,0.006584721795547853,0.10784238576889044,0.06826657056808472,0.0022830878768899535,0.15422427654266363,0.08205872774124146,-0.004469353527497246,0.18856030702590948,0.07400631904602051,-0.013027706471007146,0.06497061252594,0.15527814626693726,-0.009290105950753946,0.08395856618881231,0.22491413354873657,-0.016860064406614545,0.09343904256820684,0.26478826999664307,-0.021729283322315447,0.1016948819160462,0.3023645281791687,-0.025722777758460245,0.029289513826370295,0.17427480220794678,-0.019259508986692646,0.0401310920715332,0.26038336753845215,-0.027561344493847145,0.0447237491607666,0.3129875659942627,-0.034196777556758144,0.04612639546394354,0.3565356135368347,-0.04009608766875765,-0.007977068424224798,0.1740490198135376,-0.027678206850509847,-0.028413265943527166,0.25127720832824707,-0.03767864248595735,-0.04486867785453791,0.2988240718841553,-0.047341546331267546,-0.05734363198280329,0.33756905794143677,-0.05380201927266624,-0.038849830627441406,0.1565355658531189,-0.03423711127481965,-0.06797033548355097,0.2164287567138672,-0.040233185802321644,-0.08632422983646387,0.24813109636306763,-0.04165298706732295,-0.10434514284133908,0.2759500741958618,-0.04278845182500385
0.0,0.0,0.0,0.0,0.05648428201675415,0.0365595817565918,0.00861328195216506,0.10142782330513,0.07772761583328247,0.004912246087513861,0.14139339327812195,0.10454028844833374,-0.0005178764006643389,0.16874203085899353,0.10347306728363037,-0.007615116355992739,0.05170959234237671,0.17268598079681396,-0.01572980259177824,0.06872531771659851,0.2596673369407654,-0.02303715881524224,0.07784238457679743,0.30791735649108887,-0.02570339751062524,0.08237168192863464,0.35036033391952515,-0.02813726936099664,0.018438667058944702,0.18592572212219238,-0.025712956605531138,0.02632153034210205,0.28347253799438477,-0.03749613922653334,0.03002688288688654,0.34506839513778687,-0.045005281386949036,0.02868989109992981,0.39185112714767456,-0.05105941456375254,-0.015106528997421265,0.17954331636428833,-0.03304661524114744,-0.03866297006607056,0.2662561535835266,-0.044179738430358335,-0.05669164657592779,0.32221078872680664,-0.05495420184550424,-0.0720253586769104,0.36688029766082764,-0.06233966064272064,-0.042146265506744385,0.15817368030548096,-0.03800777059612414,-0.07617458701133728,0.22345519065856934,-0.04617425513086454,-0.09805902838706979,0.25824517011642456,-0.04996648144540924,-0.11819978058338168,0.2900350093841553,-0.052559335647202936
0.0,0.0,0.0,0.0,0.06174427270889288,-0.011476337909698486,0.004036430418523145,0.11597132682800299,-0.010374963283538818,-0.00017565996324715502,0.1577204465866089,-0.02743440866470337,-0.006163295209375955,0.1819512844085694,-0.056143879890441895,-0.014127212427524655,0.117746502161026,0.0958666205406189,-0.011285773329404855,0.17303571105003357,0.14549016952514648,-0.016966580264238456,0.20444840192794805,0.17402082681655884,-0.019903478063611056,0.22933828830719,0.19947552680969238,-0.022589935772089054,0.09601661562919617,0.13539963960647583,-0.021848828382758256,0.14899623394012457,0.2017061710357666,-0.027347857914833153,0.18233984708786016,0.24491900205612183,-0.03301888223734285,0.20545363426208502,0.2798011898994446,-0.03835591565814406,0.0668124258518219,0.15893161296844482,-0.031423779986766855,0.0900703370571137,0.23936694860458374,-0.039380843602088954,0.10113021731376648,0.2914789319038391,-0.04900577556338696,0.10968461632728577,0.3319966793060303,-0.056139482967523656,0.03703197836875921,0.16610127687454224,-0.039646702669529056,0.043139398097992,0.23562467098236084,-0.04698299136009605,0.043428242206573486,0.27576136589050293,-0.049730519615081854,0.0424643754959107,0.30871838331222534,-0.05165457244959266
0.0,0.0,0.0,0.0,0.031067878007888794,-0.0751115083694458,0.0055539789622116005,0.07001832127571112,-0.1296318769454956,0.0005951874785523009,0.09665289521217352,-0.1845858097076416,-0.005646889096737999,0.10291150212287903,-0.23012647032737732,-0.013407085555286299,0.1429432630538941,-0.07110124826431274,-0.0151494001025866,0.2093420028686524,-0.09270656108856201,-0.0219755205313276,0.24349182844161993,-0.1051861047744751,-0.0251930071959805,0.27012538909912115,-0.11485421657562256,-0.027750543783099598,0.1475798487663269,-0.024356961250305176,-0.0250587607721399,0.2233514785766602,-0.0371972918510437,-0.0310522350470137,0.26585680246353155,-0.04752320051193237,-0.035847892517836,0.29684841632843023,-0.05540609359741211,-0.0402319817791294,0.13661417365074163,0.023197531700134277,-0.033291255588324,0.2044233679771424,0.0498623251914978,-0.041040414477379196,0.24652951955795294,0.06455409526824951,-0.049399999434740396,0.278005599975586,0.07456135749816895,-0.0559656708488773,0.11593475937843323,0.06278043985366821,-0.0396290733466457,0.16146981716156011,0.10077452659606934,-0.0466414741227936,0.18949306011199957,0.12217587232589722,-0.0489096692750763,0.2147634625434876,0.1401454210281372,-0.0504669151256393
0.0,0.0,0.0,0.0,0.01622429490089411,-0.07843506336212158,0.0027853696061157225,0.044656217098236084,-0.14178919792175293,-0.0026192303361511774,0.06429591774940491,-0.19844627380371094,-0.008307034763149078,0.06728065013885498,-0.24302572011947632,-0.015375061574033478,0.12520244717597961,-0.1077127456665039,-0.021459226178578178,0.18887537717819214,-0.1497725248336792,-0.029815439748219277,0.22271943092346191,-0.17165374755859375,-0.03310434395318388,0.24873703718185425,-0.18830358982086182,-0.03545874232297308,0.13876032829284668,-0.061703264713287354,-0.029870860891989478,0.2108713984489441,-0.09446585178375244,-0.03707227358465558,0.2502307891845703,-0.11638873815536499,-0.041936422380260276,0.2786800265312195,-0.1340084671974182,-0.046061734350970975,0.13835182785987848,-0.010129272937774658,-0.03663689145689368,0.20749175548553467,-0.0037845373153686523,-0.046288585903695875,0.2505817413330078,-4.76837158203125e-05,-0.055897163840583575,0.28244608640670776,0.001598954200744629,-0.06300824755673767,0.1266278326511383,0.0373309850692749,-0.04158326858525638,0.17584025859832764,0.06615567207336426,-0.051584790142825875,0.2072412371635437,0.0826985239982605,-0.05626720437651038,0.23489171266555786,0.09538674354553223,-0.059003675969890375
0.0,0.0,0.0,0.0,0.005455702543258667,-0.07609891891479492,0.0026257665076342904,0.023894011974334772,-0.14230161905288696,-0.0021191245696456098,0.0334999561309815,-0.19849908351898193,-0.00740720674460241,0.028048664331436213,-0.23919034004211426,-0.01423396885459731,0.10582846403121948,-0.13235610723495483,-0.01839892908995461,0.16038540005683904,-0.18650060892105103,-0.02639476925199341,0.19042274355888372,-0.2151889204978943,-0.02966119878058741,0.21283200383186346,-0.2369149923324585,-0.03201885677938771,0.12589153647422796,-0.09214901924133301,-0.02691862329905341,0.1894181072711945,-0.14335209131240845,-0.03261518262391401,0.22364756464958196,-0.17405647039413452,-0.03610487811332061,0.247217208147049,-0.19746094942092896,-0.03932411752705881,0.1321272253990174,-0.04250657558441162,-0.03425023861294101,0.19889864325523382,-0.05723005533218384,-0.04263919375901531,0.23958972096443182,-0.06774288415908813,-0.05108278401260691,0.2679628431797028,-0.07733988761901855,-0.05766661994223901,0.1263835728168488,0.0077822208404541016,-0.04003517858748751,0.17566183209419256,0.02248603105545044,-0.04952454723482441,0.20763441920280462,0.028415203094482422,-0.053946060762456206,0.23402181267738348,0.030048131942749023,-0.05663983307843521
0.0,0.0,0.0,0.0,-0.022133201360702515,-0.07052809000015259,-0.0014079155940578346,-0.0310477614402771,-0.13299912214279175,-0.009071476392449535,-0.04016870260238653,-0.18616539239883423,-0.016539567716421236,-0.05655032396316528,-0.21957463026046753,-0.025084806241096633,0.05148473381996149,-0.1694745421409607,-0.021758874513210433,0.07110869884490961,-0.24895089864730835,-0.03227724470943363,0.08279383182525629,-0.2931849956512451,-0.03702499308437263,0.09195595979690552,-0.326221227645874,-0.03951251842826763,0.08073043823242188,-0.14306890964508057,-0.027844914801420335,0.12600970268249512,-0.21552026271820068,-0.03812142052501594,0.15169638395309448,-0.2571873068809509,-0.043294775865973634,0.17098724842071533,-0.2866262197494507,-0.04640224912017733,0.09862560033798218,-0.10556036233901978,-0.033061693988742036,0.15346062183380127,-0.14874112606048584,-0.045808687441052535,0.1892269253730774,-0.17539185285568237,-0.05585282259434614,0.2162875533103943,-0.1963346004486084,-0.061600755535067636,0.10643482208251953,-0.06396669149398804,-0.036811105541886435,0.15688985586166382,-0.07981199026107788,-0.04742856287211333,0.18719547986984253,-0.0901750922203064,-0.051260489605368734,0.21344107389450073,-0.10169148445129395,-0.05274935030192293
0.0,0.0,0.0,0.0,-0.033949494361877386,-0.06889408826828003,0.008374714359661034,-0.0470946729183197,-0.13400912284851074,0.012566682018359634,-0.06596240401268,-0.18076574802398682,0.014686694435795233,-0.0894376933574676,-0.2045743465423584,0.015074729055186234,0.03106829524040222,-0.18824517726898193,0.006323730640133334,0.03974398970603943,-0.2693837881088257,0.005944648358990834,0.04723182320594793,-0.3140217065811157,0.0059744138941368345,0.05445417761802679,-0.3447387218475342,0.006429931215961834,0.06567147374153143,-0.17222607135772705,-0.0012940689250626658,0.10365435481071478,-0.2493140697479248,0.00027599663894753424,0.12487009167671209,-0.2926368713378906,-0.001961346648613466,0.14096513390541082,-0.3205770254135132,-0.003239349395016666,0.09076830744743353,-0.1415805220603943,-0.008680477671305165,0.13914522528648382,-0.19176173210144043,-0.012980420075336866,0.1688226759433747,-0.22197848558425903,-0.024692062221447465,0.19181904196739202,-0.24581360816955566,-0.032561827383915366,0.10475394129753118,-0.10382610559463501,-0.014256633751074266,0.15329918265342718,-0.11372256278991699,-0.021995324574390865,0.1837593019008637,-0.12006169557571411,-0.028465529836694165,0.20906946063041693,-0.12623602151870728,-0.031845588169971864
0.0,0.0,0.0,0.0,0.04197236895561218,-0.06117609143257147,-0.040002561504309114,0.06490093469619751,-0.12996104359626776,-0.06558698355621571,0.08458906412124628,-0.18907225131988525,-0.08775845109886402,0.1091178953647613,-0.23011374473571777,-0.11112808376020661,-0.034194692969322205,-0.19486856460571295,-0.05943076624936331,-0.04887197911739352,-0.27631640434265137,-0.08883704930013891,-0.05947916209697732,-0.33017557859420776,-0.10840035169786681,-0.07181048393249512,-0.37658348679542547,-0.12275694250530471,-0.0743187665939331,-0.17789530754089355,-0.05858225687808272,-0.1101341992616654,-0.26445344090461737,-0.08639530777401201,-0.13228590786457062,-0.3214423209428787,-0.1039378413505005,-0.15399318188428882,-0.36780798435211187,-0.11671815752453081,-0.10070163011550912,-0.13967856764793396,-0.060939937228624716,-0.1601397842168808,-0.19352978467941284,-0.09096255838340991,-0.1986315846443177,-0.23275765776634216,-0.11191727160877461,-0.2306444495916367,-0.2673374116420746,-0.1256484681314873,-0.11335062980651861,-0.08976209163665777,-0.06602659761375661,-0.1727175563573838,-0.10926258563995367,-0.09430790632433171,-0.20938989520072943,-0.12158897519111639,-0.11027394920057532,-0.24149326980113991,-0.1369648575782776,-0.12084289580053562
0.0,0.0,0.0,0.0,0.059972167015075684,-0.030199050903320312,-0.040327971154681536,0.10189869999885559,-0.07655864953994751,-0.06677257391237383,0.13596448302268976,-0.11983394622802734,-0.08978323760055673,0.16260555386543268,-0.15665024518966675,-0.11495707305692804,0.0256775021553039,-0.1513744592666626,-0.07265671464227803,0.0312483012676239,-0.2316311001777649,-0.10524326684497963,0.03472483158111567,-0.28368046879768377,-0.12521658214353693,0.03457856178283686,-0.3320430517196656,-0.13981043669008383,-0.018075793981552124,-0.15167653560638428,-0.07226889702104694,-0.03129667043685913,-0.24158328771591187,-0.10573439421676764,-0.03804942965507513,-0.30373391509056097,-0.12680169316553244,-0.04914525151252752,-0.35933452844619757,-0.14309322210573325,-0.05291181802749634,-0.12935996055603027,-0.07358560087703833,-0.09661254286766052,-0.20076230168342596,-0.10747107985042703,-0.12729665637016302,-0.24801751971244818,-0.12907301756166584,-0.15367685258388522,-0.2913122773170472,-0.14424463483118183,-0.07631745934486392,-0.09109032154083252,-0.07727293791793953,-0.12865081429481512,-0.12422871589660645,-0.10829892876171243,-0.16183429956436163,-0.14140945672988892,-0.12435195716642504,-0.1909573823213578,-0.16131621599197388,-0.13585464032911423
0.0,0.0,0.0,0.0,0.06012800335884089,-0.024408161640167236,-0.03753594028393072,0.10562655329704279,-0.0692022442817688,-0.06148532124797152,0.1443810760974884,-0.10801392793655396,-0.08293302076498311,0.17678442597389216,-0.13863146305084229,-0.10631206350961972,0.0348239541053772,-0.15436512231826782,-0.06224899458328532,0.04812785983085627,-0.23052090406417852,-0.09213090407291702,0.056073129177093506,-0.28096207976341253,-0.11117412614265731,0.06009793281555176,-0.32862663269042974,-0.1250821994487409,-0.008800148963928223,-0.1608220934867859,-0.06271462606827072,-0.014356464147567749,-0.2499651312828064,-0.09131502824465082,-0.015524506568908747,-0.31118172407150274,-0.10903405117431922,-0.02150905132293701,-0.36673060059547424,-0.12275336402097992,-0.04456812143325811,-0.14321178197860718,-0.06552076804081253,-0.08186002075672152,-0.21793857216835022,-0.09523560571113872,-0.10785895586013802,-0.2677823007106781,-0.11396167891660972,-0.13026678562164312,-0.3145714402198792,-0.12713948356548593,-0.06992138922214511,-0.10692018270492554,-0.07098932283560082,-0.11961401998996743,-0.14492744207382202,-0.09860583859125423,-0.15185821056365972,-0.1667441725730896,-0.11228127496877952,-0.17944006621837622,-0.1906114518642426,-0.12193533497492122
0.0,0.0,0.0,0.0,0.05661338567733759,0.002877652645111084,-0.03400965168697209,0.11123847961425776,-0.01524651050567627,-0.05659603088719219,0.15997129678726196,-0.030078232288360596,-0.0770393623374161,0.20097559690475464,-0.04149985313415527,-0.09942640497905579,0.07326319813728327,-0.11730915307998657,-0.058358920212810896,0.11164364218711847,-0.1789546012878418,-0.08646736427766649,0.1341247856616974,-0.22010457515716558,-0.1037282286546883,0.15139436721801758,-0.25893205404281616,-0.11606869235259859,0.035539984703063965,-0.1463281512260437,-0.05976434185726019,0.06022822856903076,-0.23040172457695007,-0.086267152275866,0.07947888970375055,-0.28495180606842047,-0.1010623289607224,0.09181621670722956,-0.33307793736457825,-0.1122220693491158,-0.0029112994670868475,-0.14944905042648315,-0.06351731851322029,-0.015780866146087646,-0.23634484410285955,-0.09177845850211949,-0.024231761693954523,-0.29409921169281006,-0.10872436448556749,-0.029304832220077515,-0.34573608636856085,-0.1202711997888741,-0.038174927234649714,-0.1298324465751648,-0.0695266737006363,-0.06967505812644961,-0.19169282913208008,-0.0956183983348069,-0.09157034754753113,-0.22921198606491094,-0.1076630516312775,-0.10881352424621582,-0.26620084047317505,-0.1159375695846733
0.0,0.0,0.0,0.0,-0.00012761354446411133,0.07306778430938721,-0.03945351645850787,0.01753094792366028,0.13764828443527222,-0.06567280248307837,0.033453553915023804,0.1974596381187439,-0.08765685812139168,0.05020886659622198,0.24564963579177856,-0.11197580650949128,0.07017573714256292,0.07458889484405518,-0.07824101552867538,0.11904934048652649,0.10424590110778809,-0.11089311048888817,0.1545399725437165,0.12088578939437866,-0.13006445274257317,0.188199132680893,0.13438642024993896,-0.14403876171016347,0.09035313129425049,0.023335039615631104,-0.07640782252454408,0.1489590704441071,0.04321277141571045,-0.10931971923017157,0.19174733757972723,0.05922895669937134,-0.12842200205230367,0.23024377226829534,0.06981486082077026,-0.14391627416515007,0.09291067719459539,-0.02528923749923706,-0.07560069367789878,0.15093079209327698,-0.039807140827178955,-0.10632877305650368,0.19269618391990667,-0.04897868633270264,-0.12405926242971077,0.2287170588970185,-0.05526590347290039,-0.13735216364764818,0.0806063711643219,-0.06663501262664795,-0.07706640914582857,0.12161022424697882,-0.10298144817352295,-0.10368962094688067,0.14762228727340698,-0.12422764301300049,-0.11684389666223177,0.172335684299469,-0.14252793788909912,-0.12720342979335436
0.0,0.0,0.0,0.0,-0.03885629773139959,-0.04737532138824474,0.0006097017735555514,-0.0641876757144928,-0.09329992532730114,-0.006487640743671349,-0.0914669930934906,-0.13130170106887828,-0.014499985804377448,-0.11813995242118835,-0.14684450626373302,-0.02391940933239305,-0.008076637983322199,-0.16325157880783092,-0.014264506479321348,-0.010439336299896296,-0.2405284643173219,-0.02238010634255255,-0.012930303812026978,-0.28351205587387096,-0.02734562214982355,-0.014305531978607178,-0.31802868843078624,-0.03142153863382185,0.021704882383346502,-0.15885698795318615,-0.021566404221175547,0.02796471118927002,-0.24407345056533825,-0.03014785070490685,0.029608547687530518,-0.2949010729789735,-0.03691439349722705,0.030071675777435303,-0.3341242074966432,-0.04258240033459515,0.048228770494461004,-0.13895499706268322,-0.02803633567464195,0.0792078971862793,-0.21335268020629894,-0.039106797618387645,0.09830161929130554,-0.2566093206405641,-0.04899539817643015,0.11124023795127869,-0.2911754846572877,-0.055945199174402646,0.06972911953926081,-0.1093532443046571,-0.03310211394500575,0.10772845149040222,-0.1523250937461854,-0.04372596014809455,0.12977024912834167,-0.1789698600769044,-0.04850236345600925,0.14786991477012634,-0.20573604106903087,-0.051475327653406545
0.0,0.0,0.0,0.0,0.05230307579040533,-0.012126028537750244,-0.019039163881131946,0.09306752681732183,-0.03376048803329468,-0.030764481567928145,0.1261426210403443,-0.05643218755722046,-0.04190691053230464,0.154175877571106,-0.06444454193115234,-0.05313518881160915,0.06617867946624761,-0.14766669273376465,-0.018764721744844247,0.09510600566864019,-0.20452624559402466,-0.032129170888254045,0.11157572269439703,-0.23906034231185913,-0.04190983861047925,0.12432289123535162,-0.26934629678726196,-0.04908672585446534,0.036262512207031306,-0.1666496992111206,-0.020326348536798346,0.058901846408843994,-0.2370520830154419,-0.032366982245036945,0.07391238212585449,-0.2799336314201355,-0.04125788673121625,0.0849965512752533,-0.31491178274154663,-0.04744713991243534,0.004454612731933594,-0.1654820442199707,-0.024593521424719645,-0.0010001063346862793,-0.23709988594055176,-0.040188553326913644,-0.0035527348518371027,-0.28478580713272095,-0.05409956961233314,-0.004309386014938299,-0.3233027458190918,-0.06287522851783925,-0.02687537670135498,-0.14751338958740234,-0.030176539489218546,-0.04978597164154047,-0.20038622617721558,-0.045986572795698046,-0.06397402286529535,-0.23366129398345947,-0.05575201898176364,-0.0735023021697998,-0.2645590901374817,-0.06165986745912724
0.0,0.0,0.0,0.0,0.08628055453300476,0.007171750068664551,-0.04606387395000404,0.17543473839759827,-0.01013636589050293,-0.07630608234143203,0.24564185738563538,-0.03321683406829834,-0.10315436128115604,0.30552831292152405,-0.059546053409576416,-0.13000437620615904,0.1616252362728119,-0.20500534772872925,-0.059514209661244835,0.231973797082901,-0.2955082058906555,-0.09387417140936803,0.27185025811195374,-0.3471125960350037,-0.11549700054860064,0.3031199872493744,-0.39054539799690247,-0.13015072051024384,0.11692395806312561,-0.2500367760658264,-0.060899209264277936,0.18304350972175598,-0.3638818860054016,-0.09329412135815573,0.22571775317192078,-0.42999541759490967,-0.11530727151369993,0.25845786929130554,-0.4891424477100373,-0.13057367506957004,0.06184455752372742,-0.26490330696105957,-0.06715297702288574,0.08164575695991516,-0.395900160074234,-0.10249961170887893,0.0973711907863617,-0.4844194650650025,-0.12900772694086973,0.11377230286598206,-0.5597504675388336,-0.14672742787337253,0.0016475319862365168,-0.2545633316040039,-0.07632862779831834,-0.012720376253128107,-0.3592652082443238,-0.10979605469441364,-0.020839482545852717,-0.427768886089325,-0.12818534675574253,-0.02301660180091858,-0.4929971694946289,-0.14013548198676054
0.0,0.0,0.0,0.0,0.0954037606716156,0.01844090223312378,-0.04540150445188822,0.1891641914844513,-0.004255414009094238,-0.07037658076967541,0.25791940093040466,-0.031498074531555176,-0.09228936415399852,0.31913313269615173,-0.04865121841430664,-0.11415452342714612,0.17638495564460754,-0.20804619789123535,-0.04987522792305291,0.2511061131954193,-0.29108810424804693,-0.08176948707784952,0.2960079610347748,-0.34141844511032104,-0.10342094879831612,0.33243295550346375,-0.3882302939891815,-0.11881681364263841,0.13022002577781677,-0.25699687004089355,-0.051905350948231815,0.20116862654685974,-0.36814641952514654,-0.08195888828720392,0.24906280636787415,-0.43605911731719976,-0.10355163943256682,0.28450414538383484,-0.49450632929801946,-0.11839831453050911,0.07357922196388245,-0.272391140460968,-0.05949105154957122,0.09768036007881165,-0.40423145890235906,-0.09445267003263771,0.11713197827339172,-0.49617111682891846,-0.12141892891611401,0.13657650351524353,-0.5735657215118408,-0.1385320110269958,0.010363548994064276,-0.25899022817611694,-0.07033386659111321,0.0013025104999541681,-0.36692112684249883,-0.10445298087086022,-0.0029209554195404053,-0.43860095739364624,-0.12338840794052422,-0.0003298819065093994,-0.5065129399299622,-0.13526342641796413
0.0,0.0,0.0,0.0,0.0930368304252625,0.0011996030807495117,-0.05178104943047399,0.17696410417556768,-0.03814959526062012,-0.08242096981416579,0.24864226579666143,-0.07203185558319092,-0.10894284626851909,0.31063097715377813,-0.08496510982513428,-0.1358923860491359,0.1519202589988709,-0.2365629673004151,-0.06627315512309899,0.22071909904479986,-0.3344382643699646,-0.1047277771533572,0.264161229133606,-0.3976458907127381,-0.1303581692875468,0.3001686334609986,-0.4547291249036789,-0.14889397701631418,0.10203683376312261,-0.2832218408584595,-0.06702045580755109,0.1618147492408753,-0.4088840931653977,-0.10364742806564209,0.2032835483551026,-0.48751600086688995,-0.1276880153120601,0.23607897758483892,-0.5577596724033356,-0.14428358754526008,0.043390959501266535,-0.2919983565807343,-0.073108206004008,0.053234159946441706,-0.43114042282104503,-0.1135467760861956,0.06358110904693609,-0.5282785594463348,-0.1417423733175837,0.07608985900878912,-0.6110856831073762,-0.1594595857561671,-0.01812112331390381,-0.269727885723114,-0.0828818329275691,-0.04130971431732178,-0.3796055316925049,-0.12099206677089569,-0.05250787734985346,-0.45333832502365123,-0.14160246631513468,-0.056202113628387396,-0.5248210728168488,-0.15458733817945358
0.0,0.0,0.0,0.0,0.09369891881942749,0.004717707633972168,-0.058373817474375735,0.17898383736610418,-0.03426140546798706,-0.09223929536415193,0.24518331885337835,-0.07232147455215454,-0.12034625303817843,0.3063859641551972,-0.08779436349868774,-0.14914543670488453,0.1497946679592133,-0.2266077101230622,-0.07923751813245863,0.21700367331504827,-0.32425409555435186,-0.12140003335548494,0.25913372635841375,-0.3878667354583741,-0.14906435948682883,0.2940813601016999,-0.44603291153907776,-0.16912281256986714,0.09854587912559509,-0.27243790030479437,-0.07707773637844183,0.15694054961204534,-0.39673125743865967,-0.11823820811582664,0.19734409451484686,-0.47495077550411224,-0.14550156635118583,0.2299604713916779,-0.5463441908359528,-0.16498748701883414,0.03985708951950079,-0.28214296698570257,-0.08026252430749983,0.0477308332920075,-0.4187668561935425,-0.12448312830997563,0.057523071765899714,-0.5125159025192261,-0.15643702191187003,0.06965574622154241,-0.5923725962638856,-0.17727736872507194,-0.021542727947235107,-0.262017160654068,-0.08730067801548093,-0.0445004403591156,-0.369748592376709,-0.12807331723047352,-0.057108789682388306,-0.4409904330968857,-0.15217978996111015,-0.0621909499168396,-0.5108745694160461,-0.16855309647394273
0.0,0.0,0.0,0.0,0.09407278895378107,-0.002684175968170166,-0.052925518059964725,0.179676353931427,-0.043119072914123535,-0.08389765610718312,0.24784529209136963,-0.08275115489959717,-0.11053142538094103,0.3090350031852722,-0.09572005271911621,-0.1378498881103951,0.1429210603237152,-0.23344808816909796,-0.06823739995979843,0.21007901430130005,-0.33125728368759155,-0.10748480846905292,0.2508569359779358,-0.39561402797698975,-0.13378549208664473,0.2843171954154968,-0.4542734622955322,-0.15262956013702933,0.09210366010665888,-0.2782072424888611,-0.06805970361256182,0.148225337266922,-0.40517204999923706,-0.10504168858551563,0.18703538179397583,-0.48535566031932836,-0.12936978628658832,0.2176581621170044,-0.5569418966770172,-0.14625733187222062,0.03422710299491877,-0.2864339351654053,-0.07314015021347582,0.04156872630119318,-0.42654567956924444,-0.11370169212841573,0.04860445857048029,-0.5206798911094666,-0.14171904912018363,0.05817839503288269,-0.6005735993385315,-0.15935922255539473,-0.025621056556701716,-0.26385191082954407,-0.08195223500752033,-0.0498795211315155,-0.37141466140747076,-0.11951227327608642,-0.06283336877822882,-0.44277158379554754,-0.13979854276203693,-0.0687021017074585,-0.5113009810447693,-0.15262516429447712
0.0,0.0,0.0,0.0,0.09085145592689514,0.0019140243530273438,-0.06947596286158837,0.1715162992477417,-0.03190767765045166,-0.11210986886840137,0.23708224296569824,-0.06425803899765015,-0.14746455763201988,0.30074721574783325,-0.08405214548110962,-0.18386153791766446,0.1346476972103119,-0.2223331332206726,-0.09809557263474737,0.1984173059463501,-0.32144695520401,-0.14531551216464317,0.23924583196640015,-0.3880862295627594,-0.17587655697684568,0.27305757999420166,-0.4481326341629029,-0.19774451766829768,0.0842504203319549,-0.26454436779022217,-0.09297099624495778,0.1393812596797943,-0.3899278938770294,-0.13814844106059349,0.17777800559997553,-0.4685973525047303,-0.16814470206122678,0.20867735147476196,-0.5421735048294067,-0.19006922756057057,0.026242017745971624,-0.270755022764206,-0.09345097009759228,0.028418540954589788,-0.4080660343170166,-0.14152425442557606,0.033696591854095403,-0.5044844448566437,-0.17628061686377797,0.042163014411926214,-0.5861598551273346,-0.19951163147311488,-0.033259004354476984,-0.24790111184120178,-0.09844790314059537,-0.05966843664646149,-0.3554517030715943,-0.14150759492736137,-0.07314620912075048,-0.4264540672302246,-0.16729424808841029,-0.08011542260646828,-0.4954320788383484,-0.18566436980586326
0.0,0.0,0.0,0.0,0.08709478378295898,-0.008678078651428223,-0.06363678046375298,0.1649523675441742,-0.0444987416267395,-0.10425562479406379,0.23260799050331116,-0.07532060146331787,-0.13887061991601968,0.29546359181404114,-0.09959584474563599,-0.174160265111027,0.12185415625572199,-0.23327386379241943,-0.08779799261003508,0.1808092594146728,-0.3333846926689148,-0.13215557553678528,0.2190144956111908,-0.39850407838821417,-0.1612445495358088,0.25052890181541443,-0.4580814838409424,-0.18171685256868378,0.0723546147346496,-0.2722472548484803,-0.08418696441560769,0.12368842959403992,-0.39739370346069336,-0.1254052899113276,0.15925446152687067,-0.4771783351898194,-0.15252772786527657,0.1864645779132843,-0.5505232810974122,-0.172192000531254,0.0160578191280365,-0.27509996294975286,-0.08614083447366738,0.013454705476760864,-0.40855586528778076,-0.1296436122885325,0.01447722315788269,-0.5032555460929871,-0.1602050892344095,0.019312679767608587,-0.5847027599811555,-0.1803711436024286,-0.04174725711345681,-0.24878484010696417,-0.09249878742605229,-0.0721633136272431,-0.3518718481063843,-0.13141311027914068,-0.08781461417675021,-0.4219442009925843,-0.1534985385170557,-0.09649278223514562,-0.4905689060688019,-0.1687686971655466
0.0,0.0,0.0,0.0,0.08303409814834603,-0.011945486068725586,-0.05508281620359403,0.1567785441875458,-0.04724854230880737,-0.09113659294462192,0.223360151052475,-0.07856100797653198,-0.12243100585556013,0.28322485089302074,-0.10404163599014282,-0.15429490389442432,0.11234113574028018,-0.23173415660858154,-0.07611967208003982,0.17076766490936288,-0.32968136668205267,-0.11791446389770492,0.2071718275547028,-0.3929935693740845,-0.14589282455062852,0.2366441786289216,-0.4531328082084656,-0.16538041414833052,0.06406319141387948,-0.2719741463661194,-0.07515107425069793,0.11274954676628121,-0.3985154628753662,-0.11275410236930833,0.14604106545448312,-0.4772526919841767,-0.13672758223628984,0.1706695258617402,-0.5487065613269806,-0.15367015781021104,0.008799031376838712,-0.2746849060058594,-0.07924902768945682,0.006262600421905601,-0.40817171335220337,-0.11893102111434922,0.005617201328277616,-0.5002608001232147,-0.14500467063999162,0.008467420935630798,-0.5810004174709321,-0.16174406888103474,-0.047278478741645785,-0.24686068296432495,-0.08720805825805653,-0.07722935080528251,-0.3471284806728363,-0.12217672499036773,-0.0933180898427963,-0.4152660071849823,-0.13976086260890952,-0.1023044735193252,-0.4823287725448609,-0.15117752136802662
0.0,0.0,0.0,0.0,0.08332869410514826,-0.002197086811065674,-0.03937056457897366,0.16753152012825012,-0.026701152324676514,-0.06468250772257986,0.2306111752986908,-0.05050617456436157,-0.08790082654257955,0.28530213236808777,-0.06244611740112305,-0.11223319342633425,0.1434028148651123,-0.197984516620636,-0.053415039389335554,0.20470550656318665,-0.2828935980796814,-0.08555930277606186,0.2388668954372406,-0.3365483283996582,-0.10738229921361146,0.26756975054740906,-0.3875388205051422,-0.12306311896344366,0.09743848443031305,-0.23880499601364136,-0.05777200481196586,0.1520654857158661,-0.349043071269989,-0.08807508817216096,0.18753060698509216,-0.41795304417610174,-0.10960284045239625,0.21427646279335022,-0.4793400764465332,-0.12507570704718765,0.043896824121475164,-0.2487584352493286,-0.06623994728823845,0.05336472392082209,-0.3705421090126038,-0.09944705834885775,0.06077325344085688,-0.45340901613235474,-0.12426947227021395,0.0704408586025238,-0.5246483683586121,-0.14096825739642327,-0.01289620995521551,-0.23222416639328003,-0.07745639404555496,-0.033488839864730835,-0.32943737506866455,-0.10877940973540486,-0.046230763196945246,-0.3917618989944458,-0.12525714358588397,-0.05185845494270325,-0.4525455832481384,-0.13627604564925375
0.0,0.0,0.0,0.0,0.08270898461341858,0.005203902721405029,-0.04347351082316203,0.1651337444782257,-0.020607590675354004,-0.07086792477122113,0.23102590441703796,-0.04686063528060913,-0.09506465383520883,0.28990301489830017,-0.0678701400756836,-0.11942817159643933,0.14957556128501892,-0.1992560625076294,-0.05702042468539043,0.21464863419532776,-0.28553760051727295,-0.09015628584376144,0.2534703314304352,-0.3372480273246765,-0.11128318943730163,0.28582558035850525,-0.3848269581794739,-0.12615986802330773,0.10513371229171747,-0.2417319416999817,-0.05934560932865903,0.16451063752174377,-0.3503205180168152,-0.09119339176169203,0.2023927867412567,-0.4174077212810517,-0.11266550310602944,0.23162290453910828,-0.4786171019077301,-0.12764916457882683,0.05214416980743408,-0.2528200149536133,-0.06611714400997923,0.0656929612159729,-0.3747122883796692,-0.10062310733547973,0.07651868462562561,-0.4604021608829499,-0.12488338985195924,0.08970621228218079,-0.534944474697113,-0.14073311426392363,-0.004832565784454401,-0.23707592487335205,-0.07587063946476744,-0.020635247230529785,-0.3374030590057373,-0.10816220828047553,-0.02946332097053528,-0.4027095139026642,-0.12492384650460053,-0.031349927186966,-0.4666602611541748,-0.13570562638989253
0.0,0.0,0.0,0.0,0.08234095573425293,0.01782238483428955,-0.04217147482444258,0.16328555345535278,0.0029134750366210938,-0.06788517935086698,0.22726738452911377,-0.01673060655593872,-0.09072466594983547,0.2848395109176636,-0.030058681964874268,-0.11362118674327348,0.1708153486251831,-0.18359428644180298,-0.049346324334635476,0.23974347114562988,-0.2579919695854187,-0.07881100876141997,0.28010594844818115,-0.3019971549510956,-0.09868399454165908,0.31365054845809937,-0.34305411577224737,-0.11325983358432268,0.13076543807983398,-0.23143362998962402,-0.05196979297210188,0.19806832075119019,-0.33048394322395325,-0.07978973938037368,0.24125921726226807,-0.3872287869453431,-0.09997163368274177,0.27388960123062134,-0.43625989556312567,-0.11376693500091048,0.07923150062561035,-0.248346745967865,-0.059480794052376475,0.10240894556045532,-0.36953407526016235,-0.09249530387927507,0.12034088373184204,-0.45348429679870605,-0.11864710999537918,0.13783806562423706,-0.52247354388237,-0.13547505838681667,0.02189469337463379,-0.2377658486366272,-0.06981579614688367,0.013043403625488281,-0.33912634849548345,-0.10289334161092248,0.008269071578979492,-0.4058591425418854,-0.12179515911151377,0.009550988674163818,-0.46791499853134155,-0.13366003734876128
0.0,0.0,0.0,0.0,0.08061492443084717,0.034935951232910156,-0.03653450437707299,0.159859299659729,0.030134856700897217,-0.05613235511702889,0.22001785039901733,0.020710289478302002,-0.07348520436210029,0.27110081911087036,0.019570589065551758,-0.0908470390073716,0.17942845821380615,-0.13793087005615234,-0.03921497740668649,0.25216543674468994,-0.19269782304763794,-0.06608703859967589,0.295695960521698,-0.2294438779354096,-0.0849478257529199,0.3315063714981079,-0.2644109725952149,-0.09893500932378169,0.149297297000885,-0.18808722496032715,-0.041362018667882694,0.22248488664627075,-0.26216292381286627,-0.06870962061805129,0.2701776623725891,-0.31345266103744507,-0.0887998578779161,0.3054453134536743,-0.35877406597137457,-0.10239909716767669,0.10623037815093994,-0.21196705102920532,-0.04808453970474599,0.1448754072189331,-0.3159851133823395,-0.07949204125327469,0.1722469925880432,-0.3891043961048127,-0.1034555596939981,0.1964457631111145,-0.44924184679985046,-0.11834930756015179,0.05450558662414551,-0.21297496557235718,-0.05738854535741209,0.059810101985931396,-0.3041027784347535,-0.08827063568753599,0.06775790452957153,-0.366785615682602,-0.10647372283858648,0.08097571134567261,-0.4242557883262635,-0.11779255547446608
0.0,0.0,0.0,0.0,0.07606202363967896,0.03509843349456787,-0.02519955028839145,0.1475037932395935,0.038637399673461914,-0.03868054327614345,0.20334118604660034,0.035430312156677246,-0.05154992741591965,0.24532514810562134,0.03822529315948486,-0.06481595811493435,0.16581237316131592,-0.11334359645843506,-0.02625738372154265,0.23752617835998535,-0.15845948457717896,-0.04711943221337825,0.2792753577232361,-0.1912361383438111,-0.06197872114427125,0.31245458126068115,-0.2219942212104798,-0.07296376404411825,0.1410580277442932,-0.16261518001556396,-0.030287926169705753,0.21386224031448364,-0.22803217172622686,-0.05243348059303795,0.2596680521965027,-0.27345126867294317,-0.06969649818785226,0.2920321822166443,-0.31149458885192877,-0.08098388937361276,0.10374164581298828,-0.18939435482025146,-0.03757343915350475,0.14427697658538818,-0.2858111262321473,-0.06273340162880456,0.17297667264938354,-0.351025938987732,-0.08345817503578695,0.1971430778503418,-0.4038932621479035,-0.09626092490799465,0.05661308765411377,-0.196509599685669,-0.04647604477651155,0.0675889253616333,-0.2801912724971772,-0.07116240737087765,0.07732522487640381,-0.3371783494949341,-0.08550367978460825,0.09061402082443237,-0.38851669430732727,-0.09407556531078845
0.0,0.0,0.0,0.0,0.07328194379806519,0.0474780797958374,-0.011504861603611891,0.13872253894805908,0.05183577537536621,-0.013421753498846492,0.19368213415145874,0.04491907358169556,-0.015540677200192391,0.2313874363899231,0.05158090591430664,-0.01764793049835589,0.16324317455291748,-0.09803885221481323,3.164981069403439e-05,0.23266786336898804,-0.13691508769989014,-0.0051656068145574914,0.27238184213638306,-0.1644972860813141,-0.01036668762856149,0.30331921577453613,-0.18940088152885437,-0.01547232650511879,0.14141559600830078,-0.14924049377441406,-0.002419768677213991,0.21150630712509155,-0.2080663442611695,-0.010630870315367191,0.2546764612197876,-0.24622023105621338,-0.019946423436635993,0.28538525104522705,-0.27746903896331787,-0.02640339833044429,0.10695517063140869,-0.18065533041954046,-0.0072704703389944916,0.1488294005393982,-0.26907297968864446,-0.020952575917476592,0.1777934432029724,-0.32501494884490967,-0.03735022533976459,0.20117217302322388,-0.36944794654846197,-0.04801732961379909,0.06521636247634888,-0.1935893893241883,-0.012527476142281491,0.07827091217041016,-0.27560678124427795,-0.028535285110706292,0.08845609426498413,-0.32759299874305725,-0.04015053350769899,0.10233640670776367,-0.3728097677230835,-0.04732042093121429
0.0,0.0,0.0,0.0,0.06875109672546387,0.0364953875541687,-0.007233216501845135,0.13295435905456543,0.03730279207229614,-0.0063229692914319345,0.18286269903182983,0.03797644376754761,-0.006362647358400835,0.21644437313079834,0.05317026376724243,-0.006429834831578734,0.16075009107589722,-0.09897828102111816,0.006871538162158665,0.22592651844024658,-0.13144317269325262,0.0033010890892909654,0.2626955509185791,-0.15235906839370733,-0.0017542586010676348,0.2906063199043274,-0.17247304320335388,-0.0064081289619934345,0.1418735384941101,-0.1463719010353089,0.0032095058541016653,0.2084086537361145,-0.19586247205734253,-0.002035155966950635,0.24938231706619263,-0.2270574569702149,-0.009267450384868335,0.27822911739349365,-0.2536266446113587,-0.014045806676222034,0.1107025146484375,-0.17790541052818298,-0.002984167151225835,0.15336871147155762,-0.2548689246177674,-0.013585014343334435,0.1815652847290039,-0.30186468362808233,-0.027332671061230936,0.20391762256622314,-0.3394282460212708,-0.03584936268634913,0.0718349814414978,-0.1930643916130066,-0.009506651274932635,0.08862000703811646,-0.2688647210597992,-0.022948088198972934,0.10025155544281006,-0.31627708673477173,-0.032299876287652234,0.11434036493301392,-0.3559175729751587,-0.03746752448387263
0.0,0.0,0.0,0.0,0.050749123096466064,0.03613013029098511,-0.01947195437674047,0.09747570753097534,0.04726693034172058,-0.030161477447791168,0.13663595914840698,0.0511718094348908,-0.04026249033336167,0.16527730226516724,0.06425818800926208,-0.05052057635907657,0.12441009283065796,-0.0708873569965362,-0.017597339869780567,0.17337387800216675,-0.0938508510589599,-0.031310818911833765,0.2028127908706664,-0.10916361212730402,-0.04272816312436587,0.22647106647491455,-0.12547475099563593,-0.05128587019567017,0.1085580587387085,-0.11113473773002619,-0.01934640278045657,0.1604037880897522,-0.14994178712368011,-0.03190108743433477,0.19238007068634044,-0.1730042695999145,-0.04195937124018197,0.21616554260253917,-0.1938341557979584,-0.04923595842842587,0.0828738808631897,-0.13804423809051508,-0.02391481009249217,0.11608314514160156,-0.197968989610672,-0.03942659106974127,0.1378624439239502,-0.2353190332651138,-0.052050225259108567,0.1555348038673401,-0.2656248807907104,-0.059956352980179865,0.05054599046707153,-0.1517159044742584,-0.030042076305789967,0.06406509876251221,-0.2123011946678161,-0.04559373465303897,0.074626624584198,-0.2509344220161438,-0.05432179179911137,0.08673018217086792,-0.2845921218395233,-0.05948099103693487
0.0,0.0,0.0,0.0,0.05261427164077759,0.032717585563659723,-0.018052710053836924,0.10044127702713013,0.03955191373825079,-0.027107259092247125,0.14092642068862915,0.038439214229583796,-0.03592256812504493,0.1698433756828308,0.047840833663940485,-0.044870383871113924,0.12097173929214478,-0.07784119248390192,-0.013719386254763224,0.16933196783065796,-0.104510098695755,-0.025351146069681325,0.19815224409103394,-0.12334892153739929,-0.034980229867016925,0.22083455324172974,-0.1417810022830963,-0.04224948940924372,0.10426348447799683,-0.11656814813613892,-0.015173582193767726,0.15417277812957764,-0.15936392545700068,-0.025629106742655925,0.18404453992843628,-0.18625777959823603,-0.034108813685691027,0.20621711015701294,-0.209760844707489,-0.040033556354558124,0.07870715856552124,-0.1416110098361969,-0.019418425691640026,0.10885500907897949,-0.2039702832698822,-0.03289748711637223,0.12906599044799805,-0.2433168441057205,-0.04466316832355233,0.14545702934265137,-0.2741172462701797,-0.05209961144379342,0.04665619134902954,-0.1525375247001648,-0.025222366509353826,0.05608677864074707,-0.21358183026313782,-0.039122231138264824,0.06437981128692627,-0.25256991386413574,-0.047111570668732825,0.07479584217071533,-0.2854399681091308,-0.05179492740086283
0.0,0.0,0.0,0.0,0.054009974002838135,0.03036290407180786,-0.017920201176366345,0.10553610324859619,0.029402613639831543,-0.027941815087160645,0.1463257074356079,0.021187424659729004,-0.03689575334783504,0.17592453956604004,0.02626192569732666,-0.04609402781125024,0.12404292821884155,-0.08932387828826904,-0.021233547010979143,0.17143762111663818,-0.12607714533805853,-0.03395043825503304,0.20050466060638428,-0.14849337935447693,-0.04349986230727154,0.22353625297546387,-0.16926628351211553,-0.05065852543111754,0.10451745986938477,-0.12856531143188482,-0.022222041615805144,0.15426313877105713,-0.17696350812911993,-0.03481608768697694,0.18551421165466309,-0.20852214097976685,-0.04374324669834095,0.20812582969665527,-0.23433440923690796,-0.049796288365087045,0.0757020115852356,-0.1531672179698944,-0.025268943512401144,0.10695838928222656,-0.22198942303657532,-0.04101790627237274,0.1286284327507019,-0.26675537228584295,-0.054339615160188245,0.14491510391235352,-0.30032506585121155,-0.062490438574513946,0.04203367233276367,-0.16293135285377502,-0.029281902590355444,0.053142249584198,-0.22857761383056646,-0.045752120667657346,0.060999155044555664,-0.27055084705352783,-0.055520304942092445,0.06920289993286133,-0.3054071664810181,-0.06099836295243214
0.0,0.0,0.0,0.0,0.052234798669815063,-0.014775395393371582,-0.021410185714955753,0.09812694787979126,-0.04686552286148077,-0.03288562955498255,0.13219553232192988,-0.07709914445877075,-0.04331725450396105,0.16282892227172846,-0.09129571914672857,-0.05380633087992236,0.06427335739135737,-0.15373533964157104,-0.022156266366835053,0.09241271018981928,-0.2173779308795929,-0.03769592182874245,0.10808336734771729,-0.2553815245628357,-0.04921339439391655,0.12045517563819885,-0.28761047124862676,-0.05722353222012085,0.034589797258377075,-0.17012715339660645,-0.023369347547884355,0.057315349578857366,-0.24528443813323975,-0.03679876389145415,0.07252070307731628,-0.29072868824005127,-0.046721134206052256,0.08348062634468079,-0.3268480598926545,-0.05347731324076215,0.0036986172199248712,-0.1693734228610993,-0.027325518300528952,0.005643188953399658,-0.24548745155334478,-0.04227735834359685,0.008577704429626465,-0.29213941097259527,-0.05344742896198795,0.012370496988296453,-0.32996924221515656,-0.06042514728545705,-0.027069091796875028,-0.15349996089935308,-0.033138375600572055,-0.04147946834564212,-0.2093476951122284,-0.048237796744103854,-0.04924792051315313,-0.24524825811386108,-0.05594177531241935,-0.053762733936309814,-0.2789043188095093,-0.06015355872153795
0.0,0.0,0.0,0.0,0.050924092531204196,-0.024928897619247492,-0.02358399722305646,0.08975264430046082,-0.06422069668769836,-0.03524665180174216,0.11919194459915161,-0.1017923355102539,-0.04556468519893996,0.14739498496055597,-0.12062469124794006,-0.05598805117932666,0.04471571743488309,-0.1670202016830445,-0.020136488783634762,0.06322667002677917,-0.2335014939308167,-0.03548653814522136,0.07354256510734558,-0.2742283493280411,-0.04810087028471336,0.08166572451591492,-0.3096524626016617,-0.05731409806338656,0.014223739504814092,-0.1762737631797791,-0.02020347322849146,0.02635571360588071,-0.25322601199150085,-0.03388544562784536,0.03469507396221161,-0.30225104093551636,-0.04560765642253266,0.04090635478496549,-0.3426478952169419,-0.05392767879692426,-0.015822917222976712,-0.1673087477684021,-0.023424444902218462,-0.022769823670387296,-0.2413246631622315,-0.03924444336024626,-0.025721907615661704,-0.2893187403678895,-0.05219309422699316,-0.026775747537613,-0.32931479811668396,-0.06033957395283096,-0.044516265392303495,-0.14365491271018987,-0.02868972550658096,-0.06515440344810489,-0.1950322389602661,-0.04484543967572556,-0.0762195959687233,-0.2310222983360291,-0.054029088649428965,-0.08323445916175849,-0.266889363527298,-0.059366859677709265
0.0,0.0,0.0,0.0,0.04725098609924308,-0.02792805433273321,-0.023361315313934417,0.08289793133735648,-0.07264670729637152,-0.03478264931237612,0.11001884937286377,-0.11262825131416321,-0.04477914917862332,0.1383262574672699,-0.13337928056716924,-0.05466600257551582,0.03536692261695859,-0.16900095343589783,-0.01914950210249342,0.05073010921478269,-0.2362624704837799,-0.034308729056476715,0.05965416133403778,-0.277696892619133,-0.046580584082960216,0.0668666213750839,-0.3137737959623337,-0.05548292148506562,0.006117597222328186,-0.17671003937721252,-0.01894819859063542,0.015699297189712497,-0.25349123775959026,-0.032329877201675516,0.022283539175987188,-0.3029386252164841,-0.043257494751571715,0.027651384472846985,-0.3450404107570648,-0.05078248057162682,-0.02247786521911621,-0.16675496101379395,-0.02195835794901762,-0.03201510012149811,-0.23938648402690893,-0.03764473396932992,-0.037282094359397916,-0.286136731505394,-0.04955482978022012,-0.03969506919384011,-0.326765850186348,-0.05675286549723062,-0.04912210255861291,-0.14166447520256042,-0.027027703184842218,-0.07227519899606712,-0.19056576490402222,-0.04247753444707312,-0.08508449792861941,-0.22442123293876654,-0.05047442141568572,-0.0935124829411507,-0.2592235505580902,-0.05497324961817182
0.0,0.0,0.0,0.0,0.04600982367992401,-0.03516411781311041,-0.02714500743024924,0.0761193484067916,-0.08102685213088989,-0.039785545124345845,0.10026726126670829,-0.12204530835151678,-0.05057615022235494,0.12660285830497742,-0.1448744237422943,-0.06143830324583624,0.02325485646724701,-0.17309695482254028,-0.019791625245147743,0.033570319414138794,-0.24224960803985598,-0.03510185684137914,0.038878738880157415,-0.287265032529831,-0.048378336979681046,0.04278771579265589,-0.3254573941230774,-0.058231204553180746,-0.005718350410461509,-0.1762941479682923,-0.01827119830124954,-0.0019011199474334994,-0.2560947835445405,-0.03183162937932584,0.0008001923561095914,-0.3088690787553788,-0.04430615882449724,0.0026981234550476074,-0.35251738131046295,-0.05341020206981284,-0.032929204404354095,-0.1620380580425263,-0.020597912176185642,-0.046583533287048395,-0.23444433510303497,-0.036855947031312945,-0.054050527513027205,-0.2823715656995774,-0.05116179938488584,-0.058840312063694,-0.3232592046260834,-0.060406416459613844,-0.058663338422775296,-0.13412860035896307,-0.025386564238601743,-0.0837227180600167,-0.18161576986312866,-0.041719574286275846,-0.0980839431285859,-0.21565121412277227,-0.051726344777875945,-0.107671469449997,-0.2510608434677125,-0.05821609850102044
0.0,0.0,0.0,0.0,0.04408608376979831,-0.0304401814937591,-0.02156993393364814,0.07741847634315491,-0.07255548238754272,-0.03498005699876214,0.1032217293977738,-0.10930192470550532,-0.04771441426638034,0.1294945627450943,-0.1295521855354309,-0.06087346207860374,0.02945992350578311,-0.17238667607307429,-0.02278618161145114,0.04126077890396121,-0.24129712581634521,-0.040943706599506344,0.0483271330595017,-0.28437721729278564,-0.05532896724108124,0.05371309816837311,-0.3219091147184372,-0.06558123436334994,8.507072925570403e-05,-0.1784685850143432,-0.025029888567956942,0.006394132971763611,-0.25690391659736633,-0.04092440587047004,0.01140084862709051,-0.3076722174882888,-0.05359914359215164,0.014488309621810913,-0.3499900698661804,-0.06254536863926315,-0.028186678886413588,-0.1664780974388122,-0.030184218851360342,-0.04129868745803829,-0.24039027094841003,-0.04728333112362284,-0.04758924245834349,-0.2872246503829956,-0.06024233084681894,-0.05101154744625089,-0.3269471675157547,-0.06824115869167705,-0.054061800241470295,-0.1401385068893432,-0.03719815072182084,-0.07981778681278229,-0.19106009602546692,-0.05333406683567424,-0.0936343967914581,-0.2258921563625335,-0.06191791426900294,-0.1031025424599647,-0.2595016807317733,-0.06693068352106474
0.0,0.0,0.0,0.0,0.05190987884998319,-0.010289192199707031,-0.02170287953347831,0.09357841312885282,-0.03767812252044678,-0.034943675116011215,0.12453554570674899,-0.06624114513397217,-0.04709924520582831,0.1551967114210129,-0.07788002490997314,-0.05966345728964481,0.061659321188926725,-0.14820799231529236,-0.025249624118515612,0.0881123095750809,-0.20674481987953186,-0.042977859691092114,0.10496787726879123,-0.24158108234405523,-0.056353048846432316,0.11884598433971408,-0.27267971634864807,-0.06575648994774491,0.03356932103633878,-0.16626843810081482,-0.026631310075828113,0.05606640875339511,-0.23592790961265564,-0.04197069020599991,0.0717948526144028,-0.28006520867347723,-0.05346368761391311,0.0833430737257004,-0.3168375492095947,-0.06144829975099241,0.0035789459943771085,-0.16560533642768865,-0.030668060720273612,0.004574418067932101,-0.23912450671195984,-0.04745884375304851,0.006617143750190707,-0.28742831945419317,-0.060576827690312016,0.010024547576904297,-0.32778847217559814,-0.06880107285113012,-0.02562430500984189,-0.14914152026176453,-0.036359125241943915,-0.0409613698720932,-0.20431852340698242,-0.05271014706821111,-0.04847897589206701,-0.24207043647766113,-0.06174363704056411,-0.05206756293773651,-0.27688848972320557,-0.06701001288027442
0.0,0.0,0.0,0.0,0.05118665099143982,-0.007706761360168457,-0.028050319418298355,0.09203171730041504,-0.032475054264068604,-0.043548810422407755,0.12606897950172424,-0.05655163526535034,-0.05669953221081406,0.15715980529785162,-0.06612169742584229,-0.06993736618755965,0.06580069661140442,-0.1365637183189392,-0.029983745083200054,0.0952683687210083,-0.1905803680419922,-0.04813263112305315,0.11339500546455383,-0.22576498985290527,-0.06160335534809745,0.12750950455665594,-0.2560508847236634,-0.07117320889233265,0.038889020681381226,-0.15570193529129028,-0.028364838227616856,0.0636044442653656,-0.22372779250144958,-0.04479703226684246,0.07982534170150762,-0.2670752406120301,-0.05635883206127795,0.0919559895992279,-0.30309945344924927,-0.06441153132914215,0.009702593088150024,-0.1575402021408081,-0.030022575646626054,0.013263970613479614,-0.22840225696563726,-0.048280096739517754,0.017431318759918213,-0.27505683898925787,-0.06161598780749945,0.022298812866210938,-0.3131223917007447,-0.07000255131720215,-0.01965740323066706,-0.14413022994995117,-0.03392578208445225,-0.03231677412986758,-0.19765877723693848,-0.051319136410938854,-0.03811922669410708,-0.23470783233642578,-0.061057078778730955,-0.04008553922176358,-0.27006685733795166,-0.06715125882624305
0.0,0.0,0.0,0.0,0.05168423056602478,0.002630949020385742,-0.018433867758005814,0.09975522756576538,-0.015661656856536865,-0.031044772630423212,0.13663232326507568,-0.03234302997589111,-0.04364664926180231,0.16950875520706177,-0.03417003154754639,-0.057513558110088014,0.0906316339969635,-0.1188398003578186,-0.027839227383822114,0.13138246536254877,-0.16753721237182617,-0.04754443540224421,0.15463685989379877,-0.1958596110343933,-0.06124238370904321,0.17372781038284302,-0.2212744951248169,-0.07035083769807211,0.0647045373916626,-0.14659923315048218,-0.03170774950632441,0.10003730654716486,-0.21086525917053223,-0.04810084848651281,0.12154337763786316,-0.24692922830581665,-0.05915116964825981,0.13683581352233887,-0.2767011523246765,-0.0667435496951043,0.034044682979583685,-0.1557592749595642,-0.03764549343833321,0.04797974228858948,-0.22753608226776123,-0.054171223929017714,0.05597269535064697,-0.27342402935028076,-0.06610469966182102,0.06314793229103088,-0.3110874891281128,-0.07407209723243112,0.0014612972736358643,-0.14830780029296875,-0.045000885417550714,-0.006421834230423029,-0.20827150344848633,-0.06059566958793991,-0.010430067777633723,-0.24613893032073975,-0.06824612318524712,-0.011364907026290949,-0.27964210510253906,-0.07284342198619241
0.0,0.0,0.0,0.0,0.049185097217559814,0.01689445972442638,-0.018541026526349834,0.09847700595855713,0.016282141208648793,-0.030321715065497235,0.1366448998451233,0.008264660835266224,-0.04198072258498083,0.16789042949676514,0.003152012825012429,-0.05396479893590814,0.10469222068786621,-0.09902673959732045,-0.021165787839549834,0.1527043581008911,-0.1375277042388915,-0.03902802769209753,0.18143832683563232,-0.1571308970451354,-0.05208955112959753,0.20547157526016235,-0.17481809854507435,-0.060615105220335835,0.08544224500656128,-0.13043898344039906,-0.024292688482660134,0.13373684883117676,-0.18273085355758656,-0.03933930549885643,0.16690391302108765,-0.21176767349243153,-0.050659784713047835,0.1928122639656067,-0.236175775527954,-0.05846120197440993,0.05922842025756836,-0.14793121814727772,-0.030088640415328834,0.08764773607254028,-0.21525722742080677,-0.046323040166157535,0.1063581109046936,-0.2583531141281127,-0.059280810543555135,0.12232565879821777,-0.29342126846313465,-0.06766011346246613,0.028570950031280518,-0.15167808532714833,-0.037349620499867335,0.037457942962646484,-0.21049094200134266,-0.053339393475312136,0.04118698835372925,-0.2488359212875365,-0.06166539866592294,0.04546654224395752,-0.2834033370018004,-0.06653819758560073
0.0,0.0,0.0,0.0,0.05215585231781006,0.018987596035003773,-0.01575282071357259,0.099864661693573,0.016384899616241344,-0.02419993695443159,0.13536149263381958,0.007720589637756348,-0.03346069198673259,0.16494101285934448,0.006578147411346547,-0.04302398156946189,0.12019604444503784,-0.09852766990661621,-0.00697489915987139,0.16165131330490112,-0.1378108263015747,-0.01870046225016599,0.1862136721611023,-0.15925639867782593,-0.02876927372639669,0.20689386129379272,-0.1776367425918579,-0.03657861095493329,0.10018473863601685,-0.1298120617866516,-0.01158737898444419,0.14268577098846436,-0.18058276176452637,-0.02320898179536349,0.17177075147628784,-0.21143794059753418,-0.03447710391705519,0.19379669427871704,-0.23564821481704712,-0.04240521457617769,0.07252109050750732,-0.14628440141677856,-0.01963387657528409,0.09825783967971802,-0.21495115756988525,-0.03521788906877529,0.11687010526657104,-0.25937753915786743,-0.05080023449485789,0.13402485847473145,-0.29550641775131226,-0.06103323441570289,0.03902101516723633,-0.1496962308883667,-0.02900135744934569,0.04804152250289917,-0.20839768648147583,-0.04591333535140049,0.054602861404418945,-0.24706286191940308,-0.05707409646933569,0.0641208291053772,-0.2808188796043396,-0.06428260025208479
0.0,0.0,0.0,0.0,0.048456549644470215,0.025399863719940186,-0.008472059293751437,0.09341388940811157,0.022470951080322266,-0.011143443546359237,0.1258729100227356,0.014698624610900879,-0.015556621736948236,0.14463531970977783,0.017943143844604492,-0.020228593981926137,0.11361461877822876,-0.08594357967376709,0.003545318125645663,0.15832030773162842,-0.11255252361297607,-0.0037229514206842365,0.18523675203323364,-0.13214892148971558,-0.011584593354825737,0.2059575915336609,-0.15138167142868042,-0.017956360614959938,0.10084915161132812,-0.11944925785064697,-0.0011112230355933368,0.14783859252929688,-0.16200554370880127,-0.007432496081207737,0.1772182583808899,-0.18818390369415283,-0.015050347334806636,0.198574960231781,-0.21147775650024414,-0.020451645738546537,0.08092772960662842,-0.1421481966972351,-0.008429154194061537,0.11225712299346924,-0.20462912321090698,-0.017538304812376237,0.13222575187683105,-0.24274277687072754,-0.028288700989548936,0.14766663312911987,-0.27463603019714355,-0.03530160095459674,0.0542752742767334,-0.1539967656135559,-0.016826869360272636,0.06863600015640259,-0.20896893739700317,-0.026334303802911938,0.07875442504882812,-0.24366039037704468,-0.032618434540097434,0.08831924200057983,-0.27223050594329834,-0.03659089784986234
0.0,0.0,0.0,0.0,0.048635900020599365,0.029174864292144886,0.0007084495654509691,0.0909496545791626,0.02737313508987449,0.005178447513486569,0.12412434816360474,0.018675446510315052,0.006261759138311569,0.14639395475387573,0.019188642501831277,0.006948384622688669,0.11102837324142456,-0.07904863357543934,0.02082374801730677,0.15622413158416748,-0.10548812150955189,0.01828876433765457,0.18329507112503052,-0.12349796295166005,0.01306665053462547,0.20417994260787975,-0.14026492834091175,0.00823398975526847,0.10187900066375732,-0.11044365167617787,0.012507102618570768,0.14982789754867554,-0.15403676033020008,0.00912377906834647,0.18023329973220825,-0.18018370866775502,0.001544269200991169,0.2024465799331665,-0.2016823887825011,-0.003767211289499431,0.08504432439804077,-0.13029873371124256,0.001477744014579169,0.11938643455505371,-0.1937183141708373,-0.006935270802472331,0.14174842834472656,-0.23218780755996693,-0.01864686684811543,0.1600523591041565,-0.26509439945220936,-0.026088622232322133,0.06184184551239014,-0.13888555765151966,-0.00983453991020153,0.08211231231689453,-0.19591563940048207,-0.01997956337535803,0.0949816107749939,-0.23004335165023793,-0.02713632473850673,0.10790318250656128,-0.2586545944213866,-0.03162696847820703
0.0,0.0,0.0,0.0,0.0459102988243103,0.04319012165069569,-0.004102910391253455,0.08827972412109375,0.05283784866333008,-0.0016087329594540558,0.12339580059051514,0.052284300327300914,-0.0010857188489409558,0.14598208665847778,0.055842220783233754,-0.0007793435824225557,0.12321335077285767,-0.052027881145477295,0.011672721721964744,0.1734439730644226,-0.06900733709335327,0.007747037348138944,0.20324140787124623,-0.08183008432388306,0.0018374316979076443,0.22685891389846802,-0.09525424242019653,-0.0037854115825268556,0.11596649885177612,-0.08683711290359497,0.005639951688038944,0.1692226529121399,-0.11705911159515381,2.8802677746853078e-05,0.2029449939727782,-0.1366788148880005,-0.009280678338569655,0.22876936197280884,-0.15496623516082764,-0.016215185157221857,0.0993834137916565,-0.1122559905052185,-0.0029943918224545557,0.13861364126205444,-0.1674538254737854,-0.013669917813700656,0.16604292392730713,-0.20235145092010498,-0.027602322853368756,0.18954545259475708,-0.23269271850585938,-0.036863957054180156,0.07546234130859375,-0.12733548879623413,-0.012021641700727056,0.09929114580154419,-0.18159568309783936,-0.024934987059992857,0.11588501930236816,-0.21572893857955933,-0.03459074766115575,0.13333052396774292,-0.24367570877075195,-0.040968593663734454
0.0,0.0,0.0,0.0,0.04131799936294556,0.052512526512145996,-0.0031698423089209474,0.07901030778884888,0.070118248462677,-0.0018788096612069472,0.11372846364974976,0.08053040504455578,-0.002766284637686947,0.1339409351348877,0.09921437501907338,-0.003452988585991047,0.11776387691497803,-0.029078006744384766,0.01889477180077385,0.16424775123596191,-0.0402485728263855,0.02187607878579455,0.19250392913818348,-0.0501861572265625,0.021096127794521552,0.21211516857147228,-0.06178700923919678,0.018910984264152754,0.11241728067398071,-0.06605696678161621,0.014839133003192654,0.16271334886550903,-0.08905696868896484,0.017479291872518753,0.19105517864227306,-0.10451549291610718,0.014421908871668153,0.21159154176712025,-0.12105011940002441,0.011599099019008453,0.09873729944229126,-0.09523433446884155,0.008138873369830353,0.13639628887176514,-0.14362692832946777,0.004696299077409052,0.16139835119247437,-0.17285102605819702,-0.003866534226176547,0.1803315281867981,-0.1989564299583435,-0.009885828255278247,0.07960814237594604,-0.11391013860702515,0.0007855135946783528,0.10410678386688232,-0.16341060400009155,-0.005765260907423847,0.12091273069381714,-0.19322514533996582,-0.011975730082553947,0.13705295324325562,-0.21780622005462646,-0.016148657782537146
0.0,0.0,0.0,0.0,0.04157662391662598,0.04945486783981323,-0.004751522386129566,0.07912701368331909,0.06714200973510742,-0.0034067172684330662,0.111247718334198,0.07239896059036244,-0.003747952229957666,0.13251852989196777,0.08160287141799927,-0.003882720892931866,0.11798173189163208,-0.03762394189834595,0.012902028100882033,0.16499245166778564,-0.0503574013710022,0.011701995680425533,0.19315719604492188,-0.05963397026062012,0.008125869730804335,0.21471750736236572,-0.07045692205429077,0.004492109814975634,0.1116529107093811,-0.07455480098724365,0.008706286723111134,0.16352862119674683,-0.09910809993743896,0.006612556694392334,0.19415962696075428,-0.11574947834014893,0.001262974167559534,0.21575498580932628,-0.13191765546798706,-0.002741283796410666,0.09637516736984253,-0.1025627851486206,0.0018260734494219338,0.135292649269104,-0.15239763259887695,-0.005846157962139366,0.16057348251342773,-0.18251168727874756,-0.016079406080450467,0.1797817349433899,-0.20888161659240723,-0.022356490431036467,0.07408314943313599,-0.12086987495422363,-0.005610415072794666,0.09895652532577515,-0.17317235469818115,-0.015584622336234566,0.11498582363128662,-0.20503616333007812,-0.022703221825565768,0.13019520044326782,-0.23124593496322632,-0.026883163315858365
0.0,0.0,0.0,0.0,0.05063796043395996,0.04136085510253906,-0.010744949648625315,0.09948420524597168,0.05749046802520741,-0.016200699689335313,0.13772791624069214,0.072664976119995,-0.023103738980836314,0.16573619842529297,0.09352993965148926,-0.030425761672205415,0.13682883977890015,-0.04487717151641846,-0.0001635025169264152,0.19010889530181885,-0.057728111743927,-0.009428253243214516,0.22093212604522705,-0.06472605466842651,-0.019090254636950015,0.24641555547714233,-0.07376652956008911,-0.026752346041149615,0.12531179189682007,-0.08395999670028687,-0.005254429145253415,0.18093079328536987,-0.1106371283531189,-0.014022127571053014,0.21661055088043213,-0.12639927864074707,-0.024278675051874615,0.24270278215408325,-0.14130687713623047,-0.031865390794820314,0.10331130027770996,-0.1125950813293457,-0.013205311106986516,0.14596951007843018,-0.16222673654556274,-0.025037021222061615,0.17498892545700073,-0.19211894273757935,-0.03735280300909941,0.1982579231262207,-0.21685534715652466,-0.045488896625585015,0.07380914688110352,-0.13085627555847168,-0.022234386610335815,0.0980215072631836,-0.18433231115341187,-0.035483750360555115,0.1153222918510437,-0.21889632940292358,-0.04341867085034321,0.13268226385116577,-0.24815034866333008,-0.04818260933691931
0.0,0.0,0.0,0.0,0.04505270719528198,0.03849524259567261,-0.022600539135936435,0.09381121397018433,0.0592617392539978,-0.035008279713991834,0.13357943296432495,0.06913048028945923,-0.04638492140472293,0.16717088222503662,0.08329242467880249,-0.05791655379832143,0.12940382957458496,-0.04656785726547241,-0.021436261120442134,0.1828097105026245,-0.06665396690368652,-0.03744472760260464,0.21256321668624878,-0.07869219779968262,-0.049557289215925934,0.23710578680038452,-0.09129530191421509,-0.05807801533043744,0.11610174179077148,-0.08646965026855469,-0.022714778888229134,0.17073297500610352,-0.11581212282180786,-0.037659624698761635,0.20500773191452026,-0.1348913311958313,-0.049488352718952834,0.23156291246414185,-0.15238600969314575,-0.05770768794715764,0.0927172303199768,-0.11564880609512329,-0.027067845794562034,0.13363498449325562,-0.16646146774291992,-0.043044379088286136,0.16045957803726196,-0.1970576047897339,-0.05532241809666513,0.183752179145813,-0.22095364332199097,-0.06341893050372953,0.06155306100845337,-0.1339007019996643,-0.033343182983998035,0.08003395795822144,-0.1874186396598816,-0.04944398078620783,0.09297889471054077,-0.22232675552368164,-0.05793475929201004,0.10701251029968262,-0.2527347207069397,-0.06292985949218624
0.0,0.0,0.0,0.0,0.0473602712154389,0.03171706199645996,-0.01992712223793087,0.09599819779396063,0.04316920042037964,-0.03251212516690307,0.13591876626014715,0.050207674503326416,-0.04437437707449017,0.16841849684715277,0.06307429075241078,-0.05691151374841747,0.12350443005561834,-0.06378555297851562,-0.02347186820472297,0.1758898794651032,-0.0880233645439148,-0.040691268238077775,0.20632591843605047,-0.10338753461837769,-0.05357652211452537,0.231578677892685,-0.1174764633178711,-0.06254003250862177,0.1082881391048432,-0.10220742225646973,-0.026463702860127072,0.1618469655513764,-0.14097613096237183,-0.04130899215007837,0.19606652855873113,-0.1626264452934265,-0.05246773043538147,0.22302082180976873,-0.1812646985054016,-0.06028465608025607,0.0823026597499848,-0.12701541185379028,-0.032078862729321075,0.12059870362281805,-0.184922456741333,-0.048171125891457174,0.1454585492610932,-0.22117167711257935,-0.060479119959126075,0.16729864478111273,-0.24990153312683105,-0.06849718147779527,0.04895839095115667,-0.1394621729850769,-0.039147351476202574,0.06484839320182806,-0.19852489233016968,-0.05474881136680657,0.07617905735969549,-0.23364168405532837,-0.06253207528854428,0.08860757946968084,-0.2627750635147095,-0.06703177893425047
0.0,0.0,0.0,0.0,0.048426628112793024,0.03077256679534912,-0.026983714710922854,0.09890097379684454,0.04217195510864258,-0.042827685412021255,0.14010822772979742,0.045545995235443115,-0.056706176187844855,0.17403501272201544,0.05805325508117676,-0.07102390849217946,0.11889326572418218,-0.06977641582489014,-0.031056975062938353,0.1720003485679627,-0.09104090929031372,-0.05193825536593975,0.2051693201065064,-0.10541212558746338,-0.06763376021012846,0.23332571983337408,-0.11965584754943848,-0.07814264022931636,0.10218906402587896,-0.10689932107925415,-0.03162039541825826,0.15593492984771734,-0.14785850048065186,-0.04913434856757695,0.189007580280304,-0.17403888702392578,-0.062031717088075256,0.21570920944213873,-0.19766610860824585,-0.07100596749410215,0.07618093490600591,-0.12941902875900269,-0.035214652355762155,0.1096488237380982,-0.18450427055358887,-0.053360124167056655,0.13131165504455572,-0.2193140983581543,-0.06545958393439825,0.1503079533576966,-0.24789774417877197,-0.07308526062593046,0.04298478364944458,-0.1391412615776062,-0.041106448557229655,0.05444896221160889,-0.19563627243041992,-0.05792085179314195,0.06344902515411383,-0.23221492767333984,-0.06555425101146276,0.07447752356529241,-0.2652701139450073,-0.06988363438472325
0.0,0.0,0.0,0.0,0.043698012828826904,-0.0017526745796203613,-0.0131303820799644,0.07551485300064081,-0.03913658857345581,-0.021266939495092098,0.098714679479599,-0.07525944709777832,-0.0279536996077354,0.11974838376045227,-0.10223227739334106,-0.0358506184111888,0.0739499032497406,-0.0871114730834961,-0.0353738483082111,0.10927185416221619,-0.13645505905151367,-0.0537396188865955,0.1299530267715454,-0.16548055410385132,-0.06364285983551089,0.14615276455879211,-0.18763244152069092,-0.0702219087671096,0.0577351450920105,-0.09587645530700684,-0.0396007452200706,0.0899124145507812,-0.14362412691116333,-0.0618104007135684,0.1108500063419342,-0.17853927612304688,-0.0770067650865371,0.1264973878860473,-0.20848959684371948,-0.0866782221983726,0.03767254948616028,-0.08968490362167358,-0.0433575030456836,0.04631760716438288,-0.13307803869247437,-0.06579517610776969,0.05384382605552668,-0.1663362979888916,-0.0816487301181609,0.06174930930137629,-0.19518637657165527,-0.0918673355172927,0.016788125038146973,-0.07395780086517334,-0.0469453450332935,0.012965589761734009,-0.09012842178344727,-0.0684468451927955,0.01550370454788208,-0.09894120693206787,-0.0797886107157523,0.02010080218315119,-0.10761088132858276,-0.0867056179832275
0.0,0.0,0.0,0.0,0.019449442625045776,-0.05683255195617676,-0.0022836545636834224,0.048787534236908014,-0.11183494329452515,-0.011048230730551722,0.06855526566505438,-0.16088610887527466,-0.020115812697071023,0.07383376359939581,-0.20376914739608765,-0.030175120957750323,0.06816989183425909,-0.10759550333023071,-0.032878832348245624,0.1158843338489533,-0.15920883417129517,-0.05270289389099502,0.1417580246925354,-0.18812119960784912,-0.06260674578751942,0.16178485751152039,-0.21406781673431396,-0.06847711039389992,0.07156935334205627,-0.0828171968460083,-0.04220432920064352,0.12048989534378057,-0.1356094479560852,-0.061883149125236424,0.14638561010360718,-0.16910910606384277,-0.07061002535428422,0.16504603624343878,-0.19760078191757202,-0.07558722180928612,0.07290074229240417,-0.04485428333282471,-0.050244526394266124,0.12100464105606079,-0.06857585906982422,-0.06941131634320633,0.14553380012512207,-0.0838279128074646,-0.07512784881200213,0.1633610725402832,-0.10194659233093262,-0.07726227624024773,0.0725520551204682,0.0017609596252441406,-0.05730966610516922,0.10895338654518127,-0.005743503570556641,-0.07114918661918063,0.1294180154800415,-0.012214481830596924,-0.07307490838374513,0.1477016806602478,-0.023207128047943115,-0.07315665615405462
0.0,0.0,0.0,0.0,0.00923991203308111,-0.06398022174835205,0.0006954676515249355,0.029152095317840576,-0.12744808197021484,-0.004790729652455565,0.04086169600486761,-0.18074029684066772,-0.010812575272581164,0.0380187332630158,-0.22137165069580078,-0.017404110445937666,0.06381946802139288,-0.12131625413894653,-0.023099829717835963,0.10666242241859442,-0.1836245059967041,-0.037090608193835764,0.1297619640827179,-0.21669542789459229,-0.04332474739786107,0.1470247507095337,-0.24478411674499512,-0.04729781047936397,0.07442218065261841,-0.09483587741851807,-0.03235997007723766,0.12012630701065069,-0.15558546781539917,-0.04592560724850606,0.1436877846717835,-0.19153940677642822,-0.052072053118905566,0.16039246320724487,-0.22163206338882446,-0.055949711515864864,0.08113822340965271,-0.0560077428817749,-0.04046727837558697,0.13232624530792242,-0.08452659845352173,-0.05489140497084576,0.1611093282699585,-0.10186153650283813,-0.059871078743896064,0.18291005492210388,-0.12032675743103027,-0.062256627991160864,0.08400881290435791,-0.010777950286865234,-0.047455393984279164,0.12470844388008118,-0.018462419509887695,-0.059395236238202566,0.1497453153133393,-0.025399506092071533,-0.061395366951188565,0.17271745204925537,-0.03752392530441284,-0.061663502171000965
0.0,0.0,0.0,0.0,-0.006147831678390503,-0.06679505109786987,-0.00036654227550056667,-0.0007490515708923895,-0.13232606649398804,-0.006412791661190867,0.00022143125534052066,-0.18656355142593384,-0.012494112937915167,-0.007899105548858698,-0.22341573238372803,-0.019294115356373667,0.052823036909103394,-0.13677912950515747,-0.021887176311778868,0.08418929576873779,-0.20786184072494507,-0.034014627910423166,0.10140451788902283,-0.2478417158126831,-0.039428752488660665,0.1126739084720611,-0.27878230810165405,-0.04241216240005476,0.07253623008728022,-0.11139512062072754,-0.028640384427475768,0.10975381731987,-0.1838775873184204,-0.04025728312807067,0.1308267712593078,-0.22605299949645996,-0.04486682323293677,0.1450941264629364,-0.2586575150489807,-0.047250036723184466,0.08688908815383911,-0.07477158308029175,-0.03436939475612626,0.13455677032470703,-0.11793351173400879,-0.04577545133905397,0.16376438736915588,-0.1423943042755127,-0.050289635188150265,0.18451160192489624,-0.16335958242416382,-0.05231472162084567,0.09538769721984863,-0.03372466564178467,-0.03904451487140646,0.1365856528282165,-0.05259960889816284,-0.048002739078569265,0.1610540747642517,-0.06473350524902344,-0.048636101759242864,0.18229061365127563,-0.07874029874801636,-0.04776335937457077
0.0,0.0,0.0,0.0,-0.01649576425552368,-0.0673881173133849,0.0007605104447634144,-0.023971140384674072,-0.13289827108383168,-0.005707393519457986,-0.03246569633483887,-0.1861491799354552,-0.012483933128294185,-0.045471519231796265,-0.22237902879714955,-0.019954756021377286,0.040929168462753296,-0.15584760904312123,-0.018714541688439085,0.06273072957992554,-0.23172605037689198,-0.029053570821758884,0.07329046726226801,-0.2744197845458983,-0.03382473450886889,0.08142203092575073,-0.3083128333091735,-0.03646028053748288,0.0657366812229156,-0.13571846485137928,-0.025919580951210684,0.09826305508613581,-0.2146320343017577,-0.035886924832936984,0.11620154976844782,-0.26012873649597157,-0.039696741968270985,0.12944424152374262,-0.2942713499069213,-0.04191100981819309,0.08457726240158081,-0.1038219928741454,-0.032140135884162584,0.12959742546081543,-0.1571090817451476,-0.041384328275796585,0.15534675121307373,-0.1905563473701476,-0.04547020432340779,0.17346352338790894,-0.21882039308547963,-0.04778235045063178,0.09738186001777649,-0.0657706856727599,-0.03734285396325269,0.14056450128555292,-0.09437894821166981,-0.043542370319244086,0.1649855375289917,-0.11335951089858998,-0.043125219762202884,0.18517422676086426,-0.13333159685134877,-0.04206525546300099
0.0,0.0,0.0,0.0,-0.034193664789199774,-0.053967297077178844,-0.0019287379062261866,-0.05552002787590021,-0.11208575963973988,-0.008501199826085286,-0.07376047968864441,-0.15824687480926503,-0.015280531540000187,-0.0941815972328186,-0.18502241373062123,-0.022997896007680586,0.0068483650684357245,-0.16844314336776722,-0.014015297226094887,0.012007713317871094,-0.24702292680740345,-0.022001619271421188,0.01400536298751831,-0.29018515348434437,-0.027375860891723388,0.015573799610137995,-0.3237634301185607,-0.031181900582694686,0.03600955009460449,-0.1579872965812682,-0.020679133764886587,0.0509402751922608,-0.24289703369140614,-0.026425213373684586,0.05876192450523382,-0.2919574975967406,-0.030818314112209987,0.06559246778488159,-0.3277643918991088,-0.03476890065469709,0.06062203645706182,-0.13418281078338612,-0.027305525548243188,0.09099510312080389,-0.20860272645950306,-0.035774583748960184,0.11001691222190862,-0.25099283456802357,-0.042369964353227284,0.12430578470230108,-0.2834913134574889,-0.04717111476459478,0.08083277940750122,-0.10271918773651112,-0.033201294771814084,0.11232805252075201,-0.15402662754058827,-0.04136980958976719,0.13039922714233404,-0.18365520238876332,-0.043279777101659485,0.14482295513153082,-0.21090507507324208,-0.04424719773926709
0.0,0.0,0.0,0.0,-0.04410022497177124,-0.041764020919799805,-0.002057948856972212,-0.07232937216758722,-0.08650535345077515,-0.009231286132134612,-0.0990186333656311,-0.12833088636398315,-0.015575477862157011,-0.12263664603233332,-0.15375572443008423,-0.02201481443772471,-0.013319075107574407,-0.15398305654525757,-0.018321019606091213,-0.019965887069702093,-0.23027044534683228,-0.026188603611089413,-0.02436587214469904,-0.2721223831176758,-0.029917384506560913,-0.025493264198303223,-0.30770576000213623,-0.03215956968197981,0.016541212797164973,-0.15281623601913452,-0.02024122235307851,0.022667109966278076,-0.2351672649383545,-0.03064971511194861,0.026005744934082087,-0.2823259234428406,-0.03496859502921261,0.03036820888519287,-0.3178064823150635,-0.03750158009061971,0.04173204302787786,-0.13684457540512085,-0.020825638444520612,0.0709975957870484,-0.20393061637878418,-0.030001294807888712,0.09005808830261236,-0.2416599988937378,-0.034052464188434314,0.10378327965736389,-0.2711261510848999,-0.03538535070548221,0.058663189411163386,-0.11318576335906982,-0.02021213714907331,0.0865385234355927,-0.16612458229064941,-0.02378584166000051,0.1011199951171875,-0.19217842817306519,-0.02145378758142151,0.11394166946411138,-0.214985191822052,-0.01897163038084661
0.0,0.0,0.0,0.0,0.060969442129135076,-0.0013817548751831055,-0.0364492241857874,0.1160627007484436,-0.017245948314666748,-0.0595403131662237,0.16141623258590698,-0.03131657838821411,-0.0797192570386755,0.20258918404579157,-0.03395426273345947,-0.0999412280140745,0.08816993236541748,-0.1637134552001953,-0.0418992605625021,0.12901031970977778,-0.22875618934631348,-0.0664101284561979,0.1544081568717956,-0.2692906856536865,-0.0841839727578985,0.1757863163948059,-0.30522000789642334,-0.0966127109347212,0.05480888485908508,-0.19111037254333496,-0.0398692790983545,0.09026050567626948,-0.27261584997177124,-0.0612283167062628,0.11422842741012568,-0.32314884662628174,-0.0763162639556753,0.13325044512748718,-0.36529541015625,-0.0873461928783285,0.01725736260414118,-0.19604694843292236,-0.0418428857444155,0.024319112300872803,-0.28390491008758545,-0.0648125451622831,0.031107544898986816,-0.3414945602416992,-0.0821660351572859,0.03955087065696716,-0.3897693157196045,-0.093506742697798,-0.02122613787651062,-0.18103504180908203,-0.0466184508620131,-0.03802549839019781,-0.24897652864456177,-0.0675991368113386,-0.047129273414611816,-0.2941255569458008,-0.0792528506933081,-0.05166751146316531,-0.3371061682701111,-0.0867928680597174
0.0,0.0,0.0,0.0,0.059484988451004084,0.007458209991455078,-0.038235870263463236,0.11266893148422247,-0.001822829246520996,-0.06302885066617134,0.15882733464241028,-0.01035618782043457,-0.08474537085641023,0.20122992992401129,-0.011809825897216797,-0.10695923220265513,0.09846562147140508,-0.14620202779769897,-0.046886784098035136,0.1437378227710724,-0.20437341928482056,-0.07316509734738473,0.171777755022049,-0.24103087186813354,-0.09214574944127203,0.19502592086791998,-0.27411437034606934,-0.10556074332345133,0.0706863403320313,-0.17865848541259766,-0.04511129956591724,0.11219215393066406,-0.2548919916152954,-0.06816405158389213,0.13979107141494757,-0.3031877279281616,-0.08468636225808264,0.16158023476600647,-0.3441533446311951,-0.09691212426770333,0.035073637962341364,-0.19031661748886108,-0.04719636317241793,0.0533919632434845,-0.27961480617523193,-0.07137170534480214,0.0658478736877442,-0.33605340123176575,-0.08877977084267734,0.079377681016922,-0.38384976983070374,-0.10034896533835534,-0.004648238420486395,-0.18282365798950195,-0.05212642725456353,-0.013927370309829712,-0.255268931388855,-0.07457480680096744,-0.01708513498306269,-0.3028504252433777,-0.08665572207320334,-0.01436918973922724,-0.34715276956558233,-0.09456018458951114
0.0,0.0,0.0,0.0,0.06192708015441889,0.0019270777702331543,-0.04219091599838969,0.11536547541618347,-0.014053940773010254,-0.06845525568382979,0.1623543202877044,-0.024710893630981445,-0.09111601030485869,0.2056951224803924,-0.021517038345336914,-0.1140505737628245,0.09923210740089411,-0.16892844438552856,-0.049755542632510696,0.1452314257621765,-0.23459339141845703,-0.07740417039053679,0.17261075973510742,-0.2792385816574097,-0.0975862137045169,0.19500362873077393,-0.3191205859184265,-0.11226241206782099,0.06603085994720459,-0.20159602165222168,-0.047304994520118195,0.10349681973457331,-0.2882235646247864,-0.0727213016714358,0.12937059998512268,-0.3442993462085724,-0.09076692825215099,0.14995747804641718,-0.3923551738262177,-0.1037090635861659,0.02690628170967102,-0.20918643474578857,-0.049143190589120395,0.03766864538192749,-0.3044876456260681,-0.0762116602625155,0.04757356643676758,-0.3696401119232178,-0.09614729052441359,0.058912038803100586,-0.4261697232723236,-0.10898509537832969,-0.015079021453857505,-0.19575870037078857,-0.05415493538635009,-0.027797192335128812,-0.2706583142280579,-0.07954279249565839,-0.03288048505783081,-0.3226462602615357,-0.09361177599089379,-0.0318067222833634,-0.3730756640434265,-0.1026293328966403
0.0,0.0,0.0,0.0,-0.07991701364517212,0.02077096700668335,-0.033096054907446146,-0.1600503921508789,0.01755136251449585,-0.054457789625530446,-0.22573906183242798,0.015757441520690918,-0.07350278120816255,-0.27747952938079834,0.02010124921798706,-0.09228738617480295,-0.16956931352615356,-0.14984995126724243,-0.02981408533037205,-0.23420828580856323,-0.2131674885749817,-0.05169721912920975,-0.2729440927505493,-0.25039780139923096,-0.07073502462685605,-0.3046588897705078,-0.2847732305526734,-0.08522784184992815,-0.13800376653671265,-0.19463419914245605,-0.03247377869070075,-0.19693684577941895,-0.2818860411643982,-0.05073084157288575,-0.23487967252731323,-0.334624469280243,-0.06709945421994234,-0.2663041353225708,-0.378356158733368,-0.07985826056778925,-0.09691548347473145,-0.22013741731643677,-0.040012127127056346,-0.14230948686599731,-0.3140285611152649,-0.06080731969655055,-0.1706264615058899,-0.371066302061081,-0.07561496120274565,-0.1971699595451355,-0.41945549845695496,-0.08625313859761255,-0.04933154582977295,-0.23138195276260376,-0.050664840604667846,-0.07016384601593018,-0.31770202517509466,-0.07048873823464415,-0.08710753917694092,-0.3723549544811249,-0.07973025959313415,-0.10546678304672241,-0.4207134544849396,-0.08584243279278775
0.0,0.0,0.0,0.0,-0.07458561658859253,0.021576642990112305,-0.027239927717914645,-0.1510145664215088,0.021897554397583008,-0.04525941207396045,-0.21216458082199097,0.024447381496429443,-0.06189223348485484,-0.2591516971588135,0.029123902320861816,-0.07831024720655924,-0.16275835037231445,-0.13502192497253418,-0.023868668520321944,-0.226232647895813,-0.19025415182113647,-0.04359122335301884,-0.26344349980354315,-0.2230190634727478,-0.05998539521681315,-0.29374724626541143,-0.2501331567764282,-0.07178235396133914,-0.1352924108505249,-0.1803121566772461,-0.027620112219324245,-0.1954990029335022,-0.26395165920257574,-0.04315162792192945,-0.23300665616989136,-0.3091268539428711,-0.05619885742055424,-0.2628365159034729,-0.34167894721031195,-0.06574228003012195,-0.09743541479110718,-0.20822083950042725,-0.035730845922103044,-0.144392728805542,-0.298726499080658,-0.05368172719465744,-0.1750795841217041,-0.3497767448425293,-0.06563063307987704,-0.20183664560317993,-0.3882466852664948,-0.07368377938257704,-0.05317467451095581,-0.2221032977104187,-0.046379957043995945,-0.07560116052627563,-0.3045308887958527,-0.06240816756474024,-0.0936133861541748,-0.35596638917922974,-0.06848076328026305,-0.11192244291305542,-0.39699837565422064,-0.07210635735975754
0.0,0.0,0.0,0.0,-0.06776779890060425,0.017895817756652832,-0.019692956428173095,-0.144243061542511,0.01552802324295044,-0.03199167824828909,-0.20225048065185547,0.005840718746185303,-0.0425556255086689,-0.242867112159729,0.005147814750671387,-0.05259665004456329,-0.1403934359550476,-0.11697632074356079,-0.023517471696379695,-0.19766193628311157,-0.1735873818397522,-0.03983406997764399,-0.23109924793243408,-0.20609205961227417,-0.052352330605628994,-0.257307767868042,-0.23252904415130615,-0.0609876168473988,-0.11516547203063965,-0.15702825784683228,-0.026221378664615696,-0.17002540826797485,-0.23187875747680664,-0.0384220992728501,-0.20440387725830078,-0.27564516663551336,-0.047159093390348496,-0.22919738292694092,-0.30809351801872253,-0.0537797240122586,-0.08306795358657837,-0.18230032920837402,-0.031707963864448595,-0.12389242649078369,-0.26069650053977966,-0.0453112190171509,-0.15021294355392456,-0.30985748767852783,-0.053602612535598795,-0.16984838247299194,-0.34583747386932373,-0.0590187338694363,-0.04579359292984009,-0.19651609659194946,-0.038948929826858596,-0.06779813766479492,-0.26939791440963745,-0.051379817496183394,-0.08554333448410034,-0.31481367349624634,-0.055806084494236,-0.10116302967071533,-0.35148936510086065,-0.0581247126265793
0.0,0.0,0.0,0.0,-0.06787532567977905,0.014829754829406738,-0.019556894723422102,-0.1390150785446167,0.007045328617095947,-0.031209125939852804,-0.18960434198379517,-0.005422472953796387,-0.0419004520514079,-0.2275940179824829,-0.010797739028930664,-0.0522942206003733,-0.13916939496994019,-0.12947648763656616,-0.018544504243976603,-0.19253408908843994,-0.18800580501556396,-0.0351820958890982,-0.22225815057754517,-0.22434619069099432,-0.0492869837322302,-0.24506837129592896,-0.2550058364868164,-0.0595861559846468,-0.11113828420639038,-0.16774487495422363,-0.0235049927719899,-0.1604943871498108,-0.2430195808410645,-0.0374282037952013,-0.19042032957077026,-0.2893958687782288,-0.0495621187725134,-0.21292716264724731,-0.3247150182723999,-0.0584372503795691,-0.07622122764587402,-0.1904943585395813,-0.0317740587630339,-0.11624300479888916,-0.2698230743408203,-0.0480486972370215,-0.13895517587661743,-0.3176270723342896,-0.0584950370826788,-0.15714424848556519,-0.3544260859489441,-0.0653182787933417,-0.03546762466430664,-0.2013264298439026,-0.041914604429251705,-0.05264014005661011,-0.2738569378852844,-0.0566036326923438,-0.06626206636428833,-0.3198940753936768,-0.062028333369738606,-0.07940030097961426,-0.357696533203125,-0.0651049537696906
0.0,0.0,0.0,0.0,-0.07134860754013062,0.007986068725585938,-0.027094072232813415,-0.1412784457206726,-0.007279753684997559,-0.042618064711660915,-0.1956387162208557,-0.027531087398529053,-0.056228871027798215,-0.23970413208007812,-0.04256957769393921,-0.06881052119550181,-0.13632506132125854,-0.154197096824646,-0.018911047409147813,-0.18531936407089233,-0.21672028303146368,-0.03689234195169881,-0.2136957049369812,-0.25314801931381226,-0.05287146432218032,-0.23597288131713867,-0.28594446182250977,-0.06483229858693561,-0.10352969169616699,-0.18732130527496338,-0.021817874665231315,-0.14538145065307617,-0.2678458094596863,-0.036843548099369614,-0.17087966203689575,-0.3179627060890198,-0.050222414116234314,-0.19106560945510864,-0.36000049114227295,-0.060207298527330914,-0.06472557783126831,-0.20286592841148376,-0.029418454076022713,-0.0967363715171814,-0.28660112619400024,-0.04837050897893391,-0.11490410566329956,-0.33913323283195496,-0.06009074164447262,-0.131819486618042,-0.38421338796615606,-0.06769598884400801,-0.02114468812942505,-0.20524433255195618,-0.039605023841232816,-0.03328084945678711,-0.28086310625076294,-0.05762374265012221,-0.04371684789657593,-0.3289839029312134,-0.06451871110019161,-0.05574476718902588,-0.37228429317474365,-0.06845346702155551
0.0,0.0,0.0,0.0,-0.06911075115203857,0.012698531150817871,-0.021885617550367355,-0.14160770177841187,-0.0038472414016723633,-0.03267650204514885,-0.19376379251480103,-0.024303436279296875,-0.042022398587221156,-0.23438537120819092,-0.0340876579284668,-0.05100212144469646,-0.13781404495239258,-0.14217853546142578,-0.015058746475631256,-0.18676650524139404,-0.2018371820449829,-0.029814184557551457,-0.21403288841247559,-0.2385553121566773,-0.043024028565639555,-0.2346792221069336,-0.2714502215385437,-0.053372221913093654,-0.10658973455429077,-0.17883241176605225,-0.018811319868916557,-0.14994776248931885,-0.2588392198085785,-0.031040332194322656,-0.1764380931854248,-0.3074055314064026,-0.04284955086922076,-0.19728350639343262,-0.3461782336235047,-0.05207543718432815,-0.06910794973373413,-0.19755977392196655,-0.026519882406944355,-0.10269027948379517,-0.279580682516098,-0.042969464238637955,-0.12258917093276978,-0.3286228775978089,-0.05435303124403386,-0.14059454202651978,-0.3693948984146118,-0.06217193129276666,-0.026766180992126465,-0.20336538553237915,-0.036245859142297755,-0.03853553533554077,-0.2776048481464386,-0.05198068442558675,-0.048680782318115234,-0.3243286609649658,-0.058668470855707255,-0.060750722885131836,-0.3650347590446472,-0.06302132355784805
0.0,0.0,0.0,0.0,-0.06887370347976685,0.007784843444824219,-0.022120725525070287,-0.13718169927597046,-0.006195187568664551,-0.03484434650604839,-0.1899901032447815,-0.01990562677383423,-0.046429775816846985,-0.2298082709312439,-0.026464641094207764,-0.057997789395500286,-0.1286020278930664,-0.1359102725982666,-0.015928497699547888,-0.17823338508605957,-0.19304615259170532,-0.03233436138694399,-0.20749998092651367,-0.2268809676170349,-0.047241017383981884,-0.23166513442993164,-0.257676362991333,-0.05853331477706539,-0.10065525770187378,-0.1710231900215149,-0.019708417517591587,-0.14355134963989258,-0.2472897469997406,-0.03330632687871569,-0.17202019691467285,-0.2936801016330719,-0.046175964338232185,-0.19533270597457886,-0.3307787775993348,-0.056167062533546586,-0.06652206182479858,-0.18990564346313477,-0.02743107096617329,-0.09851926565170288,-0.26827359199523926,-0.04277964697544689,-0.12105000019073486,-0.3167436122894287,-0.054170016360927685,-0.14146780967712402,-0.3573007881641388,-0.062359776509452985,-0.02835148572921753,-0.19707876443862915,-0.03741398842399229,-0.042582154273986816,-0.2672252655029297,-0.05151171998446099,-0.055361807346343994,-0.3131320178508759,-0.05774259955947509,-0.06904411315917969,-0.3536924123764038,-0.062048413021017185
0.0,0.0,0.0,0.0,-0.06684470176696777,0.009782910346984863,-0.019009026510076375,-0.1342734694480896,-0.0015317797660827637,-0.030888997760968078,-0.18658584356307983,-0.016159653663635254,-0.041550203037814974,-0.22501742839813232,-0.01981937885284424,-0.052094585073547174,-0.12386101484298706,-0.12328249216079712,-0.018675098938302877,-0.17411285638809204,-0.17915105819702148,-0.034124984217243075,-0.20298433303833008,-0.2138002514839173,-0.047085027021722674,-0.2252541184425354,-0.2446714043617249,-0.05650273971016868,-0.09680819511413574,-0.1587512493133545,-0.021843523529724875,-0.14176082611083984,-0.2321386635303498,-0.03427443168814648,-0.17087781429290771,-0.2775768041610718,-0.044870096070127374,-0.19271504878997803,-0.3132333159446717,-0.053072663766698676,-0.0645219087600708,-0.1791236400604248,-0.027951217067794677,-0.09961622953414917,-0.25545254349708557,-0.041798046601371576,-0.12323367595672607,-0.3020699620246888,-0.051599832994298774,-0.14251482486724854,-0.338114082813263,-0.05842122323568328,-0.028847157955169678,-0.18911737203598022,-0.03580857328827838,-0.04450100660324097,-0.2574080228805542,-0.048368512464122576,-0.05919909477233887,-0.3005983829498291,-0.05368449426944718,-0.07347822189331055,-0.3367694020271302,-0.057022786510543676
0.0,0.0,0.0,0.0,-0.06640273332595825,0.00872647762298584,-0.01909187418661413,-0.13026612997055054,-0.008592367172241211,-0.029532521788695427,-0.1795041561126709,-0.030604124069213867,-0.03915843722663223,-0.21733462810516357,-0.0454181432723999,-0.047941010270932324,-0.12302237749099731,-0.135512113571167,-0.010913377453306328,-0.16600561141967773,-0.19737601280212402,-0.02494192105970683,-0.1906844973564148,-0.23628807067871094,-0.037284944032052125,-0.20864272117614746,-0.2688104510307312,-0.046358726744273326,-0.09169971942901611,-0.16673636436462402,-0.014913904306212028,-0.13081324100494385,-0.24338746070861822,-0.027487728570321127,-0.15513795614242554,-0.29330992698669434,-0.03927594033322633,-0.1731189489364624,-0.33262252807617193,-0.047561392013648125,-0.055262744426727295,-0.18255501985549927,-0.022525561799028527,-0.08647263050079346,-0.26069897413253784,-0.039378646586754926,-0.10449886322021484,-0.31281572580337524,-0.050571199332097125,-0.11942535638809204,-0.3544033765792847,-0.057083763007739124,-0.014524340629577637,-0.1861061453819275,-0.031730241899111826,-0.026479363441467285,-0.25709173083305364,-0.04741020110688503,-0.03674733638763428,-0.30245828628540045,-0.05344282818279563,-0.04785650968551636,-0.3403157591819763,-0.056374396954396326
0.0,0.0,0.0,0.0,-0.06626290082931519,0.0059760212898254395,-0.023296866193447823,-0.13058966398239136,-0.01422959566116333,-0.036652262881432224,-0.18262070417404175,-0.036682724952697754,-0.04855829067531652,-0.22469180822372437,-0.04154103994369507,-0.059783164039288225,-0.12219470739364624,-0.13978105783462524,-0.017451244965229724,-0.16502481698989868,-0.20463323593139648,-0.033578838780556425,-0.18965023756027222,-0.24446481466293335,-0.047106064483557426,-0.20819270610809326,-0.2785405516624451,-0.057273976132307725,-0.09008383750915527,-0.17190533876419067,-0.020469655841623025,-0.1269674301147461,-0.2506689727306366,-0.034324429556761425,-0.1490945816040039,-0.30080634355545044,-0.046082954481278124,-0.16581755876541138,-0.34166356921195984,-0.05480714477602072,-0.05286186933517456,-0.187646746635437,-0.027353241667185522,-0.08138835430145264,-0.268862247467041,-0.045022498443756824,-0.09720104932785034,-0.3204315304756165,-0.05553090162578653,-0.11083489656448364,-0.3627325296401978,-0.06208527423444812,-0.011916100978851318,-0.19085180759429932,-0.036290235444937424,-0.02121812105178833,-0.2624918222427368,-0.05241947583857602,-0.029877543449401855,-0.3078118562698364,-0.05813949145380092,-0.03980815410614014,-0.34602320194244385,-0.06124773956838672
0.0,0.0,0.0,0.0,-0.06733310222625732,0.008603513240814209,-0.02423515315487632,-0.13234227895736694,-0.008153021335601807,-0.03864363725617172,-0.18250757455825806,-0.02925199270248413,-0.05117730568483122,-0.22364532947540283,-0.04489493370056152,-0.06271076719596631,-0.12632745504379272,-0.13607949018478394,-0.01995633314683682,-0.17197084426879883,-0.19735103845596313,-0.03674681256845242,-0.19530808925628662,-0.2355203926563263,-0.05064727138116602,-0.2109084129333496,-0.2688137292861939,-0.06055583576991802,-0.09475809335708618,-0.17011332511901855,-0.02229513372614632,-0.13656359910964966,-0.24646124243736273,-0.03608093555405382,-0.16073846817016602,-0.2942516803741455,-0.04823387558892022,-0.17772841453552246,-0.33307203650474554,-0.05727259586885222,-0.05816936492919922,-0.18821746110916138,-0.02847687858476882,-0.08877629041671753,-0.267257958650589,-0.04563584695890192,-0.10737556219100952,-0.31714099645614624,-0.05701235453918222,-0.12245512008666992,-0.3584596514701843,-0.06442333530023342,-0.017350196838378906,-0.19402629137039185,-0.03669835399225002,-0.02732473611831665,-0.2659386396408081,-0.05284151952102432,-0.03626197576522827,-0.31093734502792364,-0.05926651652291062,-0.04605954885482788,-0.34894663095474243,-0.06276850174501192
0.0,0.0,0.0,0.0,-0.06619930267333984,0.007337510585784912,-0.02210300758406439,-0.13483649492263794,-0.005703091621398926,-0.035190926565974195,-0.1872318983078003,-0.019453823566436768,-0.046463576778023694,-0.2269073724746704,-0.022213757038116455,-0.05761273361667909,-0.1298183798789978,-0.13175439834594727,-0.01877728447243489,-0.1784592866897583,-0.1878306269645691,-0.03338386274799629,-0.20500832796096802,-0.22076684236526495,-0.04667131386622709,-0.22580641508102417,-0.25030854344367987,-0.05673908598646439,-0.10150963068008423,-0.16723215579986572,-0.021130352913587492,-0.1435098648071289,-0.24451547861099243,-0.03236380748376169,-0.16952228546142578,-0.28913104534149175,-0.04351948358043949,-0.18985307216644287,-0.32327765226364136,-0.05257484845742509,-0.0677456259727478,-0.18730086088180542,-0.02686879381462849,-0.10047245025634766,-0.26744976639747625,-0.039637969508021294,-0.12219268083572388,-0.31485712528228765,-0.049991452767699195,-0.1403980255126953,-0.35245275497436523,-0.05792119882926269,-0.029966533184051514,-0.19493651390075684,-0.034719152077286694,-0.04440110921859741,-0.26532065868377686,-0.04665844298824589,-0.056050240993499756,-0.30896735191345215,-0.05194377683028499,-0.06783348321914673,-0.34514543414115906,-0.055708070918171794
0.0,0.0,0.0,0.0,-0.06378161907196045,0.0233573317527771,-0.02237943554820269,-0.12545263767242432,0.020350277423858643,-0.03560192877949929,-0.17906224727630615,0.008410871028900146,-0.04614593083562109,-0.22220319509506226,-0.0004969239234924316,-0.05616534496249409,-0.11812156438827515,-0.108024001121521,-0.02351208026112769,-0.1688593626022339,-0.15970396995544434,-0.035541851022855994,-0.19924828410148626,-0.19058284163475037,-0.04459330434502809,-0.22317177057266235,-0.21713843941688538,-0.05137346307338929,-0.09246444702148438,-0.14750683307647705,-0.02272157365979409,-0.13859480619430542,-0.21894329786300665,-0.03246719385089129,-0.17161059379577637,-0.2581412196159363,-0.04066787282528139,-0.19732230901718145,-0.2869117856025696,-0.04755482445062849,-0.06345564126968384,-0.1689661145210266,-0.02453693369926659,-0.09684914350509644,-0.24574959278106695,-0.03727560112776009,-0.12313240766525269,-0.28824979066848755,-0.04847034434379789,-0.14721333980560303,-0.3218378126621247,-0.05643022055329529,-0.03325539827346802,-0.17789360880851746,-0.02778682852687089,-0.04660367965698242,-0.24941587448120117,-0.041637949594871694,-0.06054103374481201,-0.29235923290252686,-0.049764655479805193,-0.07585960626602173,-0.3277665972709656,-0.05491851265134069
0.0,0.0,0.0,0.0,-0.060359299182891846,0.029568791389465332,-0.020200020397083927,-0.12058544158935547,0.029975831508636475,-0.03102786535956163,-0.17217856645584106,0.0199013352394104,-0.03955809655226963,-0.21119448542594915,0.01562643051147461,-0.04828771086968683,-0.11405491828918457,-0.09679031372070312,-0.02138174394704603,-0.16424494981765747,-0.1473839282989502,-0.03323963167704843,-0.19560372829437256,-0.17642074823379522,-0.04299289243854783,-0.22105389833450317,-0.2012008428573609,-0.05034337075986173,-0.08980482816696167,-0.13789743185043335,-0.021273030662911127,-0.13681375980377197,-0.20697149634361267,-0.03089161286689543,-0.17042177915573126,-0.2455400824546814,-0.03990226122178333,-0.19668179750442505,-0.2752142548561096,-0.04744031536020543,-0.061596810817718506,-0.1624545454978943,-0.02364107104577323,-0.09885525703430176,-0.23658519983291632,-0.03606340917386313,-0.12680405378341675,-0.2784051895141602,-0.04779126750864293,-0.15101972222328186,-0.3113713562488556,-0.056082951599734025,-0.031362831592559814,-0.1760129630565644,-0.02736095594801213,-0.04880166053771973,-0.24574238061904907,-0.04041106137074733,-0.06440061330795288,-0.2878105342388153,-0.04823221149482033,-0.0808103084564209,-0.3227062821388245,-0.05333236488141323
0.0,0.0,0.0,0.0,-0.06320774555206299,0.031631529331207275,-0.020907691721234203,-0.12817132472991943,0.033924102783203125,-0.03204955444148531,-0.17976516485214233,0.025804877281188965,-0.041069320444378804,-0.21933445334434515,0.02023214101791382,-0.0501210084598397,-0.12890970706939703,-0.09608447551727295,-0.019990543876204404,-0.1794998943805695,-0.14201098680496216,-0.0333253024559354,-0.21044564247131353,-0.16879701614379883,-0.045265174512181205,-0.23651456832885742,-0.19287973642349243,-0.0545060178678369,-0.10674530267715454,-0.13952356576919556,-0.021038559306774104,-0.1550745666027069,-0.20170310139656072,-0.0320497593324517,-0.18873476982116705,-0.23639526963233953,-0.04284391463211531,-0.21628805994987493,-0.26324912905693054,-0.051825764630351004,-0.07926076650619507,-0.16668313741683966,-0.024910845835123006,-0.11865589022636414,-0.23588293790817266,-0.0380367329757547,-0.14787492156028753,-0.2730971574783325,-0.04974329382589811,-0.17418193817138672,-0.30247306823730474,-0.058358340565476306,-0.04847729206085205,-0.18202188611030584,-0.030498993624362904,-0.06944125890731812,-0.24805319309234625,-0.04400054276398171,-0.08667916059494019,-0.28702244162559515,-0.051657850895438104,-0.10437661409378052,-0.31918758153915405,-0.056786662940297106
0.0,0.0,0.0,0.0,-0.059589594602584894,0.030642032623291016,-0.018813464367141732,-0.1216533780097962,0.03574949502944946,-0.02856672140335083,-0.1708449423313141,0.03671962022781372,-0.03791219512497433,-0.20865395665168768,0.033781588077545166,-0.04710179711257463,-0.1307042539119721,-0.09828853607177734,-0.007072033868482133,-0.17991912364959717,-0.1358487606048584,-0.020491756075372732,-0.21155178546905518,-0.15630149841308594,-0.03462591538702493,-0.23825454711914068,-0.17374202609062195,-0.04523942763482573,-0.11280477046966558,-0.14169049263000488,-0.010262945243468333,-0.1603649258613587,-0.1993366777896881,-0.019880991005649634,-0.1947181522846222,-0.22901448607444763,-0.03173223654304983,-0.22358077764511108,-0.25118595361709595,-0.04134994144116883,-0.08734512329101568,-0.17030757665634155,-0.017200255343070032,-0.12745854258537298,-0.23523268103599554,-0.028368286365022734,-0.15532305836677557,-0.26814877986907965,-0.037928571501126336,-0.18074354529380798,-0.29377835988998413,-0.04507296303783903,-0.0571170449256897,-0.18599498271942144,-0.026357929730167432,-0.0800513625144959,-0.24728477001190186,-0.037231111475577436,-0.09879869222640997,-0.28283089399337774,-0.04199788863336093,-0.11757436394691467,-0.3124600052833557,-0.045123042115321234
0.0,0.0,0.0,0.0,-0.05543825030326843,0.036785125732421875,-0.021469364796033084,-0.11604723334312445,0.050801992416381836,-0.03406735222434058,-0.1666728258132935,0.05826735496520996,-0.04588300075029388,-0.20515638589859014,0.06195932626724243,-0.05765820379947679,-0.13622120022773743,-0.08152276277542114,-0.014615567323019685,-0.1917319893836975,-0.10979580879211426,-0.03239285286163349,-0.228164404630661,-0.12264972925186157,-0.04884515042995469,-0.2600229233503342,-0.13422220945358276,-0.06095428105091109,-0.12274399399757391,-0.124656081199646,-0.018296043310513686,-0.17827633023262024,-0.17319181561470032,-0.03409007276987089,-0.2192094326019287,-0.1973501443862915,-0.04863527502511999,-0.2537057846784592,-0.2140217125415802,-0.05955879103039759,-0.10123881697654724,-0.15433600544929504,-0.025927080694785287,-0.14959937334060674,-0.21180301904678345,-0.04271110977624908,-0.18766692280769354,-0.24110588431358343,-0.056013879288187185,-0.22112968564033514,-0.2626572847366333,-0.06506121243928928,-0.07382017374038702,-0.17349928617477423,-0.035810631621828286,-0.10428443551063543,-0.23422098159790045,-0.05150843124484079,-0.13113543391227722,-0.27057650685310364,-0.06049357439970029,-0.15751880407333374,-0.29966545104980474,-0.06642446007226958
0.0,0.0,0.0,0.0,-0.06304380297660833,0.011976897716522217,0.011617259896866012,-0.1172085702419281,-0.0052803754806518555,0.015306302189401311,-0.1590992510318756,-0.01622295379638672,0.011074939585796511,-0.1953572928905487,-0.021672189235687256,0.005467053811571511,-0.13323092460632324,-0.15383759140968328,0.041418694734147714,-0.17641270160675054,-0.20213976502418518,0.03431619408684121,-0.21113187074661255,-0.21347177028656011,0.02039458493845811,-0.24273988604545593,-0.21163764595985418,0.010163822054437312,-0.11889934539794922,-0.17778640985488892,0.02072502750115741,-0.16591477394104004,-0.24626797437667847,0.01535864717470751,-0.20788413286209112,-0.2692877650260926,0.003052473144180111,-0.2444879412651062,-0.2741422951221466,-0.006099003989675089,-0.09966149926185613,-0.1891127526760102,-0.004124669515022089,-0.1410713493824005,-0.2669965326786042,-0.00954707355094789,-0.17885473370552063,-0.2974325716495514,-0.01827482615453839,-0.2136475145816803,-0.3126080632209778,-0.02534022291047219,-0.0770118236541748,-0.1890560686588288,-0.03006555248839499,-0.10696056485176092,-0.2559378147125244,-0.03669162017149569,-0.13505476713180542,-0.29265129566192627,-0.04133208018583899,-0.16320154070854193,-0.3214370012283325,-0.04534833800835249
0.0,0.0,0.0,0.0,-0.007926523685455322,-0.08683508634567261,0.03345891874089086,-0.03392142057418823,-0.15064579248428345,0.04209295328512036,-0.06201744079589844,-0.19754874706268316,0.04604239057555046,-0.08474600315093994,-0.22921988368034363,0.04676648642673336,-0.07544320821762085,-0.17964136600494385,-0.008959952334023942,-0.13992330431938177,-0.24567082524299622,-0.019091307709075443,-0.18309041857719427,-0.26423341035842896,-0.015942591765977444,-0.21298605203628546,-0.26739525794982916,-0.010882261732675142,-0.09274470806121826,-0.15043011307716375,-0.030505479836918342,-0.17536062002182007,-0.22229051589965826,-0.046732972899533744,-0.22536206245422363,-0.23870635032653814,-0.04352160502419614,-0.25748938322067266,-0.23936370015144354,-0.03727648366437104,-0.10833168029785156,-0.10640895366668701,-0.04757465008840704,-0.19158899784088135,-0.17197167873382574,-0.06035577465043214,-0.24052929878234863,-0.19165313243865972,-0.05627617199168354,-0.27437734603881836,-0.20042616128921514,-0.050650346616364944,-0.12066006660461426,-0.0512276291847229,-0.060138105938293045,-0.19219410419464117,-0.08921170234680176,-0.07471942860827595,-0.23461732268333435,-0.11165189743041992,-0.07643061835513264,-0.26850396394729614,-0.13222861289978027,-0.07398589659676694
0.0,0.0,0.0,0.0,0.006099522113800049,-0.08681195974349976,0.015232877699329324,-0.0077138543128967285,-0.16010415554046636,0.016723157731487224,-0.03220266103744507,-0.21810013055801397,0.016091512409641223,-0.04839181900024414,-0.25822180509567266,0.012306482424630524,-0.06997877359390259,-0.17203128337860107,-0.016118593620465277,-0.1298202276229859,-0.24107709527015686,-0.026086146118448277,-0.1685819029808045,-0.26406967639923096,-0.027548797535107576,-0.19603115320205688,-0.27114528417587286,-0.026876833396361377,-0.09403473138809204,-0.1380068063735962,-0.029257334875271778,-0.16816210746765137,-0.20535135269165045,-0.04036119218389798,-0.21351596713066107,-0.22318017482757574,-0.04252385358731558,-0.2426940798759461,-0.22501388192176824,-0.042813744502470975,-0.11039406061172485,-0.09201985597610474,-0.03949510689298918,-0.185437560081482,-0.15431249141693115,-0.049666002499268475,-0.2288982272148133,-0.17566239833831787,-0.052335489647791875,-0.2586552798748017,-0.18458381295204168,-0.05345176170985508,-0.12118467688560486,-0.037005484104156494,-0.04684634889881418,-0.18753117322921758,-0.0689205527305603,-0.05872198204915328,-0.22620168328285217,-0.08874040842056274,-0.06231976311127948,-0.25733518600463867,-0.10806387662887573,-0.06276205192725468
0.0,0.0,0.0,0.0,0.011155307292938232,-0.09345734119415283,0.006089397691511027,0.004498124122619629,-0.16767278313636785,0.002333162337862327,-0.013715088367462158,-0.23314529657363892,-0.0024986472126612732,-0.027225792407989502,-0.28207010030746466,-0.009436563603259174,-0.07172280550003052,-0.17941364645957952,-0.012172765113092473,-0.13462549448013306,-0.24154114723205572,-0.019996094531990073,-0.17320597171783453,-0.26536655426025396,-0.023176523871398975,-0.20054441690444946,-0.2755923271179199,-0.024312428213335072,-0.10032957792282104,-0.13955587148666382,-0.020456922255135575,-0.17049404978752136,-0.20142999291419983,-0.027333864025450773,-0.21072953939437866,-0.22179138660430914,-0.03042811436174017,-0.23522007465362554,-0.22786772251129156,-0.03220759985563857,-0.11817181110382086,-0.0889706015586853,-0.027135998956538274,-0.18691962957382202,-0.14455997943878174,-0.03379447666523557,-0.22472065687179565,-0.16655656695365906,-0.03657474649665457,-0.24904245138168335,-0.17594262957572943,-0.038492961801267676,-0.12733969092369085,-0.034148216247558594,-0.03205513489959337,-0.18731886148452764,-0.06707477569580078,-0.03904197645900347,-0.21950405836105352,-0.08673149347305298,-0.039770777351833375,-0.24447005987167364,-0.10563606023788452,-0.03884266225216487
0.0,0.0,0.0,0.0,0.016454577445983887,-0.09543824195861816,0.002057845236009746,0.009533882141113281,-0.1699502170085907,-0.003284549808853354,-0.0027621984481811523,-0.23840290307998657,-0.009205811659597853,-0.01123720407485962,-0.2909008264541626,-0.016557680445515553,-0.07425671815872192,-0.18221724033355718,-0.012661124582194754,-0.1353274583816529,-0.24643278121948248,-0.018072679641448954,-0.1721862554550171,-0.273601770401001,-0.019836008551322854,-0.19745859503746038,-0.2877582907676697,-0.020108750092589354,-0.10546356439590454,-0.13931113481521606,-0.017215779053770953,-0.17622661590576177,-0.19698920845985418,-0.019245445730888353,-0.21104091405868536,-0.21746164560318,-0.018789667638742454,-0.23043131828308105,-0.22541296482086182,-0.018522221597635256,-0.12460222840309149,-0.08756095170974731,-0.020537996667229653,-0.19365823268890386,-0.13391029834747314,-0.021779496225320754,-0.224035382270813,-0.15437805652618408,-0.020653018730484952,-0.24041888117790228,-0.1645260453224182,-0.020592691379391653,-0.13290813565254217,-0.03737229108810425,-0.023000679912769256,-0.18896493315696716,-0.06623107194900513,-0.024119907992684354,-0.21835374832153326,-0.08416759967803955,-0.021426709371411255,-0.23921686410903936,-0.10050743818283081,-0.018588164823853455
0.0,0.0,0.0,0.0,0.021059751510620117,-0.09832143783569336,0.0024851910256700025,0.018075168132781982,-0.17740482091903687,-0.0005889075273727976,0.009967625141143799,-0.24817258119583135,-0.004941344917852998,0.008886158466339111,-0.30092951655387884,-0.009597246726144698,-0.08667075634002686,-0.19004011154174805,0.0027134393294261025,-0.14315369725227356,-0.25112614035606384,0.0041447182138369025,-0.17450696229934692,-0.27692621946334844,0.006098624593477002,-0.19364830851554876,-0.29193344712257385,0.008511899779449503,-0.1192052960395813,-0.14545565843582153,0.0005940482787707024,-0.18466693162918096,-0.19701272249221807,0.008522626752863902,-0.20802178978919983,-0.20915356278419495,0.0166014775586234,-0.21539244055747986,-0.21121376752853394,0.0230223692906008,-0.13595342636108398,-0.09195125102996826,-0.0012702244148669977,-0.20005354285240173,-0.1267303228378296,0.005957874744098002,-0.21855083107948303,-0.14187651872634888,0.0160209711593495,-0.22098875045776367,-0.14936065673828125,0.022982832784663204,-0.14079231023788452,-0.040743350982666016,-0.0032969333279026978,-0.19178265333175665,-0.05166655778884888,0.004216203275035402,-0.21064004302024847,-0.06179267168045044,0.014343178640018502,-0.21676835417747503,-0.07178980112075806,0.023290621857057603
0.0,0.0,0.0,0.0,0.030449867248535156,-0.09815049171447754,0.010385934825819716,0.02954840660095215,-0.18171989917755127,0.017547101344746317,0.02017444372177124,-0.2551606297492981,0.024109757136386616,0.024966776371002197,-0.3105131983757019,0.03174448814598912,-0.07737809419631958,-0.20140445232391357,0.024202172275465717,-0.12859928607940674,-0.275119960308075,0.03798086624948382,-0.15699076652526855,-0.3079476952552796,0.048902500983160714,-0.17546138167381292,-0.32727155089378357,0.057711527313870116,-0.11516761779785156,-0.16086530685424805,0.026145039688628816,-0.18255639076232916,-0.21952444314956665,0.043310620453041716,-0.2091897428035736,-0.2409366369247437,0.05910706576315752,-0.22275397181510925,-0.24948841333389282,0.07259152513353222,-0.1360657811164856,-0.11059874296188354,0.028552968617361715,-0.19860705733299255,-0.14382869005203247,0.044515580501240416,-0.21913936734199524,-0.16295045614242554,0.05781528037397261,-0.22659051418304443,-0.17317593097686768,0.06811799537746302,-0.14088231325149536,-0.060654282569885254,0.03144278433529732,-0.18123668432235723,-0.07352018356323242,0.052559037323874215,-0.18892675638198853,-0.07737505435943604,0.06936252545921201,-0.18618682026863104,-0.07650673389434814,0.08261863571016191
0.0,0.0,0.0,0.0,0.027306675910949707,-0.10284698009490967,-0.0001690259791188652,0.03313612937927246,-0.18474173545837402,-0.0032309255452104653,0.033882737159729004,-0.2575592994689942,-0.0067374961340078655,0.04654288291931152,-0.3114795684814453,-0.010138496186698365,-0.0823056697845459,-0.20442014932632446,0.0031735623365988347,-0.13266664743423462,-0.2853812873363495,0.0061877263820519345,-0.1612448394298554,-0.3277789354324341,0.007147811923061835,-0.1815030574798584,-0.3601949810981751,0.0075991974322846345,-0.1204800009727478,-0.16143161058425903,0.0030932471732398347,-0.18676859140396118,-0.22752267122268677,0.010089299280082235,-0.222527027130127,-0.2620584666728974,0.012353154469167234,-0.24510562419891357,-0.2869152426719666,0.013184471625720534,-0.14040887355804443,-0.11030584573745728,0.0033355337678244346,-0.20701074600219727,-0.14969134330749512,0.010168019320701634,-0.2398008108139038,-0.17649918794631958,0.008724572706853435,-0.26068365573883057,-0.19711482524871826,0.006316057510559835,-0.14499598741531372,-0.06085437536239624,0.003592840965723035,-0.19642147421836859,-0.0727541446685791,0.010043594624732935,-0.224298894405365,-0.08108407258987427,0.012900539312397534,-0.24363595247268677,-0.09062850475311279,0.015365549001728535
0.0,0.0,0.0,0.0,0.02495807409286499,-0.1034584641456604,-0.005004392844170926,0.03060460090637207,-0.18442314863204956,-0.012884309422702226,0.03368288278579712,-0.2572620809078217,-0.020682444703311327,0.04853165149688721,-0.31206566095352173,-0.028471507039398526,-0.08854198455810547,-0.20415765047073364,-0.008690910321206426,-0.13562262058258057,-0.2901898622512818,-0.011105148029059726,-0.16348695755004883,-0.336174339056015,-0.013283159491152125,-0.18359214067459112,-0.369931161403656,-0.014991897065669925,-0.12725424766540527,-0.16052258014678955,-0.009266018774837825,-0.19237124919891363,-0.23522904515266418,-0.008177214209467727,-0.23034906387329102,-0.274797260761261,-0.009144660924107427,-0.25565922260284424,-0.3015497922897339,-0.010712831188470726,-0.14700722694396973,-0.10844355821609497,-0.009530511592060927,-0.2167460024356842,-0.15349775552749634,-0.008561767545074825,-0.25360959768295294,-0.18226981163024902,-0.012869387772411726,-0.2786090970039368,-0.20304399728775024,-0.017058782186836624,-0.15137475728988647,-0.056716084480285645,-0.009890058916539525,-0.2093395590782166,-0.06701236963272095,-0.011043868866295227,-0.242944598197937,-0.07511693239212036,-0.012318600807816426,-0.2687297463417053,-0.08492344617843628,-0.012158654537529326
0.0,0.0,0.0,0.0,0.021692872047424316,-0.10555469989776611,0.0023265096980367127,0.024531662464141846,-0.18523895740509033,-0.0031384231832588872,0.027827024459838867,-0.25644743442535406,-0.009313288129192188,0.043506622314453125,-0.31018650531768804,-0.015977862275462888,-0.0897555947303772,-0.20507079362869263,-0.006190159342509087,-0.13689321279525757,-0.2956955432891846,-0.006876902639191887,-0.16646450757980347,-0.34135344624519354,-0.005667548145424887,-0.18809872865676885,-0.3719049692153931,-0.005063988718461587,-0.12801271677017212,-0.16312915086746216,-0.010194320216100988,-0.19617468118667608,-0.24502575397491455,-0.011743246562104986,-0.23681429028511047,-0.2845860719680786,-0.011574525370519888,-0.2635005712509156,-0.30900925397872925,-0.011411077327352286,-0.15003976225852966,-0.11010688543319702,-0.013138293273072987,-0.22433614730834966,-0.16334104537963867,-0.016279869697314087,-0.26470920443534857,-0.19339382648468018,-0.021770204401832388,-0.2921004891395569,-0.21216470003128052,-0.025375275857072586,-0.15737700462341309,-0.0558735728263855,-0.014781343735080487,-0.2235523164272309,-0.06885695457458496,-0.019353474474769386,-0.2621396183967591,-0.07756984233856201,-0.022134537793021988,-0.2921976149082184,-0.08779168128967285,-0.022412252596836785
0.0,0.0,0.0,0.0,0.010495185852050781,-0.08842051029205322,0.020709533543055134,0.0012250542640686035,-0.15137368440628052,0.023068854883973634,-0.009831488132476807,-0.20311948657035833,0.022247538269226635,-0.0061803460121154785,-0.24430000782012945,0.018329700753753234,-0.08015435934066772,-0.18674731254577637,-0.012247019148702467,-0.1321732997894287,-0.2667918801307678,-0.020227713211710265,-0.16577482223510742,-0.3072270750999451,-0.020752383097345665,-0.19177639484405523,-0.33120447397232056,-0.020692286714250867,-0.10834735631942749,-0.1563989520072937,-0.028167605101401667,-0.17708894610404968,-0.24137321114540106,-0.03950316056543097,-0.22617840766906738,-0.27497768402099615,-0.04283227741652237,-0.2621267139911652,-0.29015409946441656,-0.044806640296513864,-0.12787723541259766,-0.10932624340057373,-0.04050096839600307,-0.20417368412017822,-0.17545044422149658,-0.05329336941176157,-0.2555792927742005,-0.20359066128730774,-0.06378853291207057,-0.29305672645568853,-0.21833866834640503,-0.07066164135866866,-0.1397616863250733,-0.05096912384033203,-0.04876389324599017,-0.2116735875606537,-0.0666271448135376,-0.06543093144827587,-0.2560606598854065,-0.0750964879989624,-0.07521478056841596,-0.2922530174255371,-0.08364403247833252,-0.08011548191242916
0.0,0.0,0.0,0.0,-0.013975560665130615,-0.08172553777694702,0.027865102321157922,-0.04682987928390503,-0.14346742630004883,0.03393008354331072,-0.07681512832641602,-0.1877305507659912,0.03490726071620993,-0.09587514400482178,-0.21407952904701233,0.03241779449606942,-0.0890844464302063,-0.17575812339782715,-0.005702282495548076,-0.14964067935943604,-0.25498300790786743,-0.016389664455999677,-0.19284775853157043,-0.292618066072464,-0.019282728627075574,-0.22697842121124273,-0.3135812282562256,-0.020488936647524176,-0.10699886083602905,-0.15707683563232422,-0.027390958934773776,-0.18199133872985845,-0.247285544872284,-0.039426604479302775,-0.23572880029678345,-0.28750336170196533,-0.043652130484332474,-0.27730610966682434,-0.3113248646259308,-0.04602257367943707,-0.1222919225692749,-0.11927670240402222,-0.04525237736081058,-0.20039248466491705,-0.20055443048477173,-0.05670224335764828,-0.25237154960632324,-0.235143780708313,-0.06506569889162958,-0.29186248779296875,-0.2588186860084534,-0.07136536595200478,-0.13485115766525269,-0.06640905141830444,-0.05904557016467037,-0.19755810499191284,-0.09697496891021729,-0.07453175839756908,-0.23884123563766485,-0.11715859174728394,-0.08216860350941597,-0.27433952689170843,-0.13674819469451904,-0.08626420256470618
0.0,0.0,0.0,0.0,-0.04617804288864136,-0.06920546293258667,0.04010579247215236,-0.09407162666320801,-0.12537890672683716,0.05005561072566946,-0.1321660280227661,-0.16744393110275269,0.05050439644792526,-0.16434061527252203,-0.19861268997192383,0.04740985740163766,-0.10781663656234741,-0.17429840564727783,0.015037325920550463,-0.18347656726837164,-0.2565337121486664,0.0028546992801263627,-0.23538920283317571,-0.2984212338924408,-0.0027817680854215375,-0.27787941694259644,-0.3262186646461487,-0.006970355043174237,-0.10848772525787354,-0.17301791906356812,-0.018169782346101036,-0.19650900363922125,-0.2700024843215943,-0.032448333909721634,-0.2546999156475067,-0.31128737330436707,-0.03912711631319074,-0.298484206199646,-0.3357495665550232,-0.044193607976646634,-0.11556422710418701,-0.14770954847335815,-0.048930694570751436,-0.19909781217575073,-0.2470062673091889,-0.060521238705129835,-0.2520955204963684,-0.28906646370887756,-0.06758432205578833,-0.2903547286987305,-0.3166829943656922,-0.07495708878895783,-0.1295749545097351,-0.10438358783721924,-0.07576390471121813,-0.1893133521080017,-0.1580631136894226,-0.09044698741099384,-0.229568213224411,-0.19147193431854248,-0.09778610732218773,-0.26261663436889654,-0.22106337547302246,-0.10409249480626134
0.0,0.0,0.0,0.0,-0.056216537952423096,0.048206984996795654,-0.028458776213881216,-0.11301857233047485,0.08261877298355103,-0.049196543433424715,-0.16158464550971985,0.10986834764480591,-0.06832451213216471,-0.20214325189590454,0.13419955968856812,-0.08785672325706172,-0.14872989058494573,-0.056511521339416504,-0.03125873420452762,-0.21424391865730286,-0.0775725245475769,-0.05291492704367322,-0.2535094618797302,-0.09246176481246948,-0.07108888614988011,-0.28553801774978643,-0.10687047243118286,-0.08448771227216412,-0.13463562726974487,-0.10498732328414917,-0.03442000065064112,-0.20134228467941284,-0.14912179112434387,-0.053199192770478014,-0.24287128448486334,-0.17695060372352606,-0.06867743868446041,-0.27550995349884033,-0.20050299167633057,-0.08075034458255452,-0.10837447643280029,-0.14076566696166998,-0.04139436621284172,-0.16413521766662603,-0.1984161138534546,-0.06148283768510502,-0.19902482628822327,-0.23295879364013677,-0.07482425708388972,-0.22941431403160095,-0.26108646392822266,-0.08446886975383441,-0.0729627013206482,-0.16671058535575867,-0.050972452648636514,-0.103798508644104,-0.22916865348815918,-0.06943378437375712,-0.12779921293258667,-0.2675018906593323,-0.07763009358262701,-0.15133571624755865,-0.3007099628448487,-0.08320664454316781
0.0,0.0,0.0,0.0,0.03239035606384277,-0.08300942182540894,-0.009737855845685308,0.05010586977005005,-0.1542765498161316,-0.021843286322052707,0.06257718801498413,-0.21908128261566162,-0.032873645515735406,0.07594990730285645,-0.2659050226211548,-0.04541230955868511,-0.042081475257873535,-0.19761502742767334,-0.029562128798659108,-0.06553161144256592,-0.29228371381759644,-0.04222970092445161,-0.08704757690429688,-0.3423379063606262,-0.04960158476382041,-0.10596191883087158,-0.37725108861923223,-0.05464182803183341,-0.08068084716796875,-0.1731279492378235,-0.03300718972235471,-0.1307801604270935,-0.2671816349029541,-0.04637282350807931,-0.16153860092163086,-0.31902205944061285,-0.05501775452643181,-0.1838665008544922,-0.35215380787849426,-0.061084322722251706,-0.10716164112091064,-0.1356196403503418,-0.03552046054750231,-0.16277146339416504,-0.20942842960357666,-0.04845695579200531,-0.19685643911361694,-0.2544076442718506,-0.059151943863923806,-0.2224690318107605,-0.28556084632873535,-0.0662315414264753,-0.12351953983306885,-0.09168154001235962,-0.03745810324102191,-0.1733938455581665,-0.1395481824874878,-0.04987300941496641,-0.2027837038040161,-0.1691151261329651,-0.055502832026775105,-0.2259451150894165,-0.1945408582687378,-0.05790237346440101
0.0,0.0,0.0,0.0,0.022042453289031982,-0.08288592100143433,-0.004108622467299406,0.027961552143096924,-0.15080803632736206,-0.009949062282373607,0.03219515085220337,-0.21043360233306885,-0.017749992462029206,0.041309654712677,-0.25259459018707275,-0.026235147642125808,-0.08204793930053711,-0.16863328218460083,0.0010125727558828938,-0.117503821849823,-0.22758573293685913,-0.002710538014923706,-0.13937771320343018,-0.25322526693344116,-0.007559264341523406,-0.15501368045806885,-0.2676616907119751,-0.011002698244681107,-0.11338341236114502,-0.1351439356803894,-0.002794500935976806,-0.1652870774269104,-0.18743199110031128,-0.0030399544929764063,-0.19122326374053955,-0.20416653156280518,-0.005241247622450306,-0.20433813333511353,-0.20841723680496216,-0.007166370546599406,-0.13085341453552246,-0.09128552675247192,-0.007453711034884206,-0.1864163875579834,-0.1306416392326355,-0.008816616872479607,-0.21046149730682373,-0.14219939708709717,-0.011056812742879106,-0.22260117530822754,-0.14606904983520508,-0.012933260092665906,-0.13826346397399902,-0.04228740930557251,-0.012566442864169806,-0.1858806610107422,-0.05239325761795044,-0.014453576209177706,-0.20959144830703735,-0.059169888496398926,-0.013163968252172207,-0.22318267822265625,-0.06607389450073242,-0.011080303492178607
0.0,0.0,0.0,0.0,-0.07147061824798584,0.009106934070587158,-0.025514409395100204,-0.1426454782485962,0.003485441207885742,-0.043639734836460706,-0.19805818796157837,0.01609092950820923,-0.0616506081839816,-0.24125969409942627,0.03496748208999634,-0.0812126849612013,-0.1300877332687378,-0.17554450035095215,-0.027029199974776905,-0.18149560689926147,-0.25231313705444336,-0.0451173488816039,-0.20906329154968262,-0.30046829581260687,-0.06089292139017741,-0.22912847995758057,-0.34356313943862915,-0.0739536587914244,-0.09308075904846191,-0.21014869213104248,-0.033195410372854804,-0.13664430379867554,-0.3042108416557312,-0.04900516241991681,-0.15879696607589722,-0.3677554726600647,-0.0655478988608138,-0.17365193367004395,-0.4205755889415741,-0.07959769711101211,-0.04977971315383911,-0.22131693363189697,-0.04331219986283941,-0.06926494836807251,-0.3225747346878052,-0.0670786131938712,-0.07642960548400879,-0.38774484395980835,-0.08821465864980381,-0.08419883251190186,-0.4440077543258667,-0.10335712179744401,-0.0020294189453125,-0.21274369955062866,-0.05519035503471051,0.01376640796661377,-0.29204228520393377,-0.0801690076311842,0.02191835641860962,-0.3481370210647583,-0.09457449659907971,0.025127708911895752,-0.4005507826805115,-0.10468266949260391
0.0,0.0,0.0,0.0,-0.07604128122329712,0.007593214511871338,-0.029705643304907856,-0.15147453546524048,0.0015782713890075684,-0.05143966863425926,-0.2123507857322693,0.004466831684112549,-0.07175551692517955,-0.26044711470603943,0.016330838203430176,-0.09320154378684715,-0.1322721242904663,-0.17514047026634222,-0.036852668621861456,-0.18828463554382324,-0.2555525898933411,-0.058438960113846854,-0.21908897161483765,-0.3037568032741547,-0.07631492952378946,-0.2421647310256958,-0.3465738892555237,-0.09057604114087775,-0.0940483808517456,-0.21224495768547064,-0.042166676023327854,-0.14041882753372192,-0.31505829095840454,-0.059437699266993556,-0.1651996374130249,-0.37922723591327673,-0.07519745419295985,-0.18159228563308716,-0.4312038719654083,-0.08890804240974146,-0.04951512813568115,-0.2263957262039185,-0.05143165180953695,-0.07423639297485352,-0.3353142738342285,-0.07324625889333446,-0.08561468124389648,-0.4048678576946259,-0.09084435889991475,-0.0950779914855957,-0.46366196870803844,-0.10479684511693675,8.940696716308594e-07,-0.22119691967964172,-0.06315511802705485,0.01137399673461914,-0.30466404557228094,-0.08537382970126825,0.015659868717193604,-0.3648413568735123,-0.09712863306077675,0.017099499702453613,-0.4200727641582489,-0.10612898657592496
0.0,0.0,0.0,0.0,-0.07424914836883545,0.003941714763641357,-0.030926339836980756,-0.14333468675613403,-0.0011200904846191406,-0.053186834367181655,-0.2004244327545166,-0.003401637077331543,-0.07393370619621456,-0.2440813183784485,0.0031171441078186035,-0.09517756900396526,-0.13361376523971558,-0.18005332350730902,-0.033255823465253756,-0.1873270869255066,-0.25847774744033813,-0.05591439506616776,-0.21713471412658691,-0.3089441955089569,-0.07473444989528835,-0.23803555965423584,-0.3526146411895752,-0.08907045474853696,-0.09630477428436279,-0.21858862042427063,-0.03800657442417325,-0.14085155725479126,-0.31889373064041143,-0.056380156936313555,-0.16485130786895752,-0.3825438767671585,-0.07234615883436385,-0.18010300397872925,-0.4337887763977051,-0.08505956879463375,-0.051863253116607666,-0.23146295547485352,-0.04719342714753336,-0.07440739870071411,-0.3381350338459015,-0.07008599540796466,-0.08561915159225464,-0.4039612114429474,-0.08738042465057555,-0.09389907121658325,-0.4582381248474121,-0.09989176741447636,-0.0020484328269958496,-0.22410205006599432,-0.05904599702563466,0.009440183639526367,-0.3053477108478546,-0.08216233602371395,0.014120101928710938,-0.3616315871477127,-0.09345540455188936,0.0167425274848938,-0.41308271884918224,-0.10095491311159316
0.0,0.0,0.0,0.0,-0.0757448673248291,-0.004021704196929932,-0.029392239323527674,-0.13883793354034424,-0.017869949340820312,-0.05118912706402048,-0.19378286600112915,-0.02476590871810913,-0.07216598714020958,-0.23730802536010742,-0.024462401866912842,-0.09381931895640598,-0.11572712659835815,-0.19389218091964722,-0.027929457521707873,-0.16274458169937134,-0.2756007313728333,-0.050472608453304674,-0.18961936235427856,-0.3288240730762482,-0.07037422681477777,-0.20771139860153198,-0.3751794397830963,-0.08561242247250787,-0.07746481895446777,-0.22514218091964722,-0.033361780143053375,-0.11798542737960815,-0.32682186365127563,-0.051595876610548375,-0.13745516538619995,-0.3939826041460037,-0.06833107644942507,-0.14837366342544556,-0.44922026991844183,-0.08164471263316378,-0.0336461067199707,-0.23135554790496832,-0.04348734641698107,-0.05254995822906494,-0.3381090760231018,-0.06621601308015097,-0.05838191509246826,-0.4060836285352707,-0.08355138326314197,-0.06300383806228638,-0.4628308415412903,-0.09607377523806797,0.014352500438690186,-0.21855154633522034,-0.05629183599975818,0.026773273944854625,-0.2977152168750763,-0.07912821198132747,0.033031821250915416,-0.35317417979240423,-0.09008253241208307,0.03640705347061157,-0.4047740995883942,-0.09743308896449318
0.0,0.0,0.0,0.0,-0.07325595617294312,0.01863187551498413,-0.03382288358181993,-0.14359122514724731,0.024942457675933838,-0.05735866419047393,-0.2041178047657013,0.04164224863052368,-0.07849661326974904,-0.25323760509490967,0.06284290552139282,-0.10061232811779063,-0.13875216245651245,-0.15547925233840942,-0.03670264101594963,-0.19763252139091497,-0.2219784557819367,-0.05775704300970113,-0.2321885526180268,-0.2611980438232422,-0.07612891561359443,-0.260108083486557,-0.29608941078186035,-0.09050101107925453,-0.10601657629013062,-0.19501599669456487,-0.03892685911625903,-0.1572912335395813,-0.28801834583282476,-0.055291910385790226,-0.18724116683006287,-0.34356701374053955,-0.07103572851985973,-0.20938032865524298,-0.3885453343391419,-0.08465624666780514,-0.06490176916122437,-0.21212095022201538,-0.045546197062435526,-0.09438329935073853,-0.314703106880188,-0.06611983544200933,-0.11325711011886597,-0.3769634366035462,-0.08325992590755503,-0.1307048201560974,-0.4292590022087098,-0.09667690164417303,-0.017578482627868652,-0.2125130295753479,-0.05493892422884983,-0.013526678085327148,-0.2979046106338501,-0.07511739498943362,-0.014521002769470215,-0.35500839352607727,-0.08542937851518673,-0.018795490264892578,-0.4061942398548127,-0.09331777757972753
0.0,0.0,0.0,0.0,-0.0664249062538147,0.03452301025390625,-0.031011606317576837,-0.12840986251831055,0.051223933696746826,-0.052681321960505935,-0.18277445435523987,0.06608074903488159,-0.07243112729173613,-0.2267826795578003,0.08743911981582642,-0.09364827231746624,-0.13134589791297918,-0.12496578693389893,-0.03167020038944194,-0.18997332453727728,-0.18282639980316168,-0.050117044460591835,-0.22509568929672247,-0.2203663587570191,-0.06784134612661313,-0.25337883830070496,-0.25507688522338867,-0.08223091320377304,-0.10125267505645752,-0.17050552368164068,-0.03423641131502104,-0.15242317318916326,-0.2545822858810425,-0.04806743071657134,-0.18429440259933477,-0.3073258697986603,-0.06329342977386423,-0.20862615108489996,-0.3509913086891175,-0.07718024657350493,-0.06247955560684204,-0.19413208961486816,-0.040889772337493434,-0.09663957357406616,-0.2891329824924469,-0.05934172005635214,-0.1179322898387909,-0.3473328948020935,-0.07576000944953874,-0.13751971721649175,-0.39602452516555786,-0.08900966004711104,-0.016886770725250244,-0.20215675234794617,-0.050165093254861334,-0.01934140920639038,-0.2854390740394593,-0.06840855882745693,-0.02322906255722046,-0.3389499783515931,-0.07739700631481124,-0.03074777126312256,-0.3857113420963288,-0.08470074341875033
0.0,0.0,0.0,0.0,-0.06895017623901367,0.031781673431396484,-0.029337014540487864,-0.13641005754470825,0.04668623208999634,-0.05038728146200806,-0.19204637408256536,0.06463980674743652,-0.06976792170053156,-0.23542782664299017,0.08758318424224854,-0.09050305141454366,-0.14933460950851446,-0.12916582822799683,-0.03146413667445806,-0.20943260192871094,-0.18364855647087097,-0.052343222781473665,-0.24500340223312383,-0.21717065572738647,-0.07109273178821236,-0.27441203594207764,-0.24787753820419317,-0.08558735950236947,-0.12092715501785284,-0.17462688684463507,-0.03573283879404696,-0.17356565594673157,-0.25811895728111267,-0.05215221597200066,-0.20704180002212524,-0.3085689544677735,-0.06789787812476787,-0.23415297269821167,-0.34891024231910706,-0.08131851954703957,-0.0838584303855896,-0.19881168007850647,-0.044200341686064265,-0.12025275826454163,-0.29264166951179504,-0.06425444735532436,-0.14373582601547247,-0.3497443199157715,-0.08018725319152506,-0.16603794693946844,-0.3966057300567627,-0.09252391709333097,-0.04017329216003418,-0.2066066861152649,-0.055222618862444464,-0.04715001583099365,-0.29055967926979065,-0.07435945375209477,-0.05362069606781006,-0.34472340345382696,-0.08301000995879797,-0.06281667947769165,-0.39110746979713445,-0.08956862939839987
0.0,0.0,0.0,0.0,-0.07081079483032227,0.04338407516479492,-0.021001026708887576,-0.13848236203193665,0.06418836116790771,-0.03644646026592108,-0.19241398572921753,0.09049707651138306,-0.051343545992182174,-0.23326823115348816,0.12287932634353638,-0.06778723068933337,-0.16316062211990356,-0.10331845283508301,-0.018357115540908277,-0.22729969024658203,-0.15117526054382324,-0.032549020577476974,-0.26491832733154297,-0.1807982325553894,-0.046854206104086374,-0.29626297950744634,-0.20766180753707886,-0.05852457575898028,-0.13835600018501287,-0.15234613418579102,-0.023439666930840975,-0.19889801740646368,-0.22559338808059692,-0.03334835611681788,-0.23652353882789617,-0.27009791135787964,-0.045707144517706376,-0.26615118980407715,-0.3056447505950928,-0.057055228133009374,-0.10409665107727056,-0.18248194456100464,-0.032020033080385674,-0.15028104186058044,-0.26962617039680487,-0.04630617492298938,-0.17934989929199224,-0.32287585735321045,-0.06094079159598208,-0.20552259683609014,-0.36572772264480596,-0.07276688583593227,-0.06339865922927856,-0.19831883907318115,-0.04240004413227887,-0.08020931482315063,-0.27850192785263067,-0.05689982392291878,-0.09323272109031677,-0.33000671863555914,-0.06405856527786108,-0.10769325494766235,-0.37421712279319763,-0.06978650458555077
0.0,0.0,0.0,0.0,-0.06350594758987427,0.04728001356124878,-0.024351090292895994,-0.12961801886558533,0.07434111833572388,-0.041557986389364,-0.1827985942363739,0.10189861059188843,-0.0587285348283899,-0.22216719388961792,0.13848966360092163,-0.07736389348980309,-0.16227149963378912,-0.08969670534133911,-0.018599236484135393,-0.22733870148658752,-0.12753921747207642,-0.0348442048835409,-0.2669835686683655,-0.15193843841552734,-0.05015143017050149,-0.2995110154151917,-0.17472636699676514,-0.062831446628536,-0.1417831182479859,-0.13738024234771729,-0.024672096695269295,-0.20479410886764532,-0.20522356033325195,-0.037264376978839595,-0.24308735132217413,-0.2442699670791626,-0.0507939123618257,-0.27481144666671753,-0.27795231342315674,-0.06263951222177859,-0.11082026362419128,-0.1680958867073059,-0.035052854667867395,-0.1609091460704804,-0.24929726123809814,-0.05171867470022559,-0.19151979684829712,-0.2979196310043335,-0.066061429779495,-0.2193363606929779,-0.33857211470603943,-0.0776678399252546,-0.07129073143005371,-0.18480843305587769,-0.0479326696204793,-0.09142369031906128,-0.2588252723217011,-0.0645059720682752,-0.1078509390354157,-0.307046502828598,-0.0728222356247556,-0.1257019340991974,-0.3489324152469635,-0.07964246730085729
0.0,0.0,0.0,0.0,-0.05786782503128052,0.0399588942527771,-0.022591801820396967,-0.11178934574127197,0.06797999143600464,-0.041967628983854866,-0.15892744064331055,0.10133892297744751,-0.06066939467012837,-0.19435006380081177,0.13743096590042114,-0.08078859233677346,-0.13152188062667847,-0.08812665939331055,-0.027473772404789466,-0.19520059227943426,-0.1314002275466919,-0.04186939307868437,-0.23372983932495123,-0.16198432445526129,-0.05423180991232357,-0.2633582949638367,-0.1879279613494873,-0.06422609323084316,-0.10947304964065552,-0.13685590028762817,-0.03146487334191757,-0.17026561498641973,-0.2057099342346192,-0.04095172369301277,-0.20782536268234253,-0.2494906187057495,-0.051824847696423065,-0.23533850908279424,-0.2841358184814453,-0.062090168235897567,-0.07799339294433594,-0.1673709154129029,-0.038114389864801965,-0.12285029888153076,-0.2481019794940949,-0.05100542166650257,-0.15134635567665106,-0.29968535900115967,-0.06488667660772757,-0.17438143491744995,-0.3396961987018586,-0.07643084460318046,-0.04127997159957886,-0.18329966068267828,-0.046584500460028266,-0.051772236824035645,-0.2573720812797547,-0.060360165773033665,-0.06420737504959106,-0.3076009750366211,-0.06812528753101786,-0.07701760530471802,-0.349228322505951,-0.07441723578989466
0.0,0.0,0.0,0.0,-0.06372874975204468,0.030114471912384033,-0.025867138332813473,-0.12463665008544922,0.04963725805282593,-0.04598623169133017,-0.17410188913345337,0.07678055763244629,-0.06519017768570727,-0.21247595548629766,0.10711956024169922,-0.08545279157826258,-0.144292950630188,-0.10808521509170532,-0.028442653170912973,-0.20734432339668274,-0.15476930141448975,-0.04660009247729127,-0.24330383539199835,-0.1860385537147522,-0.06213208687969987,-0.27130240201950073,-0.21372267603874212,-0.07401727539965457,-0.11994338035583496,-0.1521514654159546,-0.032520134276836574,-0.17837882041931152,-0.2261342704296112,-0.04648862061569047,-0.21419885754585266,-0.2713470757007599,-0.06031962511607957,-0.24152877926826477,-0.3082332611083985,-0.07181275290915318,-0.085654616355896,-0.1774970293045044,-0.04008628082939927,-0.12746381759643555,-0.26391413807868963,-0.05738084418246097,-0.15275943279266357,-0.3171111345291138,-0.07226725322672677,-0.1745014786720276,-0.3598965406417847,-0.08357445550629447,-0.045035481452941895,-0.18789777159690862,-0.04982817573019807,-0.05381882190704346,-0.263101190328598,-0.06640280438134027,-0.06551378965377808,-0.3133254051208496,-0.07458796007105657,-0.07859766483306885,-0.357135534286499,-0.08062672270008867
0.0,0.0,0.0,0.0,-0.06548058986663818,0.027505993843078613,-0.025904200267831263,-0.1301460862159729,0.042426884174346924,-0.04510324191753056,-0.18184423446655273,0.06644684076309204,-0.06339150783125547,-0.2195470929145813,0.0963512659072876,-0.08275521662537236,-0.15090441703796387,-0.11546629667282104,-0.02704491954747816,-0.2142360806465149,-0.16263258457183838,-0.04631054144803666,-0.25185817480087286,-0.19341003894805914,-0.06289272126261376,-0.2820866107940674,-0.22094619274139404,-0.07571724173132566,-0.1278526782989502,-0.1584797501564026,-0.031826430228392065,-0.1848333477973938,-0.233378678560257,-0.047275350657144964,-0.22043007612228394,-0.2801500260829926,-0.06197077896896976,-0.24806106090545654,-0.31847107410430914,-0.07377504673306126,-0.09467917680740356,-0.1820379495620728,-0.040425968584457864,-0.13632190227508545,-0.26828187704086304,-0.05920426663462306,-0.16217124462127686,-0.32240587472915655,-0.07531039532724997,-0.1846710443496704,-0.3671254813671112,-0.08730584498945856,-0.054774582386016846,-0.19019585847854614,-0.05130736273233076,-0.06211686134338379,-0.26599633693695074,-0.06975701567236565,-0.07248353958129883,-0.3177951574325562,-0.07972547527853627,-0.08430993556976318,-0.36414003372192383,-0.08690495904986047
0.0,0.0,0.0,0.0,-0.07032942771911621,0.035052597522735596,-0.017905588502486556,-0.13835090398788452,0.05204111337661743,-0.030781570131381355,-0.18869644403457642,0.08088302612304688,-0.04289626819868886,-0.22390902042388916,0.11463016271591187,-0.05643823487540086,-0.15621048212051392,-0.10618412494659424,-0.021422638798554758,-0.22027742862701416,-0.1547979712486267,-0.03377119941492876,-0.2575110197067261,-0.18535393476486206,-0.04485314829130966,-0.28755509853363037,-0.21052807569503784,-0.053702720681627555,-0.1321549415588379,-0.1520138382911682,-0.026144284064372355,-0.1914035677909851,-0.22751227021217352,-0.034219094792803155,-0.22863668203353882,-0.2730715274810791,-0.044778251329859055,-0.2569426596164704,-0.3070303201675415,-0.054560483674009654,-0.09958881139755249,-0.17757129669189453,-0.033317015747030554,-0.14089983701705933,-0.2648043036460877,-0.045585708002050654,-0.16894501447677612,-0.3180529773235321,-0.06112483633538086,-0.19336485862731934,-0.3596704304218292,-0.07360007731099925,-0.06257802248001099,-0.1876632571220398,-0.04163349537034826,-0.07077348232269287,-0.2676898837089539,-0.055329357514580055,-0.08078539371490479,-0.3197692632675171,-0.06388063100953896,-0.09187144041061401,-0.3638718128204346,-0.07047739742179715
0.0,0.0,0.0,0.0,-0.06281355023384094,0.04748952388763428,-0.02433935241364787,-0.12952479720115662,0.08251303434371948,-0.041145748138063674,-0.17877870798110962,0.11911487579345703,-0.05689471089803527,-0.21384733915328974,0.1537764072418213,-0.07374577099048447,-0.17302456498146052,-0.07249388098716741,-0.02620306299590417,-0.24260735511779782,-0.101763516664505,-0.04443123066388917,-0.2828823029994964,-0.11814454197883612,-0.060618786751859874,-0.3180832117795944,-0.13442200422286993,-0.07350700968467547,-0.1563940942287445,-0.12487930059432983,-0.03104581372403457,-0.22286918759346003,-0.18125006556510925,-0.04559342065417127,-0.264509230852127,-0.2141963243484497,-0.06048998856508087,-0.2985707074403762,-0.24142989516258245,-0.07339495295249768,-0.1270817220211029,-0.16048181056976324,-0.03950924673640087,-0.17870676517486572,-0.23324045538902283,-0.05719369152151897,-0.2134260237216949,-0.2751562595367432,-0.07309973114692517,-0.2446971237659454,-0.30852597951889044,-0.08565761023723437,-0.0886764228343963,-0.18306618928909302,-0.050114164739483075,-0.11273255944252014,-0.25815925002098083,-0.06757213050090627,-0.13349977135658264,-0.3039005398750305,-0.07718911641799757,-0.1553335785865783,-0.34258553385734564,-0.08471129709445788
0.0,0.0,0.0,0.0,-0.061195760965347235,0.04836159944534302,-0.02389996979962909,-0.12490373849868769,0.08649754524230957,-0.04128582325409979,-0.1728786826133728,0.12383145093917847,-0.05779321041535459,-0.20738917589187622,0.15633440017700195,-0.07529187124799819,-0.1684953868389129,-0.061420440673828125,-0.026178429989329288,-0.2374142706394195,-0.08537834882736212,-0.044983199952355286,-0.27651020884513855,-0.10043132305145264,-0.06122876998614399,-0.3099528849124908,-0.11684611439704895,-0.0738256640417489,-0.15231943130493159,-0.11437320709228521,-0.03149664696883289,-0.2184224426746368,-0.16879093647003174,-0.04631552395056809,-0.2593589723110199,-0.19948852062225342,-0.060687041996231886,-0.2922606021165847,-0.22519135475158691,-0.07294391763042539,-0.12388876080513,-0.15139347314834595,-0.04045372378658379,-0.17549949884414673,-0.22087043523788452,-0.05776510682534299,-0.210434541106224,-0.2597201764583588,-0.07212909233402338,-0.2413982003927231,-0.291423574090004,-0.0833725474460038,-0.08646062016487122,-0.17536410689353943,-0.05161302086543169,-0.1127315461635589,-0.24769550561904913,-0.06785485070776069,-0.134314626455307,-0.2915588915348053,-0.07595735710691538,-0.15658938884735102,-0.3294955790042877,-0.08229996186327068
0.0,0.0,0.0,0.0,-0.06439864635467529,0.04911810159683233,-0.02591622008782223,-0.12733405828475947,0.0831481814384461,-0.043945721749480526,-0.17557597160339358,0.11879622936248785,-0.06140693223875353,-0.2112707197666168,0.15424001216888433,-0.07981922424238513,-0.1700561791658401,-0.0636156797409057,-0.02308847329419443,-0.2382774651050568,-0.09041458368301392,-0.04361497557562183,-0.27896282076835627,-0.10703644156455994,-0.06184492206972433,-0.31307776272296906,-0.1229085624217987,-0.07567820644777604,-0.15343128144741058,-0.11614364385604853,-0.02838169730108573,-0.21943040192127228,-0.16996863484382624,-0.04536809719007803,-0.2615477740764618,-0.20226907730102534,-0.06175602174204183,-0.2957375198602676,-0.22971308231353763,-0.07488903350036932,-0.1249201893806457,-0.1534112393856048,-0.03805593347948383,-0.17741435766220087,-0.2224600464105606,-0.05766915476721123,-0.21216619014739987,-0.26332539319992065,-0.07298557407062843,-0.2429530024528503,-0.2966213673353195,-0.08426104432743382,-0.08704754710197449,-0.17839360237121582,-0.050264972660954726,-0.11235088109970087,-0.2496336251497268,-0.06769478267830203,-0.13340315222740168,-0.2941124141216278,-0.07602728104990313,-0.15485215187072748,-0.332529217004776,-0.08226091361444783
0.0,0.0,0.0,0.0,-0.0024761855602264404,-0.07751038670539856,-0.00136013678590526,-0.0125943124294281,-0.1259343326091767,-0.01167094719446026,-0.018408924341201838,-0.1769562065601349,-0.02163784311002806,-0.01417243480682373,-0.21802592277526858,-0.03362221562153416,-0.10980191826820374,-0.1262364685535431,-0.03520205535775736,-0.16585257649421692,-0.18559467792510986,-0.04952650063520986,-0.20096808671951294,-0.21707090735435491,-0.05594976910239776,-0.22997927665710452,-0.2411772906780243,-0.06095018156653956,-0.13416704535484314,-0.0868321061134339,-0.04344939731842596,-0.20839983224868774,-0.1374009251594544,-0.06143369817024786,-0.26021070778369915,-0.15939557552337646,-0.07167621620780545,-0.2983122169971466,-0.17403081059455877,-0.07912471064216216,-0.1411525309085846,-0.03565090894699097,-0.04928699799663146,-0.22217451035976413,-0.06126606464385986,-0.06936969526893216,-0.27705341577529913,-0.06998071074485779,-0.08707230456954557,-0.3172006756067276,-0.0772369801998139,-0.09867265739327986,-0.13419795036315924,0.019641280174255316,-0.05275962048060016,-0.1968820989131928,0.044176846742630005,-0.07721441157943326,-0.2361804842948914,0.061896711587905884,-0.09305836924201566,-0.2715530097484589,0.07287570834159851,-0.10211481072789746
0.0,0.0,0.0,0.0,-0.002914786338806097,-0.07964390516281128,-0.00543244201645613,-0.01300877332687378,-0.1308931410312652,-0.01893685776695973,-0.018109738826751653,-0.1845048069953918,-0.03164336848959683,-0.014360576868057195,-0.2278658151626587,-0.04612021539315943,-0.11108174920082087,-0.12864774465560908,-0.03862796742424733,-0.166473388671875,-0.1891015470027923,-0.05427265930876493,-0.20159587264060969,-0.22124427556991572,-0.06184393558606863,-0.23074808716773987,-0.2445107996463776,-0.06753009576306113,-0.1355029046535492,-0.08800697326660151,-0.04568966869220503,-0.21116822957992548,-0.13765603303909302,-0.06348108518824343,-0.2625375688076019,-0.15942922234535212,-0.07328122127756834,-0.30043618381023407,-0.17244204878807068,-0.08050286043390993,-0.14304286241531367,-0.03660359978675837,-0.05083123613104583,-0.224160224199295,-0.05877795815467829,-0.07029393333897353,-0.278560608625412,-0.06723889708518982,-0.08698961902365453,-0.3183511942625046,-0.07369309663772577,-0.09804321099028353,-0.13694891333580017,0.017902314662933405,-0.05416890997395283,-0.2003094851970672,0.043911457061767634,-0.07693619299635653,-0.2398064285516739,0.06067109107971197,-0.09132397938475373,-0.2743508815765381,0.07051694393157965,-0.09957383591637373
0.0,0.0,0.0,0.0,0.011458337306976318,-0.09264352917671209,-0.009725627513319023,0.010673940181732178,-0.1620520949363709,-0.023046763637751124,0.012667357921600342,-0.2245785892009735,-0.03611178512284132,0.023490726947784424,-0.2728842496871948,-0.050538295903891126,-0.09572291374206543,-0.1636461615562439,-0.032182684192150625,-0.1401235163211823,-0.2396394014358521,-0.046806158521860625,-0.169321209192276,-0.2808074951171875,-0.05479229057738162,-0.19437256455421448,-0.31099827587604534,-0.060927024135082726,-0.1265294849872589,-0.1230587363243103,-0.037400154420822625,-0.1921403408050537,-0.1878894567489624,-0.053703369596689726,-0.2348366379737854,-0.2200863957405091,-0.062356336066216024,-0.2661857008934021,-0.2392184734344483,-0.06850839967438552,-0.1394783258438111,-0.07339099049568182,-0.04201933557698112,-0.2125917673110962,-0.11059007048606873,-0.059579374292582025,-0.2590255439281464,-0.12983685731887817,-0.07263446415373663,-0.29403525590896606,-0.1427213847637177,-0.08095554823586322,-0.13780415058135992,-0.022303640842437744,-0.046051902720421325,-0.2014845311641693,-0.014520704746246338,-0.06532254631230212,-0.2394974827766419,-0.009989261627197266,-0.07573305631586882,-0.2709482312202454,-0.008996903896331787,-0.08100220377156113
0.0,0.0,0.0,0.0,0.01577836275100708,-0.08884254097938538,-0.01582612323073816,0.020516693592071533,-0.1621685028076172,-0.03217914740054076,0.0278816819190979,-0.2247123122215271,-0.04804808313457436,0.040682196617126465,-0.2691084146499634,-0.06522524768917036,-0.08638513088226318,-0.17488032579422003,-0.034825146593732356,-0.12587276101112366,-0.2541629672050476,-0.052436732151193155,-0.15348258614540106,-0.2973063588142395,-0.06390785092918345,-0.1786576807498932,-0.3288852870464325,-0.07257420981733276,-0.11838984489440918,-0.13873866200447083,-0.039075401075763155,-0.17865896224975586,-0.20809558033943182,-0.05604420641867586,-0.22049471735954285,-0.24423512816429138,-0.06703109706251095,-0.254031389951706,-0.266396701335907,-0.07544885242788266,-0.13398650288581848,-0.0913937389850617,-0.043672901042384554,-0.20446425676345825,-0.1348375678062439,-0.06131625215022036,-0.24944758415222168,-0.1571111977100373,-0.07553681398240995,-0.28442722558975225,-0.17299407720565801,-0.08529086823074286,-0.136477679014206,-0.04059493541717529,-0.04859268332330656,-0.19862303137779236,-0.03990769386291504,-0.06797298456041286,-0.23749059438705444,-0.04076772928237915,-0.07904223019687606,-0.26902574300765997,-0.04415750503540039,-0.08516817952005336
0.0,0.0,0.0,0.0,0.023226022720336914,-0.08506864309310913,-0.01785081130606155,0.03865861892700195,-0.15488505363464355,-0.03857124102455595,0.056560397148132324,-0.21355167031288153,-0.05892176804286455,0.0734674334526062,-0.25905215740203863,-0.08104754862529255,-0.06254684925079346,-0.17613151669502264,-0.04150234786015965,-0.09583884477615356,-0.25919297337532043,-0.06354689476233935,-0.12097883224487305,-0.30916672945022583,-0.07853605476361734,-0.1431616246700287,-0.34909552335739147,-0.08930735168200944,-0.09953474998474121,-0.14332711696624761,-0.04617734131556965,-0.1541937291622162,-0.2196977138519287,-0.06578927365285375,-0.19217902421951294,-0.26398751139640814,-0.07871416089278675,-0.22245347499847412,-0.29566693305969244,-0.08910166350347025,-0.12153327465057373,-0.09773999452590942,-0.05106567097050165,-0.1853969395160675,-0.15499040484428406,-0.06999580440265155,-0.22831934690475464,-0.18610385060310364,-0.08436031517726404,-0.2616751790046692,-0.21067029237747192,-0.09483639774066425,-0.12977954745292664,-0.04766124486923218,-0.056472792002978146,-0.18714982271194464,-0.06411373615264893,-0.07604327676040155,-0.2244988977909088,-0.0764201283454895,-0.08607547608357885,-0.2553083896636963,-0.08931279182434082,-0.09186554578286625
0.0,0.0,0.0,0.0,0.03762573003768921,-0.07948791980743408,-0.01746186468392352,0.05664193630218506,-0.14779579639434814,-0.03448807861298062,0.07874584197998047,-0.21118789911270147,-0.04989372979491682,0.10381704568862915,-0.25722831487655645,-0.06528687145203092,-0.0472186803817749,-0.20083183050155645,-0.03354520018785932,-0.06988435983657837,-0.29584416747093206,-0.04723280708878972,-0.08671993017196655,-0.3500590920448303,-0.05542830790966482,-0.10161101818084717,-0.39050078392028814,-0.06142744090050192,-0.08878934383392334,-0.1777227520942688,-0.03378301899522282,-0.13154524564743042,-0.27097868919372564,-0.04740962054222562,-0.16235613822937012,-0.32333096861839294,-0.05479359294861292,-0.1860172152519226,-0.35635137557983404,-0.06021525006383392,-0.11521995067596436,-0.13979828357696533,-0.03418942208975292,-0.16743141412734985,-0.20946952700614935,-0.04728595953076812,-0.2029784619808197,-0.2500144839286804,-0.05834030400603742,-0.23038476705551147,-0.27556994557380676,-0.06586786772697902,-0.1280006766319275,-0.09625518321990967,-0.03511160280197592,-0.17865020036697388,-0.12484937906265259,-0.04877083416670302,-0.21296793222427368,-0.14248061180114746,-0.05654424097031092,-0.2416025698184967,-0.15585404634475708,-0.06040442775577042
0.0,0.0,0.0,0.0,0.04160696268081665,-0.07906794548034668,-0.013449410705106774,0.06471294164657593,-0.14715337753295898,-0.028685564903753374,0.09032082557678223,-0.20404833555221558,-0.04419807231261067,0.11604881286621094,-0.2435044944286347,-0.06095182409717377,-0.03540259599685669,-0.203771710395813,-0.029331455735700673,-0.05334538221359253,-0.29786786437034607,-0.046493629722135575,-0.06815791130065918,-0.3539151847362519,-0.05763667335941127,-0.08252793550491333,-0.3984642624855042,-0.06564246749712757,-0.07528948783874512,-0.1859627366065979,-0.034019759653347074,-0.11436235904693604,-0.28111532330513,-0.051728962717788776,-0.14344966411590576,-0.33815813064575195,-0.06293652838303387,-0.16729456186294556,-0.3780730962753296,-0.07065813875033197,-0.1032097339630127,-0.15047484636306763,-0.038928589580791574,-0.15655404329299927,-0.2240327000617981,-0.056211779622571977,-0.19253379106521606,-0.26980459690094,-0.06904686873986057,-0.22090548276901245,-0.30298259854316717,-0.07705449199511347,-0.11943799257278442,-0.10591393709182739,-0.044079708663957676,-0.1710100769996643,-0.14171457290649414,-0.06054688876702127,-0.20417320728302002,-0.16614460945129395,-0.06863809263541037,-0.2316814661026001,-0.18675446510314941,-0.07241965716912087
0.0,0.0,0.0,0.0,0.0450819730758667,-0.07424306869506836,-0.01413933212683105,0.07391083240509033,-0.1411193609237671,-0.02824864747748275,0.10125428438186646,-0.19952350854873657,-0.04130246328935525,0.12613654136657715,-0.23772507905960083,-0.05582241925225155,-0.0248604416847229,-0.2145780324935913,-0.03259770783409975,-0.037757039070129395,-0.3146676719188691,-0.04755322473869225,-0.05185204744338989,-0.37323990464210516,-0.05719474541768925,-0.06456226110458374,-0.41875797510147095,-0.06428595471010105,-0.06976562738418579,-0.1977849006652832,-0.03537299322709935,-0.10736536979675293,-0.3024328947067261,-0.04827190774307155,-0.13121360540390015,-0.36468601226806646,-0.05617637398466965,-0.14869940280914307,-0.4071831107139588,-0.062143443401907854,-0.10138922929763794,-0.16305851936340332,-0.03820705997571845,-0.15560400485992432,-0.2444216012954712,-0.05229581358656785,-0.1860135793685913,-0.29475557804107666,-0.06382498728856945,-0.20760613679885864,-0.3308933377265931,-0.07157244371995825,-0.11960911750793457,-0.12135356664657593,-0.04122747319564715,-0.17247849702835083,-0.16653764247894287,-0.05749642687663935,-0.204437255859375,-0.19628959894180298,-0.06613731222972766,-0.22789782285690308,-0.22250235080718994,-0.07025152283534905
0.0,0.0,0.0,0.0,0.02820676565170288,-0.07287251949310303,-0.011177904438454752,0.04853159189224243,-0.13996177911758423,-0.025781940203387352,0.06841117143630981,-0.19310396909713745,-0.040750335436541656,0.08674222230911255,-0.23287522792816162,-0.05765518499561035,-0.03575211763381958,-0.19356119632720947,-0.02937316102929795,-0.047914087772369385,-0.278228759765625,-0.04813186405249325,-0.05693310499191284,-0.3297482132911682,-0.061158686410863056,-0.06398987770080566,-0.3706369400024414,-0.07019032491393765,-0.07198107242584229,-0.17668169736862183,-0.03784598363586155,-0.11084634065628052,-0.2707861661911011,-0.05477448506303515,-0.13586807250976562,-0.32864540815353394,-0.06750331772514065,-0.1560419797897339,-0.37240785360336304,-0.07671844167657575,-0.09845620393753052,-0.14087748527526855,-0.04657678259559355,-0.14860045909881592,-0.21733444929122925,-0.06465034140296665,-0.18084222078323364,-0.267974317073822,-0.08018983108945575,-0.20544129610061646,-0.3099798560142517,-0.09085148526378355,-0.11583256721496582,-0.09301877021789551,-0.055036540609080455,-0.16636580228805542,-0.12634050846099854,-0.07367923064180096,-0.19877010583877563,-0.15212440490722656,-0.08342428458877285,-0.22394555807113647,-0.17743587493896484,-0.08889582706638065
0.0,0.0,0.0,0.0,0.029349088668823242,-0.07565730810165405,-0.01368559987901103,0.049068987369537354,-0.14372700452804565,-0.03079415389953503,0.07337450981140137,-0.1991472840309143,-0.04849371218739403,0.09713989496231079,-0.24164432287216187,-0.06778258362470523,-0.042858779430389404,-0.1996738314628601,-0.03116785453318013,-0.0583653450012207,-0.29475975036621094,-0.05036123746691593,-0.07056140899658203,-0.3499300479888916,-0.06382733860669983,-0.0819738507270813,-0.39488682150840765,-0.07332248517928973,-0.07984572649002075,-0.18134403228759766,-0.03718162232695473,-0.11567610502243042,-0.276014506816864,-0.05283481532393343,-0.13921570777893066,-0.33276522159576416,-0.06459401825128452,-0.1594008207321167,-0.37597304582595825,-0.07408630380092512,-0.10727286338806152,-0.1456308364868164,-0.04364711695967563,-0.15580004453659063,-0.22123396396636963,-0.05776425355730903,-0.18824708461761475,-0.2672688364982605,-0.06982256749330414,-0.2143209576606751,-0.3050248622894287,-0.07914486059604534,-0.12584465742111206,-0.09879511594772339,-0.05065928676782503,-0.17357981204986572,-0.1382095217704773,-0.06472651192603952,-0.20522981882095342,-0.1665278673171997,-0.07221247533021823,-0.23117867112159735,-0.19307857751846313,-0.07677772173343553
0.0,0.0,0.0,0.0,0.031078338623046875,-0.07462549209594727,-0.01696115014090073,0.051222801208496094,-0.14216679334640503,-0.03554052886499903,0.07121503353118896,-0.20489472150802612,-0.05348248434199823,0.08829963207244873,-0.2548177242279053,-0.07293884110583802,-0.04257309436798096,-0.19940263032913208,-0.03551126298441423,-0.064974844455719,-0.2953740954399109,-0.054155055703063226,-0.08200046420097351,-0.35121971368789673,-0.06662635904683603,-0.09750598669052124,-0.39608079195022583,-0.07564951878919143,-0.08029931783676153,-0.17560815811157227,-0.03966727507247463,-0.12459886074066162,-0.2692565321922302,-0.05540332597627183,-0.15582376718521124,-0.3232765197753906,-0.06733519238366623,-0.1821185946464539,-0.363115131855011,-0.07685364437236322,-0.10682928562164312,-0.13487225770950317,-0.04417016756667633,-0.16215533018112183,-0.20735841989517212,-0.05943851572408213,-0.20054340362548834,-0.25035715103149414,-0.07280990880860823,-0.23144418001174932,-0.28501754999160767,-0.08299632769956133,-0.1237220168113709,-0.08525508642196655,-0.04907674369349023,-0.1765604019165039,-0.11307966709136963,-0.06539850336446303,-0.2121931910514832,-0.1340603232383728,-0.07425622296466362,-0.2416064739227295,-0.1566711664199829,-0.07942948889865413
0.0,0.0,0.0,0.0,0.02988213300704956,-0.08426761627197266,-0.013582683936931452,0.04875791072845459,-0.1578790545463562,-0.030732500204123853,0.07128673791885376,-0.22522592544555664,-0.04805664981273585,0.0893256664276123,-0.2766222357749939,-0.06698482374218875,-0.04858630895614624,-0.2065768837928772,-0.030900669121422152,-0.07396498322486883,-0.3068801164627075,-0.04850188160804685,-0.09026935696601873,-0.3633822202682495,-0.06044517348078665,-0.10483911633491522,-0.4079216420650482,-0.06886505971220905,-0.08612105250358582,-0.18123406171798706,-0.035591660836018855,-0.13163837790489202,-0.27537935972213745,-0.05066267664102495,-0.16134139895439154,-0.3306396007537842,-0.06261487195757805,-0.18552049994468695,-0.3690585494041443,-0.07233888546494426,-0.11434400081634521,-0.14066004753112793,-0.04045958335069595,-0.1721710860729218,-0.21114373207092285,-0.05404731894401485,-0.20965316891670233,-0.2549501657485962,-0.06638743618992746,-0.23920762538909912,-0.2880339026451111,-0.07596104482678355,-0.13367033004760742,-0.09228378534317017,-0.04563880602387365,-0.1881797313690186,-0.12714225053787231,-0.059473707177914954,-0.2217913269996643,-0.15039849281311035,-0.06685562322405755,-0.2493666410446167,-0.17215800285339355,-0.07115629205969745
0.0,0.0,0.0,0.0,0.02799975872039795,-0.08868908882141113,-0.010547422720946937,0.0465235710144043,-0.16374802589416504,-0.026149390182354137,0.06801527738571167,-0.23118430376052856,-0.04204574591562953,0.08590668439865112,-0.2807199954986572,-0.05924606687472073,-0.05167710781097418,-0.20038950443267822,-0.028139647013404035,-0.0791876912117005,-0.3029588460922241,-0.043160617268540535,-0.0977759063243866,-0.359360933303833,-0.053135052240349936,-0.1136842668056488,-0.4029198884963989,-0.059896636671282935,-0.09001481533050537,-0.1724950075149536,-0.032169863498665935,-0.13702243566513067,-0.26984816789627075,-0.04448816171930044,-0.1683670580387116,-0.32475268840789795,-0.05453617862508504,-0.19261577725410467,-0.3619316816329956,-0.06275301790878983,-0.1179730892181397,-0.1329505443572998,-0.03574999413535804,-0.17649388313293457,-0.2063291072845459,-0.04552204153583254,-0.21433299779891968,-0.24972164630889893,-0.055628035134532135,-0.2429143190383911,-0.2817115783691406,-0.06390046692536083,-0.13632357120513916,-0.08881783485412598,-0.03943346432492944,-0.19023451209068298,-0.12376600503921509,-0.048955824143149536,-0.2226452231407166,-0.14728492498397827,-0.05383643127129284,-0.248026192188263,-0.1690121293067932,-0.05656665927813263
0.0,0.0,0.0,0.0,-0.06616464257240301,0.006081104278564564,0.02078213978560219,-0.11621490120887762,-0.024419546127319225,0.02602973643691789,-0.14962664246559151,-0.03551471233367909,0.023519116155817688,-0.17859548330307012,-0.037286698818206676,0.01825522694738159,-0.15337307751178741,-0.15576350688934315,0.02126812811942349,-0.1987539529800415,-0.2190781831741332,0.01156974833460109,-0.2351420298218727,-0.2476217746734618,0.0017085348302642888,-0.2681765109300614,-0.26771819591522206,-0.007330364380017311,-0.1385141760110855,-0.17371296882629383,-0.005799774844184911,-0.1848195344209671,-0.26386648416519154,-0.01820821065454221,-0.22468630969524392,-0.31032973527908314,-0.030514859892413412,-0.2606342881917954,-0.344329535961151,-0.04076584737746451,-0.11711405217647561,-0.174973964691162,-0.03392238106577131,-0.1539934575557709,-0.27545082569122303,-0.04666273977606031,-0.18850249052047732,-0.3281942605972289,-0.05899106647817831,-0.2206265926361084,-0.37028348445892323,-0.06972742762415152,-0.09043261408805853,-0.16141450405120839,-0.06103753235189651,-0.11331877112388611,-0.2375405430793761,-0.07385498221962192,-0.1381711810827256,-0.2834693193435668,-0.08188486780969831,-0.16232666373252871,-0.3233917951583861,-0.08960974153129792
0.0,0.0,0.0,0.0,-0.04679515957832331,0.05559509992599487,-0.023990363550581147,-0.098804771900177,0.10176718235015869,-0.043885701072610944,-0.1388740241527557,0.14535892009735107,-0.06274427540341775,-0.1669424474239349,0.18545281887054443,-0.08311066098252695,-0.1663766056299209,-0.014487087726593018,-0.035862856281198646,-0.24126355350017553,-0.013786256313323975,-0.060450256538786044,-0.286538690328598,-0.012617290019989014,-0.07975246079007545,-0.3258808851242065,-0.013267993927001953,-0.09366409547368444,-0.15981118381023401,-0.06635147333145142,-0.04271407864729324,-0.23665735125541681,-0.09968757629394531,-0.06400088287631425,-0.286795362830162,-0.11491906642913818,-0.08200884677211205,-0.3286159783601761,-0.12518274784088135,-0.09540850735942284,-0.13800375163555142,-0.10594940185546875,-0.05229156903664024,-0.2029112428426742,-0.15731024742126465,-0.07406134225169575,-0.2468868494033813,-0.18346649408340454,-0.09044203228989994,-0.2857817262411117,-0.20177844166755676,-0.10216739095488944,-0.10508477687835693,-0.1351129412651062,-0.06364590741435444,-0.14213266968727112,-0.198563814163208,-0.08226462520400445,-0.17067088186740872,-0.2354263067245484,-0.09078829057256134,-0.19883577525615692,-0.2648444771766663,-0.09678956933061045
0.0,0.0,0.0,0.0,-0.044879257678985596,0.06270617246627808,-0.024447035202285812,-0.09554451704025269,0.11233079433441162,-0.04307911188294611,-0.13483823835849768,0.15703028440475464,-0.06072217986871911,-0.16311226785182958,0.19817900657653809,-0.07973881081630901,-0.1663906425237656,-0.0007960200309753418,-0.03126821682741361,-0.237755686044693,0.006206214427947998,-0.05455331147601321,-0.2817632108926774,0.009955286979675293,-0.07355365172912791,-0.31979633867740637,0.011066257953643799,-0.08772911892225461,-0.1628512442111969,-0.051931679248809814,-0.03731855393340311,-0.23801987618207937,-0.0764085054397583,-0.05846311540295801,-0.28716808557510376,-0.08778643608093262,-0.07682697490741922,-0.3281954675912858,-0.09531676769256592,-0.09047723577310761,-0.14355376362800598,-0.09278106689453125,-0.04659482852508741,-0.2091569900512696,-0.13594144582748413,-0.06944269702722741,-0.2530081942677498,-0.15933412313461304,-0.0870661662607403,-0.2926007807254792,-0.17633795738220215,-0.09945023820688441,-0.11247360706329348,-0.1252477765083313,-0.05766289696981621,-0.14997625350952148,-0.18412771821022034,-0.07791166768362241,-0.1788538992404938,-0.21793979406356817,-0.08834982679178431,-0.2077377438545228,-0.24482679367065435,-0.09570546464016161
0.0,0.0,0.0,0.0,-0.0451045036315918,0.06117749214172363,-0.024005107787473823,-0.09438219666481018,0.11228150129318237,-0.04310931099675482,-0.1327980756759643,0.1581869125366211,-0.060903823209031226,-0.160858228802681,0.19795197248458862,-0.07982214374564472,-0.16276408731937408,0.004565000534057617,-0.035096312147601325,-0.2363135814666748,0.009033679962158203,-0.05886377228520692,-0.2808774411678314,0.009849905967712402,-0.07697751952431982,-0.3180494606494904,0.006432533264160156,-0.09009295536301912,-0.15804220736026758,-0.047263264656066895,-0.04106496853850662,-0.23383019119501108,-0.07225021719932556,-0.06130111424349132,-0.2812206894159317,-0.08683365583419805,-0.07810881568215672,-0.3203628659248352,-0.10003149509429937,-0.09074216170333212,-0.1379051506519318,-0.09053671360015869,-0.04985635934494322,-0.20387339591979978,-0.1335136890411377,-0.07197391821168252,-0.24568331986665728,-0.15778917074203497,-0.08808945698760333,-0.28264807164669037,-0.17609566450119019,-0.09955175800345722,-0.1059319227933884,-0.1261142790317536,-0.06032347885988542,-0.14289273321628568,-0.18307226896286016,-0.08041004670880622,-0.17067818343639368,-0.21631202101707458,-0.08979850841782873,-0.1985554695129394,-0.243671864271164,-0.09616502208731953
0.0,0.0,0.0,0.0,-0.04528799653053289,0.0590794980525971,-0.02423622258288556,-0.0937709510326386,0.10846021771430975,-0.04399736210984876,-0.13189952075481418,0.1535733044147492,-0.06267572552246746,-0.1596799939870835,0.19379046559333807,-0.08249859869761166,-0.16113346815109258,0.0028077065944672186,-0.03550027296228106,-0.2323097661137581,0.007704347372055109,-0.06051397681517296,-0.27618877589702606,0.008759230375289973,-0.07960012913031277,-0.31270450353622437,0.005421847105026301,-0.09341525644344977,-0.15694290399551397,-0.047720104455947876,-0.041467849018999865,-0.230970859527588,-0.07075503468513489,-0.06406185388846096,-0.2785794734954835,-0.08650898933410639,-0.08197822034640007,-0.3179354220628739,-0.10109519958496088,-0.09513383716625866,-0.137449935078621,-0.09029319882392878,-0.050368442985245565,-0.20306354761123657,-0.130216896533966,-0.07468278318924597,-0.24429903179407128,-0.15595540404319758,-0.09154621124548606,-0.2800697535276414,-0.17518028616905207,-0.10296976179165536,-0.10598804056644448,-0.1258088052272796,-0.06093409270329166,-0.14275021851062777,-0.18098565936088556,-0.08252411693615606,-0.1707114726305008,-0.2134377658367157,-0.09290375918430976,-0.19797062873840338,-0.2393937110900879,-0.09973625451607396
0.0,0.0,0.0,0.0,-0.042877316474914606,0.06031039357185364,-0.02671861200150258,-0.0897057056427002,0.10826382040977478,-0.04643920919414768,-0.127626433968544,0.1524055302143097,-0.06454302853461508,-0.15681160986423492,0.19015762209892273,-0.08346215373393298,-0.1560861319303513,0.006373196840286199,-0.035967354835236075,-0.22658625245094302,0.01002469658851618,-0.06018283328529598,-0.26970230042934423,0.009705036878585815,-0.07853656745072608,-0.30564123392105114,0.005131185054778997,-0.09187797194834947,-0.1523212641477585,-0.043506830930709894,-0.039701861501896474,-0.22510480880737313,-0.06496617197990417,-0.061342013241016874,-0.2716381251811981,-0.08074289560317999,-0.07864893710728887,-0.3094810843467713,-0.0954804420471192,-0.09154245740290888,-0.13360951840877533,-0.08560165762901312,-0.046648570508921176,-0.19668538868427282,-0.12189003825187689,-0.06997871881839038,-0.2368448674678803,-0.1453498899936676,-0.08674268907424218,-0.271519273519516,-0.16334235668182379,-0.09832963830348258,-0.10360930860042572,-0.12095439434051519,-0.055526488633120076,-0.13771422207355502,-0.1733764111995697,-0.07655285781737568,-0.16453312337398532,-0.2039352208375931,-0.08753999805566078,-0.19095751643180853,-0.22861804068088531,-0.09501722937937977
0.0,0.0,0.0,0.0,-0.04269430041313177,0.05927020311355591,-0.023426577247391764,-0.08735775947570801,0.10333850979804993,-0.041802014954100665,-0.12502580881118777,0.14481571316719055,-0.05849536115647416,-0.15375040471553808,0.17942294478416443,-0.07594819719315636,-0.14967316389083868,0.004045397043228094,-0.03472114706755747,-0.21987788379192358,0.006532311439514105,-0.05663526410580737,-0.2618208527565003,0.005451709032058716,-0.07299984598876107,-0.2961612343788148,0.0001233220100402832,-0.08473600799561606,-0.14511610567569738,-0.04431676864624029,-0.03780590350152117,-0.21768635511398318,-0.06387203931808472,-0.056713670290719165,-0.2629097998142243,-0.07899811863899231,-0.07157077992678747,-0.29886794090270996,-0.09328335523605347,-0.08263410980225666,-0.1265641301870347,-0.08461889624595648,-0.04339884946466546,-0.19174927473068237,-0.11901476979255682,-0.06418885643006426,-0.23139116168022159,-0.1427148580551148,-0.07954765463591676,-0.26475764811038976,-0.16069179773330688,-0.09009373540402517,-0.0981772243976593,-0.1186330914497376,-0.050412300772677464,-0.1330556422472001,-0.1685467809438706,-0.06993209923030007,-0.15962406992912298,-0.1962076425552369,-0.08023435974837406,-0.18563838303089147,-0.2182898819446564,-0.08690780008555517
1.0,0.0,0.0,0.0,0.05915570259094238,0.010987818241119385,-0.02094242002601726,0.11891359090805048,-0.02347421646118164,-0.02658747348721126,0.11767283082008362,-0.0943777859210968,-0.030064016839219162,0.0813809335231781,-0.11635163426399231,-0.02868407804305656,0.11348921060562128,-0.09152063727378845,-0.00968631848479616,0.1360951662063598,-0.13607841730117803,-0.03121273990507226,0.1134076714515686,-0.08415132761001592,-0.03883999611969096,0.10440397262573242,-0.06570303440093994,-0.04142415176863776,0.08071193099021912,-0.11194029450416565,-0.00884359448934896,0.09891369938850403,-0.14770853519439703,-0.03131563242311586,0.0785340964794159,-0.08237716555595404,-0.03273490842218506,0.07220730185508728,-0.07538163661956793,-0.02860364157493216,0.04711297154426569,-0.12607216835021973,-0.01203520528758866,0.0614129900932312,-0.15875357389450073,-0.04049046735997306,0.046447545289993286,-0.09080910682678223,-0.03130595039363006,0.04068434238433838,-0.07932654023170471,-0.01778415802652936,0.008691668510437012,-0.1390002965927124,-0.01625182878012756,0.025589078664779608,-0.16533643007278442,-0.032510530462218364,0.0222653448581695,-0.11388146877288824,-0.02145005602176296,0.01715373992919922,-0.09695252776145935,-0.00915152139748436
1.0,0.0,0.0,0.0,0.05800667405128479,0.015033364295959473,-0.030107996009633032,0.12489759922027582,-0.018657028675079346,-0.04094218886677933,0.12277829647064209,-0.09442555904388428,-0.04759542322938153,0.08297029137611389,-0.11917170882225037,-0.04824262908880423,0.12339457869529719,-0.0988469123840332,-0.017360408373519834,0.14345777034759521,-0.13894465565681463,-0.04276018268649293,0.11787506937980652,-0.08408457040786743,-0.051139932640239735,0.1099261045455932,-0.06799036264419556,-0.05411912552301593,0.0874546468257904,-0.12297767400741583,-0.014084985062822833,0.10506564378738403,-0.15669363737106323,-0.04246616414968683,0.08217275142669672,-0.08632999658584595,-0.045018584050580936,0.07678747177124023,-0.08372622728347778,-0.040551480420276634,0.051082998514175415,-0.13915276527404785,-0.015745239846751233,0.0649661123752594,-0.16936075687408453,-0.04991333983127783,0.04813894629478449,-0.09584438800811768,-0.04029461420361713,0.04374921321868891,-0.08982300758361816,-0.025692003362223634,0.010358631610870306,-0.15386804938316345,-0.019029746346518533,0.027212858200073187,-0.17271482944488525,-0.038399607457563434,0.021936774253845215,-0.11659875512123113,-0.027221095331356034,0.017647027969360296,-0.10555118322372437,-0.014592674143955233
1.0,0.0,0.0,0.0,0.06412234902381891,0.009923338890075684,-0.0341888826521881,0.14208227396011353,-0.02240610122680664,-0.047842071596051,0.1384710669517517,-0.09155905246734619,-0.0566470336350448,0.0832682847976684,-0.10987645387649536,-0.0586985733541496,0.1422168910503387,-0.1389695405960083,-0.0191362157645471,0.1603019535541534,-0.1485421061515808,-0.0476310488018043,0.1274505853652954,-0.09236043691635132,-0.0599456887873657,0.1148031055927276,-0.08545452356338501,-0.0667829487654216,0.1031697690486908,-0.17329743504524237,-0.0164866831335075,0.11748930811882019,-0.17054867744445806,-0.0475113067957408,0.0918991863727569,-0.10025674104690552,-0.0529734801682479,0.08596611022949219,-0.10618722438812256,-0.050610796752835,0.06212657690048212,-0.18902283906936646,-0.019400014746452098,0.0684327781200409,-0.17449098825454717,-0.0524742577406414,0.054830402135849,-0.10165798664093018,-0.046411269548798297,0.05112418532371521,-0.1059752106666565,-0.0359475214215763,0.01872006058692932,-0.19539615511894226,-0.0251372244390495,0.027862936258315985,-0.1673772931098938,-0.0434229497047908,0.02460417151451111,-0.11107379198074341,-0.036392987910176,0.022990405559539795,-0.1116628646850586,-0.0276814803662546
1.0,0.0,0.0,0.0,0.07040649652481079,0.014312982559204102,-0.036241238285199935,0.15514731407165533,-0.022781729698181152,-0.049700235296384634,0.1552975773811341,-0.09352225065231323,-0.05763596044887714,0.09678271412849432,-0.10465645790100098,-0.058023472596303735,0.1506596207618714,-0.15993046760559082,-0.019751631934539635,0.1673425436019898,-0.16128963232040405,-0.04919675113667664,0.13705813884735113,-0.09548592567443848,-0.06208709375967193,0.12515410780906683,-0.09160858392715454,-0.07009445996989423,0.1073147058486939,-0.1962885558605194,-0.016591091920034235,0.12185823917388922,-0.1924834549427033,-0.05112484963645154,0.099762111902237,-0.11238259077072144,-0.05744115756858994,0.09144479036331182,-0.11384409666061401,-0.05490008490194494,0.06174167990684509,-0.20970827341079712,-0.019154346827761435,0.0684605240821839,-0.1822198927402497,-0.053181519080297335,0.058125913143158014,-0.10434329509735107,-0.047096205223695536,0.0508711040019989,-0.10796505212783813,-0.03644140558351694,0.015230864286422785,-0.2122547626495362,-0.025091438833967937,0.023563474416732788,-0.16089481115341187,-0.04355759294737983,0.023962408304214478,-0.10454678535461426,-0.03936161594499764,0.022734314203262385,-0.11114484071731567,-0.03279087813605484
1.0,0.0,0.0,0.0,0.09221944212913508,0.011437475681304932,-0.05021653493093932,0.19719567894935608,-0.047271549701690674,-0.07325536181377852,0.18978801369667048,-0.13361626863479614,-0.08925546129393061,0.11466547846794128,-0.14327526092529297,-0.09487085958170381,0.18093842267990107,-0.23968347907066345,-0.028242984611267716,0.2007075548171997,-0.21362268924713135,-0.07616409083055942,0.16183114051818848,-0.13089042901992798,-0.10193898697542632,0.14807894825935358,-0.13237488269805908,-0.11897596885609112,0.12187540531158447,-0.28916281461715704,-0.026586362916702817,0.14161023497581482,-0.24320858716964727,-0.07817458530115572,0.11428439617156977,-0.14771544933319092,-0.09125837107347931,0.10865858197212219,-0.16151291131973267,-0.09154660423445192,0.06221005320549011,-0.29658809304237366,-0.03390570153641192,0.07587757706642151,-0.21246510744094854,-0.08027607371258222,0.06572386622428888,-0.12879180908203125,-0.07575565745281662,0.06263533234596247,-0.15288865566253662,-0.06565812398838482,0.00873824954032898,-0.28334397077560425,-0.04692125861691911,0.021767020225524902,-0.17730063199996954,-0.07375615258860072,0.022855758666992188,-0.11869746446609497,-0.07464473863291232,0.022078841924667303,-0.14808768033981323,-0.07142007519649951
1.0,0.0,0.0,0.0,0.0960786640644073,0.010498523712158203,-0.05471724358852718,0.21051791310310364,-0.04049867391586304,-0.08248052833135938,0.22014018893241882,-0.12812453508377075,-0.10270415333565097,0.15098783373832703,-0.1467151641845703,-0.11327185568865157,0.18590107560157776,-0.2675522863864899,-0.03407196042593338,0.22827377915382385,-0.2220836877822876,-0.08128984359558437,0.18364980816841125,-0.13660475611686712,-0.10742826101835587,0.16384020447731018,-0.1505765616893769,-0.12442021904047347,0.12680047750473017,-0.3106127083301544,-0.029982694364150575,0.1678788959980011,-0.2331643402576447,-0.07728791323955868,0.13202163577079773,-0.1376051902770996,-0.08968076196964597,0.11821696162223816,-0.16458815336227423,-0.09105599013622617,0.06656879186630249,-0.3130922913551331,-0.03435255674179408,0.09948095679283137,-0.21506518125534058,-0.07983160105999328,0.08176964521408081,-0.1317923665046692,-0.07563913700636248,0.07055625319480896,-0.16078457236289978,-0.06599596974905347,0.012259781360626165,-0.2981632649898529,-0.04401886177714678,0.044527143239974976,-0.20402875542640692,-0.06947839347179748,0.0378007292747497,-0.1396415233612061,-0.06589502183254578,0.02613416314125061,-0.1600808501243592,-0.05878955212887148
1.0,0.0,0.0,0.0,0.09845894575119024,0.008498787879943848,-0.04340984933341473,0.21791750192642217,-0.0355491042137146,-0.06469093896711792,0.23623263835906988,-0.11995306611061102,-0.08046091981495343,0.17143523693084722,-0.14832711219787598,-0.08753195293510882,0.19572216272354132,-0.254438579082489,-0.024684608730325325,0.25027465820312506,-0.20806282758712769,-0.06514412053192582,0.1991772055625916,-0.12568318843841558,-0.08656908460224592,0.17346113920211798,-0.14115729928016668,-0.10092221088970632,0.14019751548767095,-0.2969605326652527,-0.024291488158354423,0.19081217050552374,-0.22459366917610168,-0.06570232548082793,0.1449932456016541,-0.12773284316062927,-0.07508801557386842,0.12645024061203008,-0.15255731344223028,-0.07490759231413333,0.08225011825561529,-0.3042585849761963,-0.030833865332255024,0.12246561050415045,-0.2182122766971588,-0.07164867855871643,0.09347206354141241,-0.13053879141807562,-0.06397236772144763,0.07638341188430792,-0.15687274932861328,-0.052592391895899426,0.02693304419517517,-0.296448290348053,-0.041396527367481825,0.06483232975006109,-0.21773123741149908,-0.06274623312319243,0.050959467887878473,-0.148020088672638,-0.053429174053320524,0.03404885530471807,-0.1637564599514008,-0.04256730787719212
1.0,0.0,0.0,0.0,0.10432922840118408,0.006029784679412842,-0.03527717619581949,0.22123759984970093,-0.03424522280693054,-0.05312606647058259,0.2558324337005615,-0.11514940857887274,-0.0687403786127163,0.1953965425491333,-0.14596754312515264,-0.07650214015885119,0.19871866703033447,-0.23916420340538025,-0.011674358988244595,0.26260459423065186,-0.20509001612663275,-0.052359509760577794,0.21133744716644287,-0.12474679946899414,-0.0739957424943043,0.17942893505096436,-0.13645845651626592,-0.08744719206734429,0.14658445119857788,-0.2798837274312973,-0.014917176695604394,0.20793980360031128,-0.2270752191543579,-0.05874324172182809,0.16061031818389893,-0.1276317834854126,-0.0678102630321575,0.136530339717865,-0.14515373110771185,-0.0660242247526241,0.09224098920822144,-0.29339881241321575,-0.025328907663066495,0.1477116346359253,-0.22768300771713262,-0.07088150411291849,0.11250042915344238,-0.13321930170059204,-0.061971872592408696,0.08633780479431152,-0.1507195234298706,-0.046973134869773496,0.03720587491989136,-0.2918396294116974,-0.038869529509980794,0.0934181809425354,-0.22939103841781622,-0.0627355608288837,0.07342737913131714,-0.15708699822425842,-0.051403343224961796,0.04692620038986206,-0.16590219736099243,-0.03775829031511079
1.0,0.0,0.0,0.0,0.09840840101242065,-0.00020623207092285156,-0.02801142489829537,0.19886863231658936,-0.02549576759338379,-0.04430004066148277,0.23843306303024292,-0.09236589074134827,-0.060611555784134866,0.19066935777664185,-0.13472813367843628,-0.07027877351561067,0.18354296684265137,-0.20767569541931158,-0.0051240240811693686,0.24254804849624634,-0.18004131317138677,-0.04119963800826547,0.196999192237854,-0.10682642459869385,-0.060166454373984365,0.1691497564315796,-0.11663621664047247,-0.07158747544804096,0.13998866081237793,-0.24265310168266296,-0.010385640396862069,0.19743561744689941,-0.19956079125404358,-0.04963558024087427,0.15406548976898193,-0.11052006483078008,-0.05853422588029387,0.13217812776565552,-0.12608397006988525,-0.05819989597716807,0.09427112340927124,-0.25945138931274414,-0.022067271604328167,0.14905822277069092,-0.20779800415039068,-0.06452446660318847,0.11204260587692261,-0.12128281593322754,-0.055392908363728566,0.08643996715545654,-0.13484713435173035,-0.04090036308684827,0.04551851749420166,-0.26458522677421575,-0.03614160275378707,0.10574328899383545,-0.21788060665130615,-0.05780533558049677,0.0821576714515686,-0.15254101157188416,-0.04461192941585067,0.05272519588470459,-0.15766832232475286,-0.03026436684945107
1.0,0.0,0.0,0.0,0.09076827764511108,0.0071939826011657715,-0.03499068530990708,0.1860027313232422,-0.021117210388183594,-0.05181077706410518,0.21456539630889893,-0.09457266330718994,-0.06629575255109899,0.1639994978904724,-0.12906157970428467,-0.07397026779844389,0.15900933742523193,-0.19377195835113525,-0.010458547871252182,0.21415740251541138,-0.17723789811134338,-0.045091228808899986,0.17446112632751465,-0.10426610708236694,-0.06328055473758808,0.15160292387008667,-0.11263483762741089,-0.07452911349727738,0.11651915311813354,-0.22288933396339417,-0.010135981503566382,0.17171239852905273,-0.19228917360305786,-0.04893189134790528,0.1346977949142456,-0.10566586256027222,-0.057524169113179285,0.1147950291633606,-0.12007158994674683,-0.056789582844515886,0.07325083017349243,-0.23646047711372375,-0.016611825924058982,0.12581628561019897,-0.19602197408676147,-0.05796269911124338,0.09580564498901367,-0.11375784873962402,-0.049733536567231285,0.07229357957839966,-0.1250477433204651,-0.036034224804183085,0.02716684341430664,-0.24204456806182867,-0.02596856678619018,0.08405178785324097,-0.20107901096343994,-0.04809640559150798,0.06466591358184814,-0.1383059024810791,-0.037555879231234685,0.038552165031433105,-0.14071696996688843,-0.02515591892196758
1.0,0.0,0.0,0.0,0.09498995542526245,-0.00229489803314209,-0.02784180402244373,0.1889280080795288,-0.03853994607925415,-0.043242383221638626,0.21217942237854004,-0.10184973478317261,-0.05818755126978203,0.15749317407608032,-0.12123620510101318,-0.06621022469784063,0.1610826849937439,-0.20695996284484863,0.0020157760619098713,0.21710741519927979,-0.17589795589447021,-0.03305354289199153,0.17873984575271606,-0.10525858402252197,-0.05390515125776573,0.15561187267303467,-0.1199912428855896,-0.06728602148081103,0.11588209867477417,-0.23653888702392584,-0.0024550891802732288,0.17299705743789673,-0.1908409595489502,-0.04164509422565743,0.137820303440094,-0.10746681690216064,-0.05378310702229783,0.11977362632751465,-0.1295347809791565,-0.05513295478607453,0.07050925493240356,-0.24555942416191107,-0.013682272689891228,0.12300765514373779,-0.19062167406082153,-0.05413662962104123,0.09632408618927002,-0.11298072338104248,-0.04985779098655023,0.07667708396911621,-0.1354239583015442,-0.03912009246135993,0.02798295021057129,-0.24486559629440313,-0.02747739240015783,0.08154600858688354,-0.19270306825637817,-0.04811432159925743,0.06360423564910889,-0.1367672085762024,-0.03999352775002753,0.04029059410095215,-0.14977747201919556,-0.029718694681775928
1.0,0.0,0.0,0.0,0.07688254117965704,0.004440665245056152,-0.03426995888440834,0.16777473688125616,-0.02819204330444336,-0.054528329671313644,0.19976466894149786,-0.08378994464874268,-0.07172182589857805,0.15747165679931646,-0.10929322242736816,-0.08254135042517415,0.14577710628509527,-0.22303175926208496,-0.020825125426938443,0.2026453614234925,-0.17935729026794434,-0.057902198434760445,0.1650190949440003,-0.11033165454864502,-0.08063728749840485,0.13972979784011846,-0.12274336814880371,-0.09621283054440254,0.10539293289184576,-0.24988144636154175,-0.022898530737450042,0.16063678264617925,-0.18604201078414917,-0.059828765840222745,0.12701314687728887,-0.10776025056838989,-0.06997999191372624,0.10626536607742315,-0.1253948211669922,-0.07302467912523974,0.0615688562393189,-0.25095921754837036,-0.031024143249680943,0.11247545480728155,-0.17800670862197876,-0.06597564756958714,0.08752912282943731,-0.10758352279663086,-0.060033269376447145,0.06614440679550176,-0.1256771683692932,-0.05200596913783774,0.019492864608764704,-0.23693108558654785,-0.04286158099858994,0.06571722030639654,-0.16862648725509644,-0.06156441211788884,0.05003917217254644,-0.11626338958740234,-0.05597709134309524,0.02965760231018072,-0.12787365913391113,-0.04962190255611174
1.0,0.0,0.0,0.0,0.07991549372673029,0.013027012348175049,-0.034050212215163356,0.18039175868034363,-0.02101665735244751,-0.051910837154366556,0.20182082056999207,-0.09061408042907715,-0.06602731437561715,0.14900651574134827,-0.11016958951950073,-0.07449445963976586,0.16261914372444153,-0.22324597835540771,-0.02034745083329876,0.20274075865745544,-0.17788952589035034,-0.05528548077819546,0.1660708487033844,-0.10873723030090332,-0.07729023785469735,0.14415022730827332,-0.11088716983795166,-0.09120471120951376,0.11640027165412903,-0.2567673325538635,-0.02105365225253306,0.15283194184303284,-0.1839209794998169,-0.05349299402115546,0.12095186114311218,-0.10880875587463379,-0.06285183222172455,0.10104045271873474,-0.12154680490493774,-0.06496438474533756,0.06786155700683588,-0.2615048289299011,-0.02755096458969316,0.10029113292694086,-0.18252360820770264,-0.059035875807978755,0.08091837167739868,-0.11407452821731567,-0.05558315009949406,0.06348028779029846,-0.1266377568244934,-0.04889401511428556,0.02033764123916626,-0.2506173849105835,-0.03749959261295996,0.05448770523071289,-0.1799072027206421,-0.053022482405879055,0.0444050133228302,-0.12378585338592529,-0.046807737063147656,0.029753893613815308,-0.12890654802322388,-0.039426793317772955
1.0,0.0,0.0,0.0,0.084339439868927,0.013014793395996094,-0.030160705764217213,0.18201419711112982,-0.03823971748352051,-0.04358896540514931,0.19477489590644842,-0.1113896369934082,-0.05335253031961421,0.13376307487487799,-0.12556672096252441,-0.05565389173142421,0.16542246937751776,-0.23051035404205322,-0.015929282848162512,0.19768491387367254,-0.1918179988861084,-0.049841310102863114,0.1580701768398285,-0.12144869565963745,-0.07099113168231952,0.1352030634880066,-0.1286359429359436,-0.08724677862636551,0.11374685168266302,-0.26645511388778687,-0.019476534072680313,0.1439249217510224,-0.20608413219451904,-0.055713053066654014,0.11489596962928778,-0.1240573525428772,-0.06639340074769962,0.0987496972084046,-0.13734221458435059,-0.07004450561515792,0.06249082088470459,-0.26796025037765503,-0.028713378329200612,0.08758634328842169,-0.18804889917373657,-0.06180148871652591,0.07094159722328192,-0.11380153894424438,-0.057995933313293314,0.0545912384986878,-0.13247299194335938,-0.05250545518509851,0.015574365854263306,-0.25195592641830444,-0.04179919438473681,0.04127916693687439,-0.16140305995941162,-0.062022316474838114,0.033955931663513184,-0.10811901092529297,-0.06204223932735431,0.021419376134872492,-0.12945061922073364,-0.06027555393092141
1.0,0.0,0.0,0.0,0.08432838320732122,0.0008396506309509277,-0.03644357966183516,0.17525619268417358,-0.05280834436416626,-0.054957277792681156,0.16786453127861029,-0.11622601747512817,-0.06887648971675726,0.10102751851081848,-0.11656278371810913,-0.07447851421235896,0.15806391835212713,-0.233329176902771,-0.019530063214887056,0.1769417524337769,-0.19387388229370117,-0.05603787274955606,0.14314481616020208,-0.1212429404258728,-0.07839856268762446,0.1287761628627777,-0.126104474067688,-0.09464986594318246,0.10461309552192688,-0.26991134881973267,-0.02085418598650786,0.12308314442634588,-0.2075260877609253,-0.05928697036503646,0.1007369756698609,-0.12685424089431763,-0.07107141585944986,0.0926426351070404,-0.1408289670944214,-0.07453887136577456,0.05204007029533392,-0.27009886503219604,-0.028667347225535857,0.06668353080749512,-0.18714255094528198,-0.061354756075132855,0.05814021825790411,-0.11687880754470825,-0.05884279282687996,0.051556020975112915,-0.13924437761306763,-0.05391501607297746,0.006632030010223389,-0.2529270052909851,-0.04108218448160976,0.020755112171173096,-0.16075479984283447,-0.058697152602661555,0.01935487985610962,-0.11094838380813599,-0.05900866137741896,0.013695508241653498,-0.13550084829330444,-0.05771410809754226
1.0,0.0,0.0,0.0,0.06632156670093539,-0.0006141066551208496,-0.034032514729943834,0.13864682614803311,-0.04410022497177124,-0.049991826006618036,0.12662689387798312,-0.10480368137359619,-0.061616825350966936,0.07589842379093173,-0.1167745590209961,-0.06635795015975524,0.1329737156629562,-0.18250548839569092,-0.017203728148189136,0.13809593021869662,-0.17942821979522705,-0.051364100017991535,0.11978222429752353,-0.11078357696533203,-0.06949877966329154,0.1110894829034805,-0.09658032655715942,-0.07939759124204214,0.08377526700496671,-0.21181154251098633,-0.01677746366843274,0.09066708385944369,-0.20521271228790283,-0.05203950632497364,0.08183808624744413,-0.12629163265228271,-0.059930382707562936,0.07850836217403409,-0.11804479360580444,-0.057973003426042134,0.0359100550413132,-0.2160305380821228,-0.022820694783177938,0.03984691202640531,-0.18296462297439575,-0.05616317171737244,0.03893159329891202,-0.11069375276565552,-0.050099431016889136,0.03679309785366061,-0.11186766624450684,-0.03946622688457064,-0.009534671902656583,-0.2056395411491394,-0.03240208927675774,-0.0026196688413619995,-0.15420174598693848,-0.050561799147573035,0.0014261156320572177,-0.10368770360946655,-0.045318728723969935,0.0030057132244110107,-0.11236631870269775,-0.037592726239409936
1.0,0.0,0.0,0.0,0.060119330883026095,-0.0234424769878388,-0.03179134970454808,0.11070266366004947,-0.07387492060661316,-0.044976966287180085,0.0902670621871948,-0.13594827055931097,-0.05503066426066989,0.04102423787116999,-0.14164429903030398,-0.05990209227351779,0.09002202749252317,-0.15293766558170319,-0.011693269777282385,0.09647983312606809,-0.2024922072887421,-0.04201251437811489,0.0842583775520325,-0.14772580564022067,-0.05774146487860318,0.0819888114929199,-0.1156988143920899,-0.06319394877104399,0.05260589718818659,-0.16764326393604279,-0.006919435988351086,0.05407848954200739,-0.20770969986915588,-0.03805123438982599,0.04521581530570978,-0.14169612526893618,-0.045631741936489285,0.04520529508590698,-0.11613371968269348,-0.042518755252643786,0.016426175832748385,-0.17260161042213448,-0.008206693287178185,0.011929780244827298,-0.20360691845417028,-0.040406072343870385,0.011605694890022278,-0.13970847427845007,-0.036365939135833886,0.015882745385169983,-0.11164477467536926,-0.024340722541495486,-0.023379176855087308,-0.17243459820747378,-0.011906849051996385,-0.023601442575454712,-0.1939758658409119,-0.029907375405713286,-0.018456697463989313,-0.14721724390983587,-0.023155694659038686,-0.013396054506301908,-0.119920164346695,-0.012188605795785085
1.0,0.0,0.0,0.0,0.057836785912513705,-0.02654388546943659,-0.029322593304954087,0.10709397494792938,-0.07671943306922907,-0.04193767422779609,0.08856721222400671,-0.13805143535137177,-0.05213713908537439,0.040878966450691195,-0.14340788125991819,-0.056863332930646486,0.09341122210025793,-0.15542693436145777,-0.007676032669536386,0.09696613252162939,-0.19899317622184748,-0.03809444496377518,0.08283762633800512,-0.1503352969884872,-0.054639859888396786,0.07819019258022308,-0.12231695652008057,-0.06114361325248289,0.05624514818191531,-0.17257954180240628,-0.004872723314605286,0.051942184567451505,-0.20150652527809138,-0.036660770717702386,0.046916589140892,-0.13887955248355868,-0.044879670086942186,0.051739633083343506,-0.12123134732246399,-0.04217642435773419,0.0194170624017716,-0.17851038277149198,-0.008299559186838185,0.010871022939682007,-0.19353294372558588,-0.04213479051335858,0.015028044581413297,-0.13135249912738797,-0.040230101737819185,0.023461088538169916,-0.11277243494987488,-0.029438911769233286,-0.019660636782646207,-0.17733399569988248,-0.014038818720422286,-0.020635575056075994,-0.18289813399314878,-0.033303546551309085,-0.013714775443077087,-0.13556075096130368,-0.028301614168725484,-0.005828648805618286,-0.11645004153251648,-0.018452551979265687
1.0,0.0,0.0,0.0,0.07667170464992529,-0.05335965752601629,-0.01332757881357337,0.11810305714607239,-0.10553392767906189,-0.03097681122346777,0.1429829597473145,-0.14466515183448797,-0.05021519752665417,0.14771050214767462,-0.16116768121719366,-0.06459600272103216,0.03956516087055209,-0.2579401433467866,-0.01752269061728377,0.1244830191135407,-0.22661685943603518,-0.045377297126492466,0.11653274297714239,-0.17438143491744995,-0.06149103658719917,0.09111306071281439,-0.16987404227256775,-0.07322256060763258,0.015253156423568698,-0.23815657198429108,-0.02832126597388647,0.11218732595443731,-0.1919911801815033,-0.05527965518160727,0.10132011771202087,-0.13735991716384888,-0.06046601178570647,0.07672850787639621,-0.13898274302482605,-0.06387088986559766,0.001986354589462308,-0.1953838467597962,-0.04213755371495147,0.0943414568901062,-0.15229901671409607,-0.06460565122290517,0.0866033136844635,-0.10625696182250977,-0.05846826898380177,0.06372866034507749,-0.1058050692081452,-0.05414226817413237,-0.001193165779113714,-0.14025956392288208,-0.05845429541989227,0.074022501707077,-0.10913088917732239,-0.07115487548037427,0.0700681805610657,-0.07838746905326849,-0.06801084222718137,0.0513572096824646,-0.07823264598846436,-0.06542064043208028
1.0,0.0,0.0,0.0,0.016303032636642484,-0.09264343976974487,0.031861595039657686,0.04564291238784787,-0.17014145851135254,0.02450083864241029,0.0803148150444031,-0.20557957887649536,0.008782776234141887,0.10183230042457578,-0.20566949248313904,-0.006016835874476012,0.02153220772743228,-0.24292251467704773,-0.013579085307725312,0.11830198764801028,-0.24175989627838135,-0.025123446086951114,0.1070094704627991,-0.20286950469017034,-0.024755404169269413,0.08119446039199832,-0.19716888666152954,-0.02702673601598341,0.030654430389404297,-0.21114155650138855,-0.04440489115805231,0.1319295167922974,-0.20227360725402838,-0.05173753278941711,0.1153789162635803,-0.16281086206436157,-0.04154548498482311,0.09372684359550479,-0.15802249312400823,-0.03991729843110641,0.04649558663368228,-0.16510480642318726,-0.07172030660004221,0.14068964123725888,-0.15456038713455206,-0.06975830795855131,0.12013909220695498,-0.11865782737731934,-0.05100159424037541,0.0955005884170532,-0.11673527956008917,-0.04641059118003451,0.06859451532363889,-0.11447429656982427,-0.09758971335978112,0.14377561211586,-0.10661622881889343,-0.08949959727615911,0.12378162145614627,-0.07695636153221136,-0.07524390223116481,0.09703049063682559,-0.07604897022247314,-0.07101632359118071
1.0,0.0,0.0,0.0,-0.014263361692428644,-0.10266104340553284,0.01251157975504206,0.002274036407470703,-0.17557677626609802,0.01045153426686336,0.04113966226577759,-0.19864964485168463,0.005299470822606561,0.07624894380569458,-0.17887374758720404,0.0012755900084044603,0.004374861717224066,-0.23092839121818542,-0.0015126460070717398,0.0649479329586029,-0.25033804774284363,-0.0024363962306636396,0.0697401762008667,-0.22053158283233643,-0.0024059964648443398,0.05370062589645386,-0.20158582925796514,-0.0030268179557281396,0.040292441844940186,-0.20257309079170233,-0.01266180959781584,0.09128797054290766,-0.20840293169021612,-0.00352915519168554,0.0910102128982544,-0.18009734153747564,0.0004391416428148603,0.07473385334014887,-0.1630030870437622,-0.0010056965124789396,0.07619315385818476,-0.16233408451080322,-0.02157198501070914,0.114961177110672,-0.1692463457584381,-0.00990142070939724,0.10935166478157038,-0.14376372098922735,-0.0011821582752275398,0.09156814217567438,-0.12716132402420044,5.0333032518778964e-05,0.10689258575439448,-0.11803936958312994,-0.03003830326041164,0.13443759083747858,-0.13008120656013494,-0.01600357753476084,0.12477141618728638,-0.10723954439163214,-0.0017766196119594396,0.10851097106933588,-0.09233736991882324,0.00637262264946506
1.0,0.0,0.0,0.0,-0.05932363867759699,-0.04941916465759277,-0.0002768525903604278,-0.08625289797782898,-0.10503718256950384,-0.005398294643128927,-0.0682042241096496,-0.14638918638229376,-0.009395905990714928,-0.03238683938980097,-0.14780449867248535,-0.012603675235624128,-0.045688748359680176,-0.20499908924102783,-0.017549463768119628,-0.0370105504989624,-0.19777944684028625,-0.013386474211330228,-0.03346416354179377,-0.17024722695350647,-0.010679315064663727,-0.03597941994667048,-0.15031594038009644,-0.011912532371098827,0.0006338655948638916,-0.20454111695289617,-0.021136152778382128,0.004205554723739624,-0.17937225103378296,-0.009523813833112528,0.0024856328964233954,-0.15189880132675176,-0.006517016549224728,0.000153273344039917,-0.12982118129730225,-0.009966862608308627,0.04158443212509161,-0.18357551097869873,-0.022138958085889726,0.041217744350433405,-0.15420886874198914,-0.011868408170158728,0.034967511892318726,-0.13102972507476807,-0.008138768595273328,0.029097288846969604,-0.11056607961654663,-0.011312682401950228,0.07488089799880981,-0.15220975875854498,-0.02351924147140493,0.07666599750518804,-0.13213661313056946,-0.017541893978233226,0.0706719160079956,-0.10979706048965454,-0.011543417569811228,0.06463834643363953,-0.09218066930770874,-0.008350143429453227
1.0,0.0,0.0,0.0,0.06588801741600037,0.00023609399795532227,-0.009702473996213682,0.12402722239494329,-0.027271687984466553,-0.013829072123399982,0.1376030445098877,-0.07779815793037415,-0.020114282263449385,0.10362538695335388,-0.09597033262252813,-0.02273290988617298,0.09762868285179138,-0.11868110299110413,0.010906398179002918,0.13509571552276617,-0.12234309315681463,-0.010690352996817783,0.10825157165527349,-0.07642227411270142,-0.020205101115635584,0.08944827318191528,-0.07802945375442505,-0.024860240636399984,0.06913870573043829,-0.13902041316032415,0.004288301220157017,0.11392620205879217,-0.14483040571212774,-0.023130219547084583,0.08471253514289856,-0.08263859152793884,-0.027659773943952283,0.06472757458686829,-0.08628386259078985,-0.023886306328705583,0.03990039229393011,-0.15368968248367315,-0.0066359821949219825,0.08415853977203369,-0.15651291608810425,-0.03686231200211408,0.05998790264129639,-0.09341245889663702,-0.029972069082788183,0.03696426749229437,-0.09490674734115606,-0.017638485996059182,0.006109982728958185,-0.16436403989791876,-0.018136950327089982,0.051896363496780396,-0.1574018895626068,-0.033689858509234186,0.038458019495010376,-0.11100333929061895,-0.024651259301236884,0.017277121543884277,-0.10931867361068726,-0.014280491625896683
1.0,0.0,0.0,0.0,0.061053574085235596,0.004630684852600098,-0.02626834811226779,0.1259115338325501,-0.02629101276397705,-0.03657674232081829,0.1202907264232636,-0.09547558426857,-0.04403373041705549,0.0752613246440888,-0.11732274293899536,-0.04526684993462019,0.12467926740646368,-0.1095002293586731,-0.011607011794609389,0.14950156211853027,-0.14906939864158636,-0.03701522016481809,0.12091046571731567,-0.09412112832069397,-0.04624825903729849,0.10896158218383789,-0.08181658387184149,-0.04963199982003629,0.090322345495224,-0.13409939408302307,-0.010422721519631688,0.10873919725418091,-0.16688850522041326,-0.03757879698233069,0.08498832583427429,-0.09606841206550598,-0.04008338415579259,0.07934749126434332,-0.09619870781898499,-0.03548452445821219,0.05381396412849432,-0.1493265330791474,-0.014127816088063088,0.06666254997253418,-0.17719578742980957,-0.045943005024952285,0.05127149820327759,-0.10416564345359808,-0.03635708057836949,0.04798638820648199,-0.09958148002624517,-0.021924076616329488,0.012693166732788086,-0.16205832362174988,-0.019329704358739187,0.02708297967910772,-0.17800223827362066,-0.03522502818660199,0.023063838481903076,-0.12448343634605408,-0.02272203566090519,0.019686758518218994,-0.11530527472496038,-0.00937083644376449
1.0,0.0,0.0,0.0,0.05827048420906067,0.0050868988037109375,-0.060801417211948115,0.10669997334480291,-0.025841146707534846,-0.09227514324611262,0.08833533525466919,-0.09678193926811224,-0.11529380140727591,0.04110035300254827,-0.1321226954460144,-0.1321330448788984,0.13340681791305548,-0.12482917308807373,-0.045087058673558916,0.1269327700138092,-0.1541045606136322,-0.09367730526155071,0.0983241498470307,-0.10093748569488525,-0.12135523615306451,0.0940220057964325,-0.07664671540260315,-0.1340898951691968,0.0979157686233521,-0.15546843409538275,-0.029950440506397016,0.09286904335021978,-0.18500998616218572,-0.08415407745069102,0.06488484144210821,-0.12183806300163275,-0.10102269111102652,0.06281700730323797,-0.1001228392124176,-0.10030619857734271,0.06067156791687017,-0.17395395040512085,-0.023229977692423614,0.05063337087631231,-0.19237756729125982,-0.07208338437503412,0.03251785039901739,-0.13347470760345465,-0.07067853270000052,0.037199378013610895,-0.11241957545280462,-0.05742894915765361,0.020551294088363703,-0.18941301107406622,-0.021348890493570114,0.015989184379577692,-0.19141310453414923,-0.04813608957356052,0.00811734795570379,-0.14800935983657842,-0.04506172669952942,0.014708444476127597,-0.1283646523952484,-0.03555188385671212
1.0,0.0,0.0,0.0,0.0062852501869201105,0.024115145206451416,-0.07387957495312485,0.0007857084274291992,0.007783651351928711,-0.11211417388777534,-0.03762719035148629,-0.017499089241027832,-0.13294508081536094,-0.07566122710704809,-0.04319655895233154,-0.14091426652531425,0.04145078361034393,-0.1753570139408112,-0.09149052721123495,-0.045923113822937095,-0.10999822616577148,-0.13665593188862593,-0.029330030083656394,-0.06126141548156738,-0.15820533555607594,0.002802535891532898,-0.073690265417099,-0.16962239664654524,0.016826197504997198,-0.2250584065914154,-0.06875318807225024,-0.0751572847366333,-0.1375946700572968,-0.10559229326109684,-0.0530300587415696,-0.09091132879257208,-0.11074507009844574,-0.02019341289997109,-0.10536429286003118,-0.11219519895176684,-0.012952327728271484,-0.24629327654838568,-0.05225894000987805,-0.09237343817949299,-0.16663405299186707,-0.08027802181105415,-0.0738684087991715,-0.1252102553844452,-0.07135881256918704,-0.04753836989402779,-0.1422300636768341,-0.06419798505167755,-0.044927880167961176,-0.24377703666687017,-0.04373625811795984,-0.0987828150391579,-0.1856269538402558,-0.06508118432621754,-0.0829590857028962,-0.1506468951702118,-0.06511747610430514,-0.06110188364982608,-0.15568512678146368,-0.06086918112497124
1.0,0.0,0.0,0.0,0.08285903185606,0.03644829988479614,-0.02780808119484836,0.1427192613482475,0.11080372333526611,-0.044914034962744064,0.1578457280993461,0.20688021183013916,-0.05181675946721496,0.12325935810804359,0.2450295090675354,-0.05239117315420566,0.03962294012308119,0.1817854642868042,-0.06762437319764555,0.1166966781020164,0.25065213441848755,-0.06547321176537926,0.11316271871328348,0.19911044836044312,-0.04979489541062776,0.09109760075807569,0.17141133546829224,-0.04157506844410356,-0.006813138723373503,0.2096385359764099,-0.05251549726733626,0.075198583304882,0.2740454673767089,-0.05450885912784996,0.08281286805868149,0.2315065860748291,-0.04086092656859816,0.0668930783867836,0.2046549916267395,-0.03530978953847346,-0.0390986204147339,0.22518575191497803,-0.033847102731556264,0.0358389541506767,0.28114771842956543,-0.03458954563745916,0.0450609698891639,0.24356532096862793,-0.02084905451545176,0.0317474827170372,0.21264773607254028,-0.01598051173994006,-0.0599261075258254,0.2292448878288269,-0.01655487886080206,-0.003235563635826201,0.26637446880340565,-0.02486010810741836,0.007465764880180303,0.2319108247756958,-0.02273535525807796,-0.004068203270435403,0.20434826612472534,-0.021042687654585262
1.0,0.0,0.0,0.0,0.06861725449562078,-0.008241027593612671,-0.006573399019316577,0.1251673400402069,-0.03574797511100769,-0.011122080919221776,0.1508840024471283,-0.07855415344238287,-0.018896399487630278,0.12550783157348638,-0.0994516909122467,-0.022833044131175477,0.09694823622703558,-0.14848116040229797,0.013737609188183323,0.14160490036010748,-0.14446070790290838,-0.009162133050040178,0.1172803938388825,-0.09402471780776978,-0.021385632877127077,0.09551379084587103,-0.0950983464717865,-0.02762756166316648,0.07116690278053289,-0.16342693567276007,0.005335758018418323,0.1222417950630188,-0.15491539239883428,-0.02043229383684768,0.09670871496200562,-0.0946776270866394,-0.026332393710390478,0.07485145330429083,-0.09919878840446478,-0.02460398194648398,0.04379516839981079,-0.17327964305877686,-0.007305290971771677,0.0950164794921875,-0.15983465313911438,-0.03465931532241478,0.07292956113815308,-0.10082477331161499,-0.029064167712704078,0.04845196008682251,-0.10327300429344177,-0.018403105859533676,0.013817757368087824,-0.17700287699699407,-0.020594971676246077,0.0649435818195343,-0.1649546921253205,-0.03383878288127558,0.0538041889667511,-0.1205370724201203,-0.025002720256224978,0.031489640474319514,-0.11670622229576116,-0.014671446245983977
1.0,0.0,0.0,0.0,0.05942386388778692,0.02474755048751831,-0.02397637602260251,0.1353035569190979,0.01548844575881958,-0.03343153160383841,0.15876027941703802,-0.04861021041870117,-0.040712246413733014,0.12088805437088013,-0.08658522367477417,-0.04266322937181141,0.14427602291107183,-0.08508741855621338,-0.011687396767939612,0.17680567502975464,-0.11051410436630249,-0.03340049621036191,0.14190703630447393,-0.06054353713989258,-0.04061926316788341,0.12715190649032593,-0.06092548370361328,-0.04422357838919301,0.11246624588966375,-0.1189413070678711,-0.011285936202312913,0.1389317512512207,-0.13612377643585205,-0.03433177780678411,0.10468286275863653,-0.07095718383789062,-0.035488327707554314,0.09736326336860662,-0.08465254306793213,-0.03224498939087531,0.07749062776565552,-0.1434575915336609,-0.015096459280158512,0.10203397274017334,-0.1595955491065979,-0.043416509147192514,0.07537871599197393,-0.09356755018234253,-0.03322482642104771,0.06552401185035711,-0.10262113809585571,-0.021050311367417814,0.0369658768177033,-0.16745859384536743,-0.02033649359216831,0.0627776980400086,-0.16941463947296143,-0.036580176766420815,0.05023705959320074,-0.11917710304260254,-0.02530861806442881,0.039822936058044434,-0.11913126707077026,-0.013878461647237812
1.0,0.0,0.0,0.0,0.0765177309513092,-0.03239983320236206,0.0022776197339737774,0.1106993556022644,-0.07878702878952026,-0.0035256181680267226,0.13483858108520513,-0.11155205965042114,-0.012674175605610523,0.146101176738739,-0.1351943016052246,-0.018337339565590523,0.0632280707359314,-0.2064837515354157,0.0012304390012615773,0.1465063095092774,-0.1696413159370423,-0.014385972574785823,0.13884291052818304,-0.12173700332641602,-0.026108475804761524,0.11750331521034241,-0.10917013883590698,-0.035173099890783925,0.0567882657051087,-0.2028914093971253,-0.009714812443093022,0.1497718989849091,-0.1441584825515747,-0.021843329474762623,0.1375403106212616,-0.10185885429382324,-0.024990190223292023,0.11410975456237793,-0.09646821022033691,-0.028821500421003024,0.05686306953430181,-0.1778125166893006,-0.022083195329145124,0.14443784952163702,-0.11725121736526489,-0.029755719408825522,0.12750783562660223,-0.08001881837844849,-0.024272589415744422,0.10208874940872192,-0.07619142532348633,-0.022715831578210523,0.06169381737709051,-0.14171844720840454,-0.03559367771489972,0.12763461470603943,-0.09574681520462036,-0.038636792853907226,0.11612698435783392,-0.06703180074691772,-0.034354627535179726,0.09701848030090332,-0.0632561445236206,-0.03245648036940442
1.0,0.0,0.0,0.0,0.039552375674247686,-0.0680360198020935,-0.013162643014595686,0.1007152050733566,-0.105721116065979,-0.03885303653697739,0.15661723911762238,-0.10501736402511597,-0.05971048243264929,0.1904650181531906,-0.0840575098991394,-0.07745012111882939,0.07549543678760529,-0.09916424751281738,-0.09327302344064488,0.17325244843959808,-0.07076013088226318,-0.12022426940421828,0.1856463998556137,-0.05946725606918335,-0.11942558206538928,0.17445515096187592,-0.059058964252471924,-0.11291438557128679,0.0595617741346359,-0.03703343868255615,-0.09775258816699758,0.1724711805582046,-0.01296466588973999,-0.12533750601033938,0.17597739398479462,-0.013891935348510742,-0.11119619227866899,0.1565203219652176,-0.018845319747924805,-0.09764176078061829,0.05280457437038419,0.02566927671432495,-0.09841899044732819,0.16151092946529388,0.04327213764190674,-0.11247611261825338,0.1567209213972091,0.030819296836853027,-0.08551538206557999,0.1318786889314651,0.02121734619140625,-0.06500912673692479,0.0513627082109451,0.08367764949798584,-0.09962551511745228,0.1402572244405746,0.08914530277252197,-0.10018446512441409,0.13856898248195648,0.07395052909851074,-0.07930898137311708,0.1171988993883133,0.06611895561218262,-0.06385439850311059
1.0,0.0,0.0,0.0,0.06719500571489329,-0.010504484176635742,-0.009598966099986152,0.1326932981610298,0.019234180450439453,-0.02534906227953115,0.1749178394675255,0.06929999589920044,-0.03818105381793655,0.18739827722311023,0.1284124255180359,-0.04834104177422205,0.1069341972470283,0.03995859622955322,-0.06601714935965215,0.17495848983526233,0.1347949504852295,-0.08872186985678346,0.17402514070272448,0.12845975160598755,-0.08867046830124535,0.1565969213843346,0.09828191995620728,-0.08225282129711785,0.0642899349331856,0.08371740579605103,-0.06863027659125005,0.1360983327031135,0.1784420609474182,-0.08952169713444386,0.1332914903759956,0.15658509731292725,-0.08205924031204855,0.11249446123838419,0.12209957838058472,-0.07263920304245625,0.025493241846561404,0.12483805418014526,-0.06844448891348515,0.09810798615217209,0.21001386642456055,-0.08111227896876015,0.0979968681931496,0.17970025539398193,-0.06303028610415135,0.07882218807935709,0.14532864093780518,-0.04775720682806645,-0.006800003349781106,0.1598559021949768,-0.06802816537089025,0.055382259190082495,0.22447466850280762,-0.07400023040241875,0.0620968416333198,0.19924181699752808,-0.05920835805005705,0.04496777802705759,0.1702294945716858,-0.046120567590662555
1.0,0.0,0.0,0.0,0.0634046941995621,0.04559597373008728,-0.0007686576556977637,0.0982321351766586,0.12614932656288147,-0.023253316814788063,0.10457928478717807,0.20095595717430115,-0.04316397086788006,0.09972010552883151,0.2525028884410858,-0.059423376629837266,0.11130537092685697,0.11233606934547424,-0.08908487559367016,0.09944774210453036,0.24976220726966858,-0.11280879081297707,0.07949444651603699,0.27188798785209656,-0.10744689853001427,0.07408301532268519,0.25275030732154846,-0.09742697031308006,0.06267158687114718,0.09791383147239685,-0.10049694479513957,0.050211578607559176,0.2476579248905182,-0.12018665374327496,0.0416770130395889,0.25417360663414,-0.09845220000553917,0.04137060046195978,0.2244657576084137,-0.08111460209894966,0.010658204555511475,0.09195342659950256,-0.10712060780335256,0.0019506365060805997,0.23507043719291687,-0.11571824253607586,0.004035472869873075,0.23183414340019226,-0.08287548721838786,0.009087994694709778,0.19635078310966492,-0.05949910805631466,-0.03913791477680212,0.09221836924552917,-0.11345852614451246,-0.04199691116809842,0.21408233046531677,-0.11469297559071376,-0.03134958446025851,0.22016116976737976,-0.09199720324087926,-0.020631328225135803,0.1954161822795868,-0.07358149887133436
1.0,0.0,0.0,0.0,0.014811173081397982,0.07289844751358032,-0.03966904412107649,0.03987826406955719,0.11797118186950684,-0.06882218252020059,0.0543826371431351,0.11692255735397339,-0.0935019252737063,0.052287653088569586,0.09346044063568115,-0.11425364743070779,0.171198382973671,0.0647050142288208,-0.04462227205829799,0.1115140616893768,0.10285574197769165,-0.080056674583723,0.07698097825050348,0.09336531162261963,-0.10260983537035169,0.0837051272392273,0.07331228256225586,-0.11801248769359769,0.16835482418537137,-0.001220107078552246,-0.042710277988483286,0.0929563045501709,0.05012071132659912,-0.07322026769714539,0.054725468158721896,0.048982203006744385,-0.08198161403732479,0.06692095100879669,0.03265875577926636,-0.08741848151283449,0.14531151950359347,-0.05834311246871948,-0.04546201954679669,0.0756856054067612,-0.008538603782653809,-0.07335053364830199,0.0448056906461716,0.0008997917175292969,-0.07108704726295649,0.0572977811098099,-0.009947478771209717,-0.06815294901924308,0.1145929545164108,-0.10551589727401733,-0.05259240399198709,0.062212198972702,-0.06422892212867737,-0.07102335224943339,0.037668660283088684,-0.04248496890068054,-0.0703906265934009,0.04499258100986478,-0.03909787535667425,-0.06775112430648988
1.0,0.0,0.0,0.0,0.007325604557991028,0.06973224878311152,-0.029511423984274608,0.0356766134500503,0.1377907693386078,-0.04151725230525471,0.07815895974636078,0.1305132806301117,-0.05052025077651471,0.09743781387805939,0.08398401737213129,-0.05356152189682461,0.09788583219051361,0.12691858410835266,-0.010744974219903709,0.13069169223308563,0.14490929245948792,-0.03998527882407641,0.0890970379114151,0.11954495310783386,-0.05479364303658931,0.07377605140209198,0.10886242985725403,-0.06047059802125431,0.10767681896686548,0.0801087617874145,-0.0065263823771033085,0.13900773227214813,0.0947416722774505,-0.037179025092825606,0.0898697823286056,0.07734832167625422,-0.04534255547235941,0.08284337818622589,0.07198655605316162,-0.04356419501613111,0.11265029013156891,0.03513500094413752,-0.007761578744009509,0.14246763288974762,0.04386928677558899,-0.03848391232799031,0.09348799288272852,0.03615489602088928,-0.031617040017351807,0.08387170732021332,0.03541281819343561,-0.018838381597504308,0.1168270856142044,-0.013903051614761408,-0.011227314563200209,0.13463245332241058,-0.0038497149944305975,-0.026440613174543107,0.10026977956295008,-0.0005059242248535156,-0.01686872934709521,0.08963353931903839,0.002405792474746704,-0.005122395435080209
1.0,0.0,0.0,0.0,0.009166121482849066,0.0693889856338501,-0.014970131881469163,0.03890597820281977,0.13430601358413696,-0.01860420565300556,0.08521386981010437,0.13748043775558472,-0.022165693074398963,0.10113415122032166,0.09251177310943604,-0.020824992760950064,0.07700219750404358,0.12857800722122192,0.007093847997552337,0.10974487662315369,0.1466401219367981,-0.012019499868088663,0.0777302086353302,0.12336361408233643,-0.021997963741355864,0.06519117951393127,0.11736959218978882,-0.026285722583466464,0.08778226375579828,0.09059673547744751,0.006131124019688537,0.11899310350418085,0.10602462291717529,-0.015021564170652363,0.07889539003372187,0.08580654859542847,-0.019823694333368263,0.07200202345848078,0.08244115114212036,-0.01703215363615126,0.09455519914627075,0.052597224712371826,0.000960015843688137,0.1257513165473938,0.06427532434463501,-0.021732225745850462,0.08436644077301025,0.05226367712020874,-0.014722214743429163,0.07400810718536377,0.05087590217590332,-0.003079513518073863,0.10041037201881409,0.01053309440612793,-0.005563290521436663,0.12054315209388727,0.022418558597564697,-0.016143476322227363,0.0919540524482727,0.02077871561050415,-0.006863720912420463,0.08140325546264648,0.021154820919036865,0.003817272407999837
1.0,0.0,0.0,0.0,0.05669900774955755,0.007629215717315674,0.007181337539861938,0.09370189905166632,-0.008838772773742676,0.006908935465673938,0.11998170614242554,-0.026247739791870117,0.000532920792522838,0.12072828412055975,-0.04653114080429077,-0.002964511542756962,0.07737320661544805,-0.11282017827033997,0.025587984797368738,0.12272089719772344,-0.09093716740608215,0.008192335692058338,0.10368269681930542,-0.05493271350860596,-0.0052302051626042624,0.08193868398666382,-0.05502265691757202,-0.013150740909566062,0.06953960657119751,-0.12740308046340948,0.012055077095340039,0.12395563721656805,-0.09515759348869324,-0.008006245392550662,0.1001436710357666,-0.049617886543273926,-0.015421688120056763,0.0752430260181427,-0.05111652612686157,-0.01612049763201636,0.062259674072265625,-0.13720130920410156,-0.004422509606172262,0.11862298846244812,-0.09900093078613287,-0.02398962763248846,0.09299248456954962,-0.05577206611633301,-0.020609962317337163,0.06658059358596802,-0.061419010162353516,-0.013429977494467862,0.053812891244888306,-0.14007520675659185,-0.02101772141753596,0.10216107964515692,-0.09651336073875427,-0.03101391767262376,0.08425441384315491,-0.06473630666732788,-0.025721950951208262,0.06071707606315613,-0.06959730386734009,-0.01939429951011106
1.0,0.0,0.0,0.0,-0.009574055671691895,-0.08960035443305969,0.01883531736706344,0.005819797515869196,-0.1528443694114685,0.02062642576669304,0.0387698113918305,-0.1724503636360169,0.01847761871789544,0.06800195574760437,-0.15690776705741882,0.01712686757122124,0.0053578913211823065,-0.2103660106658936,0.00608827548597894,0.0611084401607514,-0.2203628122806549,0.00991681593035304,0.06917861104011541,-0.19361001253128052,0.01474723967288574,0.05866503715515142,-0.17582863569259644,0.01708152520035354,0.036569058895111084,-0.1895830631256104,-0.00708197613681696,0.0876284539699555,-0.1907632052898407,0.0036758349978640403,0.08814287185668951,-0.16282469034194952,0.01002806706850374,0.0744879841804505,-0.1461825668811798,0.01086446831499184,0.06754446029663091,-0.15550017356872564,-0.01765689065183546,0.11049681901931768,-0.157831221818924,-0.00478125594059966,0.10480818152427679,-0.13228794932365423,0.004111490235970841,0.08826997876167297,-0.11864656209945684,0.00540958533559884,0.0939182341098786,-0.11413577198982244,-0.02721066956843286,0.1254639625549317,-0.11953932046890259,-0.01329775711025146,0.11581146717071539,-0.096824049949646,-0.0009191914342067596,0.09932360053062439,-0.0858568549156189,0.005668738880501641
1.0,0.0,0.0,0.0,0.0616332292556763,0.01987779140472412,-0.044279821908908404,0.1335452497005463,0.010412991046905518,-0.0661072179143005,0.1335226893424988,-0.052109301090240534,-0.0813300057713561,0.0801070034503937,-0.08016824722290045,-0.0902738317315154,0.16166707873344419,-0.11206182837486273,-0.026973520166116302,0.1714435815811157,-0.11274468898773193,-0.0552288188998275,0.13168418407440188,-0.06193524599075323,-0.0707303404275947,0.12350293993949887,-0.06517949700355535,-0.0806528523032241,0.12577989697456357,-0.15319344401359564,-0.018956779262857902,0.1314478814601898,-0.149949312210083,-0.0499870448772483,0.09641179442405698,-0.08489868044853216,-0.0580954595868163,0.0931988060474396,-0.09396129846572876,-0.0585498965744548,0.08308032155036929,-0.17503038048744202,-0.0164324890290075,0.08502775430679319,-0.16991892457008362,-0.0483912534479671,0.062337875366210965,-0.10261654853820801,-0.0415182530347877,0.06268730759620669,-0.10395291447639465,-0.030873563832479002,0.03844195604324338,-0.19116455316543585,-0.017267168260055102,0.04335588216781619,-0.18381282687187195,-0.032198675668674,0.033998727798461886,-0.13221949338912964,-0.0216361421559625,0.03626477718353269,-0.12588343024253845,-0.0110762396295243
1.0,0.0,0.0,0.0,0.04528450965881348,0.018518447875976562,-0.07858246967941787,0.0871412456035614,-0.0036252140998840887,-0.12550447539240386,0.0551663339138031,-0.06900888681411749,-0.15767083720118077,0.007902175188064575,-0.1102758944034577,-0.18066900626570256,0.156299889087677,-0.12738937139511108,-0.08437481180578738,0.1136841475963592,-0.12802323698997498,-0.13165187493711977,0.09077244997024536,-0.07189139723777771,-0.15114460543543368,0.0997435450553894,-0.06825017929077148,-0.16060632125288518,0.1179337203502655,-0.18049383163452148,-0.06254332915693787,0.0688561201095581,-0.17535603046417242,-0.11441921100765737,0.04766440391540527,-0.10569125413894659,-0.12359233603626757,0.062264502048492376,-0.11078673601150513,-0.12152553007751968,0.07247775793075556,-0.20802009105682379,-0.04828105152398617,0.02526462078094477,-0.18698212504386902,-0.09486030445248157,0.012757569551467896,-0.1253588199615479,-0.08905256197601827,0.031026005744934082,-0.13367551565170288,-0.07800377563387427,0.027815133333206177,-0.2288741171360016,-0.04014237255603347,-0.003684669733047541,-0.1973852813243866,-0.06530920074135338,-0.012308597564697321,-0.1514341831207276,-0.062423345007005075,0.0030966103076934814,-0.1556243002414704,-0.056280732460322676
1.0,0.0,0.0,0.0,0.016204580664634705,0.03637805581092829,-0.0701838579024745,0.03263372182846069,0.03600016236305237,-0.11062755398411281,-0.004834890365600586,-0.014185786247253418,-0.1364783119406176,-0.04274691641330719,-0.05238988995552063,-0.1517301570620013,0.13053220510482788,-0.0992315411567688,-0.0915542241181803,0.037002742290496826,-0.09911477565765381,-0.1433784585442019,0.020633637905120794,-0.04648000001907354,-0.1656206618990374,0.04641571640968323,-0.03744399547576904,-0.1770947944368792,0.11002781987190241,-0.1640936136245728,-0.07571066878695021,-0.0022051930427551825,-0.1394919455051422,-0.1214319165791941,-0.0187566876411438,-0.07587441802024841,-0.1249312531198931,0.011514008045196505,-0.07438692450523382,-0.1221547719087077,0.0725905299186706,-0.19936625659465793,-0.0667629536237193,-0.027384281158447293,-0.16876575350761414,-0.104147731884904,-0.03890040516853338,-0.11009106040000921,-0.0905620824541522,-0.01240810751914978,-0.11063635349273682,-0.0772371809925509,0.029089197516441317,-0.21609142422676092,-0.0652611102904749,-0.03902117908000949,-0.1832477450370789,-0.09086348079103951,-0.04334767162799838,-0.13825088739395142,-0.08726894818205361,-0.021003589034080505,-0.1348950862884522,-0.0791171487416697
1.0,0.0,0.0,0.0,-0.020061701536178506,0.05505222082138067,-0.11082836194279364,-0.039113283157348605,0.05802196264266973,-0.17822363926413223,-0.0843891054391861,0.00408405065536499,-0.22052814020159414,-0.1049044579267501,-0.05412173271179194,-0.24781978084089923,0.07296888530254372,-0.0860604047775268,-0.17896607471945453,-0.048775374889373696,-0.08760610222816462,-0.23976363195421863,-0.052178636193275396,-0.025908946990966797,-0.2541626091146724,-0.017405942082405007,-0.02162623405456543,-0.26075130654814416,0.0657501965761185,-0.16584005951881403,-0.14372844947817492,-0.0744390189647674,-0.1383102536201477,-0.20426180912497213,-0.06958691775798789,-0.06744584441184992,-0.20301319612505603,-0.029486656188964788,-0.0642197430133819,-0.19911941839697533,0.04078410565853122,-0.21543079614639282,-0.11365292175057104,-0.0847513675689697,-0.18513843417167664,-0.15834215237143212,-0.08319227397441858,-0.12305125594139094,-0.13522630883696243,-0.047302678227424594,-0.12523147463798523,-0.11932766391279863,0.0025572925806046087,-0.2479106783866882,-0.09387237532379794,-0.0859112590551376,-0.2123435735702514,-0.13188153459074664,-0.0854599028825759,-0.16193839907646174,-0.13239955855848953,-0.055479496717453,-0.16032028198242182,-0.12780994130613973
1.0,0.0,0.0,0.0,-0.010861381888389615,0.07031255960464478,-0.10905082886975484,-0.027156010270118713,0.08850610256195068,-0.17317316299241264,-0.07353468239307412,0.044148862361907903,-0.21174675589364253,-0.0965084359049797,-0.009010672569274902,-0.23659420376580434,0.07193872332572937,-0.052221029996872004,-0.18246499067109304,-0.0478339493274689,-0.05130699276924133,-0.23563896482747274,-0.057821244001388605,0.003471404314041082,-0.24323724573415004,-0.028857529163360623,0.011701881885528564,-0.24586390322011195,0.06395372748374939,-0.13038483262062073,-0.14676778381627284,-0.0741575956344605,-0.0982883870601654,-0.19940209751885615,-0.07168829441070562,-0.03674575686454773,-0.19430835908215724,-0.036364212632179316,-0.02790233492851263,-0.18933381503384794,0.03855991363525388,-0.1803367137908936,-0.11529754465382774,-0.08660670369863512,-0.14373928308486938,-0.15715921288293083,-0.08185242116451272,-0.08569195866584783,-0.13710092371266563,-0.0477629899978638,-0.081430733203888,-0.12360738580983364,0.0015979409217833918,-0.21055901050567633,-0.09343410646479804,-0.08697817474603661,-0.1714786291122437,-0.13261168068211754,-0.08630296587944031,-0.12087428569793701,-0.13524130349915703,-0.061370849609375,-0.1124650239944458,-0.13190396493237694
1.0,0.0,0.0,0.0,0.007393017411231995,0.07920873165130621,-0.08202116470435598,0.0053518265485762995,0.11564296483993536,-0.13344248663285718,-0.05790150165557861,0.09997951984405523,-0.16556545626023747,-0.10037959367036821,0.0551860928535462,-0.18635896872380717,0.06225411593914032,-0.06136807799339289,-0.14099938701489909,-0.047725141048431396,0.015909910202026423,-0.19837168883183937,-0.040194541215896606,0.05838048458099371,-0.2216763002763127,-0.004619151353836115,0.046620905399322565,-0.23445176612237437,0.03029404580593109,-0.1328617632389068,-0.11909137945273858,-0.0858795046806336,-0.034680068492889404,-0.16570373903611638,-0.07001818716526031,0.010058164596557673,-0.16885786782601817,-0.0325025022029877,-0.003031939268112127,-0.17205868195394017,-0.006984084844589317,-0.17292135953903193,-0.10156798641780358,-0.11238887906074531,-0.0740232765674591,-0.1341068251023625,-0.0976903215050698,-0.031650215387344305,-0.11747893970111348,-0.062276989221572904,-0.04990017414093012,-0.10855678002933009,-0.0492986142635346,-0.19060051441192621,-0.09244762640098078,-0.1234914734959603,-0.11616206169128412,-0.11776200960973247,-0.1139772236347199,-0.07584145665168762,-0.11587330232957348,-0.0839603990316391,-0.08819067478179932,-0.11292082350352747
1.0,0.0,0.0,0.0,0.017012059688568087,0.0352553129196167,-0.08516874227237281,0.023094296455383273,0.034987688064575195,-0.1328804946274715,-0.023547381162643516,0.03341406583786011,-0.162180022034164,-0.07196879386901861,0.01454693078994751,-0.1793391412825542,0.04354164004325867,-0.19029602408409124,-0.11317057970475722,-0.029611289501190213,-0.07191091775894165,-0.17185945871781882,-0.01759693026542672,-0.021219372749328613,-0.20008918705892142,0.005348160862922585,-0.052050650119781494,-0.2152090078921276,-0.009653359651565607,-0.2338333129882813,-0.08825763377856781,-0.08226031064987183,-0.10025304555892944,-0.13919591966580921,-0.06960736215114602,-0.040965497493743896,-0.1479303843111949,-0.04674674570560461,-0.07361489534378052,-0.150905356440063,-0.06226088106632233,-0.24510455131530762,-0.07016339961003831,-0.12591174244880682,-0.12236085534095764,-0.11160548839282561,-0.11327433586120611,-0.06668263673782349,-0.10223588410329391,-0.09290862083435061,-0.09621244668960571,-0.09351850363921692,-0.11488635838031772,-0.23460078239440924,-0.06017816502165371,-0.1572117805480957,-0.13990375399589544,-0.08899214181613502,-0.1430323943495751,-0.09359318017959595,-0.08919392589044141,-0.12021186202764511,-0.10906076431274414,-0.08466696802091171
1.0,0.0,0.0,0.0,0.08000653982162478,-0.014860451221466064,-0.04101349388221818,0.1381795704364777,-0.019126296043395996,-0.07553008546094019,0.1539666056632996,0.012954235076904297,-0.10681143750409199,0.1260735094547272,0.052121758460998535,-0.13565616656998708,0.11172169446945199,-0.19534382224082947,-0.07281952698687628,0.15873438119888308,-0.037914812564849854,-0.12003020544509008,0.1342962086200715,0.0020754337310791016,-0.1464381252692135,0.11169591546058663,-0.029524385929107666,-0.16578282763222768,0.051353037357330406,-0.1804376244544983,-0.07689580668667868,0.10984635353088382,-0.006795704364776611,-0.11558758814791759,0.08829754590988162,0.010529875755310059,-0.12082754422883107,0.06793197989463809,-0.03770655393600464,-0.12704156686524468,-0.0025693029165267944,-0.13355752825737,-0.08527395476559718,0.052076131105423,0.018126070499420166,-0.11673069347600058,0.04014065861701968,0.026363849639892578,-0.10531477232436258,0.022723078727722196,-0.02049541473388672,-0.09732655783156469,-0.047650367021560586,-0.07620102167129517,-0.09948179473141748,-0.0021788924932479026,0.03166091442108154,-0.1255838905737789,-0.0004950910806655051,0.03755521774291992,-0.12504259099225118,-0.013211607933044406,0.006394028663635254,-0.12259288479546618
1.0,0.0,0.0,0.0,0.08728370070457458,-0.035212934017181396,-0.02535584378115627,0.15060636401176447,-0.052113473415374756,-0.06326965424291578,0.18737372756004328,-0.03353375196456909,-0.09802480968706097,0.19492202997207642,-0.008690297603607178,-0.13063834789268466,0.11806520819664001,-0.18218359351158142,-0.10373988184205978,0.20455899834632868,-0.07303011417388916,-0.14585639718048068,0.19123497605323792,-0.012656629085540771,-0.15959121468536347,0.16073349118232727,-0.007904887199401855,-0.16882518115512818,0.0688872337341308,-0.14522582292556763,-0.11484846654407477,0.17141574621200562,-0.02171015739440918,-0.15427595558635687,0.1516651213169098,0.010523796081542969,-0.15244619729988068,0.12183749675750732,-0.004883289337158203,-0.15494100931159946,0.028381228446960394,-0.08691263198852545,-0.12490146043769808,0.1198759377002716,0.02378779649734497,-0.15380904260150877,0.1032412052154541,0.037625789642333984,-0.13668252709381076,0.0789002776145935,0.014596343040466309,-0.12793034496776556,-0.003454834222793607,-0.026697516441345215,-0.13762122574321717,0.0719237327575683,0.05462682247161865,-0.15662449779979679,0.07212385535240168,0.05906015634536743,-0.14764064732067078,0.0557502806186676,0.03751713037490845,-0.14287629905216187
1.0,0.0,0.0,0.0,0.07244941592216492,-0.05417919158935547,0.005706595829657596,0.12289196252822882,-0.09295925498008734,-0.040099142477878005,0.16124561429023743,-0.10803374648094183,-0.08572550712622011,0.18562465906143194,-0.11771571636199951,-0.1296627804497561,0.09055781364440924,-0.17930859327316284,-0.1396829470852694,0.19313344359397894,-0.11432468891143804,-0.1622227117279848,0.17713859677314764,-0.07130992412567139,-0.1372258648136934,0.14201167225837713,-0.06969869136810303,-0.1211277752975306,0.0686888992786408,-0.12805163860321045,-0.170986576364406,0.18484589457511902,-0.06971770524978638,-0.1888715162733873,0.1584745049476624,-0.02657705545425415,-0.1386550798872789,0.12641939520835882,-0.033435940742492676,-0.1103997439006647,0.05113497376441961,-0.06617951393127441,-0.19703706948555322,0.15558034181594854,-0.016208946704864502,-0.2008733734349093,0.12476792931556702,0.014626920223236084,-0.143851293609508,0.0890149176120758,0.006559431552886963,-0.1178029015520891,0.04019558429718023,-0.0007718801498413086,-0.22383296339310021,0.11060962080955511,0.029632389545440674,-0.227995409057506,0.09975817799568182,0.04044228792190552,-0.2038218065956911,0.0780946016311646,0.03331691026687622,-0.194582118080028
1.0,0.0,0.0,0.0,0.029423832893371582,-0.08673995733261108,-0.006829787854705609,0.0926564633846283,-0.14978519082069397,-0.02759772666603761,0.15819615125656128,-0.1613196730613709,-0.04869620070666511,0.194795161485672,-0.1375749707221985,-0.06563397065610131,0.08135828375816345,-0.19979381561279297,-0.05783500836104591,0.185445636510849,-0.1851512491703034,-0.0865495757839127,0.1773744821548462,-0.14210426807403564,-0.09451928303450781,0.149795800447464,-0.1362602710723877,-0.09840798691720201,0.07756713032722468,-0.14540398120880127,-0.07241990730971531,0.1865822970867157,-0.1331326961517334,-0.09554487035483561,0.17092305421829218,-0.09533339738845825,-0.09075627789706431,0.1421214640140533,-0.09701436758041382,-0.08911151752680971,0.0821584165096283,-0.08050566911697388,-0.08601894543379981,0.18436643481254578,-0.07148623466491699,-0.10208286658734521,0.16477549076080317,-0.0438917875289917,-0.0844765858432694,0.1360117495059967,-0.05012458562850952,-0.07448233232707221,0.09162622690200806,-0.0126723051071167,-0.10043467149943551,0.18059039115905756,-0.009303092956542969,-0.1050402478954239,0.16141417622566218,0.0064348578453063965,-0.0885930763265534,0.1301126778125763,0.0016120672225952148,-0.0788325996777459
1.0,0.0,0.0,0.0,0.04364621639251709,-0.1051148772239685,-0.0075289516524320995,0.116828054189682,-0.1499074101448059,-0.029854067396456598,0.1841579675674438,-0.12465131282806396,-0.0514066543244666,0.21285802125930786,-0.06766581535339355,-0.0700536694192237,0.1014520525932312,-0.14264345169067383,-0.0680099528097457,0.2074788212776184,-0.12958407402038574,-0.097683439757759,0.1844094693660736,-0.11094057559967041,-0.1079298060201949,0.1491580605506897,-0.11235564947128296,-0.1111949857138938,0.09712055325508118,-0.07298845052719116,-0.0787793423795051,0.20781448483467102,-0.07241392135620117,-0.1007705282234496,0.18425163626670832,-0.06491422653198242,-0.0963607307338065,0.1478480994701385,-0.06394761800765991,-0.0931293096207923,0.09965592622756958,-0.00408625602722168,-0.0872495721840209,0.2044600248336792,-0.010654270648956299,-0.0947731535696334,0.1807592511177063,-0.01392519474029541,-0.0752192389034576,0.1445915400981903,-0.016819238662719727,-0.0634639661573714,0.10457715392112732,0.061878740787506104,-0.0969012107514686,0.186387836933136,0.03904849290847778,-0.0908086251282043,0.16684997081756592,0.02819812297821045,-0.0707788791322059,0.1354608833789825,0.024695158004760742,-0.0591909352504558
1.0,0.0,0.0,0.0,0.06111416220664981,-0.07732516527175903,0.0022042377153467445,0.1413517594337463,-0.10723257064819336,-0.011357610137196156,0.2078737914562225,-0.08180814981460571,-0.028233870887191856,0.24494364857673648,-0.033124327659606934,-0.04132145831826506,0.14109715819358828,-0.11605721712112427,-0.030267296382220355,0.2457824647426605,-0.07357901334762573,-0.05782974327448186,0.22052112221717832,-0.06387609243392944,-0.06946560929063135,0.1852956712245941,-0.07578003406524658,-0.07177388856652556,0.12900057435035708,-0.0575832724571228,-0.04499927724245366,0.2336455285549164,-0.01666933298110962,-0.061993131437333156,0.2066949307918549,-0.012039899826049805,-0.05868741313460646,0.1690437197685242,-0.02360934019088745,-0.054614467569621156,0.1178141534328461,0.00842982530593872,-0.05956794510129265,0.21475943922996518,0.03617805242538452,-0.06646153519395165,0.18904790282249448,0.03891456127166748,-0.046753862895997055,0.1529242098331451,0.03033691644668579,-0.033123141177924253,0.10630664229393008,0.07471472024917603,-0.07473307291510875,0.18942311406135562,0.08138203620910645,-0.07042095253709135,0.1674870848655701,0.07895004749298096,-0.04869826326611806,0.1353642046451569,0.07506006956100464,-0.03376469577196416
1.0,0.0,0.0,0.0,-0.023815900087356567,-0.09033364057540899,0.016533891563199128,-0.013591766357421875,-0.1600505709648133,0.015414609466574728,0.020753204822540228,-0.19167420268058777,0.010255102892301629,0.0549582839012146,-0.1895892322063446,0.006222611651651228,-0.01779752969741827,-0.2083337306976319,0.0006395732144710282,0.0339654386043548,-0.2474916279315949,-0.0012988251309024718,0.03915739059448242,-0.21543538570404058,-0.0009641395789684718,0.02404773235321045,-0.19331669807434088,-0.0009208197496945717,0.01792669296264643,-0.1896960735321045,-0.012835405874170572,0.0646352469921112,-0.2155007123947144,-0.003142574909247672,0.06623175740242004,-0.1852799355983734,0.002813483481190728,0.051718622446060125,-0.1662319302558899,0.0023861964092475284,0.05599963665008545,-0.1597394049167633,-0.024109547133662073,0.09340968728065491,-0.18001976609230047,-0.011821424695767671,0.08908286690711975,-0.1500303745269776,-0.0007185303746836718,0.073688805103302,-0.1307423710823059,0.0011907535464387282,0.09098336100578308,-0.1232745349407196,-0.03465646236679727,0.11678043007850647,-0.13958677649497991,-0.01977333716592957,0.1073327362537384,-0.11222681403160101,-0.004464326533593472,0.0932251513004303,-0.09517544507980347,0.0034672458515387283
1.0,0.0,0.0,0.0,-0.015885591506958008,-0.09834474325180054,0.02426004738907746,-0.0008701980113982599,-0.1690140664577484,0.02261086696188376,0.033398389816284235,-0.20034974813461304,0.01494071030418806,0.06659948825836187,-0.19346043467521673,0.00787090839247636,-0.010363221168518011,-0.2228795289993286,0.0023947190808825593,0.05573824048042303,-0.2508916258811951,0.00042895006725975944,0.0595486462116242,-0.21697467565536505,0.0010961166432820594,0.04287368059158331,-0.19949164986610413,0.0001673686953722594,0.019151508808136042,-0.19879180192947393,-0.01777956305642184,0.08322817087173467,-0.21614700555801392,-0.00968001640040934,0.08400487899780279,-0.18486735224723821,-0.0036228650399720407,0.06798350811004644,-0.17028319835662842,-0.004850284164888241,0.05221059918403631,-0.16332817077636724,-0.03506408488948404,0.10896384716033941,-0.1783203780651093,-0.023712140010786642,0.10377657413482672,-0.14675232768058782,-0.01177696368296204,0.08476018905639654,-0.133393794298172,-0.01036190378118814,0.08488410711288458,-0.12171399593353271,-0.051142940731835944,0.12819337844848638,-0.13806167244911194,-0.03691156810720024,0.11821341514587408,-0.10824951529502874,-0.02142146645684304,0.09935438632965093,-0.09533229470252991,-0.01426757263590154
1.0,0.0,0.0,0.0,0.07661712169647222,0.004487067461013794,-0.01915867574169281,0.1448547244071961,-0.02556726336479187,-0.025858148407479513,0.15736097097396856,-0.09744879603385931,-0.03236074693157311,0.14101696014404302,-0.150802344083786,-0.033469583314200614,0.1362659931182862,-0.11096200346946716,0.003217598249847189,0.16581052541732794,-0.1509412825107575,-0.021589841168662312,0.14095944166183477,-0.09286573529243469,-0.03215017117216231,0.1266921758651734,-0.07234799861907959,-0.03522986121132021,0.10274827480316162,-0.13933533430099487,0.002653167642364389,0.1311354041099549,-0.17779913544654846,-0.02303961239411471,0.10571342706680303,-0.10732761025428778,-0.027140240591307912,0.09311100840568542,-0.0972411036491394,-0.023235033672591412,0.06565716862678533,-0.16021370887756348,-0.0029857335019016114,0.09405961632728582,-0.1947326958179474,-0.03436078451230171,0.07303795218467712,-0.1217524409294129,-0.023447548445602612,0.0595020055770874,-0.10887780785560608,-0.007443618901362411,0.021348357200622614,-0.17797118425369268,-0.009571860950728612,0.053600430488586426,-0.1976923942565918,-0.02749132498755101,0.043526440858841,-0.14537832140922546,-0.014216003414531912,0.029872924089431818,-0.13428941369056702,0.0010624467988406888
1.0,0.0,0.0,0.0,0.07518991827964783,0.007651090621948187,-0.02252557983186412,0.14705663919448853,-0.030188381671905518,-0.02817684148934062,0.15223920345306396,-0.11017242074012762,-0.03228078519489932,0.1262760162353515,-0.15103942155838013,-0.02898395357217962,0.1475766897201538,-0.11119714379310613,0.0006256628080051802,0.17618143558502197,-0.1612231433391571,-0.02683336769726452,0.14355319738388062,-0.10181838274002081,-0.03730611985113792,0.13138502836227411,-0.0834158062934876,-0.04052434971120532,0.1092773973941803,-0.14085161685943604,0.0010607540138777801,0.1331077516078949,-0.18474185466766363,-0.027667707926894918,0.10332554578781122,-0.10908511281013489,-0.03002329280164412,0.09928497672080994,-0.10435852408409119,-0.02438144681539702,0.06932088732719421,-0.16217365860939031,-0.00438185890700992,0.09138962626457209,-0.2017247080802918,-0.03830904995587042,0.0679910778999328,-0.12425938248634338,-0.02585202006187612,0.0634106993675232,-0.1157782673835755,-0.00823973321851662,0.024826586246490423,-0.1819000244140625,-0.01120802403923442,0.04743349552154541,-0.2038249373435974,-0.02865005021479302,0.03747260570526123,-0.14754745364189154,-0.01467723974522522,0.03192278742790222,-0.13819783926010132,0.0009426440342109802
1.0,0.0,0.0,0.0,0.07246622443199158,0.0025987029075623114,-0.0338758384361881,0.13859844207763672,-0.04187947511672968,-0.0457758014574665,0.126527190208435,-0.12946844100952148,-0.054031156517567,0.08155843615531921,-0.1672899425029754,-0.0547638168111461,0.15186449885368347,-0.1271395981311798,-0.0123431501463073,0.1706075370311737,-0.1919137835502624,-0.0448717033043521,0.13772732019424438,-0.1336369514465332,-0.0606898856833595,0.12832078337669367,-0.1051572859287262,-0.0667368402257579,0.11174127459526056,-0.15455842018127441,-0.0081276246830839,0.12205767631530762,-0.2170883417129516,-0.0421498870030063,0.09409728646278381,-0.1418626308441162,-0.0480273520126957,0.0925629734992981,-0.11713999509811401,-0.0432400820329803,0.071065604686737,-0.1735852062702179,-0.0105433199107665,0.07440361380577087,-0.2319134473800659,-0.0460190517380851,0.05588129162788391,-0.155312567949295,-0.0367425461784023,0.057545244693756104,-0.12555989623069758,-0.0202566055133956,0.026680827140808105,-0.1890767216682434,-0.0156415575668233,0.03061738610267639,-0.2314580082893371,-0.0334188608005661,0.024713456630706787,-0.1758672297000885,-0.0212468379661459,0.025009632110595703,-0.14611530303955078,-0.006303630817683301
1.0,0.0,0.0,0.0,0.05341023206710821,0.013556599617004395,-0.053464345074502255,0.09940707683563238,-0.010080933570861816,-0.08207587469300386,0.0880474746227265,-0.08146274089813232,-0.10299344677409286,0.06154200434684759,-0.13821986317634583,-0.11624609995564576,0.1666502058506012,-0.1320638656616211,-0.039317182637063255,0.16021990776062017,-0.14922505617141724,-0.08214824963292236,0.12622588872909551,-0.10121244192123413,-0.10488404650172356,0.1147698163986206,-0.07821908593177801,-0.11530618686160206,0.1323176920413971,-0.18622228503227234,-0.028214610553590057,0.10798519849777227,-0.19603291153907781,-0.07210444975575565,0.07569682598114019,-0.13284498453140264,-0.08278990853509066,0.0758346319198609,-0.11571723222732544,-0.08108415026148916,0.0897652804851532,-0.21650350093841553,-0.025200619734135857,0.0610748827457428,-0.22040989995002752,-0.06702916640719536,0.03878867626190191,-0.15886998176574713,-0.06297535765847326,0.0452856719493866,-0.14303016662597662,-0.05128366816720126,0.04395720362663269,-0.23334766924381262,-0.026650294102040555,0.022846251726150513,-0.23453825712203982,-0.051695275492278356,0.010373800992965698,-0.185571551322937,-0.04751358125290035,0.0191661417484284,-0.16965240240097051,-0.03771493527969476
1.0,0.0,0.0,0.0,0.02638846635818487,0.04430425167083746,-0.07107430843832922,0.05568641424179077,0.0629101991653443,-0.11589776871922453,0.039067596197128296,0.012845754623413086,-0.14654843656542732,0.01742830872535711,-0.040503025054931585,-0.16767129449370344,0.168776273727417,-0.05976107716560358,-0.10200440285923912,0.0848042368888855,-0.0700426995754242,-0.15331608204367592,0.062131732702255305,-0.0311994850635528,-0.17135860173228223,0.08094975352287298,-0.01982232928276062,-0.17948034553053813,0.14695820212364197,-0.13651791214942932,-0.08608520923378903,0.043498992919921875,-0.12245604395866388,-0.13685409872057872,0.020881325006484985,-0.06647086143493652,-0.13960451035025553,0.04303812980651861,-0.05566734075546259,-0.13529178647520973,0.11059144139289862,-0.1850436925888061,-0.07634607104781102,0.014726042747497614,-0.1592333316802978,-0.11934910116913752,-0.002767741680145208,-0.10458946228027338,-0.10830040423396063,0.01752007007598877,-0.09643584489822382,-0.09572733340981443,0.06818914413452148,-0.2145342975854873,-0.07360273746970132,-0.0007855296134948175,-0.1857637763023376,-0.10620455591204603,-0.013097524642944336,-0.1362349689006805,-0.10714052019837332,0.007130116224288996,-0.12412711977958674,-0.10123461632254553
1.0,0.0,0.0,0.0,0.02772191166877752,0.07058945298194885,-0.05555682127295821,0.06792324781417852,0.12028047442436218,-0.0919205235403666,0.052683174610137995,0.07499173283576965,-0.11775485296665521,0.021618872880935724,0.02034500241279602,-0.1367670806211123,0.17815053462982178,-0.023034185171127375,-0.08071332295357081,0.09854844212532049,-0.0015617311000823975,-0.128210222915996,0.0672464370727539,0.030913621187210083,-0.1505354257386812,0.08367553353309631,0.030858725309371893,-0.16406804938732472,0.1590869128704071,-0.10554060339927679,-0.07406792660175651,0.06540831923484808,-0.0632579922676087,-0.1148331301373133,0.03540146350860601,-0.015641748905181885,-0.12005764861523001,0.057787120342254694,-0.017775684595108088,-0.12178142984329551,0.1228522658348084,-0.1596072018146515,-0.07244668771444651,0.03072169423103338,-0.11303871870040899,-0.10776192565380421,0.00917112827301031,-0.060585200786590576,-0.0963866772216448,0.03242900967597967,-0.0580203533172608,-0.08659801502643912,0.08131802082061768,-0.19555851817131048,-0.07671877612291661,0.011956036090850886,-0.1544827520847321,-0.10184300561367361,-0.004559963941574097,-0.10636574029922491,-0.09702492375789971,0.015635311603546198,-0.0979354083538056,-0.0896409811538347
1.0,0.0,0.0,0.0,0.12534332275390625,0.026882171630859375,-0.049751700112523126,0.228451669216156,0.0226210355758667,-0.09035904074639232,0.2870914936065674,-0.016884982585906982,-0.12956486756533533,0.25385963916778564,-0.05017668008804321,-0.15917721504897023,0.23905545473098755,-0.26897355914115906,-0.031034364575447126,0.3225434422492981,-0.15547978878021246,-0.08407378310889152,0.26697468757629395,-0.08017200231552124,-0.11544988418549443,0.2306758165359497,-0.09148356318473816,-0.13441348190039543,0.19416147470474243,-0.30676764249801636,-0.03404223288029583,0.27370429039001465,-0.15474396944046026,-0.08276225740641502,0.21037441492080688,-0.07325538992881775,-0.09216150755614193,0.1854311227798462,-0.10111856460571295,-0.09220368529290113,0.14482003450393677,-0.30782717466354376,-0.04590514788955592,0.22145146131515503,-0.16044124960899353,-0.09189319724768552,0.1700749397277832,-0.09112721681594854,-0.08290485406845953,0.14059096574783325,-0.11300849914550787,-0.06928312892645742,0.09560209512710571,-0.28429073095321655,-0.06377986187666802,0.16383075714111328,-0.16780611872673035,-0.08884234840601833,0.13195937871932983,-0.11653777956962585,-0.08106545473069103,0.10253787040710449,-0.13140803575515747,-0.07006479913920312
1.0,0.0,0.0,0.0,0.10619342327117925,0.04169493913650513,-0.039595354292202865,0.19803237915039068,0.05534064769744873,-0.07353627303581327,0.25314384698867803,0.029946982860565186,-0.10642905155162906,0.22420996427536016,-0.007877230644226074,-0.13184587279300786,0.21748298406600958,-0.19047504663467413,-0.027279302421618464,0.2825817465782166,-0.08149576187133795,-0.07477881381254287,0.23140394687652593,-0.023161232471466064,-0.10331202665309996,0.20352977514266973,-0.03546804189682007,-0.12106279650669187,0.1830775141716004,-0.22653704881668096,-0.03221259633045286,0.24784338474273687,-0.09180006384849554,-0.07874717930297946,0.18857449293136602,-0.02879953384399414,-0.09011323371868227,0.16594058275222784,-0.051592230796813965,-0.09169106552343456,0.1430716514587403,-0.23447400331497192,-0.044234059694815565,0.2008438110351563,-0.09890526533126837,-0.08627519378404706,0.15094655752182012,-0.04847317934036255,-0.07975671062212086,0.1266747117042542,-0.07429647445678711,-0.06851360568742847,0.10312080383300787,-0.22371900081634521,-0.06088784331421947,0.15051466226577764,-0.11628922820091253,-0.08246017614345647,0.1190516352653504,-0.07866960763931274,-0.07572070876102537,0.09512078762054449,-0.09958422183990484,-0.06683701643686386
1.0,0.0,0.0,0.0,0.09151393175125122,0.03309369087219238,-0.02821144301677231,0.17550688982009888,0.04539567232131958,-0.053322023043875705,0.2263624668121338,0.024632573127746582,-0.07895503033185491,0.2047601342201233,-0.007080793380737305,-0.0982958360412169,0.19356787204742432,-0.16410091519355774,-0.015007774608676507,0.25831443071365356,-0.07380843162536627,-0.05703755680704601,0.21621686220169067,-0.018622934818267822,-0.08308996100211621,0.19008034467697144,-0.026406407356262207,-0.09845023442292691,0.16559088230133057,-0.19630974531173706,-0.02188134592259411,0.22802460193634033,-0.08291676640510565,-0.06210375044727811,0.17668253183364868,-0.026665806770324707,-0.0726023151376296,0.1529698371887207,-0.04540795087814331,-0.0742860718467284,0.13279426097869873,-0.20636290311813354,-0.03508367602015021,0.18965506553649902,-0.09070554375648499,-0.0721510856249381,0.14333832263946533,-0.044445037841796875,-0.06608049411559591,0.11886727809906006,-0.06586956977844238,-0.05545528073096761,0.09890884160995483,-0.20027166604995728,-0.05177054394269471,0.14885222911834717,-0.10789355635643005,-0.07002390761161331,0.11961311101913452,-0.07277241349220276,-0.06221144486451631,0.09540921449661255,-0.09041851758956915,-0.05281308878446111
1.0,0.0,0.0,0.0,0.08464217185974121,0.031405746936798096,-0.007256989235543165,0.1539301872253418,0.032861173152923584,-0.018909170626216065,0.19937020540237427,0.018453598022460938,-0.034816884769611464,0.18657678365707397,0.003338158130645752,-0.046086327506713966,0.16700881719589233,-0.1408458948135376,0.006447037813700236,0.22283834218978882,-0.06907463073730469,-0.025016130282096965,0.18410789966583252,-0.02608656883239746,-0.045603410674743765,0.156328022480011,-0.03394049406051636,-0.05780993528526317,0.1477200984954834,-0.16536331176757818,-0.006346370427422665,0.2077428102493286,-0.07131856679916387,-0.037790839894228066,0.1631947159767151,-0.02898186445236206,-0.04688967518370636,0.1383373737335205,-0.0465770959854126,-0.04814179368179337,0.12552225589752197,-0.17288580536842346,-0.023469557388239064,0.17800778150558472,-0.07483682036399847,-0.05160897351663606,0.13728034496307373,-0.03878366947174072,-0.04799200720947276,0.11322671175003052,-0.05849951505661016,-0.040055887176208664,0.10272258520126343,-0.16620802879333496,-0.04232805348794946,0.14711666107177734,-0.08509990572929388,-0.05424065641921057,0.12057507038116455,-0.05839744210243225,-0.047653419299535864,0.09810030460357666,-0.07509547472000128,-0.040205610318594064
1.0,0.0,0.0,0.0,0.0701924860477448,0.021362125873565674,-0.00816264140838987,0.12702152132987982,0.024653136730194092,-0.019720028596466873,0.1687339842319489,0.013564348220825195,-0.033627949165648374,0.16127666831016546,-0.013796567916870117,-0.042844257759398374,0.13098201155662542,-0.1429845690727234,0.0030249830107180286,0.18605044484138494,-0.07141992449760437,-0.02359566974872957,0.15202519297599798,-0.03181314468383789,-0.04233123313123597,0.12665858864784246,-0.041878461837768555,-0.05389551024371997,0.11706355214118963,-0.16219401359558105,-0.006238074018156671,0.17795214056968695,-0.0751538872718811,-0.032623290526217374,0.13995358347892767,-0.03340953588485718,-0.03970116700465097,0.11638501286506658,-0.042471885681152344,-0.04045534457499397,0.10169968008995062,-0.16544181108474737,-0.019123536976522273,0.15845814347267156,-0.07497584819793707,-0.041452649491375775,0.12314900755882269,-0.03949451446533203,-0.03620836834842577,0.09917393326759344,-0.049992889165878296,-0.028300968440717573,0.08578386902809149,-0.15281686186790466,-0.03389310415322197,0.13002154231071478,-0.07946106791496277,-0.04348771597678077,0.1066600382328034,-0.05458950996398926,-0.03771214510733497,0.08621457219123846,-0.06463181972503668,-0.031189903127497573
1.0,0.0,0.0,0.0,0.06016439199447632,0.02777111530303955,-0.0024027390640242014,0.11182016134262085,0.02416914701461792,-0.0073059114396585014,0.1496315598487854,0.007937908172607422,-0.016033657058329702,0.14053404331207275,-0.012357234954833984,-0.0211881344906998,0.12143445014953613,-0.10776931047439575,0.014846980408577699,0.16112303733825684,-0.05998647212982178,-0.007190510328115301,0.12945300340652466,-0.02431267499923706,-0.022038409649582,0.10867363214492798,-0.03666830062866211,-0.0313675051324082,0.10912948846817017,-0.12789130210876465,0.004107652534543099,0.15494424104690552,-0.0681085884571076,-0.018227096810193102,0.12058216333389282,-0.027406275272369385,-0.0235810858897878,0.10082101821899414,-0.04209524393081665,-0.0234190171353532,0.09420299530029297,-0.13892865180969238,-0.010487204580755301,0.13859504461288452,-0.07222366333007818,-0.0334889946274472,0.10512673854827881,-0.03420567512512207,-0.028815023764224103,0.08325821161270142,-0.04910081624984741,-0.020747669204325803,0.0771106481552124,-0.1391238272190094,-0.026104608713836703,0.11628669500350952,-0.0783456563949585,-0.0377957468621445,0.0942961573600769,-0.04904282093048096,-0.032118456601352804,0.07354027032852173,-0.05872654914855957,-0.0252613948427153
1.0,0.0,0.0,0.0,0.05068731307983404,0.02318471670150757,-0.0007825955041766741,0.09028851985931402,0.023143291473388672,-0.004878714004632874,0.12093293666839605,0.015542328357696533,-0.013814875180003074,0.12851512432098394,-0.011301398277282715,-0.019699348392066374,0.1006996631622315,-0.08167493343353271,0.019019005564871325,0.13575667142868048,-0.05793261528015137,-0.0007494699900120741,0.11517059803009039,-0.027111709117889404,-0.015970167027887776,0.09156107902526861,-0.03213298320770264,-0.024005105974254076,0.09250444173812872,-0.0983002781867981,0.009337995877388025,0.13288658857345587,-0.06231653690338135,-0.010678882034596875,0.10869294404983526,-0.023444056510925293,-0.020192835735258475,0.08404582738876348,-0.03164273500442505,-0.022791421296176374,0.08337134122848516,-0.1120489239692688,-0.0039492312577635745,0.1267556548118592,-0.07006341218948364,-0.025201730685409974,0.09982085227966314,-0.03248339891433716,-0.023705283435162976,0.07402580976486212,-0.0421413779258728,-0.017175382258471875,0.0709443092346192,-0.11998111009597784,-0.017789833502945374,0.11181324720382696,-0.07499909400939941,-0.030223654838380274,0.09383970499038702,-0.04644417762756348,-0.025434175761517873,0.07090777158737188,-0.05308878421783447,-0.018379260109838876
1.0,0.0,0.0,0.0,0.042920649051666204,0.018840909004211426,-0.00669267602646065,0.08560657501220703,0.014831125736236572,-0.013316679433074751,0.1140243411064148,0.00110548734664917,-0.02317944510289745,0.11784017086029053,-0.023890674114227295,-0.03036506815263345,0.08244723081588745,-0.09315592050552368,0.00693451085678015,0.11934936046600342,-0.07941383123397827,-0.01402273742863255,0.10871237516403198,-0.04134702682495117,-0.02989295279988365,0.09083712100982666,-0.033039748668670654,-0.03817899680146295,0.07312795519828791,-0.10667532682418823,0.00043386453032204957,0.11732649803161621,-0.08117252588272095,-0.01924092291304185,0.10313093662261963,-0.04043543338775635,-0.02832461676010205,0.08284926414489746,-0.037152230739593506,-0.03141305750617105,0.06404811143875122,-0.11478835344314575,-0.00973962588616925,0.10945761203765869,-0.08175110816955566,-0.02981304346033645,0.0927935242652893,-0.043543338775634766,-0.02866522564002585,0.07222425937652588,-0.04092848300933838,-0.02350251904138645,0.053893893957138006,-0.11548089981079102,-0.02096417514988495,0.09759843349456787,-0.08053833246231079,-0.03199208682784155,0.08561253547668457,-0.05158954858779907,-0.02783124303826405,0.0672939121723175,-0.04854023456573486,-0.02241126975425795
1.0,0.0,0.0,0.0,0.05253684520721441,0.021361827850341797,-8.1107152993809e-06,0.09228920936584478,0.011258900165557861,-0.003646095453205983,0.11912587285041809,-0.004196882247924805,-0.010632282758507383,0.12369626760482794,-0.017120063304901123,-0.014764042275402282,0.08931472897529602,-0.11133325099945068,0.012146499303725017,0.13064867258071905,-0.07412546873092651,-0.003243330337482983,0.10987508296966558,-0.04120528697967529,-0.015513065906617383,0.08712354302406311,-0.043389201164245605,-0.023459561804685284,0.07940486073493963,-0.12315648794174194,0.003254091662910217,0.12790155410766607,-0.0776822566986084,-0.012318331452462384,0.10582318902015692,-0.04049575328826904,-0.01795859884694548,0.0831809937953949,-0.04224836826324463,-0.01959940668419328,0.06961020827293402,-0.12757450342178345,-0.008106518241021283,0.11881107091903692,-0.07730895280838013,-0.023253707850727685,0.09711405634880071,-0.04221630096435547,-0.020122929180416783,0.07326769828796392,-0.045423805713653564,-0.015151587019118984,0.05865174531936651,-0.121959388256073,-0.020204522351178783,0.10162201523780828,-0.07704806327819824,-0.02806978922561138,0.0855331718921662,-0.049757540225982666,-0.023556249851736683,0.06377586722373968,-0.051341235637664795,-0.018752020487937584
1.0,0.0,0.0,0.0,0.051727175712585505,0.02228480577468872,0.0022014907905400206,0.09311610460281378,0.01273566484451294,-0.0002883926621136796,0.12115770578384405,0.0031126737594604492,-0.0063193515064624796,0.1378429532051087,-0.00672227144241333,-0.009126644128045279,0.09027934074401861,-0.11867088079452515,0.01489750154964042,0.13721084594726568,-0.0695110559463501,0.0006886814832256203,0.11626762151718145,-0.03900349140167236,-0.01156334813036608,0.09448099136352545,-0.041043877601623535,-0.01968204557248038,0.08297860622406011,-0.12987548112869263,0.00535091337464162,0.13796079158782965,-0.07072341442108154,-0.008155034401497079,0.11479723453521734,-0.037624478340148926,-0.012527773634573679,0.09365046024322515,-0.03812128305435181,-0.013456230529626979,0.07683873176574713,-0.12946540117263794,-0.006534002733459879,0.12958002090454107,-0.06811445951461792,-0.017822840728840078,0.1089478731155396,-0.03814280033111572,-0.01399881347366258,0.08784747123718267,-0.04048401117324829,-0.009536034905394779,0.07012236118316656,-0.11827576160430908,-0.01928855805941508,0.11151736974716192,-0.06579744815826416,-0.02340611956365988,0.09544813632965093,-0.04276597499847412,-0.01837768919118328,0.07716441154479986,-0.04515731334686279,-0.01382037858762428
1.0,0.0,0.0,0.0,0.047204673290252686,0.024247407913208008,0.0035542499571476465,0.08627086877822876,0.0125654935836792,0.0034688041377250465,0.1164734959602356,0.005112946033477783,-0.0016132046403924535,0.12698334455490112,-0.00963526964187622,-0.0032480588816667533,0.08849221467971802,-0.10390281677246094,0.025529329974148047,0.13137292861938477,-0.0661846399307251,0.008411730948779447,0.11083322763442993,-0.034102022647857666,-0.0049450510815347536,0.08820992708206177,-0.03488820791244507,-0.012805232469048553,0.08323734998703003,-0.11702549457550049,0.014345911640617647,0.13240712881088257,-0.06580322980880737,-0.0018007618310491534,0.10822463035583496,-0.030342698097229004,-0.006582421872820953,0.08742886781692505,-0.035011231899261475,-0.006975725449677754,0.07824063301086426,-0.12351322174072266,-0.0006735397438148534,0.1277574896812439,-0.06618839502334595,-0.015978180494215552,0.10308903455734253,-0.03429138660430908,-0.012051072593834453,0.08103185892105103,-0.041832566261291504,-0.006344540201183653,0.072113037109375,-0.12117576599121094,-0.016739929717090252,0.11298763751983643,-0.0658104419708252,-0.023523610707428554,0.092853844165802,-0.0414997935295105,-0.019003287579920352,0.07169502973556519,-0.04786860942840576,-0.014275842968430553
1.0,0.0,0.0,0.0,0.05358392000198364,0.022494375705718994,0.001125319155377663,0.09469735622406006,0.012830078601837158,-0.002532713937128437,0.12879139184951782,0.005380868911743164,-0.009881713551024436,0.13746094703674316,-0.011005222797393799,-0.013599617530147138,0.08280694484710693,-0.13119041919708252,0.015791973907013764,0.14012300968170166,-0.08013874292373657,-0.001501641010420937,0.12062031030654907,-0.04284757375717163,-0.016276414629558637,0.09541046619415283,-0.044015586376190186,-0.025893368881682435,0.07861977815628052,-0.14273518323898315,0.005183447960277463,0.14437544345855713,-0.0801001787185669,-0.011208186049500937,0.12160420417785645,-0.040357232093811035,-0.01679800742540744,0.0959663987159729,-0.04197371006011963,-0.018356706139186937,0.0765385627746582,-0.14061230421066284,-0.008394236799816136,0.14218908548355103,-0.07631748914718628,-0.022923904594520636,0.11987745761871338,-0.03832662105560303,-0.01873637841318034,0.09413927793502808,-0.04049140214920044,-0.013419773553053438,0.07520455121994019,-0.12536299228668213,-0.023104018655160936,0.1291077733039856,-0.0683947205543518,-0.029606717762092637,0.1111992597579956,-0.03938603401184082,-0.024633751374224737,0.08783900737762451,-0.04053884744644165,-0.019852095406989137
1.0,0.0,0.0,0.0,0.10846972465515142,-0.03489577770233154,-0.013291246722658853,0.18036258220672613,-0.09086072444915771,-0.03632853878589505,0.2382971346378327,-0.12674599885940552,-0.06067993445249435,0.2712934315204621,-0.15276449918746948,-0.07896696356984015,0.1228769719600678,-0.2970844209194184,-0.04625269723983645,0.22994878888130194,-0.22693955898284918,-0.08008251665087575,0.2189514935016632,-0.1581425666809082,-0.09058870701046826,0.1896340250968933,-0.14885449409484863,-0.09777190862151025,0.0868602991104126,-0.2632319331169129,-0.06155383912773965,0.21302679181098944,-0.1603844165802002,-0.09474793402405615,0.19154870510101324,-0.09690028429031372,-0.09424734441491005,0.16235503554344183,-0.10902243852615356,-0.09542028931828375,0.062298744916915894,-0.19519507884979248,-0.07816219655724406,0.18500122427940374,-0.09340798854827881,-0.10794502822609785,0.16244369745254522,-0.04600578546524048,-0.09480318007918236,0.1300415992736817,-0.06192141771316528,-0.08708375273199916,0.047124594449997004,-0.11464643478393555,-0.09666718868466255,0.1482539176940918,-0.030874669551849365,-0.11559630511256096,0.1319825947284699,-0.0018925070762634277,-0.10952796367855905,0.10154032707214361,-0.01822817325592041,-0.10544359264822835
1.0,0.0,0.0,0.0,0.10921764373779297,-0.036858439445495605,-0.015388290669463301,0.1837405264377594,-0.09162062406539917,-0.0408534736294967,0.2410253286361695,-0.1289769411087036,-0.06707990476085961,0.26309689879417425,-0.154022216796875,-0.0870101780553085,0.12492159008979797,-0.3025074303150177,-0.0521436550576908,0.2355981171131134,-0.2248212993144989,-0.088369745101474,0.225755512714386,-0.15427124500274658,-0.0990850807090026,0.1953471601009369,-0.14450353384017944,-0.1058783338327629,0.08907797932624817,-0.2659163177013397,-0.0678202838559371,0.21863588690757757,-0.15919488668441772,-0.1031635806818229,0.1974689662456513,-0.09386909008026123,-0.1012271226306182,0.1681900322437287,-0.10439103841781616,-0.1007243276496154,0.06452316045761108,-0.1949649453163147,-0.0849600315947753,0.1896449327468872,-0.09025686979293823,-0.1165952564139587,0.1672437489032746,-0.04206693172454834,-0.1019860089678985,0.1348368227481842,-0.05716055631637573,-0.0925575376410705,0.04949179291725159,-0.11155563592910767,-0.1042583764453155,0.1539248824119568,-0.02833843231201172,-0.1240725026388389,0.13706794381141668,-0.0008145570755004883,-0.1171924577017051,0.10556700825691229,-0.017452478408813477,-0.11220585861399
1.0,0.0,0.0,0.0,0.10789808630943298,-0.031472086906433105,-0.018198257860291243,0.180894523859024,-0.07762616872787476,-0.04685184041832704,0.2389772236347198,-0.09670686721801758,-0.07612888942335864,0.2748885154724121,-0.09590351581573486,-0.09879003147457864,0.1409125924110412,-0.29541021585464483,-0.05511560718392154,0.2551221251487732,-0.19906431436538702,-0.08948703537558345,0.2345307469367981,-0.14006680250167847,-0.09821643362616324,0.201529711484909,-0.14528930187225342,-0.10436294655178804,0.10500898957252502,-0.2537070214748383,-0.06942616085385105,0.2346656322479248,-0.12914490699768066,-0.10410185585593004,0.20035439729690552,-0.07797330617904663,-0.10079686025952124,0.1703522503376007,-0.10170203447341919,-0.09972574989174623,0.07955947518348688,-0.18124288320541382,-0.08498160968397875,0.20824196934700012,-0.06990271806716919,-0.11576457003926065,0.1761265993118286,-0.02942711114883423,-0.09957156757687355,0.14480170607566833,-0.04821664094924927,-0.08912416229819084,0.06226474046707153,-0.09787619113922119,-0.10276606361244944,0.1691819131374359,-0.015425324440002441,-0.12203456143711824,0.14597773551940912,0.008737146854400635,-0.11341567764853264,0.1142024397850036,-0.0096510648727417,-0.10702078471754814
1.0,0.0,0.0,0.0,0.1337619423866272,-0.014876842498779297,-0.032942680199624826,0.21956190466880798,-0.048823535442352295,-0.07151652269530473,0.27868202328681946,-0.05126619338989258,-0.11066903315949612,0.3201768696308136,-0.03358203172683716,-0.14216434352564983,0.2107096016407013,-0.3136301934719086,-0.055308209289790924,0.3053624927997589,-0.17743843793869024,-0.10393589877057252,0.2696182429790497,-0.12020808458328247,-0.12644683711695842,0.23593977093696594,-0.1366315484046936,-0.14299146228003673,0.15525719523429865,-0.2919019460678101,-0.06963845484423813,0.26473721861839294,-0.111594557762146,-0.11827851228881052,0.21427878737449646,-0.06765896081924438,-0.12462651871609863,0.17947539687156677,-0.10650366544723511,-0.12935470931697063,0.10292243957519526,-0.22982066869735723,-0.08901335441041162,0.2123793065547943,-0.06175285577774048,-0.1312797754304426,0.1680995523929596,-0.02987539768218994,-0.12127291553187543,0.133889228105545,-0.06301921606063843,-0.11386282138991533,0.05773201584815979,-0.14865553379058843,-0.11323154114651852,0.14838200807571406,-0.017522096633911133,-0.14254676692652873,0.12363377213478088,0.0009971857070922852,-0.14152611189055614,0.09551823139190668,-0.03119635581970215,-0.13909740142989332
1.0,0.0,0.0,0.0,0.11100134253501892,0.042084574699401855,-0.05438463416210476,0.18974658846855158,0.046058714389801025,-0.10269046601167986,0.23452603816986084,0.04478698968887329,-0.14820105608812636,0.26491183042526245,0.03697842359542847,-0.18599005814901656,0.24305415153503418,-0.2482053935527802,-0.07040281620136565,0.2813602089881897,-0.08200275897979736,-0.13277854796758956,0.23225921392440796,-0.03276693820953369,-0.17031940099111856,0.21187663078308105,-0.07081377506256104,-0.19804046329370806,0.17127016186714172,-0.28158122301101685,-0.07847460385671916,0.21485215425491333,-0.06717973947525024,-0.13472653206697766,0.16753900051116938,-0.029819607734680176,-0.15015675898901287,0.15460863709449768,-0.08737730979919434,-0.16252257701269457,0.09320011734962458,-0.26519790291786194,-0.09431585695854486,0.1322934329509735,-0.05526280403137207,-0.14030314263216326,0.1005927324295044,-0.02936166524887085,-0.13433914657942125,0.08913272619247431,-0.08601993322372437,-0.13169615742079085,0.016545534133911077,-0.2226624190807343,-0.11752231445423426,0.050206005573272705,-0.0547100305557251,-0.15163906689993206,0.0387470126152038,-0.03284287452697754,-0.15485940154901806,0.030901670455932617,-0.07921439409255981,-0.15561462220064465
1.0,0.0,0.0,0.0,0.020134016871452304,-0.12628555297851562,-0.0035829928092709685,0.0809698253870011,-0.22209417819976807,-0.027950025614728667,0.1584409922361374,-0.23941421508789062,-0.05374802042209117,0.21625126898288732,-0.19843512773513794,-0.07507300887667157,0.07648433744907379,-0.2368590235710144,-0.06759781901203607,0.2114304155111313,-0.27106946706771856,-0.10591201994978397,0.19257651269435888,-0.2400667667388916,-0.11621095750891176,0.15190847218036652,-0.22070950269699097,-0.11639827255569907,0.0901518315076828,-0.14903926849365234,-0.08429749820791697,0.224758729338646,-0.19260746240615845,-0.11234236274324867,0.19635997712612152,-0.1683657169342041,-0.10196868841015316,0.153297707438469,-0.15121662616729736,-0.09274951134287326,0.1117460578680039,-0.06182199716567993,-0.09978674862944097,0.232643410563469,-0.11803233623504639,-0.11406235907637097,0.19990666210651403,-0.09772825241088867,-0.08307095382772897,0.15901614725589752,-0.08232533931732178,-0.06138422478400677,0.1363198608160019,0.021532833576202393,-0.11610768501125787,0.2305661290884018,-0.042039573192596436,-0.11154804144464947,0.20209230482578283,-0.028749525547027588,-0.08044824514948337,0.166994258761406,-0.010122358798980713,-0.05955971543156117
1.0,0.0,0.0,0.0,-0.0008959770202636719,-0.11940789222717285,0.008920763452522257,0.03573614358901983,-0.19295024871826172,-0.0011337565295547422,0.09219124913215643,-0.2108124196529389,-0.012892096470125042,0.1348468661308289,-0.1748618483543396,-0.02231743296516694,0.03583636879920965,-0.22611850500106817,-0.032837503756411444,0.11382952332496643,-0.2752179503440857,-0.04307866951359074,0.10466271638870245,-0.24022594094276428,-0.041525584812291044,0.08012339472770691,-0.2190906703472138,-0.03843803813589374,0.07079246640205383,-0.16709905862808228,-0.04557129850519454,0.14214080572128301,-0.22051015496253967,-0.045246497894652245,0.12937581539154053,-0.19287961721420288,-0.03572178741825374,0.10481959581375122,-0.17183750867843628,-0.03156560024154934,0.10645204782485962,-0.10597914457321167,-0.05478360613716404,0.16273280978202825,-0.15988576412200928,-0.048162521029837445,0.14789545536041265,-0.137831449508667,-0.030260206366904144,0.1249864399433136,-0.11882472038269043,-0.021758851761944642,0.1365132331848145,-0.0477902889251709,-0.06316553911102574,0.17831152677536016,-0.110756516456604,-0.048983757550843145,0.16151520609855652,-0.09462970495223999,-0.025777706111796243,0.14350464940071112,-0.07397663593292236,-0.011560889127679242
1.0,0.0,0.0,0.0,0.027943074703216553,-0.07220196723937994,-0.016643247669595237,0.0861920714378357,-0.11543390154838562,-0.03987114421095224,0.14320600032806396,-0.10544106364250183,-0.058253604089873734,0.17769509553909302,-0.0758669376373291,-0.07271834379996633,0.1004326343536377,-0.17248803377151492,-0.07760340637530654,0.19425612688064575,-0.08626994490623474,-0.10041986322964994,0.17903250455856323,-0.04932788014411932,-0.09938715315427153,0.15017372369766235,-0.06056270003318792,-0.09789635903205243,0.08713740110397339,-0.13390551507472992,-0.08250618643130633,0.18424063920974731,-0.03418004512786871,-0.10466789371337264,0.16168612241744995,-0.0005371570587158203,-0.09498001552190154,0.13439100980758667,-0.01270592212677002,-0.09009483373727174,0.0756145715713501,-0.08166426420211792,-0.08534987187947604,0.16346311569213867,0.012392818927764893,-0.09942471898164124,0.140996515750885,0.03373655676841736,-0.08232378876771304,0.11518722772598267,0.017933875322341863,-0.07313238001431793,0.06424444913864136,-0.02547439932823181,-0.08936148053969714,0.13473057746887207,0.04243621230125427,-0.09361229754056304,0.11690282821655273,0.05520707368850708,-0.08154676771725984,0.09224075078964233,0.041922420263290405,-0.07498528725470874
1.0,0.0,0.0,0.0,0.07209235429763794,0.02520835399627691,-0.03296237537848863,0.13843512535095215,0.024236083030700684,-0.05458933586466223,0.17543458938598633,-0.012597054243087713,-0.07399025285828023,0.17463737726211548,-0.056857019662857,-0.08701567078220754,0.16834306716918945,-0.11174920201301569,-0.014060818648218234,0.19975441694259644,-0.07958909869194031,-0.048010629659771036,0.1617841124534607,-0.04580146074295044,-0.06156782532322323,0.14392179250717163,-0.06462293863296503,-0.06726719910490424,0.1375555396080017,-0.1541855931282043,-0.013576936966060733,0.17018157243728638,-0.11489284038543701,-0.047992953157304834,0.12280040979385376,-0.05863475799560541,-0.050783474987625234,0.11403858661651611,-0.08540129661560053,-0.04505544999825863,0.10049831867218018,-0.1824178397655487,-0.019642646482466733,0.12743860483169556,-0.13086557388305659,-0.05930747190701873,0.08876684308052063,-0.0757262110710144,-0.04836483771192943,0.07456627488136292,-0.09911742806434631,-0.032129653787492836,0.05908176302909851,-0.202178806066513,-0.028166909760116633,0.08703449368476862,-0.15203994512557983,-0.05213290179359823,0.06454062461853022,-0.1063504815101623,-0.04164658585774813,0.048365563154220526,-0.12071606516838074,-0.027569725236176533
2.0,0.0,0.0,0.0,0.0386174619197846,-0.09247201681137085,-0.017742674532001956,0.08507755398750311,-0.20378211140632635,-0.04477680634207096,0.09691992402076727,-0.29819381237030035,-0.06908901940531105,0.08894887566566473,-0.3757326006889343,-0.08862961243337955,0.10419276356697088,-0.17572814226150513,-0.07731715004391046,0.21220299601554876,-0.13920140266418457,-0.11344120811170906,0.1874648034572602,-0.11787593364715576,-0.12624839107937186,0.15175542235374456,-0.13080626726150513,-0.13277769248432486,0.09350040555000311,-0.10619908571243286,-0.08676109622663826,0.20664665102958685,-0.06749850511550903,-0.11127919118351315,0.1752645075321198,-0.055086731910705566,-0.10389304320759145,0.13697192072868353,-0.06695950031280518,-0.10229888718075125,0.08598598837852484,-0.031252920627593994,-0.09574011127895686,0.19344392418861395,0.00011587142944335938,-0.11237055222935055,0.16113927960395819,0.004661917686462402,-0.09006491463131276,0.1235868632793427,-0.00640636682510376,-0.07856642614549965,0.08184871077537542,0.03995203971862793,-0.10596827577299446,0.1653455793857575,0.05898529291152954,-0.11203912805265756,0.14114287495613104,0.05903202295303345,-0.09439348589128825,0.11038330197334295,0.04966801404953003,-0.08457752476877535
2.0,0.0,0.0,0.0,0.022076725959777888,-0.11003023386001587,-0.0049527601837269005,0.04331186413764959,-0.2058115005493164,-0.0242022124617449,0.04832768440246582,-0.2921524047851563,-0.0432987657873979,0.03693574666976929,-0.35881131887435913,-0.0600209420113913,0.11923512816429144,-0.16168147325515747,-0.0407000964074484,0.185083419084549,-0.1604716181755066,-0.0528766920357099,0.16246518492698675,-0.14671725034713745,-0.0548462083130232,0.13220658898353582,-0.1437174677848816,-0.0550860536783091,0.13362255692482,-0.09302103519439697,-0.0456692536859861,0.1848429143428803,-0.09504508972167969,-0.0451235396354547,0.16025015711784368,-0.08893692493438721,-0.0369492096393457,0.13145771622657781,-0.08368927240371704,-0.0366813612668863,0.13877573609352117,-0.024064242839813232,-0.048338785537993,0.1814062893390656,-0.031155526638031006,-0.0415259858160368,0.15921774506568914,-0.026331543922424316,-0.0241011583744636,0.13032707571983343,-0.019331395626068115,-0.0190840547471395,0.13900712132453924,0.03809928894042969,-0.0513514427035204,0.16891339421272283,0.028671979904174805,-0.042513847121512,0.145976334810257,0.030421674251556396,-0.0240263452320448,0.12538877129554754,0.03712362051010132,-0.013589121171747801
2.0,0.0,0.0,0.0,0.008307725191116389,-0.10926413536071777,-0.004557928901448304,0.023496896028518732,-0.19869071245193481,-0.019944334768041402,0.03126105666160589,-0.28019374608993536,-0.03537175282119161,0.02344170212745672,-0.3406703472137452,-0.048844645165189604,0.12458738684654241,-0.1646784543991089,-0.025369817756399005,0.16850522160530096,-0.1639360785484314,-0.029496951394065704,0.14400419592857366,-0.15719836950302124,-0.030000863962158005,0.11667069792747503,-0.15008503198623657,-0.030593220509871302,0.14292332530021673,-0.10156846046447754,-0.027422283210142905,0.16539564728736883,-0.10821396112442017,-0.019275844462498505,0.14024338126182562,-0.10647863149642944,-0.012891462438091104,0.11622998118400579,-0.09654265642166138,-0.014974374689444304,0.1461805403232575,-0.03734326362609863,-0.027498009048684904,0.15989920496940618,-0.05291634798049927,-0.016344244025930203,0.13926479220390325,-0.05030703544616699,-0.004577746514513504,0.11529919505119329,-0.03958064317703247,-0.003721798436998804,0.14431634545326238,0.019381344318389893,-0.027971394725426504,0.15555760264396673,0.0010821223258972168,-0.016308257721647103,0.13402518630027777,0.00029909610748291016,-0.001398815789542504,0.11471143364906317,0.0076416730880737305,0.006389581232980296
2.0,0.0,0.0,0.0,-0.009850949048996027,-0.09529173374176025,-0.00610365189825755,-0.00842931866645813,-0.17598891258239746,-0.01876765612726665,-0.012032747268676813,-0.2485828399658203,-0.030615252742819548,-0.025542795658111628,-0.3017532229423523,-0.04104844790165885,0.10232433676719666,-0.1689140796661377,-0.01892209362452485,0.1091097891330719,-0.1838262677192688,-0.013019324580483249,0.09346708655357361,-0.1728307008743286,-0.00855640724515175,0.07816126942634583,-0.1599797010421753,-0.0075462011828050495,0.12649944424629211,-0.11999571323394775,-0.01909395244186385,0.11524644494056702,-0.13003593683242798,-0.004180777186803649,0.09620574116706848,-0.12443721294403076,0.0005661781087553506,0.08238616585731506,-0.11005967855453491,-0.0037060778795705495,0.1323712170124054,-0.06514918804168701,-0.01677481394474965,0.11982980370521545,-0.07657384872436523,-0.0030576014633254493,0.10231557488441467,-0.07357984781265259,0.0035119465810282504,0.08451423048973083,-0.06086575984954834,0.0007918106766453506,0.1311185657978058,-0.015086233615875244,-0.01514364063953615,0.12638095021247864,-0.021327316761016846,-0.004012403844200149,0.11124387383460999,-0.01993328332901001,0.006252817975081351,0.09735140204429626,-0.01178133487701416,0.01092022906775005
2.0,0.0,0.0,0.0,-0.029468655586242676,-0.08029526472091675,-0.013791240811940426,-0.044741868972778376,-0.15347564220428467,-0.028556042411025825,-0.06209295988082891,-0.21907037496566778,-0.040305879958566423,-0.08307337760925299,-0.2647190690040589,-0.05080477992504483,0.061202049255371094,-0.18944096565246582,-0.025276732691224827,0.03871232271194458,-0.17893612384796143,-0.021786593892272724,0.024558603763580322,-0.15486150979995728,-0.021115782730873826,0.016808927059173584,-0.13749682903289795,-0.023377507053908127,0.09436875581741333,-0.1498308777809143,-0.022197305285033025,0.06426453590393066,-0.1399438977241516,-0.011410859473642126,0.04739350080490112,-0.12418991327285767,-0.011082877465184927,0.04013627767562866,-0.1068570613861084,-0.018269191556271325,0.10996633768081665,-0.10014158487319946,-0.016890651606615827,0.08009469509124756,-0.09579068422317505,-0.007163962409492726,0.06490427255630493,-0.08451086282730103,-0.003949582636948826,0.05684298276901245,-0.0697752833366394,-0.008547280975278626,0.11532896757125854,-0.05521434545516968,-0.012795063727196425,0.09746623039245605,-0.05546003580093384,-0.005359044824388026,0.08193016052246094,-0.0461614727973938,0.002438495341095774,0.0731663703918457,-0.034900128841400146,0.005425515058789174
2.0,0.0,0.0,0.0,-0.034497588872909546,-0.08086895942687988,-0.009028047349545381,-0.05354863405227661,-0.15337085723876953,-0.020481934797260182,-0.07221752405166632,-0.2187798023223877,-0.02944198998460478,-0.09417521953582764,-0.2621428966522217,-0.03732547911653228,0.04875651001930237,-0.19084003567695618,-0.019766453679892482,0.029825836420059204,-0.18325406312942505,-0.010476120773944282,0.016196638345718384,-0.15881401300430298,-0.005368183858934081,0.008555561304092407,-0.13965445756912231,-0.004985892240199481,0.08418968319892883,-0.15576905012130737,-0.01668678040454088,0.057725220918655396,-0.14834558963775635,-0.0006550794032022814,0.04126045107841492,-0.13096243143081665,0.0020315902975766185,0.034175604581832886,-0.11103683710098267,-0.004035085466000481,0.10264036059379578,-0.10903966426849365,-0.010589917216691381,0.07483884692192078,-0.10800027847290039,0.004128909177836619,0.059810906648635864,-0.09376990795135498,0.008279596429076719,0.051591306924819946,-0.07605957984924316,0.0034389842504083186,0.11103758215904236,-0.0657011866569519,-0.005140312042328781,0.0935191810131073,-0.06894469261169434,0.006554195631053919,0.07855746150016785,-0.057053983211517334,0.01564504948606782,0.07058420777320862,-0.042965590953826904,0.018794456470516217
2.0,0.0,0.0,0.0,-0.03459629416465759,-0.07638341188430786,-0.010179696243056906,-0.053956955671310425,-0.1451735496520996,-0.023312393214354108,-0.07187953591346741,-0.20950070023536688,-0.034281611081013304,-0.09317436814308172,-0.25303006172180176,-0.044063318159231805,0.049111366271972656,-0.18170934915542608,-0.022037135075578307,0.03517341613769531,-0.16650962829589844,-0.016141265269169407,0.023408353328704834,-0.14244580268859863,-0.013407253298709006,0.014461219310760498,-0.12434852123260498,-0.014349792722413206,0.08339715003967285,-0.14711177349090576,-0.020314430456409106,0.0619962215423584,-0.1315670609474182,-0.006966140225330207,0.04711270332336426,-0.11478996276855469,-0.005084967344799907,0.03831779956817627,-0.09742105007171631,-0.011545339237699107,0.10182875394821167,-0.10063278675079346,-0.016089565690407405,0.07881981134414673,-0.09277951717376709,-0.0036987821681293068,0.06434112787246704,-0.07896280288696289,0.0003031021456364934,0.05455279350280762,-0.06361019611358643,-0.004422209329703707,0.1108776330947876,-0.05681806802749634,-0.012842083919593907,0.09698486328125,-0.05188840627670288,-0.0029322287177535066,0.08135318756103516,-0.040999650955200195,0.005411617819419194,0.07160359621047974,-0.029238462448120117,0.008200759429683993
2.0,0.0,0.0,0.0,0.00905990600585943,-0.0941130518913269,-0.007677857847852411,0.02490437030792242,-0.16462528705596924,-0.02002081283364981,0.036092340946197565,-0.22737318277359014,-0.03166893691752641,0.03454262018203741,-0.27489680051803594,-0.04136576325629441,0.1229774951934815,-0.14519524574279785,-0.01845165164206711,0.14352273941040045,-0.13039708137512207,-0.01865464271043031,0.12552285194396978,-0.11915826797485352,-0.01849524312649461,0.10464698076248174,-0.11701178550720215,-0.01982223809693541,0.1410266757011414,-0.08954465389251709,-0.01975338169370381,0.13694769144058233,-0.07214009761810303,-0.012070443564994012,0.1160228848457337,-0.06567692756652832,-0.010805812748117111,0.09741461277008062,-0.06395381689071655,-0.015205880710823213,0.1437103152275086,-0.03243207931518555,-0.01957510047589031,0.13491773605346685,-0.02194523811340332,-0.012150661172313412,0.117050051689148,-0.01841670274734497,-0.007698393044961412,0.09714788198471075,-0.016451478004455566,-0.009861576454682011,0.13962513208389288,0.01795893907546997,-0.020267693409664313,0.12961721420288091,0.028050601482391357,-0.014502871865374712,0.11131960153579717,0.029378950595855713,-0.006877672942323412,0.09511429071426397,0.029491424560546875,-0.0023309137578735118
2.0,0.0,0.0,0.0,0.01696601510047918,-0.09362047910690308,-0.0031419451589726963,0.03667870163917547,-0.16479241847991943,-0.015436072764828097,0.04944136738777166,-0.22775644063949585,-0.028060934437348795,0.046922475099563654,-0.27908381819725037,-0.0386471496204876,0.12440744042396551,-0.13650649785995483,-0.016105133039786695,0.15400549769401556,-0.11795949935913086,-0.014885251341297496,0.13809153437614446,-0.10585784912109375,-0.012662748737170597,0.11710098385810858,-0.10654586553573608,-0.012377498602404497,0.13725647330284124,-0.08228206634521484,-0.019801218924953897,0.14840063452720648,-0.06671631336212158,-0.009985946981146297,0.12861093878746038,-0.05864685773849487,-0.005682562408878696,0.10792252421379095,-0.05819159746170044,-0.008367235703303697,0.13737544417381292,-0.02785623073577881,-0.021729218704535896,0.1441985666751862,-0.0196189284324646,-0.010602782411410697,0.12729176878929144,-0.01460731029510498,-0.0028001332431130963,0.10512831807136541,-0.01436924934387207,-0.0038034125938110966,0.13192573189735418,0.02080392837524414,-0.024289217708542296,0.13675919175148016,0.025609850883483887,-0.014449149301185496,0.11998757719993597,0.026367902755737305,-0.0036425692270539963,0.10158690810203558,0.025415897369384766,0.0020227425956136037
2.0,0.0,0.0,0.0,0.018912434577941895,-0.088398277759552,-0.0032198667258000425,0.039478838443756104,-0.1589948534965515,-0.016157274666426243,0.05171436071395874,-0.22112596035003668,-0.029635928171870742,0.051263511180877686,-0.2726430892944336,-0.04067241919338464,0.12373340129852295,-0.1373593807220459,-0.019403980645535043,0.16160821914672852,-0.11159563064575195,-0.02214424458443884,0.14489924907684326,-0.0928419828414917,-0.021845984804627943,0.12259405851364136,-0.09453433752059937,-0.022521804618833043,0.13525742292404175,-0.08434832096099854,-0.02509149682819604,0.15591228008270264,-0.057769954204559326,-0.018765801164505543,0.1355607509613037,-0.04495847225189209,-0.014355794127283142,0.1126089096069336,-0.048345863819122314,-0.01661152352690464,0.1355687975883484,-0.02904433012008667,-0.02944785130321744,0.14961880445480347,-0.00866621732711792,-0.02110491280555484,0.13111037015914917,-0.0006309151649475098,-0.011852480071780743,0.10846632719039917,-0.004664182662963867,-0.011762069138882142,0.12945890426635742,0.022551774978637695,-0.034591456475851545,0.1388545036315918,0.039511144161224365,-0.027342082533237944,0.11964458227157593,0.040544092655181885,-0.016493370357153442,0.10039108991622925,0.03393447399139404,-0.010765494379398843
2.0,0.0,0.0,0.0,0.021766364574432318,-0.08377665281295776,-0.005488877036981411,0.04907548427581787,-0.16224020719528198,-0.02081467708703141,0.060617268085479736,-0.2303408980369568,-0.036503847075067514,0.05987560749053955,-0.2871088385581971,-0.04910918263848881,0.1122085452079773,-0.1546187400817871,-0.02808367027100181,0.17597079277038574,-0.12423205375671387,-0.04135866029318431,0.15561848878860474,-0.10255318880081177,-0.04638126058634381,0.1282339096069336,-0.10786330699920654,-0.04963742507752041,0.11635935306549072,-0.10355877876281738,-0.03633491261061291,0.16825735569000244,-0.07016348838806152,-0.03901487527545551,0.14489972591400146,-0.05398482084274292,-0.03483351631220441,0.11878353357315063,-0.0611722469329834,-0.03632295442875481,0.1161113977432251,-0.04558151960372925,-0.04420101581271751,0.16326141357421875,-0.01974552869796753,-0.04486684812363251,0.14017391204833984,-0.007645070552825928,-0.03151476321872331,0.11333423852920532,-0.011902093887329102,-0.027109782529436112,0.11264920234680176,0.01157069206237793,-0.05274043543394661,0.14692622423171997,0.024608492851257324,-0.05183138264473541,0.1240166425704956,0.03210270404815674,-0.03828851444777111,0.10201221704483032,0.030801117420196533,-0.03000482855495071
2.0,0.0,0.0,0.0,0.02431875467300415,-0.0857011079788208,-0.0085893188890224,0.057864874601364136,-0.17899531126022344,-0.026987312297166,0.07069295644760132,-0.25384777784347534,-0.0451498887788659,0.06643739342689514,-0.31556272506713867,-0.0595071873914605,0.0955098569393158,-0.16794627904891968,-0.0431731528889542,0.1814158856868744,-0.13913625478744507,-0.0651364959132081,0.16048088669776917,-0.1168486475944519,-0.0723885706912881,0.13076046109199524,-0.12162995338439941,-0.0758340395342713,0.09456798434257507,-0.1120765209197998,-0.0519355274092561,0.17602822184562683,-0.08321964740753174,-0.0644417814266091,0.1533379852771759,-0.0677415132522583,-0.0598897635292416,0.12373688817024231,-0.07396668195724487,-0.0598405971478825,0.09477397799491882,-0.049890875816345215,-0.0603278837453729,0.17035600543022156,-0.029081761837005615,-0.0685226804863816,0.1483968198299408,-0.017878592014312744,-0.0530427879940873,0.11922326683998108,-0.02207934856414795,-0.0455880611490613,0.09714820981025696,0.011991024017333984,-0.0692483223330384,0.1592714488506317,0.01718723773956299,-0.0704483426463014,0.1393662393093109,0.0232887864112854,-0.0555706545066243,0.11351266503334045,0.019645988941192627,-0.0466866976868516
2.0,0.0,0.0,0.0,0.02311310172080988,-0.08810406923294067,-0.010209026668050479,0.05814039707183838,-0.18368759751319885,-0.029715935621240377,0.07277622818946838,-0.2622750103473664,-0.04834816690144798,0.06825664639472961,-0.32549297809600836,-0.06285830672440788,0.09011232852935791,-0.1781976222991944,-0.05166004310903808,0.1833726465702057,-0.1471431851387024,-0.07589414056000968,0.1647820770740509,-0.11956888437271118,-0.08214998330531378,0.13420841097831726,-0.12177002429962158,-0.08497652496752998,0.08795076608657831,-0.121940016746521,-0.06157353233156468,0.17997196316719055,-0.08911454677581787,-0.07853447731194758,0.15757015347480774,-0.0687132477760315,-0.07383105244097968,0.12565955519676208,-0.07619744539260864,-0.07311917926726608,0.08697465062141418,-0.05704951286315918,-0.07079409893212578,0.1719823181629181,-0.032085299491882324,-0.08368071253953238,0.1490907371044159,-0.016458988189697266,-0.06817481752095488,0.11929288506507874,-0.02311033010482788,-0.06020041267929338,0.08785033226013178,0.0070868730545043945,-0.08040403659997247,0.15748754143714905,0.02240091562271118,-0.08664479937014838,0.14022287726402283,0.03484225273132324,-0.07351791943965218,0.11614826321601868,0.03251993656158447,-0.06541159834323187
2.0,0.0,0.0,0.0,0.02447172999382019,-0.08824265003204346,-0.011907889995441638,0.06388413906097418,-0.1881396472454071,-0.03159201845870994,0.0798920094966889,-0.2694213092327118,-0.050337343964443435,0.07087564468383789,-0.33204570412635803,-0.06471240476118104,0.0832076370716095,-0.18064048886299133,-0.05410715893255254,0.18077152967453008,-0.15825772285461426,-0.08048777982936883,0.16566759347915655,-0.12543654441833496,-0.08785530880437874,0.1363306045532227,-0.1242685317993164,-0.09109499261127493,0.0791130661964417,-0.12590152025222778,-0.06308529481636063,0.17665165662765508,-0.1001131534576416,-0.08230546072469734,0.16045618057250982,-0.07286679744720459,-0.07778310731397643,0.129587471485138,-0.07433813810348511,-0.07646343067632694,0.0779563188552857,-0.06095325946807861,-0.07155433997856164,0.170722246170044,-0.04268169403076172,-0.08838217661129014,0.15567308664321905,-0.017257392406463623,-0.07433292970405594,0.1270215511322022,-0.015402555465698242,-0.06559396490798974,0.0801967978477478,0.0035805106163024902,-0.08033407435165424,0.1613492369651795,0.016667962074279785,-0.09192942038522743,0.1659077405929566,0.03462111949920654,-0.08311916843400974,0.15609377622604376,0.039792656898498535,-0.07661776945339224
2.0,0.0,0.0,0.0,0.025597006082534846,-0.08458232879638672,-0.01468398853504021,0.06971332430839544,-0.187150776386261,-0.03439233324789361,0.08720949292182922,-0.2693169713020325,-0.05229841790460901,0.08065986633300781,-0.3369426429271698,-0.06582873187326752,0.08292257785797125,-0.1836203932762146,-0.06027228257917721,0.1841439604759217,-0.162395179271698,-0.08955536655449231,0.16514497995376592,-0.12749052047729492,-0.09822192660831772,0.13366463780403143,-0.12818610668182373,-0.1024736525800165,0.07703721523284912,-0.12802070379257202,-0.06925909093880021,0.1802492737770081,-0.10050404071807861,-0.08991601190828641,0.15634572505950933,-0.07534915208816528,-0.08474669478201231,0.12349230051040655,-0.08127051591873169,-0.0839409070398744,0.07452118396759033,-0.062204837799072266,-0.07810955367349941,0.1720231175422669,-0.03977125883102417,-0.09431917838119822,0.14605617523193365,-0.02229231595993042,-0.07850124559664091,0.11444091796875,-0.029449462890625,-0.07048326603435831,0.0760049819946289,0.003743469715118408,-0.0877257423784669,0.1558892726898194,0.018376946449279785,-0.0966620358016427,0.1346147060394287,0.026582002639770508,-0.08482113353275621,0.10392367839813232,0.02037912607192993,-0.0780167641427453
2.0,0.0,0.0,0.0,0.04082855582237238,-0.09522998332977295,-0.019082733500766787,0.08839273452758789,-0.21337226033210754,-0.039528220031428384,0.10034015774726868,-0.30020058155059814,-0.058609659854340586,0.09236863255500788,-0.3756214380264282,-0.07284777525441649,0.06626510620117188,-0.2158331274986267,-0.06978958759086139,0.17981994152069092,-0.19408932328224182,-0.11225911143796448,0.1559043526649475,-0.14520061016082764,-0.12673895720021727,0.12059101462364191,-0.14996367692947388,-0.13426261309163579,0.049731224775314276,-0.14806997776031494,-0.08099596861379149,0.17754417657852167,-0.12254136800765991,-0.11625409785287388,0.1466453075408935,-0.08936625719070435,-0.11209955725448138,0.10991141200065607,-0.09816938638687134,-0.11125080201404099,0.043892681598663275,-0.07544201612472534,-0.09384489718453888,0.1640670895576477,-0.051908910274505615,-0.12204033795373448,0.13323423266410828,-0.03040945529937744,-0.10547634128110409,0.09970536828041071,-0.04273468255996704,-0.09600280139224529,0.04552567005157471,-0.005694150924682617,-0.10814788851516248,0.14643198251724238,0.0047966837882995605,-0.12069196913020619,0.122464120388031,0.014755010604858398,-0.10894580844419008,0.08748558163642878,0.005849897861480713,-0.10334259930627349
2.0,0.0,0.0,0.0,0.05595782399177551,-0.11187934875488281,-0.02128856477440869,0.10183307528495789,-0.23710399866104132,-0.043302633214011586,0.11573523283004761,-0.3302474021911621,-0.06424975429774799,0.10958990454673762,-0.418897807598114,-0.0802532959461359,0.058685928583145086,-0.25069564580917364,-0.07084833120109119,0.1849607527256012,-0.21970391273498535,-0.11919277940990008,0.16106346249580378,-0.17051881551742554,-0.13862594996692218,0.12048092484474182,-0.1813371181488037,-0.15027253364326038,0.040259212255477905,-0.1762370467185974,-0.08394911174775639,0.1833879947662353,-0.14942610263824463,-0.12347417359353578,0.1511827111244201,-0.10926872491836548,-0.12084539269210379,0.11344125866889948,-0.11892580986022949,-0.12277564440967119,0.03482705354690552,-0.09700095653533936,-0.09964798425437489,0.1718910634517669,-0.07807081937789917,-0.13298980926276718,0.1395227015018463,-0.04653042554855347,-0.11445429210664308,0.10474085807800293,-0.053883373737335205,-0.10422244702579059,0.0387212336063385,-0.020855844020843506,-0.11763973568679369,0.1504643559455871,-0.015721678733825684,-0.13474851881267108,0.1261895596981048,-0.0017552375793457031,-0.12349645082952058,0.08931839466094971,-0.005779266357421875,-0.11856436018945259
2.0,0.0,0.0,0.0,0.0465901643037796,-0.14431023597717285,-0.02280581332672682,0.0818869024515152,-0.2914719581604004,-0.03920101337064352,0.09518982470035547,-0.39785218238830566,-0.05432493574846822,0.0961386114358902,-0.4979419410228729,-0.06304722241986832,0.016331896185874883,-0.31027618050575256,-0.057611368223319824,0.1535014659166336,-0.2759578227996826,-0.09944588653672772,0.13356591761112208,-0.2252671718597412,-0.11588922105659093,0.09164057672023768,-0.23631751537322998,-0.128250613435398,-0.0041680485010147095,-0.23045337200164795,-0.06890884749520862,0.154562309384346,-0.18883633613586426,-0.10946978591312012,0.11832253634929657,-0.15416383743286133,-0.11461041085351552,0.07741333544254297,-0.16673827171325684,-0.12360399924148162,-0.010242506861686707,-0.1443028450012207,-0.08283554725278462,0.13945038616657257,-0.1081346869468689,-0.11758179925311651,0.10374774038791651,-0.07656729221343994,-0.10721658877957901,0.068050816655159,-0.08737146854400635,-0.10320850424398031,-0.006335124373436002,-0.06196856498718262,-0.10004484616149512,0.11847735941410059,-0.03992056846618652,-0.12415781579841222,0.09431369602680201,-0.02389049530029297,-0.12399387322295752,0.05293102562427521,-0.030791163444519043,-0.12589181922305662
2.0,0.0,0.0,0.0,0.03240823745727539,-0.14878833293914795,-0.023098396828601087,0.041814327239990234,-0.32049328088760376,-0.03633485431058139,0.04757696390151972,-0.4494950771331787,-0.04837548429352969,0.04452624917030329,-0.562974363565445,-0.05509654501659609,-0.06142362952232369,-0.358537495136261,-0.04929017344696259,0.08768615126609802,-0.33244168758392334,-0.08992196688635089,0.07882148027420038,-0.27551329135894775,-0.10870900074226589,0.029085546731948797,-0.2768988013267517,-0.12334636667949889,-0.0877167135477066,-0.27153700590133667,-0.05956655809862349,0.0860480666160583,-0.23956507444381714,-0.09805121341926788,0.06345546245574951,-0.19245654344558716,-0.1040166474340651,0.016204118728637695,-0.19351869821548462,-0.11350148240310878,-0.0932628214359284,-0.17117375135421753,-0.07333248177749849,0.06691733002662659,-0.14264613389968872,-0.10984519938213559,0.04952755570411682,-0.10414880514144897,-0.10213206777555679,0.008117765188217108,-0.10810399055480957,-0.09870467404110168,-0.0859827399253846,-0.07449108362197876,-0.09049340406639308,0.04571563005447382,-0.06943070888519287,-0.11963051626665329,0.039124518632888794,-0.05383491516113281,-0.1230768121240828,0.000713959336280795,-0.05027294158935547,-0.125117697512934
2.0,0.0,0.0,0.0,0.0464014261960983,-0.15207606554031372,-0.04452497262946045,0.03996168076992038,-0.3126828670501709,-0.07716652129283826,0.03081505000591281,-0.43894878029823303,-0.10418765370241086,0.01768083870410922,-0.5538026392459869,-0.12559799228301924,-0.0974743515253067,-0.33546769618988037,-0.11984387908569255,0.042620494961738614,-0.3072020411491394,-0.18578488503089824,0.0605682581663132,-0.24553179740905762,-0.20707214747062605,0.01747654378414157,-0.2419838309288025,-0.22051692877403184,-0.133280985057354,-0.23532211780548096,-0.12986149762264176,0.038855388760566684,-0.2102433443069458,-0.19176735852352064,0.05173976719379428,-0.1611362099647522,-0.18922003481975475,0.007282137870788602,-0.15970522165298462,-0.18891308580032265,-0.13678494840860372,-0.12675195932388306,-0.14386523638358995,0.021759197115898105,-0.10647869110107422,-0.20235962544074934,0.03427036106586459,-0.07825702428817749,-0.18014317129245674,-0.009311482310295105,-0.08672219514846802,-0.16375023995033186,-0.12587757408618933,-0.022308647632598877,-0.16312117252937236,-0.001321241259574918,-0.018227815628051758,-0.21347824607482835,0.016148582100868197,-0.013793349266052246,-0.21443458769908824,-0.013013854622840909,-0.019497275352478027,-0.21046384547344124
2.0,0.0,0.0,0.0,0.04221338033676153,-0.12449753284454346,-0.05163991438223545,0.043757051229476984,-0.26812344789505005,-0.08196325587107364,0.043139398097992,-0.3879088759422303,-0.10656145947052664,0.030155539512634333,-0.4974070191383362,-0.12641637014223756,-0.0900846868753433,-0.2602197527885437,-0.10213409351183594,0.06382733583450323,-0.22261255979537964,-0.14854308949782075,0.0733723938465119,-0.17180746793746948,-0.16364166127516455,0.030342012643814087,-0.16548949480056763,-0.17651984082533545,-0.1261208653450012,-0.15229982137680054,-0.10438153134657564,0.06963315606117249,-0.1120709776878357,-0.14262109981848425,0.0692883729934693,-0.07798212766647339,-0.13837170587851225,0.014389395713806208,-0.08531278371810913,-0.14280010746790595,-0.12770871073007578,-0.04194951057434082,-0.11059711860491454,0.049748510122299194,-0.011808991432189941,-0.14386193441225714,0.048909872770309504,0.0067667365074157715,-0.11912315325810136,-0.0024667382240294855,-0.0021317601203918457,-0.10793392347170534,-0.1152701675891876,0.06566047668457031,-0.12470108257605254,0.018775701522827204,0.08000493049621582,-0.15818996714426695,0.027214080095291193,0.07948201894760132,-0.15478189276529974,-0.0090351402759552,0.07766216993331909,-0.15203431235624976
2.0,0.0,0.0,0.0,0.04295060038566595,-0.11831235885620117,-0.0535002134156457,0.04638409614562994,-0.2557740807533264,-0.08219510012986571,0.041078478097915705,-0.37063622474670416,-0.1043702184570065,0.025178343057632502,-0.48358345031738287,-0.122749794961237,-0.06848436594009397,-0.24837058782577515,-0.0995888828647366,0.0946829617023468,-0.20089298486709595,-0.1455990641725293,0.08722865581512451,-0.15927183628082275,-0.1653783440006009,0.038101077079773005,-0.16073685884475708,-0.1828018545520535,-0.10086843371391299,-0.13922131061553955,-0.10057477349164401,0.10072603821754461,-0.0944175124168396,-0.13806068593385132,0.08248519897460943,-0.068389892578125,-0.1406669884336224,0.023371130228042603,-0.07855188846588135,-0.1521894901406994,-0.10445803403854367,-0.028435945510864258,-0.1056211932909718,0.07696422934532171,0.00820094347000122,-0.1415165483367673,0.065801352262497,0.02083808183670044,-0.1261722415101758,0.0130359828472138,0.0023598074913024902,-0.1218026846063367,-0.09595730900764468,0.07775932550430298,-0.1182259886872998,0.04618504643440252,0.09577804803848267,-0.1535225033176175,0.047809928655624445,0.09531557559967041,-0.1554706811321011,0.011222243309020996,0.09229153394699097,-0.1577685444963208
2.0,0.0,0.0,0.0,0.03772920370101929,-0.14799213409423828,-0.035481040053184615,0.06196591258049011,-0.3001425266265869,-0.053010516487177015,0.06848287582397461,-0.4189578890800476,-0.06730485769372761,0.059614777565002386,-0.5296873152256012,-0.07671289952855881,0.002256959676742498,-0.3006323277950287,-0.05932045044761471,0.15852564573287964,-0.27011018991470337,-0.10028485270601091,0.13859540224075317,-0.21856874227523804,-0.12168382170062841,0.09092503786087036,-0.21691882610321045,-0.13948776634794052,-0.020126014947891235,-0.21419811248779297,-0.06439585300546462,0.15425989031791687,-0.17802315950393677,-0.09988503219943821,0.11683514714241028,-0.14253586530685425,-0.10810227008920491,0.06924501061439509,-0.15093958377838135,-0.12241008194547472,-0.025277525186538696,-0.12358874082565308,-0.07361257883172811,0.1428804993629455,-0.09055852890014648,-0.10532167615752991,0.10567507147788996,-0.06285476684570312,-0.10042375388007932,0.0600317120552063,-0.07880395650863647,-0.10268677087884721,-0.016058504581451416,-0.04169940948486328,-0.08827818992000401,0.12051627039909357,-0.018232882022857666,-0.11633032622199832,0.0953234732151031,-0.00379103422164917,-0.12380630584817702,0.04962709546089167,-0.009341776371002197,-0.1317917934284764
2.0,0.0,0.0,0.0,0.05700927972793579,-0.1184578537940979,-0.01774507678965158,0.11085450649261469,-0.25529059767723083,-0.04133281029680798,0.1264262199401855,-0.3599070906639099,-0.06453384376982278,0.11860623955726618,-0.4509982168674469,-0.08293951220730378,0.0923956036567688,-0.2603683769702912,-0.07478021003225868,0.22434166073799133,-0.23537856340408325,-0.11986406065443587,0.20561876893043518,-0.18264847993850708,-0.13669239647606438,0.16608867049217224,-0.17508143186569214,-0.14556244678715297,0.07541808485984797,-0.17873823642730713,-0.08889569260099958,0.22300544381141663,-0.14578956365585327,-0.12404069222429819,0.19877967238426208,-0.10765564441680908,-0.12188788421372009,0.1590525209903717,-0.1063532829284668,-0.12387409724215098,0.06895768642425537,-0.08916103839874268,-0.10385414130905699,0.21588042378425598,-0.06490093469619751,-0.1358516431591852,0.19176754355430603,-0.03907662630081177,-0.12109013564804617,0.1553447842597961,-0.04231804609298706,-0.11200933821419308,0.07195186614990229,-0.002144932746887207,-0.11947300948122568,0.19574740529060364,0.009545683860778809,-0.13637360103348328,0.18286874890327454,0.016475796699523926,-0.12495843239048549,0.1499286293983459,0.009334921836853027,-0.11849019594410488
2.0,0.0,0.0,0.0,0.031113147735595703,-0.10487663745880127,-0.01328889643119159,0.07107248902320862,-0.22147500514984136,-0.03784428526924439,0.08713957667350769,-0.318081259727478,-0.06131460880206409,0.08454582095146179,-0.3941359221935273,-0.07947502275274579,0.119890958070755,-0.20411896705627441,-0.061285305668576394,0.22962966561317444,-0.17602622509002686,-0.09026079614923779,0.20339813828468323,-0.1498645544052124,-0.09824056913421939,0.16507676243782043,-0.1546860933303833,-0.10114787509010618,0.12201717495918274,-0.12667375802993774,-0.07168652852342909,0.22904548048973083,-0.10220235586166382,-0.08820329596565549,0.19662436842918396,-0.08594673871994019,-0.07946825017498318,0.1561095416545868,-0.09326338768005371,-0.07683759172724079,0.12141159176826477,-0.04383748769760132,-0.08173767467306439,0.2234446108341217,-0.028986036777496338,-0.09424994875953979,0.18994900584220886,-0.017360031604766846,-0.0715083180861313,0.14952132105827332,-0.02183854579925537,-0.05904612680242849,0.11958786845207214,0.03702056407928467,-0.09251371016071629,0.2027280628681183,0.04205679893493652,-0.09685373296306919,0.17480501532554626,0.04849600791931152,-0.07693482925461119,0.13940921425819397,0.04343438148498535,-0.06416422118709869
2.0,0.0,0.0,0.0,0.022166550159454346,-0.11713844537734985,-0.007361741748638893,0.04651749134063721,-0.21744388341903692,-0.027518570435233793,0.05789464712142944,-0.3046625852584839,-0.04675180838722779,0.05572766065597534,-0.3748407363891602,-0.062208451342769394,0.12816333770751953,-0.18640875816345215,-0.04341743142623499,0.20470720529556274,-0.17089027166366577,-0.05471314491052219,0.18428349494934082,-0.14910268783569336,-0.05428463221807069,0.15354889631271362,-0.14951348304748535,-0.053379837435670596,0.14101964235305786,-0.1150161623954773,-0.04991371185798239,0.2042747139930725,-0.10486692190170288,-0.04849911854881829,0.1790931224822998,-0.08958911895751953,-0.03839594872016499,0.14587360620498657,-0.08726119995117188,-0.03726390377897809,0.1466478705406189,-0.0405697226524353,-0.05458147079963279,0.1990237832069397,-0.03819429874420166,-0.04915016145724839,0.1757788062095642,-0.027076303958892822,-0.030592899781652194,0.14343398809432983,-0.02197134494781494,-0.024929378193803493,0.14730864763259888,0.029990971088409424,-0.059770487261005194,0.18559378385543823,0.021577894687652588,-0.05346920342464039,0.16199976205825806,0.02808767557144165,-0.034739911568351496,0.13731348514556885,0.033618390560150146,-0.023801043641753894
2.0,0.0,0.0,0.0,0.018763363361358643,-0.11154913902282715,-0.007209807323562245,0.040151894092559814,-0.20687618851661688,-0.026443443415956745,0.05283385515213013,-0.29046630859375,-0.045447276128726344,0.05584371089935303,-0.3576153516769409,-0.06104834486384894,0.1324251890182495,-0.1789606213569641,-0.037404664946990344,0.19575166702270508,-0.16076022386550903,-0.046458956940369944,0.17300653457641602,-0.13849729299545288,-0.04664773230095415,0.14381909370422363,-0.1394869089126587,-0.04710268710394414,0.1440809965133667,-0.11044281721115112,-0.04426249597807434,0.19639724493026733,-0.09645301103591919,-0.04215782616873295,0.16863304376602173,-0.08039367198944092,-0.03465529267330675,0.13743257522583008,-0.07901012897491455,-0.035814655168252246,0.1467471718788147,-0.03773152828216553,-0.04922736917276885,0.1956648826599121,-0.03249645233154297,-0.04535554830570725,0.16891014575958252,-0.01960808038711548,-0.027634422449665345,0.13690811395645142,-0.015115737915039062,-0.022255611760812144,0.14323186874389648,0.03214383125305176,-0.054708690537410044,0.18541544675827026,0.028750240802764893,-0.05068874840279135,0.15830719470977783,0.03437972068786621,-0.03194268901486905,0.13144069910049438,0.03750419616699219,-0.020630902765589043
2.0,0.0,0.0,0.0,0.03691911697387701,-0.1039578914642334,-0.011884565702274565,0.09079492092132574,-0.2214246392250061,-0.03647337505091736,0.11513632535934454,-0.3172135353088379,-0.060322821377411566,0.11670726537704473,-0.398151844739914,-0.07896542200316496,0.11877316236495977,-0.212163507938385,-0.06827117898930617,0.24001711606979376,-0.17844301462173462,-0.10212965705861156,0.21397501230239874,-0.1457066535949707,-0.11197843798865387,0.17524743080139166,-0.15313178300857544,-0.11585795530547216,0.11379206180572515,-0.13847559690475464,-0.08121982613076277,0.2371573448181153,-0.10598236322402954,-0.10364923277367666,0.20500636100769049,-0.08394700288772583,-0.09593843319882467,0.1624822616577149,-0.09333765506744385,-0.09312427440156057,0.10978060960769659,-0.05468517541885376,-0.09340592869986607,0.22525650262832647,-0.03088831901550293,-0.10941158631314346,0.19212567806243902,-0.01658254861831665,-0.08719352283944197,0.15067201852798467,-0.024152815341949463,-0.07492705830802036,0.10903221368789678,0.030872762203216553,-0.10610917606820176,0.20447158813476568,0.041736900806427,-0.11308284500111647,0.17752927541732794,0.045907437801361084,-0.09491723427046847,0.13911664485931402,0.03672105073928833,-0.08353304514159277
2.0,0.0,0.0,0.0,0.05285722017288208,-0.1112026572227478,-0.01377982829652065,0.12124764919281,-0.23415863513946533,-0.04099044200918905,0.1497347056865692,-0.3306420147418976,-0.06715197485826245,0.1471737027168274,-0.41663348674774175,-0.08973441642663715,0.09712857007980347,-0.24789866805076605,-0.08964317661664715,0.22989779710769653,-0.20275276899337769,-0.13289825242898695,0.21005654335021973,-0.1567915678024292,-0.14782607180021046,0.17012685537338257,-0.15944141149520874,-0.15564973276994465,0.07496607303619379,-0.1656550168991089,-0.10641196739814515,0.22395271062850952,-0.12123382091522217,-0.14104413610837696,0.20028448104858398,-0.08353346586227417,-0.13473301750562425,0.15790826082229614,-0.08308327198028564,-0.13319837671659224,0.0638813972473144,-0.07115280628204346,-0.12197928500316375,0.21563589572906494,-0.039963722229003906,-0.15005340796849964,0.19350147247314453,-0.013874053955078125,-0.12928579372308485,0.15505450963974,-0.015355885028839111,-0.11694331836841335,0.06262466311454767,0.022597849369049072,-0.13767410439393754,0.18736189603805542,0.03432971239089966,-0.15256996077440016,0.17089927196502686,0.039332449436187744,-0.13704649728677504,0.13350683450698847,0.0331265926361084,-0.12784523886583085
2.0,0.0,0.0,0.0,0.0525241494178772,-0.14110314846038818,-0.02822309877319632,0.0981229841709137,-0.2925289273262024,-0.05241746414048972,0.12012752890586847,-0.40958684682846075,-0.07455356750233472,0.11866992712020868,-0.5205474495887756,-0.09052118245108422,0.034007757902145386,-0.31446772813797,-0.08331470522625742,0.18545976281166077,-0.28334593772888184,-0.13566220882876223,0.1612604856491089,-0.21847140789031982,-0.15517602447016543,0.11218267679214478,-0.2218226194381714,-0.16755343559725583,0.0083102285861969,-0.2236347198486328,-0.09635302010519801,0.18536707758903498,-0.18184173107147217,-0.14258673373205963,0.1458474099636078,-0.1334506869316101,-0.1441461849544793,0.10161948204040527,-0.14555281400680542,-0.15007921639426053,-0.0008760988712311346,-0.12460291385650635,-0.11179105523569882,0.16752550005912775,-0.085781991481781,-0.15073298994047943,0.12983480095863337,-0.0462380051612854,-0.13432992580874262,0.09052273631095886,-0.05542898178100586,-0.12619383219225702,-0.000351488590240534,-0.029494404792785645,-0.13063756707651913,0.1413555145263672,-0.0023831725120544434,-0.15608262601836032,0.12342318892478937,0.014466166496276855,-0.14968517008765042,0.08863663673400879,0.007782340049743652,-0.14711932424052063
2.0,0.0,0.0,0.0,0.039266183972358676,-0.12755250930786133,-0.03946887406891618,0.03381653130054471,-0.2735738158226013,-0.061480675669372375,0.03244207799434659,-0.38988253474235535,-0.07994410100764068,0.025646999478340093,-0.49352470040321356,-0.09456593248432908,-0.1190502122044563,-0.2664937973022461,-0.07213149669951227,0.009013041853904696,-0.2168421745300293,-0.11164115074461728,0.028460010886192294,-0.1800420880317688,-0.12993698272293838,-0.002126052975654602,-0.1863640546798706,-0.14430393728798657,-0.1676701828837395,-0.15873634815216064,-0.07607114020174768,0.012496754527092008,-0.0977785587310791,-0.10549715611523418,0.02997647225856781,-0.08901667594909668,-0.10681759271210457,-0.009914591908454895,-0.10942387580871582,-0.11480978581494128,-0.1803496032953263,-0.045604169368743896,-0.08382980975693498,-0.01092018187046051,0.0011854767799377441,-0.11155476871317657,0.007682278752326993,-0.001704096794128418,-0.09678201827591687,-0.029418051242828397,-0.026826143264770508,-0.09169763031786708,-0.1762823462486267,0.06710529327392578,-0.09791975918597018,-0.046284809708595304,0.09822899103164673,-0.12427676919287478,-0.014760330319404602,0.08398360013961792,-0.12199260744637277,-0.028936401009559604,0.06116831302642822,-0.11987682137078078
2.0,0.0,0.0,0.0,0.09559544920921331,-0.0028171539306640625,-0.05194812258324071,0.1852801144123078,-0.06070590019226074,-0.07858138521751812,0.25154402852058416,-0.11479789018630981,-0.09724825610956592,0.3121468126773835,-0.1756267547607422,-0.10841128965458321,0.12246394157409674,-0.21611499786376953,-0.08726895590862682,0.14300850033760076,-0.037934064865112305,-0.12423984696707172,0.14429023861885076,-0.014878988265991211,-0.13416914632162502,0.14218375086784368,-0.06071925163269043,-0.14272090782961291,0.0383885800838471,-0.23006859421730047,-0.08273188760122702,0.06940138339996343,0.02100396156311035,-0.11083653559526851,0.0789749026298523,0.01785564422607422,-0.10625112792095591,0.07436522841453552,-0.06170135736465454,-0.10977561017116952,-0.03427320718765259,-0.19494140148162842,-0.08233931650957511,-0.0017198622226714533,0.029616355895996094,-0.10868118693670681,0.009077161550521906,0.028693437576293945,-0.08613476147493762,0.006872117519378718,-0.04482102394104004,-0.07512089600405142,-0.10187560319900507,-0.1391013264656067,-0.08939663311085151,-0.07534554600715637,0.035083651542663574,-0.11854137470564291,-0.062351763248443604,0.04413497447967529,-0.11552036543926641,-0.0674881637096405,-0.001954197883605957,-0.11144362380346702
2.0,0.0,0.0,0.0,0.07816225290298462,0.03399062156677246,-0.0522059337667997,0.172654390335083,0.007466912269592285,-0.08185523240490511,0.252324640750885,-0.019424259662628174,-0.1054221713416154,0.3183330297470093,-0.04785144329071045,-0.1216759481899316,0.13861685991287231,-0.16979539394378662,-0.0830059224240358,0.12106353044509888,-0.02055269479751587,-0.1289060959093149,0.12130826711654663,0.015573441982269287,-0.1459683725111062,0.13199323415756226,-0.020888805389404297,-0.1563648828737314,0.05465820431709284,-0.2165253758430481,-0.07939306883736201,0.03690904378890991,0.027651548385620117,-0.1137274080388124,0.053697556257247925,0.03718286752700806,-0.1091071614496286,0.06292280554771423,-0.03651463985443115,-0.10916846482678011,-0.023482859134674072,-0.20524823665618896,-0.0818543979398782,-0.031631022691726685,0.01934337615966797,-0.111377487467962,-0.01574337482452398,0.03635913133621216,-0.08732054619713381,-0.00766515731811529,-0.02326500415802002,-0.0722012245528276,-0.09791612625122076,-0.16999399662017822,-0.092203261839586,-0.09903714060783386,0.0092124342918396,-0.11890246956272671,-0.08456051349639898,0.031900107860565186,-0.1143089035026605,-0.0821256041526795,-0.005113542079925537,-0.10770479826851441
2.0,0.0,0.0,0.0,0.08649730682373047,0.04721689224243164,-0.05148397971993285,0.1912453472614289,0.04333364963531494,-0.08538720597630345,0.27541634440422064,0.04005461931228638,-0.11401543607121305,0.35252115130424505,0.032214999198913574,-0.13707389523392516,0.17873981595039373,-0.18120461702346802,-0.07424942989950975,0.13889721035957342,-0.0410844087600708,-0.12086413641577565,0.1236963570117951,0.006146907806396484,-0.14454939057236516,0.1378048956394196,-0.02526402473449707,-0.16046842028504216,0.10730898380279547,-0.23831680417060852,-0.07251312424546084,0.056491404771804865,-0.0432896614074707,-0.10602164109354814,0.0568400919437409,-0.0001335740089416504,-0.10636176754837834,0.0762806236743927,-0.0457611083984375,-0.10981036563521225,0.032929450273513794,-0.24927371740341192,-0.07671299417620495,-0.012363344430923406,-0.06821000576019287,-0.10529475499993164,-0.006512254476547186,-0.021839559078216553,-0.08858977099066574,0.012509912252426203,-0.0592038631439209,-0.07966948141461215,-0.0399345457553863,-0.24011081457138062,-0.08822906603222684,-0.07845541834831232,-0.09943640232086182,-0.10746483345633344,-0.0706211626529693,-0.055359482765197754,-0.10059612830286814,-0.056202471256256104,-0.07543575763702393,-0.09486692984705765
2.0,0.0,0.0,0.0,0.07747718691825872,0.06486386060714722,-0.05346391720843257,0.18267509341239935,0.08651316165924072,-0.08674732966494497,0.26560923457145696,0.10057413578033447,-0.11356235666346487,0.33894059062004095,0.11139726638793945,-0.13467944784235897,0.19133767485618597,-0.1416526734828949,-0.07633594049286777,0.1350065171718598,-0.03280848264694214,-0.11772719396424226,0.11602148413658148,0.017178118228912354,-0.13594190402102407,0.1342258751392365,-0.0017142891883850098,-0.14823901279044085,0.133264571428299,-0.21517270803451538,-0.07305823637318547,0.0625496506690979,-0.06446874141693115,-0.10488257927966056,0.05581414699554449,-0.00786125659942627,-0.10458807272982537,0.08033779263496399,-0.03633469343185425,-0.10747173799347817,0.06706103682518011,-0.2465659379959107,-0.07485049588751727,0.0037193000316619873,-0.11085212230682373,-0.10408775134158077,-0.0013510882854461115,-0.04936635494232178,-0.08756128324341717,0.02196347713470459,-0.06824380159378052,-0.07872232420515957,-0.0018793940544127863,-0.2592974901199341,-0.08350623769831597,-0.0549105703830719,-0.15815061330795288,-0.10182513667416507,-0.05828925967216492,-0.1006513237953186,-0.09195471925806936,-0.042639762163162176,-0.10160297155380249,-0.08440383894514977
2.0,0.0,0.0,0.0,0.06163313984870905,0.08329540491104126,-0.05615701549496058,0.1601504683494568,0.13627666234970093,-0.09340545930709247,0.23922240734100342,0.18642199039459229,-0.12430913396920568,0.3093292713165283,0.23091548681259155,-0.15026051946725258,0.21051663160324097,-0.09532451629638677,-0.08147280313815478,0.14096581935882568,-0.008233129978179932,-0.12524382420625096,0.11017423868179321,0.0322384238243103,-0.14559921272839907,0.12906324863433838,0.01666921377182007,-0.15963673242177379,0.16783881187438965,-0.18142503499984747,-0.07706352718915348,0.07566767930984497,-0.06277257204055786,-0.11078448989238147,0.05342644453048706,-0.008542478084564209,-0.11191682168092137,0.07916408777236938,-0.027219057083129883,-0.11535348393763907,0.11054420471191406,-0.23204863071441656,-0.07734223105754268,0.025617063045501653,-0.12271791696548467,-0.10810052999104867,0.008004844188690186,-0.062333881855010986,-0.09328204043950447,0.0331779420375824,-0.07174825668334961,-0.08507448085393318,0.04808506369590759,-0.26591670513153076,-0.08466921397294408,-0.02051091194152832,-0.18397569656372076,-0.10352142550792108,-0.032090842723846436,-0.12456741929054266,-0.09431919106091867,-0.01331931352615362,-0.1165848076343537,-0.08672745176400548
2.0,0.0,0.0,0.0,0.03403756022453308,0.09690696001052856,-0.06588961226131569,0.1111985445022583,0.17845386266708374,-0.10656756949808249,0.1717815399169922,0.261540949344635,-0.1386594031491483,0.2245008945465088,0.3328642249107361,-0.1624778811373914,0.21119600534439087,-0.03984123468399048,-0.0931492228546346,0.10474342107772827,0.006137192249298096,-0.1450072531142439,0.0710451602935791,0.03631174564361572,-0.1649062935748304,0.1025080680847168,0.025992751121520996,-0.1767130647340025,0.1888694167137146,-0.13615536689758306,-0.08580800187971249,0.05589574575424189,-0.07268777489662176,-0.1320585463681425,0.02790209650993347,-0.019705355167388916,-0.1309664551654066,0.06112176179885859,-0.0238649845123291,-0.1287355874219145,0.1473514437675476,-0.20378261804580688,-0.0844670091309751,0.028207838535308782,-0.14861521124839788,-0.1283373538890089,0.00115966796875,-0.08493983745574957,-0.1094924960770811,0.03244855999946589,-0.07932141423225408,-0.09358694446470389,0.09658104181289667,-0.2570931911468506,-0.09085389268781789,0.007799923419952393,-0.2204986214637757,-0.1203952435889448,-0.013726145029067993,-0.16302895545959478,-0.1113169570007528,0.01043844223022461,-0.14323478937149048,-0.0998356197514738
2.0,0.0,0.0,0.0,0.02870559692382807,0.10301351547241211,-0.06669485778607503,0.10407602787017822,0.19617217779159546,-0.10637518973149435,0.16220366954803467,0.2843344211578369,-0.13636501343049184,0.20851236581802368,0.36504048109054565,-0.15768885822095055,0.21869021654129028,-0.0013226866722106934,-0.09649158478774204,0.11015042662620539,0.021826505661010742,-0.14845484704770223,0.06948739290237421,0.04964613914489746,-0.16745424480237145,0.10268312692642212,0.04730600118637085,-0.17900000722207204,0.20772945880889893,-0.10065984725952148,-0.08914903015889304,0.07595464587211609,-0.06351834535598755,-0.13548316271103994,0.0368663072586059,-0.01269388198852539,-0.13238510699071063,0.0700570940971374,-0.008150219917297363,-0.12874895543851034,0.17566955089569092,-0.17448675632476807,-0.08790855319298883,0.054704755544662476,-0.14318323135375977,-0.13086880953110833,0.01900681853294367,-0.08283486962318426,-0.11066428036488674,0.05076655745506281,-0.06788015365600586,-0.09453402669228694,0.1341683268547058,-0.23416188359260565,-0.09467882872618814,0.0374683141708374,-0.21251371502876287,-0.12293405295409333,0.0074058473110198975,-0.15888029336929327,-0.11400326550997875,0.02855011820793152,-0.13571685552597046,-0.10356701375044954
2.0,0.0,0.0,0.0,0.04555425047874451,0.08579134941101074,-0.059016703106692533,0.1285897195339203,0.1585789918899536,-0.09568201232724503,0.19629761576652527,0.2305014729499817,-0.12486753094964333,0.25199076533317566,0.2824230194091797,-0.14660938311391183,0.20776298642158508,-0.06875523924827581,-0.08282515633874253,0.10969522595405579,-0.007232606410980225,-0.13103661168389633,0.07311990857124323,0.03199172019958496,-0.15263642597966504,0.10086637735366821,0.022026419639587402,-0.16655881930165603,0.1770230233669281,-0.1606079339981079,-0.07844662893586474,0.06232532858848572,-0.08578717708587652,-0.11896312464051553,0.029294818639755194,-0.026694059371948242,-0.11900361854605983,0.058013588190078735,-0.03051203489303589,-0.11987974721961334,0.13137134909629822,-0.22086554765701294,-0.07935185957722973,0.032247304916381836,-0.1620830893516541,-0.11783926416211443,0.0009702146053314209,-0.09174913167953491,-0.09845809120707823,0.029159665107726995,-0.08248162269592291,-0.08454887796216323,0.07778269052505493,-0.2665431499481201,-0.08744683343940093,0.002463251352310125,-0.23240765929222112,-0.11230585951381043,-0.020254462957382202,-0.17111963033676153,-0.09998338151746103,0.0001036226749420166,-0.147936761379242,-0.08815022040181474
2.0,0.0,0.0,0.0,0.06714016199111933,0.06924772262573242,-0.052243043111758355,0.1678028106689453,0.10132646560668945,-0.08552772589226265,0.24745649099349976,0.12608075141906738,-0.11213345118065375,0.3194756507873535,0.15577805042266846,-0.13350159712334175,0.19613409042358398,-0.11607784032821661,-0.08121803440351975,0.12730658054351807,-0.014977097511291504,-0.12457089908619415,0.10166329145431519,0.03132444620132446,-0.14342793114681734,0.11822724342346191,0.013300955295562744,-0.15606329627533455,0.14377576112747192,-0.1964626908302307,-0.07833832539816395,0.06165862083435053,-0.061411499977111816,-0.11034431345959206,0.04639625549316401,-0.004666328430175781,-0.10920156575937766,0.0699073076248169,-0.027161717414855957,-0.11196951605577965,0.0801660418510437,-0.23758310079574585,-0.08006648011703986,0.0076779425144195,-0.11446645855903631,-0.11030422188539996,-0.00315934419631958,-0.05083775520324707,-0.09409607984323995,0.020976006984710693,-0.06175076961517334,-0.08542883433599965,0.012936860322952215,-0.26072174310684204,-0.08832655884523885,-0.044548749923706055,-0.166319340467453,-0.10800536014338036,-0.04964226484298706,-0.10668456554412842,-0.09947285093565475,-0.030981302261352595,-0.10253751277923584,-0.09295017309685245
2.0,0.0,0.0,0.0,0.0791597962379455,0.05405080318450928,-0.05091935217023995,0.17793738842010498,0.0603676438331604,-0.08241551190258174,0.25848883390426636,0.07025223970413208,-0.10852800130487594,0.33056801557540894,0.07579034566879272,-0.12950499176622535,0.18058878183364868,-0.14453968405723572,-0.08436708718181754,0.13192594051361084,-0.009781420230865479,-0.13047659217954785,0.11385565996170044,0.03641384840011597,-0.14957295179010544,0.12429386377334595,0.011582911014556885,-0.16199581145883704,0.11402714252471924,-0.20854568481445312,-0.08314057260395194,0.055724948644638006,-0.019226431846618652,-0.11767849892021325,0.05116230249404902,0.01873558759689331,-0.11690690934301524,0.06771132349967951,-0.024746596813201904,-0.12070854574085385,0.04213178157806391,-0.2278948426246643,-0.08696796565891414,-0.007759511470794678,-0.05619156360626221,-0.11697379320503384,-0.004981517791748102,-0.01589113473892212,-0.09962660640121605,0.014000505208969116,-0.05216175317764282,-0.09096660285831595,-0.031214118003845215,-0.22603580355644232,-0.09787304520250464,-0.0659824013710022,-0.09582573175430298,-0.12165121554971844,-0.060514241456985474,-0.05502897500991821,-0.11604271649957805,-0.047982186079025324,-0.07343608140945435,-0.11125375896335754
2.0,0.0,0.0,0.0,0.08470419049263,0.013113856315612793,-0.04585458469381363,0.1807149350643158,-0.015324294567108154,-0.07035926488032372,0.25861409306526184,-0.044415950775146484,-0.08843727913489373,0.32590940594673157,-0.07693129777908325,-0.09997741636624363,0.14413973689079285,-0.1787189245223999,-0.08272814509263063,0.14950355887413025,0.00448983907699585,-0.11827143785347963,0.131149560213089,0.014363646507263184,-0.12921752539267573,0.12635168433189392,-0.03894561529159546,-0.13962479439368272,0.06644237041473389,-0.20724287629127508,-0.08117016163458853,0.06717163324356079,0.045458316802978516,-0.10758124050488503,0.0649565458297729,0.02930307388305664,-0.10312082377066642,0.06526175141334528,-0.05046457052230835,-0.10743453857293153,-0.006691604852676392,-0.18865430355072021,-0.08307551351180102,-0.0015362203121185858,0.04026061296463013,-0.10653429236998582,-0.003204852342605591,0.029618144035339355,-0.08568776157488853,-0.004335910081863403,-0.04452836513519287,-0.07665259894719152,-0.0772599875926972,-0.1505548357963562,-0.09216952082505253,-0.07115527987480169,0.03133714199066162,-0.11928020176281953,-0.06503313779830933,0.034909188747406006,-0.11841183659424813,-0.06709054112434387,-0.014532625675201416,-0.11651837584366823
2.0,0.0,0.0,0.0,0.08356225490570074,-0.08342158794403076,-0.04226059471130833,0.16211029887199407,-0.2117764949798584,-0.06437468905807003,0.22184363007545477,-0.3106002807617188,-0.08209914346099363,0.2675950229167939,-0.4031440615653992,-0.09619329501748543,0.0795215368270874,-0.2957061529159546,-0.07870120187163814,0.19016668200492864,-0.1475236415863037,-0.12664100904822814,0.1656769216060639,-0.1157791018486023,-0.15212792535186273,0.1253941953182221,-0.15380680561065674,-0.17158684511542782,0.008921772241592407,-0.23748672008514404,-0.08301623542666903,0.1405355036258698,-0.05555403232574463,-0.12034313757777673,0.106990396976471,-0.05029559135437012,-0.12543344874740114,0.06813418865203863,-0.09994751214981079,-0.13672456522346002,-0.043543666601180975,-0.152069091796875,-0.09204725553155413,0.07923424243927002,0.01064300537109375,-0.12632239241958132,0.05118328332901001,0.006979465484619141,-0.11421367158055773,0.018876582384109497,-0.045465826988220215,-0.11003440995574464,-0.084375649690628,-0.06136554479598999,-0.10715985675216183,0.022685468196868896,0.05875355005264282,-0.13812241335273254,0.011931121349334717,0.049405038356781006,-0.14002353330016604,-0.018315970897674505,0.011606097221374512,-0.14144154270053375
2.0,0.0,0.0,0.0,0.06228393316268921,-0.1304190754890442,-0.03142053461618837,0.12283006310462952,-0.28830546140670776,-0.04924874952979507,0.1658095121383667,-0.41475278139114385,-0.06356665692277368,0.19124364852905273,-0.5277506113052368,-0.07389810881562647,0.03981015086174011,-0.3530896902084351,-0.07625598660655437,0.18562734127044678,-0.2611345648765564,-0.12021183422751837,0.166090726852417,-0.21444809436798096,-0.13881165734477457,0.11880558729171753,-0.23683571815490723,-0.15305864266105118,-0.011014074087143,-0.2728496789932251,-0.08458437225766598,0.1587144136428833,-0.15547960996627808,-0.12072150609441218,0.12574928998947144,-0.1242566704750061,-0.12316772541947778,0.07755699753761292,-0.15462267398834229,-0.13295348933883128,-0.04330039024353027,-0.17330437898635864,-0.09560498050399237,0.1145294308662414,-0.06741845607757568,-0.13091028681941447,0.08621257543563843,-0.04787498712539673,-0.12005491009898597,0.04204058647155762,-0.07838702201843262,-0.11665890566058577,-0.0639884769916535,-0.07324296236038208,-0.11078289351411277,0.06274271011352539,-0.006614744663238525,-0.13973408392615738,0.05400353670120239,-0.0019878745079040527,-0.14024425498195106,0.017459511756896917,-0.018703877925872803,-0.14128514579482498
2.0,0.0,0.0,0.0,-0.039552092552185,-0.14787477254867554,-0.042338796531453185,-0.1002205610275268,-0.28827160596847534,-0.07127143499781138,-0.15712210536003107,-0.3906271159648895,-0.09659431931902418,-0.2296013087034225,-0.4666185677051544,-0.11579408553768639,-0.1583915203809738,-0.20998185873031616,-0.09216667768885138,-0.0072765052318573,-0.3461840748786926,-0.14582008180548198,0.009885877370834406,-0.2902231216430664,-0.1603383427612925,-0.0321180522441864,-0.24850648641586304,-0.16949911472727308,-0.12441721558570859,-0.1209363341331482,-0.09980863389898778,0.04206579923629761,-0.27986449003219604,-0.14658986089159498,0.039759218692779597,-0.21043026447296143,-0.13944795784880168,-0.007087469100952093,-0.16979575157165527,-0.13939411995340828,-0.07803374528884888,-0.04742848873138428,-0.11231254843403349,0.079293042421341,-0.1960851550102234,-0.1521351790182734,0.0697847306728363,-0.14015579223632812,-0.1313741659872676,0.023436754941940308,-0.10769742727279663,-0.12108898219992169,-0.026964366436004583,0.006654500961303711,-0.13097678182054998,0.10294806957244873,-0.10590261220932007,-0.16286312100817207,0.0969264805316925,-0.0791826844215393,-0.16394181606699468,0.0564323365688324,-0.042182087898254395,-0.1664759075396205
2.0,0.0,0.0,0.0,0.04512748122215271,-0.167971670627594,-0.02404656566716304,0.050432443618774414,-0.34190821647644043,-0.04167941518164744,0.04852193593978882,-0.4727121591567993,-0.05909299038387414,0.03600558638572693,-0.5931921303272247,-0.07144615732170213,-0.06656605005264277,-0.38609069585800176,-0.06253345988727683,0.09772035479545593,-0.38039317727088934,-0.11234159700609324,0.10027709603309631,-0.3062635064125061,-0.13340917162634014,0.049717038869857844,-0.29158252477645874,-0.14855281941629525,-0.09232988953590388,-0.2922699451446533,-0.07672743432260624,0.10082817077636724,-0.28342723846435547,-0.12504364483095284,0.08773842453956604,-0.21800798177719116,-0.13190241090990185,0.03886836767196661,-0.21085292100906372,-0.14009466700292703,-0.09185560047626498,-0.18466317653656006,-0.09398554198480724,0.08599883317947393,-0.17799371480941772,-0.13947313956953164,0.07508435845375061,-0.12644392251968384,-0.13012136451936834,0.03336209058761602,-0.12290650606155396,-0.12395644865966914,-0.07867434620857236,-0.08136683702468872,-0.11450406096912494,0.06590771675109863,-0.08655905723571777,-0.15145499937273144,0.06318452954292303,-0.0657726526260376,-0.15541906587816354,0.02578297257423401,-0.06201171875,-0.15606583587862133
2.0,0.0,0.0,0.0,0.09103098511695867,-0.04344433546066284,-0.04854085809012071,0.1652491688728333,-0.13503777980804443,-0.08082104614396711,0.2312877774238587,-0.19936993718147278,-0.1090541197957577,0.281748116016388,-0.2654620409011841,-0.1321328966917576,0.05877694487571716,-0.3104941248893738,-0.06603832682986871,0.1170063316822052,-0.14454305171966553,-0.11774382135291711,0.11555790901184088,-0.08189207315444946,-0.1488935141863407,0.10109645128250128,-0.10795694589614868,-0.17061866214891092,-0.024355232715606634,-0.2903586030006409,-0.0669556274118008,0.04518654942512518,-0.0934441089630127,-0.10874989023824351,0.0570895671844483,-0.049479544162750244,-0.11649702629466671,0.04931443929672247,-0.0932084321975708,-0.1238729148211064,-0.0904245376586914,-0.2349411547183991,-0.07386231562514921,-0.024831205606460516,-0.05388563871383667,-0.11082494398971221,-0.001653075218200628,-0.014908432960510254,-0.0992859690489353,-0.0063159167766571045,-0.05493724346160889,-0.09244568040986671,-0.14452490210533142,-0.16366267204284668,-0.0879974304737629,-0.0978126972913742,-0.023437917232513428,-0.11534954002519271,-0.06689865887165072,0.015382230281829834,-0.11192662408967631,-0.06077939271926883,-0.007813870906829834,-0.10740009090324061
2.0,0.0,0.0,0.0,0.06738880276679987,0.04130673408508301,-0.06848586101381214,0.1636606752872467,0.03718268871307373,-0.11144674320070173,0.24899590015411377,0.051455676555633545,-0.14563590038864044,0.3159143328666687,0.06118255853652954,-0.17189915228931335,0.13187271356582642,-0.20680075883865362,-0.09385796387044813,0.06811961531639099,-0.08005687594413763,-0.15028869856445223,0.057705760002136175,-0.023849129676818848,-0.17782504607288274,0.08061718940734858,-0.05938342213630682,-0.19536778081504733,0.06551194190978998,-0.2677186131477356,-0.08535571892110734,-0.014117211103439387,-0.11103999614715582,-0.13061952341644195,-0.007447004318237305,-0.045728832483291626,-0.13056908298580083,0.02146187424659729,-0.08268308639526373,-0.13041126478759674,-0.003539562225341797,-0.28494766354560863,-0.08344860870687394,-0.073382169008255,-0.14529812335968018,-0.12437593687621984,-0.06281277537345889,-0.07027876377105713,-0.10229769099800023,-0.033942341804504395,-0.0915563702583313,-0.08574634541122345,-0.0719325542449952,-0.2822787761688233,-0.09012792755214603,-0.1290994882583619,-0.1786138117313385,-0.11702308554498583,-0.1148144006729126,-0.11486342549324041,-0.10603019345847994,-0.08383667469024661,-0.121785968542099,-0.09432669479696183
2.0,0.0,0.0,0.0,0.046906173229217474,0.06429964303970342,-0.08256716109615064,0.1319129467010498,0.10490047931671148,-0.13954634792905543,0.20651042461395264,0.17760968208312994,-0.18370568580728275,0.2615211606025696,0.2476190328598023,-0.21666087038617823,0.15934637188911438,-0.14952418208122248,-0.13002750105958683,0.056044816970825195,-0.0759377777576446,-0.19377097315889102,0.048042237758636475,-0.01409360766410822,-0.21896643765073515,0.0949639081954956,-0.03108376264572138,-0.23566897041898463,0.11869111657142639,-0.2344935536384582,-0.11904955483775834,-0.0033456683158875067,-0.1418109536170959,-0.17039172179799775,-0.010058522224426325,-0.06194856762886042,-0.16561479694944123,0.03198546171188349,-0.08206850290298462,-0.16305565662484864,0.06377920508384699,-0.2806761562824249,-0.11478369511466724,-0.04233282804489141,-0.195062518119812,-0.15963123567205173,-0.049817562103271484,-0.1094256341457367,-0.13162129945855833,-0.011725783348083496,-0.1192400455474853,-0.11230214513641094,0.005990028381347601,-0.3029523193836212,-0.12031619079213834,-0.0804329514503479,-0.2444723397493362,-0.14731019563775755,-0.08333277702331549,-0.1749698519706726,-0.13252067394357425,-0.050709068775177,-0.1678491830825805,-0.11978866733413433
2.0,0.0,0.0,0.0,0.013101071119308472,0.09309148788452154,-0.09446444935716158,0.08506074547767639,0.16867071390151983,-0.1540683341733313,0.16337400674819946,0.24028933048248297,-0.1978012455216742,0.2344202995300293,0.2846673130989075,-0.2290742976180411,0.17834168672561646,-0.07328173518180847,-0.13508255607999328,0.05421793460845947,-0.020982235670089666,-0.19627962834752558,0.03869983553886408,0.03247243165969854,-0.2216759008876181,0.08338657021522516,0.03149503469467163,-0.2390925718060828,0.1604245901107788,-0.17310947179794306,-0.11630963362372879,0.013344049453735296,-0.1124203205108642,-0.1695204061976767,0.0008162856101989746,-0.04725158214569086,-0.1723633838406897,0.044786304235458374,-0.05110061168670649,-0.17709278888619898,0.12036284804344177,-0.23911070823669428,-0.10460507697976588,-0.00938338041305542,-0.18569603562355036,-0.1518924666158057,-0.025693237781524714,-0.11659520864486689,-0.1318911445847845,0.014429569244384766,-0.11657330393791199,-0.11988836355126858,0.06910169124603266,-0.28839917480945587,-0.10306775398171898,-0.03052759170532232,-0.258921280503273,-0.13598695225633148,-0.04449695348739624,-0.20176094770431519,-0.1299785060397482,-0.012462586164474543,-0.19094985723495478,-0.1241992769352293
2.0,0.0,0.0,0.0,-0.003894209861755371,0.12403461337089539,-0.08025593904358168,0.04128926992416382,0.251207560300827,-0.13324232248169207,0.0822888314723968,0.3523848354816437,-0.17315518704754138,0.12308159470558161,0.4417661726474762,-0.20522008684974927,0.19719421863555908,0.07900732755661011,-0.1274059697757366,0.0716274082660675,0.05837529897689819,-0.18450808373790997,0.047805726528167725,0.0898260772228241,-0.21123373357158917,0.0878607034683227,0.10905656218528748,-0.22913879004818227,0.20472663640975952,-0.036104679107666016,-0.11418216524225498,0.04689571261405939,-0.048466831445694025,-0.1599649473796489,0.025791466236114502,0.000782936811447088,-0.16582715360027578,0.0634839236736297,0.021883875131607,-0.17372254875999707,0.18308180570602417,-0.1282954216003418,-0.10545921919447208,0.041291654109954834,-0.13564136624336243,-0.14257943478924057,0.017976641654968206,-0.08751395344734192,-0.12645709363323468,0.05369406938552851,-0.07053074240684509,-0.11867207882505679,0.14532849192619324,-0.2088261842727661,-0.10605547425848268,0.03576973080635071,-0.21172377467155462,-0.13027880934578198,0.01723945140838623,-0.1668736189603806,-0.12359410373073838,0.047940790653228704,-0.14341413974761963,-0.11829704640012997
2.0,0.0,0.0,0.0,-0.06841453909873962,-0.0640411376953125,-0.00332474639770907,-0.13768592476844782,-0.1511638760566712,-0.02914012410809617,-0.1956409513950348,-0.20913740992546087,-0.05478829519023517,-0.2485467344522476,-0.24009373784065247,-0.07529226691593748,-0.1130396425724029,-0.2067441046237946,-0.08230282367338757,-0.0630654096603393,-0.3675939589738846,-0.11481828988661387,-0.04489269852638239,-0.3237754702568055,-0.11615778506865126,-0.055867791175842285,-0.2671217620372773,-0.11278139055838207,-0.062459141016006414,-0.18282967805862427,-0.09880783409943197,-0.011574655771255493,-0.3471190929412842,-0.12135668845047567,-0.0003350377082824152,-0.2958823442459107,-0.10432124883999447,-0.014596462249755804,-0.2379549145698548,-0.09512945265640838,-0.005422383546829224,-0.15925762057304388,-0.11256506295075037,0.03428220748901367,-0.3143382370471955,-0.12510652096142388,0.0409731268882752,-0.26419875025749207,-0.09108205140699957,0.027907937765121515,-0.2093386054039002,-0.07211738825907327,0.05373501777648931,-0.13614988327026367,-0.12628563494553188,0.07869133353233337,-0.2705096900463105,-0.12918963284363366,0.08007952570915228,-0.230177640914917,-0.10258454085459327,0.06707525253295898,-0.18057888746261597,-0.08609320224394416
2.0,0.0,0.0,0.0,-0.07589855790138239,-0.07180631160736084,-0.027669019919272765,-0.16645771265029902,-0.1500357985496521,-0.07186541512274397,-0.24393454194068911,-0.1576644778251648,-0.11126709535383837,-0.32291455566883087,-0.14860594272613525,-0.14534374132418287,-0.15247443318367002,-0.10069119930267334,-0.15055271044039387,-0.1369892656803131,-0.300226628780365,-0.20870273366236347,-0.1032400131225586,-0.2653025090694428,-0.21810205831789625,-0.1044623851776123,-0.19898581504821777,-0.21921295478605876,-0.0841726660728454,-0.06304270029067993,-0.16637768402361527,-0.06926792860031122,-0.2967735826969147,-0.22291994645857466,-0.04640448093414301,-0.2431950867176056,-0.20683095410132066,-0.05016490817070002,-0.16732251644134521,-0.19604005470537797,-0.013775765895843506,-0.04928189516067505,-0.18025743022226948,-0.008955180644989014,-0.2641223669052124,-0.21917749002241746,0.006842851638794001,-0.21179011464118958,-0.17935498609804768,0.00298872590065008,-0.14455938339233398,-0.15455051317476887,0.05107709765434271,-0.04867887496948242,-0.19570357158445967,0.049544513225555475,-0.21992170810699468,-0.21445605709814686,0.0538031160831452,-0.18358153104782104,-0.18781604423784867,0.051895797252655085,-0.11940425634384155,-0.17218012168669355
2.0,0.0,0.0,0.0,0.07087764143943792,0.02542787790298462,-0.058717798105163865,0.1651087999343872,0.02006286382675171,-0.09719657119242696,0.2481530904769898,0.02609807252883911,-0.12563928183047315,0.31701737642288214,0.01400613784790039,-0.14808974381415396,0.0909948348999024,-0.1780861914157868,-0.10685643520085357,0.05052191019058233,-0.02268821001052862,-0.14601241763560316,0.04913216829299932,0.015013813972473145,-0.15815620835749655,0.061924487352371216,-0.017987370491027832,-0.16678158160178205,0.0247420072555542,-0.21683728694915771,-0.09733595665423417,-0.024009108543395996,-0.019351154565811213,-0.12901131030051258,-0.012190461158752386,0.007109105587005615,-0.12627860125033408,0.005908221006393488,-0.03199687600135803,-0.12837003882853537,-0.03563052415847778,-0.2192562222480774,-0.08978107537953406,-0.07844878733158109,-0.04332360625267029,-0.11819156970707917,-0.06446681916713709,-0.00916057825088501,-0.10023000057665846,-0.0457804799079895,-0.044116824865341187,-0.09032745625702886,-0.0957460105419159,-0.2026366889476776,-0.08944820579020527,-0.1318075507879257,-0.07362180948257452,-0.11407952722041156,-0.11634659767150879,-0.04064938426017761,-0.10842663761107467,-0.09592649340629578,-0.0638556182384491,-0.10237494077412626
2.0,0.0,0.0,0.0,0.059929788112640325,0.046362102031707764,-0.06594770806617584,0.14897814393043513,0.058133840560913086,-0.10830436306781614,0.22590413689613342,0.09246784448623657,-0.13937658476419293,0.29088398814201355,0.12214815616607666,-0.16288629579133834,0.09540635347366333,-0.15937703847885137,-0.11377417701072544,0.023936182260513306,-0.024304687976837158,-0.15556540000028454,0.023907095193862915,0.018267035484313965,-0.16639393972940295,0.04433527588844294,-0.005417287349700928,-0.17269260096139755,0.04054656624794001,-0.22085469961166387,-0.10125798391885604,-0.04558238387107849,-0.040425777435302734,-0.13648724960870595,-0.02996349334716797,0.000884711742401123,-0.13465768503732534,-0.0016948282718659002,-0.025613844394683838,-0.13576193558759533,-0.01567098498344427,-0.24354553222656256,-0.09093870627469865,-0.09196625649929047,-0.08579382300376898,-0.12113424050397724,-0.07616305351257327,-0.039063096046447754,-0.10431790011710965,-0.050288736820221,-0.06402087211608887,-0.09409860181398244,-0.07708938419818878,-0.24380075931549078,-0.08820173549241864,-0.13664379715919497,-0.13198828697204595,-0.11029182034320684,-0.11866019666194919,-0.09065979719161987,-0.10295187341756665,-0.08967888355255127,-0.10518836975097656,-0.09535415875501484
2.0,0.0,0.0,0.0,0.05699250102043152,0.041373491287231445,-0.06541250537551943,0.1485190093517303,0.045973241329193115,-0.10867817591346803,0.23116597533226013,0.07626140117645264,-0.14047223966039724,0.2950612008571625,0.09586542844772339,-0.16486099998869003,0.08438906073570251,-0.16940218210220337,-0.11610583107389513,0.01433026790618891,-0.0271146297454834,-0.15974073748506612,0.01775172352790827,0.014300882816314697,-0.17357658486284322,0.040630996227264404,-0.012968778610229492,-0.18228150050558153,0.026972591876983587,-0.22695696353912354,-0.10360751192487783,-0.05331933498382571,-0.04439651966094976,-0.13933256904996932,-0.03760442137718201,-0.006870567798614502,-0.13990630845941604,-0.011153191328048706,-0.03825950622558594,-0.14367922286905352,-0.0298844575881958,-0.24579840898513794,-0.09295399378456173,-0.09992851316928869,-0.08932483196258545,-0.12336982678093023,-0.0830781310796738,-0.04428595304489136,-0.10811331014551223,-0.05847832560539251,-0.07399004697799683,-0.09982734810031953,-0.0906221866607666,-0.24086955189704895,-0.08966174613155423,-0.1449175477027893,-0.12937536835670477,-0.11110241602577273,-0.126326322555542,-0.08948144316673284,-0.10407864193834362,-0.09884186089038852,-0.10785368084907532,-0.09755903373874723
2.0,0.0,0.0,0.0,0.04480066895484919,-0.023558199405670166,-0.07164790300600994,0.1033686995506286,-0.1121264100074768,-0.11845284519665704,0.17990967631340027,-0.19127899408340454,-0.15315976558201783,0.24698975682258606,-0.2594928741455078,-0.17740592179768555,-0.021621376276016235,-0.2537743747234345,-0.10528308717482554,-0.01928937435150152,-0.051220715045928955,-0.15947945235245695,-6.312131881719418e-05,-0.007629752159118652,-0.18502081749909394,0.006073564291000366,-0.05827748775482178,-0.20236323593132963,-0.09105293452739721,-0.25791803002357483,-0.09300789056294434,-0.08880126476287842,-0.0361713171005249,-0.14180344162457453,-0.06291772425174721,-0.006764769554138184,-0.14749119995110505,-0.061542958021163996,-0.06416016817092896,-0.15239803312294953,-0.14515581727027901,-0.2329147756099701,-0.08592998055689803,-0.13957379758358002,-0.03863120079040527,-0.13005700526707634,-0.10597442090511322,-0.004590451717376709,-0.11665282217734324,-0.10223618149757391,-0.05447155237197876,-0.10703921882384283,-0.1894527822732926,-0.1868877112865448,-0.08712488977187144,-0.1926732212305069,-0.043108463287353516,-0.12026021448843943,-0.16318942606449133,-0.011755704879760742,-0.11828101990693084,-0.15254977345466622,-0.04898667335510254,-0.11311067460053434
2.0,0.0,0.0,0.0,0.0439895093441009,-0.04732215404510498,-0.07497388610011055,0.0853698849678039,-0.17154288291931152,-0.12044122555619195,0.1416468322277069,-0.28975343704223633,-0.15332701542740776,0.1914300918579101,-0.38781067728996277,-0.17593620458012535,-0.0866122394800187,-0.28924101591110235,-0.09217724689608525,-0.04515437781810769,-0.10993355512619019,-0.13778824844723656,-0.023335456848144587,-0.06599414348602295,-0.15686379113560625,-0.025993764400482178,-0.11055439710617065,-0.16943861284619285,-0.15609917044639587,-0.26352718472480774,-0.07733095177775336,-0.11172905564308169,-0.07674378156661987,-0.11849278697138735,-0.08549875020980838,-0.04374527931213379,-0.12077119686966845,-0.09410889446735388,-0.09235435724258423,-0.12260801085596995,-0.2023279368877411,-0.21643608808517456,-0.06842488536005925,-0.16628818213939667,-0.06065768003463745,-0.10910568126803355,-0.13253432512283328,-0.027519166469573975,-0.09373248854046776,-0.13669386506080627,-0.07363021373748779,-0.08175449558859775,-0.2378112673759461,-0.15498220920562744,-0.06767698862915945,-0.222215697169304,-0.04350489377975464,-0.09717127421265555,-0.1907272636890412,-0.011508941650390625,-0.09020592757826755,-0.18590163439512258,-0.04207116365432739,-0.08046173789864496
2.0,0.0,0.0,0.0,0.07190927863121038,-0.09747928380966187,-0.080085236151433,0.11596870422363287,-0.23122018575668335,-0.1323428261472941,0.16933453083038336,-0.33507925271987915,-0.1771300840570688,0.20789802074432379,-0.44079416990280157,-0.2155206906988382,-0.032420635223388616,-0.30132800340652466,-0.13318484606287478,0.0861005187034607,-0.1883201003074646,-0.2079433012201548,0.11955243349075323,-0.09663164615631104,-0.2437093663408518,0.10267049074172979,-0.07299935817718506,-0.2644492942287684,-0.1062129139900207,-0.20548909902572632,-0.1280005383684397,0.05772215127944952,-0.07473301887512207,-0.1885256278707743,0.0756167471408844,-0.02819514274597168,-0.1975026387169123,0.035355269908905085,-0.04508364200592041,-0.2083380925848246,-0.14776277542114252,-0.09448152780532837,-0.1304829228117228,0.010016053915023804,0.012918174266815186,-0.1797009217931986,0.025632053613662775,0.03751111030578613,-0.1625363189174891,-0.012553215026855413,0.012054383754730225,-0.153952341099,-0.1728220880031585,0.022138118743896484,-0.1432876098348856,-0.054616391658782903,0.07913827896118164,-0.1796772587492228,-0.01834461092948908,0.08378231525421143,-0.1733037340833902,-0.022174596786499023,0.06949138641357422,-0.1678473907902002
2.0,0.0,0.0,0.0,0.07381990551948542,-0.0899883508682251,-0.07283793023069046,0.10555955767631531,-0.23305895924568176,-0.11339037498672147,0.1268483698368072,-0.34918272495269775,-0.14484306058128027,0.14577731490135193,-0.47199344635009766,-0.17225978156764646,-0.023680090904235895,-0.2829465866088868,-0.11659066012342116,0.0958307683467865,-0.15305942296981812,-0.17431974789340637,0.10781154036521912,-0.10998016595840454,-0.20134468754966406,0.0722944438457489,-0.13078373670578003,-0.21968806168277408,-0.09351113438606268,-0.1994154453277588,-0.10873575141866347,0.054578930139541626,-0.054747939109802246,-0.15235697111327787,0.06470021605491633,-0.03672385215759277,-0.15324150404174466,0.021210998296737615,-0.07239210605621338,-0.16082993528087286,-0.1352097243070603,-0.09914350509643555,-0.10759822657544757,0.0029098093509674072,0.018399715423583984,-0.14890414854724546,0.018245607614517212,0.02701413631439209,-0.12923467537601135,-0.01941189169883728,-0.01191103458404541,-0.12029192229945807,-0.16155080497264868,0.0069887638092041016,-0.11575141182382247,-0.05084070563316351,0.07851743698120117,-0.15166797122199677,-0.019493848085403498,0.0881345272064209,-0.14729677519042636,-0.030667006969451904,0.07633119821548462,-0.14403601369102148
2.0,0.0,0.0,0.0,0.024881094694137518,-0.13497930765151978,-0.04924287476910644,0.0481143593788147,-0.3016647398471832,-0.07770014384163913,0.0670899748802185,-0.42762106657028204,-0.10228632965458924,0.07369476556777949,-0.5341267883777618,-0.12421206959857044,0.003737896680831909,-0.27144619822502136,-0.09734203496350344,0.15486252307891846,-0.20625340938568115,-0.15243084558619555,0.1403241753578186,-0.1724589467048645,-0.17930731007231765,0.08983281254768372,-0.18239641189575195,-0.19883026012553273,-0.029946386814117487,-0.1666622757911682,-0.10336270013226563,0.14977699518203735,-0.0960046648979187,-0.14668455549849563,0.12108933925628662,-0.0788775086402893,-0.14715018698348103,0.06090977787971491,-0.1021721363067627,-0.15536613592280443,-0.04728090763092041,-0.06084859371185303,-0.11473474481476834,0.1164796352386474,-0.006250441074371338,-0.15333913096560534,0.09426316618919373,-0.0008584260940551758,-0.13308790156020223,0.043620198965072576,-0.027534008026123047,-0.12346907534970333,-0.056420207023620605,0.03631025552749634,-0.13381179997099935,0.07738742232322693,0.06456422805786133,-0.16675688156260543,0.06699857115745539,0.06021195650100708,-0.16297878154887255,0.024443060159683228,0.05075705051422119,-0.16109341212882095
2.0,0.0,0.0,0.0,0.01856860518455511,-0.18050634860992432,-0.038468825305187665,0.03076228499412542,-0.3587340712547302,-0.06339998790093657,0.012909412384033203,-0.48538237810134893,-0.08583060898848767,-0.020210504531860296,-0.591524600982666,-0.10272490480014076,-0.016479074954986517,-0.3019646108150482,-0.07870834567614786,0.1544663310050965,-0.30008605122566223,-0.13936544456549876,0.12830409407615662,-0.24526888132095337,-0.17283455529280897,0.07092210650444031,-0.24015069007873535,-0.19488755860396617,-0.02776634693145752,-0.18387460708618164,-0.08849135288068047,0.16506627202034002,-0.19489437341690063,-0.13566652932234996,0.11780679225921631,-0.1499650478363037,-0.14200549819537397,0.06424382328987122,-0.14775222539901733,-0.15446193018027538,-0.0233134925365448,-0.07878220081329346,-0.10366924353905907,0.15616008639335638,-0.09838640689849854,-0.14392494657107585,0.11012721061706549,-0.0643567442893982,-0.13217308619090315,0.06220939755439758,-0.06401073932647705,-0.12850878634520765,-0.013686776161193792,0.01185595989227295,-0.12371155121394387,0.1266242265701294,-0.0076531171798706055,-0.14715261259146925,0.096219003200531,0.0070269107818603516,-0.14158030846186875,0.0510631799697876,0.008765101432800293,-0.14196504154273265
2.0,0.0,0.0,0.0,-0.016994893550872858,-0.18335598707199097,-0.03968909260981938,-0.042105644941329956,-0.36978933215141296,-0.06359419104808238,-0.08855313062667847,-0.4921736121177674,-0.08458460000508689,-0.14755722880363467,-0.5801507532596588,-0.09932376322501568,-0.0674322247505188,-0.30808550119400024,-0.07303209480994607,0.0959163606166839,-0.37586015462875366,-0.1335154759620991,0.07953923940658564,-0.30851078033447266,-0.1660603570675221,0.02545198798179621,-0.28133970499038696,-0.18705797073596378,-0.05139383673667908,-0.19648653268814087,-0.08126726624720958,0.12848210334777832,-0.2857608199119568,-0.13061950978988077,0.08955428004264832,-0.2210526466369629,-0.13796838996165658,0.040213584899902344,-0.19548732042312622,-0.14919914183371927,-0.024550974369049072,-0.10094773769378662,-0.09532135603183178,0.14529958367347712,-0.19688594341278076,-0.1391488152479496,0.10746899247169495,-0.1409904956817627,-0.12847058353179358,0.06518575549125671,-0.1203157901763916,-0.12313859042876628,0.0072626471519470215,-0.021102070808410645,-0.11400049057954217,0.14621096849441523,-0.10985147953033447,-0.13957503316157727,0.11893793940544123,-0.07757681608200073,-0.13444593426936527,0.07629966735839844,-0.05346059799194336,-0.13361661014312168
2.0,0.0,0.0,0.0,-0.03899151086807251,-0.16843336820602417,-0.029937323673493638,-0.07268267869949341,-0.381023108959198,-0.058432514338619436,-0.1274774819612503,-0.5111343264579773,-0.08357269552243445,-0.19982163608074194,-0.5854010879993439,-0.10147442158950064,-0.07174339890480042,-0.35436344146728516,-0.09428411212456914,0.07517746090888977,-0.4666658639907837,-0.14795289423955174,0.06190377473831177,-0.4007827639579773,-0.16751567509663795,0.012532502412795965,-0.3563249111175537,-0.17771198835862373,-0.03721374273300171,-0.25387442111968994,-0.10543794420254923,0.12430042028427118,-0.3812564015388489,-0.14461868491662244,0.09156429767608637,-0.3186866044998169,-0.13765039530289863,0.041687667369842474,-0.27539730072021484,-0.13897503402722575,0.00933229923248291,-0.16259169578552246,-0.11845503237736914,0.152940034866333,-0.29159003496170044,-0.14749940720093943,0.11535581946372986,-0.2401476502418518,-0.12363782015336254,0.06897279620170588,-0.20494943857192993,-0.11245659229052754,0.0565837025642395,-0.08603042364120483,-0.13402479377282353,0.1641142070293426,-0.2092800736427307,-0.14214531567586164,0.1334531307220459,-0.17436820268630981,-0.12194396790755484,0.0902455747127533,-0.13691693544387817,-0.11311663177502844
2.0,0.0,0.0,0.0,-0.0469349622726441,-0.17051428556442272,-0.030528433561471478,-0.0927557051181794,-0.3883855938911439,-0.05685786338165138,-0.1566216051578522,-0.5226921737194063,-0.08015593321636058,-0.2354555875062943,-0.5876496136188508,-0.09581049712016917,-0.09396021068096161,-0.3575977683067323,-0.08152309985473488,0.049379557371139526,-0.4854841232299806,-0.13414626003816457,0.03653869032859802,-0.41441142559051525,-0.15450880111768578,-0.012821108102798517,-0.37025856971740734,-0.16585456015184258,-0.054297626018524225,-0.25909709930419933,-0.09226872952297067,0.10110804438590998,-0.40934401750564586,-0.13106382073476647,0.0675938725471496,-0.33883565664291393,-0.12452839495256278,0.018358975648880005,-0.2919352650642396,-0.126151295319346,-0.0036000609397888184,-0.1737266778945924,-0.10621152998521657,0.13459792733192438,-0.3239671587944032,-0.1362445521505151,0.09698072075843811,-0.264975130558014,-0.11404419870689247,0.05172091722488398,-0.2257741689682008,-0.10373343707635738,0.049569517374038696,-0.10467779636383068,-0.12299022258832788,0.15223735570907587,-0.24415570497512828,-0.13118963123872618,0.1211452186107635,-0.20247089862823497,-0.11235831858232358,0.07734143733978271,-0.15870881080627453,-0.10465129645183417
2.0,0.0,0.0,0.0,0.0845149457454682,-0.005201160907745361,-0.06253782043432912,0.16863742470741278,-0.0666496753692627,-0.10080784687971792,0.2460074126720429,-0.10917994379997259,-0.13015594462132182,0.3162769973278046,-0.16329416632652288,-0.15641342977261272,0.0776563286781311,-0.2120639085769654,-0.11359319964623182,0.09066706895828253,-0.0255240797996521,-0.16221933940624922,0.09713667631149292,0.018387794494628906,-0.1827586678621742,0.10170838236808782,-0.012350142002105713,-0.19444248954033583,-0.008693009614944402,-0.2142258584499359,-0.10583681741928783,0.020782619714736994,0.011859893798828125,-0.1386274484751197,0.03156322240829473,0.03481495380401611,-0.13397885242676463,0.031253248453140314,-0.007123053073883057,-0.1354835716841193,-0.07891407608985901,-0.1843916773796082,-0.10205423215603553,-0.04719436168670649,0.015921711921691895,-0.13502142707085332,-0.03046649694442749,0.04222142696380615,-0.11057283858036722,-0.024180084466934204,0.004578292369842529,-0.09462799260592192,-0.14198632538318628,-0.13806810975074768,-0.10648201534723963,-0.1275194734334946,-0.009454488754272461,-0.13722955564236372,-0.10873958468437189,0.03559643030166626,-0.12458339462256161,-0.09827753901481628,0.03644901514053345,-0.11111760268187253
2.0,0.0,0.0,0.0,0.08422735333442688,0.009610116481781006,-0.06556038676899326,0.17424330115318304,-0.03999590873718262,-0.10638020306032556,0.25430175662040716,-0.07772165536880493,-0.13675561665695565,0.3275934755802155,-0.1281945705413819,-0.16317284225624457,0.07868397235870361,-0.18811637163162237,-0.12397772192161935,0.08184164762496948,0.00335693359375,-0.17255704223316565,0.09062466025352478,0.029175519943237305,-0.19086319326561346,0.09735843539237982,-0.011053621768951416,-0.20146912454765695,-0.008581429719924927,-0.20385059714317327,-0.11465050398510356,0.010151326656341608,0.03559225797653198,-0.14672720550697704,0.0253575742244721,0.039130210876464844,-0.13834592818420785,0.029505729675293024,-0.011866986751556396,-0.13703903674286266,-0.0779220461845398,-0.18360716104507446,-0.10896996527117146,-0.05785736441612238,0.03272688388824463,-0.13946670412224185,-0.03981649875640869,0.0436021089553833,-0.10916067033213035,-0.030342876911163275,-0.0040860772132873535,-0.08925102024477376,-0.1398634314537048,-0.14464876055717468,-0.11236788450878515,-0.132974237203598,0.0012879371643066406,-0.14285488545101535,-0.11481665074825281,0.03619462251663208,-0.12910406409901035,-0.1018349826335907,0.0270577073097229,-0.11429468660753625
2.0,0.0,0.0,0.0,0.08702638745307917,0.03353536128997803,-0.07178438929227578,0.181158185005188,0.014406204223632812,-0.11572215435413108,0.2597540020942688,0.014849960803985596,-0.14868486401942957,0.3401140570640564,0.0031684041023254395,-0.17569670555499778,0.10363420844078058,-0.17995548248291016,-0.12134156850484598,0.07290196418762207,0.013370335102081299,-0.17258912799266568,0.07540497183799738,0.053217530250549316,-0.1895079511156439,0.08926719427108759,0.019118845462799072,-0.19809408960250607,0.020253598690032903,-0.21443039178848267,-0.10912119326499688,-0.0024777650833129883,0.02272731065750122,-0.14686091718581898,0.010469287633895874,0.04316824674606323,-0.13801290569213617,0.02135363221168518,-0.004683315753936768,-0.13328446922210438,-0.050121784210205134,-0.20825779438018804,-0.10172148523238889,-0.07003575563430792,-0.00026994943618774414,-0.13716565546897638,-0.056214362382888794,0.025481700897216797,-0.10588671741393788,-0.0433876514434815,-0.016086816787719727,-0.08256605741885888,-0.11622297763824471,-0.18460926413536077,-0.10377639261392338,-0.13486914336681372,-0.04190862178802496,-0.1365306573858618,-0.1213524341583252,-0.0037036538124084473,-0.12370700863507977,-0.1082613468170166,-0.02044600248336792,-0.10777826336530438
2.0,0.0,0.0,0.0,0.08336135745048523,0.05759593844413763,-0.07183277070873824,0.1814241111278534,0.06384608149528509,-0.11642800480478854,0.2598067820072174,0.07452031970024114,-0.14949596882217975,0.3390362560749054,0.06155541539192205,-0.17597376764172165,0.12872973084449768,-0.16200491786003107,-0.12152356863373365,0.07475009560585022,0.017303377389907892,-0.17081856191509814,0.07046645879745483,0.06297585368156439,-0.18728203535431476,0.08601465821266169,0.0346121490001679,-0.19650203943604083,0.05171167850494379,-0.21836528182029719,-0.11023563355558955,-0.0020083189010620117,0.00567129254341131,-0.14678468764179795,0.007816880941390991,0.0330516397953034,-0.13911216915005295,0.02558019757270813,-0.009208828210830688,-0.13651076913231464,-0.019407987594604492,-0.2288472950458526,-0.10360592067593184,-0.06393003463745117,-0.03238850831985468,-0.14020992279404254,-0.053726583719253596,0.0006631314754486084,-0.11079749673956485,-0.032964617013931274,-0.034682184457778875,-0.08977046817892635,-0.08783861994743347,-0.2196933925151825,-0.10586818516605945,-0.1255105435848236,-0.09343835711479181,-0.14050581515186875,-0.1179097592830658,-0.04675224423408508,-0.12829620600098224,-0.1012083888053894,-0.051184445619583074,-0.11337639600390044
2.0,0.0,0.0,0.0,0.06722757220268255,0.0664551854133606,-0.06605743667478234,0.16557744145393377,0.10602027177810669,-0.10949890366191534,0.24682906270027166,0.1509076952934265,-0.14211704632634783,0.3202605545520783,0.16723871231079102,-0.16914225420350704,0.14948484301567083,-0.1424946784973145,-0.11844252845639854,0.07508817315101629,0.011598706245422363,-0.16443833014363915,0.06055498123168951,0.04914593696594238,-0.18074885806436214,0.07867279648780828,0.024527788162231445,-0.19146042367810873,0.08551165461540228,-0.21322089433670044,-0.10817633619899424,-0.001135706901550293,-0.01807311177253723,-0.14293427070970205,0.0006313621997833807,0.011749744415283203,-0.13893885216111804,0.023474782705307007,-0.019092023372650202,-0.14000407657022143,0.0196516215801239,-0.24067705869674683,-0.10062879374618204,-0.05807638168334961,-0.06761744618415833,-0.13175230523938802,-0.05178919434547419,-0.03208315372467041,-0.10786676457519204,-0.024265557527542114,-0.06145474314689642,-0.09281155517692234,-0.050589978694915716,-0.24988852441310883,-0.10125643065566683,-0.1082503199577331,-0.13248738646507263,-0.12940549156064662,-0.09940031170845032,-0.0908856987953186,-0.11986891230935724,-0.07326188683509821,-0.10194236040115362,-0.10892402431363733
2.0,0.0,0.0,0.0,0.054697662591934204,0.07973363995552063,-0.07084143453295151,0.1430240273475647,0.14357349276542664,-0.12018310570175571,0.2172151803970337,0.210683673620224,-0.15780983411724492,0.2874683737754822,0.254889577627182,-0.1884202315753214,0.16001152992248535,-0.12040892243385315,-0.12705175125057622,0.05639734864234919,0.003918290138244573,-0.1735617622082941,0.04368466138839722,0.04530242085456848,-0.1881280049031488,0.06995803117752075,0.023667722940444946,-0.198081205720257,0.10813301801681519,-0.20309826731681824,-0.1164076580947153,-0.013070523738861084,-0.045387417078018244,-0.1537254556363336,-0.011340409517288208,0.003145396709442083,-0.1505074604695551,0.021531343460083008,-0.0181809663772583,-0.1526658936684839,0.049394965171813965,-0.24580788612365723,-0.1082347213571779,-0.056572794914245605,-0.1046578586101532,-0.1401346131509058,-0.053360372781753596,-0.05080422759056091,-0.11800188862736141,-0.019433319568634033,-0.06782048940658575,-0.10558660619909681,-0.01625069975852972,-0.26964853703975683,-0.1085723891204111,-0.09483844041824341,-0.17321419715881353,-0.1335591777508966,-0.09067386388778692,-0.12258794903755194,-0.12387544953281801,-0.0610957145690918,-0.1259421706199646,-0.1148739635294191
2.0,0.0,0.0,0.0,0.05043342709541321,0.08359873294830322,-0.07507352238337713,0.13905885815620422,0.15222269296646118,-0.12751879995505533,0.21400108933448792,0.22379720211029053,-0.16688729530017093,0.2838749587535858,0.26740241050720215,-0.19830783909003452,0.16328200697898865,-0.11331883072853094,-0.13434393411318973,0.052975267171859686,0.004452228546142578,-0.18207242792288972,0.043287128210067694,0.04595470428466797,-0.19568629270236212,0.07723894715309143,0.024863332509994507,-0.20486035650412754,0.11483314633369446,-0.19530290365219122,-0.12213746165673453,-0.012665450572967585,-0.04518157243728643,-0.16132272487323002,-0.009665161371231079,-0.0010477900505065918,-0.158628952557251,0.0270535945892334,-0.02470707893371582,-0.16137426798979954,0.057971805334091187,-0.24082697927951813,-0.11253846144120412,-0.05190500617027288,-0.10679551959037781,-0.14709256296794132,-0.04818010330200201,-0.05342459678649902,-0.12597234254519662,-0.011314660310745295,-0.07050138711929321,-0.11415368770997243,-0.006836682558059692,-0.2684935331344605,-0.11142739360968783,-0.0855929851531983,-0.179916262626648,-0.1372813553158493,-0.08077552914619451,-0.128831148147583,-0.12789340024630744,-0.048720300197601374,-0.1296128630638123,-0.11943866764943323
2.0,0.0,0.0,0.0,0.09375059604644781,0.0007360577583312988,-0.07989017116003078,0.18358334898948675,-0.06026637554168701,-0.1297134776609425,0.2637027204036713,-0.10644853115081787,-0.16758337812595409,0.3433795869350434,-0.1678568720817566,-0.19885119991474198,0.08587437868118292,-0.23490804433822632,-0.12569979028873488,0.09660336375236511,-0.025743186473846436,-0.18534262674026528,0.10140600800514221,0.01116400957107544,-0.21146223144702958,0.1028385758399964,-0.03081756830215454,-0.22697025733165788,-0.0032124519348143976,-0.24097570776939392,-0.11288216905765579,0.024303853511810303,0.005772829055786133,-0.1572411228912358,0.03833472728729248,0.01968085765838623,-0.15382075505428358,0.035474866628646906,-0.041124045848846436,-0.15392410950832408,-0.07608765363693232,-0.2129637897014618,-0.10689746784143488,-0.04668614268302912,0.01165759563446045,-0.14837590055637398,-0.02718374133110041,0.02516549825668335,-0.12048454033308069,-0.025113135576248113,-0.03455549478530884,-0.10052535133533519,-0.1431645005941391,-0.1700229942798615,-0.11135352598600429,-0.1222961544990539,-0.00782841444015503,-0.1487747301357274,-0.10202494263648981,0.019640445709228516,-0.13972373502426189,-0.09517884254455561,-0.01398015022277832,-0.127518938948441
2.0,0.0,0.0,0.0,0.08690688014030462,0.0037708282470703125,-0.06840270289902142,0.177011787891388,-0.056423187255859375,-0.11168521919969973,0.2562623023986817,-0.09966623783111572,-0.14437814334158353,0.32634288072586065,-0.15689018368721014,-0.17106120565657074,0.07144883275032049,-0.21843346953392034,-0.11750866750006132,0.07811954617500311,-0.012180328369140625,-0.16624881604437292,0.0796632170677185,0.014000892639160156,-0.18486689308409152,0.0791072547435761,-0.03247225284576416,-0.19734373965982852,-0.015522241592407171,-0.22318705916404724,-0.10878944674257693,0.007463216781616211,0.025123417377471924,-0.14478296318773684,0.020784437656402588,0.022451698780059814,-0.13860333243135864,0.020424544811248835,-0.03769046068191528,-0.13819398263220242,-0.0833246856927872,-0.19243738055229193,-0.10457255968574933,-0.060826301574706976,0.02524733543395996,-0.13595147708181793,-0.047072321176528875,0.028455078601837158,-0.10449289062742644,-0.046864330768585205,-0.03159928321838379,-0.08432113656525073,-0.1443699449300766,-0.14537176489830023,-0.10993134507660322,-0.13221429288387299,0.0068547725677490234,-0.13951641598467282,-0.11465919017791748,0.022916138172149658,-0.12752794006590304,-0.1050890535116196,-0.015570640563964844,-0.11458344289783894
2.0,0.0,0.0,0.0,0.08785438537597651,0.009593665599822998,-0.06836411018213077,0.1814652681350708,-0.04676175117492676,-0.11067501116832537,0.2556506395339966,-0.08534094691276556,-0.14124091375907707,0.3132220506668091,-0.14158943295478826,-0.1651760380371456,0.06880399584770203,-0.20549729466438293,-0.12819762934287837,0.07884931564331049,0.0011093616485595703,-0.17721270431121638,0.082692950963974,0.027760565280914307,-0.19274816323360247,0.08319458365440369,-0.016216754913330078,-0.20248613167842677,-0.018327981233596802,-0.21324852108955383,-0.11784378845533178,0.008549720048904419,0.033412158489227295,-0.15396981347640798,0.01974073052406311,0.02991729974746704,-0.14586513150771907,0.017471402883529608,-0.028813183307647705,-0.14435872841914937,-0.0852927416563034,-0.18605268001556396,-0.11106878925403407,-0.05677628517150879,0.034710824489593506,-0.14279491115649987,-0.04613044857978821,0.03923135995864868,-0.11126684803804207,-0.04924118518829351,-0.018147766590118408,-0.09130952913602637,-0.1453128755092621,-0.14227718114852905,-0.11381331492503928,-0.12478326261043549,0.015001952648162842,-0.1449385922058468,-0.1100271493196488,0.03199666738510132,-0.13489494134029198,-0.1071466803550721,-0.00543588399887085,-0.12360586632331658
2.0,0.0,0.0,0.0,0.09599226713180542,0.0037894248962402344,-0.03265398473001816,0.1863827109336853,-0.03282099962234497,-0.056636256282104065,0.25865304470062256,-0.0655072033405304,-0.07867023826099737,0.3247796297073364,-0.1066349446773529,-0.09668808162666656,0.16026151180267334,-0.19837471842765808,-0.07860029221035346,0.16413825750350952,-0.015537977218627985,-0.11901396245218616,0.1351832151412964,0.025047719478607122,-0.13089783221937518,0.1227673888206482,-0.009031325578689575,-0.13913407654024465,0.08139556646347046,-0.2170665860176087,-0.08646349341131547,0.09682685136795044,0.020142853260040283,-0.11964680731750826,0.0765039324760437,0.041228294372558594,-0.11548267782188756,0.06321859359741211,-0.013902366161346491,-0.11693376780010567,0.007856190204620361,-0.1950445473194123,-0.09657264233089786,0.02927786111831665,0.021698445081710815,-0.12651928991533617,0.016874492168426514,0.036272525787353516,-0.10491937131143907,0.005799829959869385,-0.0212432742118836,-0.09360848099447586,-0.06355333328247076,-0.1539439558982849,-0.11221499473310806,-0.03813529014587402,0.008557438850402832,-0.14137465984083517,-0.03693234920501709,0.036532849073410034,-0.13590657443262436,-0.04525399208068848,0.0038322210311889093,-0.12980720133043627
2.0,0.0,0.0,0.0,0.10274940729141235,-0.00525864958763117,-0.02816937946721502,0.190893292427063,-0.060668736696243286,-0.04524006404921002,0.2585064172744751,-0.10655447840690607,-0.06079321064993332,0.31892430782318115,-0.1514192521572113,-0.07247447677895022,0.1594272255897522,-0.2186484634876251,-0.059154149973835425,0.17695116996765137,-0.06127980351448059,-0.09883555480286073,0.14847230911254883,-0.021903127431869507,-0.11420220592066242,0.1334419846534729,-0.05747935175895691,-0.12454299339100312,0.08744794130325317,-0.2311007976531982,-0.06690568187281082,0.11184579133987427,-0.018541216850280706,-0.09903714516207172,0.09121370315551758,0.004593610763549805,-0.09854791023775532,0.07936429977416992,-0.04914179444313049,-0.10120708205744222,0.017854809761047363,-0.20582851767539978,-0.07809823461815313,0.04527086019515991,-0.009332090616226196,-0.10920036294504593,0.03668242692947388,0.008459717035293635,-0.09372605093761872,0.029438674449920654,-0.04465252161026001,-0.08425753274008223,-0.04720258712768555,-0.1642299592494964,-0.09383796610876512,-0.021279513835906982,-0.01900520920753479,-0.12115186163231322,-0.01865607500076294,0.004521369934082031,-0.11777663686319782,-0.02577948570251465,-0.02639654278755188,-0.11243889191194963
2.0,0.0,0.0,0.0,0.0818360447883606,-0.03109198808670044,-0.058786604259040545,0.15816766023635864,-0.10500496625900269,-0.10105093539121404,0.22942501306533813,-0.1678876280784607,-0.13492803246143126,0.29040390253067017,-0.24640238285064697,-0.16393905848624965,0.06715634465217585,-0.23994135856628424,-0.10771852702262655,0.09547930955886841,-0.03270453214645386,-0.15723293990257045,0.11453205347061157,-0.006000339984893799,-0.18137392372253194,0.12487298250198364,-0.050607502460479736,-0.19887876481178066,-0.01764893531799322,-0.22277554869651794,-0.10386788815620204,0.03323969244956965,0.006619870662689209,-0.13938538700702444,0.05243238806724548,0.011209964752197266,-0.14111931592586294,0.047139942646026556,-0.050254225730895996,-0.15004810661437765,-0.08534473180770874,-0.17786657810211182,-0.10423222154739165,-0.0308016836643219,0.041770875453948975,-0.13410736590984124,-0.00905156135559082,0.05287659168243408,-0.11517153650882504,-0.016437560319900513,-0.0051580071449279785,-0.10849129379155895,-0.14253509044647222,-0.11817765235900879,-0.11306460917356274,-0.09594637155532842,0.05575740337371826,-0.13772894412639394,-0.0761839747428894,0.07875692844390869,-0.13222379953029414,-0.08466929197311401,0.04492455720901489,-0.12980151147010585
2.0,0.0,0.0,0.0,0.07563090324401855,0.06962022185325617,-0.06323780637376326,0.1717289686203003,0.11808142066001892,-0.10329140495650786,0.2511364221572876,0.16846832633018494,-0.13480265211455836,0.30882781744003296,0.21202567219734192,-0.15692902874343417,0.23277175426483154,-0.13366279006004333,-0.08569902699582596,0.17165642976760864,-0.10122224688529974,-0.13281683396689906,0.14011436700820923,-0.039975255727768,-0.14584150683276675,0.16271525621414185,-0.042715936899185236,-0.15185162197940366,0.18719440698623657,-0.21754594147205353,-0.07771067839257736,0.11262482404708862,-0.1542429924011231,-0.12089345377080457,0.08300763368606567,-0.07540485262870794,-0.11476651352040787,0.1088058352470398,-0.09204122424125671,-0.10728051286332627,0.13120335340499878,-0.2672883272171021,-0.07596561085574646,0.06341773271560669,-0.20832972228527072,-0.11705491464726947,0.04241544008255005,-0.12572798132896423,-0.09517579298608317,0.0682532787322998,-0.12630575895309454,-0.07694756757609866,0.07475703954696655,-0.2996266782283783,-0.08133313577764056,0.024585843086242676,-0.2548487484455109,-0.10615496855371016,0.009256839752197266,-0.18400382995605472,-0.09402088593833466,0.025135338306427002,-0.17062281072139743,-0.08044960122697367
2.0,0.0,0.0,0.0,0.06159040331840521,0.07327625155448914,-0.0717373525226889,0.15811029076576238,0.12370654940605164,-0.11581066599734409,0.23940977454185491,0.1704675257205963,-0.150084051998931,0.3023239672183991,0.2111668884754181,-0.17645623138793098,0.21644344925880438,-0.14345037937164312,-0.0887489651764212,0.13729164004325872,-0.08611896634101873,-0.1400421445692359,0.1096170842647553,-0.03191947937011719,-0.1618451510990439,0.14390233159065252,-0.03725984692573553,-0.1742557918155967,0.17130699753761297,-0.22230854630470281,-0.0790415664637862,0.084378331899643,-0.14225918054580694,-0.1251246815050422,0.0607959926128388,-0.0755437314510346,-0.1290557866419135,0.0901357233524323,-0.09345927834510803,-0.1293884252632438,0.11580058932304388,-0.2695598900318146,-0.0756450181330024,0.03603658080101019,-0.2000967562198639,-0.11905870190508949,0.018130809068679865,-0.12503239512443542,-0.1038228010261832,0.049748450517654474,-0.13165283203125,-0.090186383339244,0.05633780360221868,-0.3030793219804764,-0.0798553561294852,-0.0004780888557434082,-0.2566596567630768,-0.1026607414210616,-0.013142138719558716,-0.18705904483795172,-0.0893128847206412,0.008776038885116577,-0.1744703352451325,-0.07553251436598879
2.0,0.0,0.0,0.0,0.0624853372573852,0.049153149127960205,-0.06286802023811325,0.15949875116348267,0.0770413875579834,-0.10374980300827015,0.24271947145462036,0.12255692481994629,-0.13729555040760025,0.3111838102340698,0.17091327905654907,-0.16214363902969345,0.20277023315429688,-0.18286436796188354,-0.07839105159206375,0.12177306413650513,-0.12804275751113892,-0.12835626930160515,0.09439805150032043,-0.07673847675323486,-0.14922340840263357,0.1227688193321228,-0.09747260808944702,-0.16202577084465014,0.16123175621032715,-0.26526686549186707,-0.07294113814992896,0.0564005970954895,-0.18185335397720337,-0.11754497021598806,0.03847014904022211,-0.10826617479324346,-0.12030812978906616,0.06801888346672053,-0.12534964084625244,-0.11987053483886706,0.10711151361465454,-0.31413325667381287,-0.07357177019281376,0.012692391872406006,-0.23652285337448126,-0.11395380526943195,-0.00013336539268499203,-0.15573120117187506,-0.09654725968999855,0.03030425310134882,-0.16585198044776917,-0.08192460864944445,0.04655623435974121,-0.34609621763229376,-0.08169547349376666,-0.022546768188476562,-0.28942662477493286,-0.10311960309905996,-0.030817270278930664,-0.21917808055877686,-0.08948475003404606,-0.005254089832305908,-0.21224415302276617,-0.07516146332187645
2.0,0.0,0.0,0.0,0.057879835367202814,0.04249805212020874,-0.06921143955466391,0.15487802028656011,0.05065220594406128,-0.11248190081593631,0.24500477313995367,0.09176671504974365,-0.1479775769161904,0.31606447696685797,0.13459175825119019,-0.1734831643748009,0.18964833021163946,-0.22605031728744512,-0.06927885240790481,0.10750541090965271,-0.1604024469852448,-0.12577358013865592,0.08833706378936768,-0.09880983829498291,-0.1547044379162514,0.1266002655029297,-0.11247009038925171,-0.17150427526709672,0.14566552639007574,-0.299895703792572,-0.061526784067126514,0.044784426689148005,-0.2104676365852356,-0.10962011790749661,0.033548325300216675,-0.13286265730857855,-0.11366921788928151,0.07092109322547918,-0.15012809634208685,-0.11218394464728472,0.08872118592262268,-0.33989828824996954,-0.06285617626187441,-0.0018416643142700195,-0.25758862495422363,-0.10783670223233341,-0.010525286197662298,-0.1705186665058136,-0.09058231240985032,0.02523544430732727,-0.1791549026966095,-0.07363855964419481,0.027326405048370417,-0.3629792928695679,-0.07257653898474811,-0.04180973768234253,-0.30593150854110723,-0.09522593892094731,-0.0496746301651001,-0.2313642799854279,-0.08072886741635442,-0.022616654634475708,-0.2243613302707672,-0.06472802287814261
2.0,0.0,0.0,0.0,0.08327892422676081,-0.0019902586936950684,-0.062497721668393014,0.1837921440601349,-0.05591022968292236,-0.09980545720091522,0.2638910710811615,-0.09376829862594604,-0.12834252199164092,0.3345802128314972,-0.1268460750579834,-0.1484288700484341,0.09861105680465693,-0.2975642085075379,-0.07996642371645632,0.08094972372055054,-0.1552274227142334,-0.12749399026861852,0.08636483550071711,-0.08866655826568604,-0.15013584276667302,0.10142913460731501,-0.1258806586265564,-0.16510635396471682,0.020146518945693914,-0.32437965273857117,-0.07418097337713901,0.002263426780700628,-0.14169293642044067,-0.11217690786352812,0.02001732587814331,-0.07386898994445801,-0.11379462262621581,0.03626209497451782,-0.11935299634933472,-0.11620633086195652,-0.04790094494819647,-0.3134568631649018,-0.07462017020216641,-0.06684714555740356,-0.14916181564331055,-0.11043453743687331,-0.04323303699493408,-0.07476913928985596,-0.09308173289528551,-0.022637218236923273,-0.10728174448013306,-0.08159065028658571,-0.11113947629928589,-0.2847368121147156,-0.08283456942072571,-0.13009728491306308,-0.1565985083580017,-0.10548743387690251,-0.11140277981758118,-0.09344649314880371,-0.09495825847616851,-0.09377613663673406,-0.10840797424316406,-0.08510975321760832
2.0,0.0,0.0,0.0,0.08810296654701227,-0.03790777921676636,-0.05303634461276368,0.16255998611450195,-0.13315904140472412,-0.08671401944272358,0.21802020072937012,-0.21091547608375555,-0.11467408146970108,0.27718114852905273,-0.2799622714519501,-0.13658768441788988,0.04385042190551758,-0.3017834424972535,-0.07428399231545768,0.08417108654975886,-0.14240318536758423,-0.12131971624009448,0.09393131732940668,-0.10244697332382202,-0.14758620169274647,0.08480438590049738,-0.1423661708831787,-0.16658410933129628,-0.04367297887802124,-0.28026252985000616,-0.07364168521277738,0.01999172568321228,-0.08161598443984985,-0.10752634462230048,0.043556928634643555,-0.06009918451309204,-0.10995081570260368,0.03747665882110596,-0.11703765392303467,-0.11708410587422688,-0.10804235935211182,-0.2216528356075287,-0.07914669569842658,-0.046923160552978516,-0.04352778196334839,-0.10994655397050218,-0.01819789409637451,-0.020914018154144287,-0.09297007080428438,-0.0200636088848114,-0.06983762979507446,-0.08484406527392699,-0.15928725898265841,-0.1481701135635376,-0.09231474753730139,-0.1136506199836731,-0.01608860492706299,-0.11578156557195028,-0.08920472860336304,0.00695568323135376,-0.10926668104045228,-0.09174168109893804,-0.023191750049591064,-0.10429345574490859
2.0,0.0,0.0,0.0,0.06453835964202886,-0.10239982604980469,-0.048604699337545264,0.09627771377563477,-0.23365718126296997,-0.07740768652564607,0.12646442651748663,-0.3454850912094117,-0.10149350624686797,0.1438069343566895,-0.4529260993003846,-0.12016296994096357,-0.05308729410171503,-0.29283320903778076,-0.08118612926608647,0.0641584992408753,-0.17987674474716187,-0.12579667430526337,0.08478349447250372,-0.13584905862808228,-0.14466908436423856,0.0593448281288147,-0.1565767526626587,-0.15840558570033636,-0.11958342790603632,-0.2142624855041504,-0.08269204806691727,0.03784817457199097,-0.07649374008178711,-0.11424582313901507,0.051052749156951904,-0.06137579679489136,-0.11388238381749707,0.011293172836303766,-0.10275834798812866,-0.12094339590674957,-0.15372194349765772,-0.11330890655517578,-0.08932833235866147,-0.006873518228530828,0.004437863826751709,-0.12066233765489187,0.0080901980400086,0.012769162654876709,-0.10237289082414226,-0.031077921390533392,-0.030528903007507324,-0.09466651689416487,-0.171974241733551,-0.004567146301269531,-0.10326073181039416,-0.0546253621578216,0.08327281475067139,-0.13334427636272037,-0.03132957220077509,0.08878517150878906,-0.13001915674811926,-0.055734992027282715,0.06677389144897461,-0.12687359612590396
2.0,0.0,0.0,0.0,0.0392336249351502,-0.1256060004234314,-0.04771328867786898,0.03549107909202581,-0.26915895938873297,-0.07563159392589108,0.034811556339263916,-0.3915713429450989,-0.09909139351361769,0.02229651808738714,-0.5025692284107208,-0.11841678397172468,-0.11524251103401179,-0.24893563985824585,-0.08764765189403079,0.020202845335006714,-0.1976386308670044,-0.1283916957806923,0.04032272100448614,-0.16394144296646118,-0.143216145796714,0.00262898206710821,-0.16720247268676758,-0.15606473164075388,-0.1581591367721558,-0.14028912782669067,-0.09160012529605409,0.024683892726898193,-0.0874437689781189,-0.12194837407582779,0.039425820112228394,-0.0781126618385315,-0.12160383687728418,-0.0131367146968841,-0.09864014387130737,-0.1299887724351265,-0.1628985702991486,-0.02745133638381958,-0.09924799726718439,0.00516200065612793,0.008956849575042725,-0.12823453323358078,0.02373996376991272,0.010400056838989258,-0.10814193413966669,-0.023902148008346502,-0.011478126049041748,-0.10131709055417558,-0.15070310235023499,0.08592754602432251,-0.11447789297812959,-0.014978706836700384,0.1120113730430603,-0.14412547425740738,0.01914039254188543,0.09537845849990845,-0.1392922677230217,0.0016967654228211004,0.07440871000289917,-0.1362955547999718
2.0,0.0,0.0,0.0,-0.0011293888092041016,-0.14661341905593872,-0.0421369266596798,-0.04577153921127314,-0.29605185985565186,-0.0647326414373878,-0.08010613918304443,-0.4132313132286072,-0.0838934485701088,-0.12115322053432462,-0.5188440978527069,-0.1005798433807854,-0.1436867713928222,-0.22052723169326782,-0.0809952397731308,0.006580114364624079,-0.2652479410171509,-0.1255253036406998,0.018387407064437866,-0.21754568815231323,-0.14924535945925752,-0.025754749774932806,-0.19615882635116577,-0.1696593691495422,-0.14505267143249512,-0.1048240065574646,-0.0875700716761116,0.03737479448318487,-0.17054611444473267,-0.1210356433776382,0.03409144282341009,-0.14043116569519043,-0.1245597232964996,-0.017010957002639715,-0.12373131513595581,-0.1370641519216064,-0.11969467997550962,0.0029291510581970215,-0.0982511197117332,0.042832404375076294,-0.06472480297088623,-0.13189085618529361,0.04085576534271246,-0.045976221561431885,-0.1168730710533623,-0.006906658411026001,-0.03183168172836304,-0.1126105342892174,-0.08495616912841791,0.09904307126998901,-0.1153991301444534,0.03370612859725958,0.03851062059402466,-0.14905729190383,0.03831684589385986,0.028866946697235107,-0.1491493512776855,0.01088804006576538,0.03710615634918213,-0.1500724186089996
2.0,0.0,0.0,0.0,-0.040003627538680975,-0.1677926778793335,-0.034484393696402514,-0.11385518312454218,-0.3365103602409363,-0.04958958531460662,-0.1756343990564346,-0.45864576101303106,-0.062354191939448314,-0.2365592718124389,-0.5626748502254486,-0.07002783546886342,-0.19874188303947452,-0.26881593465805054,-0.05250485594115162,-0.0496600866317749,-0.36557480692863464,-0.09704881141624351,-0.03566500544548029,-0.30305933952331543,-0.12168101201496022,-0.0822480320930481,-0.2624693512916565,-0.1421976758047094,-0.1832251250743866,-0.16373318433761597,-0.06008711064896482,-0.007981419563293402,-0.2787711024284363,-0.10098935643873112,-0.014299213886260986,-0.21600955724716187,-0.11297634969196221,-0.06208699941635132,-0.1790418028831482,-0.12940186987361812,-0.1449309885501861,-0.0678214430809021,-0.07269732634267712,0.01846671104431158,-0.18019109964370728,-0.11088587323865792,0.013577520847320612,-0.12661683559417725,-0.10827353576860331,-0.028126001358032227,-0.09736031293869019,-0.11093261818132302,-0.09701201319694519,0.0099107027053833,-0.09024485925874612,0.030518651008606013,-0.0890389084815979,-0.12241914103469752,0.02578380703926092,-0.06360828876495361,-0.1305177284284582,-0.011606454849243109,-0.032178640365600586,-0.13794884810886282
2.0,0.0,0.0,0.0,-0.13306957483291632,-0.09437978267669678,-0.044457655082680916,-0.2768079042434693,-0.17492884397506714,-0.06676714463088722,-0.3836406469345093,-0.2053532600402832,-0.08558450980041242,-0.46586471796035767,-0.2131696343421936,-0.09748979253623702,-0.2415297031402588,-0.07278233766555786,-0.07982647759769172,-0.19494634866714478,-0.28567248582839966,-0.1396898214325688,-0.1648869812488556,-0.23271161317825317,-0.170155841539838,-0.1847293376922608,-0.16382604837417603,-0.19143170459125253,-0.16467690467834478,-0.023619115352630615,-0.08674607021663401,-0.10684159398078918,-0.2759038805961609,-0.13973875684592932,-0.09561535716056829,-0.19490939378738403,-0.14622016591880532,-0.11658471822738647,-0.12397831678390503,-0.1574159298643849,-0.09041494131088257,0.00011074542999267578,-0.10044435752485012,-0.03553801774978638,-0.236780047416687,-0.1426992897496006,-0.03177633881568909,-0.15641826391220093,-0.13294394655082442,-0.055385977029800415,-0.09534823894500732,-0.13044251842353552,-0.023925244808197077,0.00603407621383667,-0.12092949790809361,0.014677941799163818,-0.18047195672988892,-0.14745708150718423,0.013951897621154785,-0.12364435195922852,-0.14989312333915442,-0.0003534555435180664,-0.05860912799835205,-0.1556360159621021
2.0,0.0,0.0,0.0,-0.10657781362533575,-0.09431111812591553,-0.05067775232606657,-0.21867972612380981,-0.18050938844680786,-0.08128930462413557,-0.30743443965911865,-0.2292302250862122,-0.10585179014020688,-0.38612128794193273,-0.266108512878418,-0.12637474221997988,-0.16207584738731384,-0.07490229606628418,-0.10708889944368137,-0.09195995330810552,-0.2854263782501221,-0.16100200099759826,-0.08643350005149841,-0.2394077181816101,-0.18886049670987856,-0.11535173654556274,-0.17490214109420776,-0.20995805246644747,-0.08791163563728333,-0.01912456750869751,-0.11016260666661987,-0.017410457134246826,-0.26062077283859253,-0.15075658840947878,-0.028247594833374023,-0.1929408311843872,-0.15142973346524966,-0.05613112449645996,-0.1262432336807251,-0.16440062804036867,-0.019766926765441895,0.011532783508300781,-0.11756685210281147,0.04474222660064697,-0.2167963683605194,-0.15056670291238558,0.030287563800811768,-0.15294986963272095,-0.13524404747300878,-0.000321805477142334,-0.09971952438354492,-0.13370897455030217,0.03921562433242798,0.022887706756591797,-0.13212620301061406,0.08798420429229736,-0.1561957597732544,-0.15537925643735656,0.07498085498809814,-0.1172991394996643,-0.15337554199510348,0.05480945110321045,-0.06135469675064087,-0.15906690640264287
2.0,0.0,0.0,0.0,-0.0894964337348938,-0.16017168760299683,-0.021393394052779513,-0.1877585947513581,-0.30085331201553345,-0.03430151003578882,-0.2741591632366181,-0.38062590360641485,-0.047579565971886915,-0.3509843200445176,-0.43936121463775635,-0.055548077404296216,-0.20101150870323187,-0.2567971348762513,-0.048709148496186516,-0.10169550776481628,-0.39921885728836065,-0.09288578662255982,-0.07654696702957153,-0.33997416496276855,-0.11275930139402131,-0.09980481863021856,-0.29336088895797735,-0.12731860014775973,-0.14990180730819708,-0.181099534034729,-0.06273386809209562,-0.029775500297546387,-0.34010377526283264,-0.09886054131368381,-0.02455681562423706,-0.26986497640609747,-0.10241538467982991,-0.04983013868331909,-0.22344404458999634,-0.11176178786138272,-0.0922292172908783,-0.11685556173324585,-0.08102767351249432,0.019233524799346924,-0.27018848061561584,-0.11551549467424131,0.017973601818084717,-0.20667982101440435,-0.10925275269130451,-0.008601963520050049,-0.16964346170425415,-0.10863238754848221,-0.03180372714996338,-0.06921923160552979,-0.10231786403039672,0.060913801193237305,-0.19645920395851135,-0.1262802425322888,0.0571894645690918,-0.15528398752212524,-0.1272278222737668,0.02995377779006958,-0.11287224292755127,-0.13029391500333531
2.0,0.0,0.0,0.0,-0.0544779896736145,-0.15613430738449097,-0.03586729598964665,-0.14300489425659185,-0.3134968280792237,-0.05097905901993725,-0.2147524356842041,-0.4223533272743225,-0.06437698734725925,-0.27638691663742065,-0.5161656737327576,-0.07159604860271425,-0.20882502198219305,-0.2656625509262085,-0.03883470205391855,-0.06893301010131836,-0.3647673130035401,-0.08583411557401625,-0.05345863103866577,-0.2956686615943909,-0.11021166277851076,-0.09131300449371338,-0.264891654253006,-0.12879608554567304,-0.18729737401008612,-0.17667758464813232,-0.04434839619125335,-0.02333146333694458,-0.2850439250469208,-0.08609063906396835,-0.027679502964019775,-0.2144197821617127,-0.09470838291372265,-0.06706637144088745,-0.18214160203933716,-0.10566142184461565,-0.1516945064067841,-0.09606188535690308,-0.057291231879844355,0.0005599856376647949,-0.20170876383781433,-0.09872093034709906,-0.002843022346496582,-0.14068812131881714,-0.09901632351602525,-0.040522098541259766,-0.11442261934280396,-0.10095413012231795,-0.10502773523330694,-0.034683823585510254,-0.07510671747650115,0.026715397834777832,-0.11386978626251221,-0.10874383134569135,0.029224812984466553,-0.07183176279067993,-0.11967618001426665,-0.006379067897796631,-0.03466874361038208,-0.12772297842229816
2.0,0.0,0.0,0.0,0.05028089880943298,-0.16267579793930054,-0.030092589144487612,0.07103216648101812,-0.3293216824531555,-0.047366723005552516,0.0762128233909607,-0.4527848958969116,-0.06250405270316141,0.06748306751251221,-0.5690936148166658,-0.07167716283061051,-0.011826932430267278,-0.3472553491592407,-0.06430447805382751,0.14526617527008062,-0.3194524347782135,-0.11290018964268711,0.13062685728073126,-0.26018130779266363,-0.13580796081282642,0.0801531970500946,-0.2628430426120758,-0.1528436239407255,-0.037810057401657104,-0.2572003901004791,-0.07468055147387531,0.14573943614959722,-0.22140854597091675,-0.12173288274266261,0.1134865283966065,-0.17625010013580322,-0.13171218294360182,0.06360983848571777,-0.1837887167930603,-0.1433624174044325,-0.04432767629623413,-0.15471452474594116,-0.08850123692013762,0.12759155035018926,-0.12467586994171143,-0.131085931842108,0.10123693943023687,-0.08986902236938477,-0.12431997019507432,0.058441221714019775,-0.09931755065917969,-0.12078891653277421,-0.0371871292591095,-0.055713951587677,-0.10624296176888491,0.10186094045639044,-0.040406227111816406,-0.1413175161526396,0.09273269772529608,-0.0355679988861084,-0.1465941961453154,0.055830121040344294,-0.04636788368225098,-0.14944337267138502
2.0,0.0,0.0,0.0,0.08681002259254461,-0.021546006202697754,-0.04969212239336684,0.15947148203849798,-0.08401519060134888,-0.08616687928986264,0.22984167933464056,-0.12098777294158941,-0.11829331343722053,0.2899261415004731,-0.165874183177948,-0.14562359278750134,0.08387705683708191,-0.243917316198349,-0.08729496424746223,0.11345845460891729,-0.08405047655105591,-0.13969105308603955,0.1128112673759461,-0.0391196608543396,-0.16453884368490884,0.1061106026172638,-0.07269519567489624,-0.18076385384154034,-0.0008674263954162043,-0.2364896833896637,-0.08789405053209974,0.050124078989028986,-0.031335294246673584,-0.12754700904440594,0.060473680496215876,-0.0016784071922302246,-0.12624665921282482,0.051134794950485285,-0.05276679992675781,-0.12760434871267984,-0.06833019852638239,-0.1912887692451477,-0.09390709375691124,-0.0158139169216156,-0.00536036491394043,-0.12743265753340433,0.0015553832054138739,0.02060377597808838,-0.10477258091520973,-0.005811810493469183,-0.023916661739349365,-0.09010758077454284,-0.12426489591598511,-0.13045290112495428,-0.10748608236860943,-0.0840211808681488,0.010174274444580078,-0.13438163524222083,-0.06248867511749262,0.03934180736541748,-0.12701472466540054,-0.06409046053886408,0.014663100242614746,-0.11885192816805554
2.0,0.0,0.0,0.0,0.07493960857391363,0.04342430830001831,-0.06211970709745167,0.17112046480178839,0.04699307680130005,-0.10376838930432086,0.2514758706092835,0.06871908903121948,-0.13813676275793796,0.3248587846755982,0.08599215745925903,-0.16702132262770417,0.14012098312377935,-0.1891260147094727,-0.08720384128872637,0.093892902135849,-0.055890887975692805,-0.13634971119944336,0.08315175771713262,-0.00021207332611083984,-0.16162854768816706,0.10109400749206549,-0.0263441801071167,-0.17829786576811557,0.07292762398719788,-0.2374289631843567,-0.08061607517782927,0.019517123699188288,-0.0670932829380036,-0.11859298088137386,0.02283743023872381,-0.011107325553894098,-0.12124143131558177,0.04534134268760681,-0.044656008481979426,-0.12520286776606326,0.006711512804031428,-0.2484496831893921,-0.07976940609995607,-0.0403483510017395,-0.0922505259513855,-0.11348882653300046,-0.03314796090126032,-0.03524771332740784,-0.09892836548868897,-0.010580182075500488,-0.0605388879776001,-0.08936632015291927,-0.0575802326202392,-0.24373960494995123,-0.08686602451388117,-0.0993021428585052,-0.1285062730312348,-0.10867961831871747,-0.09094434976577759,-0.07707816362380981,-0.10102970488850357,-0.07038873434066767,-0.08776792883872991,-0.09352559932057147
2.0,0.0,0.0,0.0,0.04253897070884699,0.07286220788955688,-0.0778437984647268,0.129034161567688,0.11949986219406128,-0.1294673962058539,0.20794925093650818,0.18299108743667603,-0.16877513951678222,0.27709928154945374,0.23481440544128418,-0.1997310651006216,0.1555488407611847,-0.1277710199356079,-0.12225113636870331,0.0641657412052154,-0.0356490314006806,-0.1771067959727759,0.04746761918067932,0.009370803833007812,-0.1968008411588186,0.08272004127502441,-0.014140486717224121,-0.2092268896760458,0.11458447575569153,-0.2049953937530518,-0.10963820493836351,0.0046955049037932794,-0.0869650542736054,-0.1558066589297766,-0.003197610378265381,-0.027539283037185724,-0.1529250425757879,0.030703097581863403,-0.04966774582862854,-0.1511679125489706,0.06142917275428772,-0.2465474605560303,-0.10205662823338452,-0.034740000963211115,-0.1405075490474701,-0.1443260592879767,-0.041472405195236206,-0.07130199670791632,-0.12011325932164141,-0.009232431650161799,-0.08110904693603521,-0.10190145499129241,0.0031022429466247003,-0.2708212584257126,-0.1033107546629423,-0.07184198498725891,-0.1983050405979157,-0.1313564313115591,-0.0727584958076477,-0.13609188795089722,-0.11897932565827311,-0.04306408762931829,-0.12895753979682922,-0.10601620203871671
2.0,0.0,0.0,0.0,0.03238865733146662,0.03863304853439331,-0.08677133553391052,0.1025793850421905,0.06484413146972656,-0.1459238418257768,0.17810913920402527,0.13074129819869995,-0.1912182905591066,0.24305889010429382,0.1997901201248169,-0.223812166682535,0.1653248369693756,-0.19984513521194458,-0.11614158385162902,0.0537567138671875,-0.15109667181968695,-0.1788499542391832,0.037692934274673406,-0.09230098128318787,-0.2062235661662157,0.08301684260368342,-0.10067909955978394,-0.2229896374857958,0.1350222527980804,-0.27765229344367987,-0.10108370714550571,0.00940638780593872,-0.21610862016677856,-0.15161843978529532,-0.005066484212875366,-0.14048442244529724,-0.15075582646494462,0.03935703635215759,-0.15423995256423956,-0.14857423686152052,0.08885127305984492,-0.32282617688179016,-0.09398665659790592,-0.018138676881790217,-0.265312358736992,-0.13904732846384601,-0.03269878029823309,-0.18384072184562683,-0.11615532272224982,0.005308330059051514,-0.18820065259933477,-0.09830638401871282,0.036482781171798706,-0.3462919890880586,-0.09680030130510882,-0.04829442501068121,-0.31204977631568914,-0.12346049033766342,-0.05467560887336731,-0.24587398767471313,-0.11086569362049652,-0.022127926349639893,-0.23347651958465576,-0.09771342956190662
2.0,0.0,0.0,0.0,0.04185599088668829,0.05602803826332092,-0.07079196751945457,0.1221422553062439,0.09117695689201355,-0.11772504479520757,0.19344240427017217,0.14521905779838562,-0.15388366610639537,0.2501888275146485,0.1944662630558014,-0.17999278039567906,0.1442084014415741,-0.15834781527519226,-0.10404408753745997,0.049084812402725275,-0.08639159798622137,-0.15537519783609346,0.0379284024238587,-0.03395631909370428,-0.1756394359552189,0.07496044039726257,-0.052922189235687256,-0.18931341201894716,0.1038365364074707,-0.235439881682396,-0.09478050500982248,-0.007745921611785833,-0.1429225504398346,-0.13850218088262517,-0.013749480247497503,-0.070689857006073,-0.13744798333280528,0.022143632173538264,-0.08669385313987737,-0.13752907545202217,0.0526766180992127,-0.2747133523225785,-0.09094303131931267,-0.042572200298309326,-0.19388072192668918,-0.12990050048463786,-0.049146056175231934,-0.11603760719299316,-0.10754092068307837,-0.016701877117156927,-0.12574836611747747,-0.09203037650220827,-0.002510309219360296,-0.2912871539592743,-0.09545100510948137,-0.07792131602764132,-0.24150671064853668,-0.11922344596021617,-0.0780262798070907,-0.17709815502166748,-0.10605300993555028,-0.04745244979858393,-0.16894307732582098,-0.09394882650011027
2.0,0.0,0.0,0.0,0.05576679110527033,0.048778682947158813,-0.0637592883949196,0.14071139693260193,0.06729933619499207,-0.10846349468278049,0.21467339992523193,0.1109251081943512,-0.143426722491256,0.27738046646118164,0.13944688439369202,-0.1711451472883141,0.0997566282749176,-0.15431523323059082,-0.11400486400174259,0.02598965167999262,-0.025034874677658137,-0.15874465426253428,0.030028223991394043,0.013737171888351385,-0.1742330404167091,0.05457916855812073,-0.013403743505477905,-0.1845879765396034,0.04416763782501221,-0.2155839204788208,-0.10480403026389239,-0.04851989448070529,-0.04529425501823431,-0.14092791696833729,-0.03256928920745858,-0.006689339876174927,-0.141953116858474,-0.0026642084121704657,-0.038208216428756714,-0.1466660859231865,-0.013438314199447687,-0.23879176378250122,-0.09791480621146319,-0.09567672014236459,-0.08845686912536621,-0.12790986021803968,-0.07839030027389529,-0.041178613901138306,-0.11198437085198519,-0.05039103329181677,-0.06703424453735352,-0.1041921662335312,-0.07648928463459018,-0.24116545915603643,-0.09866993000554199,-0.13866870105266577,-0.1287344992160797,-0.11826529225157849,-0.12272317707538608,-0.08821463584899902,-0.1099252240900909,-0.09474080801010137,-0.10745236277580261,-0.10386968275355449
2.0,0.0,0.0,0.0,0.024269044399261502,-0.14496475458145142,-0.007444293917558279,0.05163624882698059,-0.2730288505554199,-0.03398204150556688,0.06469649076461798,-0.38620483875274664,-0.06012331995128758,0.058778166770935114,-0.4738932549953461,-0.08255472707509168,0.1468095183372498,-0.22449654340744019,-0.058358724442712076,0.2523854672908783,-0.23790866136550903,-0.07219774204253318,0.23940867185592657,-0.21889466047286987,-0.06864801722525718,0.21366196870803839,-0.21118104457855225,-0.06486239212512138,0.1659559607505799,-0.13250207901000977,-0.06637341457366118,0.2600745260715485,-0.15649259090423584,-0.06909801739215019,0.22806447744369507,-0.1500701904296875,-0.05355364385007988,0.18926769495010382,-0.14010053873062134,-0.047978575555077875,0.1752488017082215,-0.04479724168777466,-0.07156016605853208,0.2642100751399994,-0.07715308666229248,-0.06671908426045547,0.2333954274654389,-0.07356643676757812,-0.03872748392581108,0.19369235634803778,-0.0609971284866333,-0.026818008375755577,0.1801403164863587,0.036033809185028076,-0.07696361768006448,0.25164133310318,-0.00034928321838378906,-0.06762792098282938,0.2233207225799561,-0.0029744505882263184,-0.04046974259375698,0.19113868474960327,0.00519794225692749,-0.024265446913830077
2.0,0.0,0.0,0.0,0.028118699789047297,-0.15771138668060303,-0.013839327842049352,0.0675301402807236,-0.31164318323135376,-0.04585426963870985,0.07636572420597079,-0.4409846067428589,-0.07817979075019815,0.06366430222988129,-0.5434325337409973,-0.10490032203500725,0.1430855989456177,-0.25405579805374146,-0.07250413216655716,0.28565187752246857,-0.2726839780807495,-0.10743695415561655,0.2412782460451127,-0.24707245826721191,-0.11721970058982825,0.1883618086576462,-0.23885267972946167,-0.11888200707738855,0.160172775387764,-0.14313656091690063,-0.08367806591098766,0.29208512604236614,-0.18070363998413086,-0.10137074358766535,0.246874675154686,-0.16999667882919312,-0.09154324896638855,0.1964222043752671,-0.15973490476608276,-0.08739695616071685,0.17146022617816928,-0.03928452730178833,-0.09373989619319895,0.29220600426197063,-0.09034234285354614,-0.10121531702583295,0.25022225081920635,-0.08252859115600586,-0.07076603092258435,0.2007997781038285,-0.06749153137207031,-0.053705531284265355,0.18059854209423068,0.052964091300964355,-0.10461124695842725,0.27206553518772125,-0.0016872286796569824,-0.09966538019483545,0.239360198378563,-0.0024536848068237305,-0.06816962279384595,0.2006527930498124,0.011444926261901855,-0.04783825121825195
2.0,0.0,0.0,0.0,0.015044018626213101,-0.1539934277534485,-0.014881231389495018,0.0429703444242478,-0.30569401383399963,-0.04794931647882092,0.0445742458105087,-0.43110817670822144,-0.08134189856752981,0.028588458895683316,-0.5349897742271423,-0.10936977577910052,0.11843729019165042,-0.24887847900390625,-0.07753328097567191,0.2611814886331558,-0.27626270055770874,-0.11528353256687751,0.2209455519914627,-0.2530207633972168,-0.125672160215231,0.17033271491527563,-0.24093008041381836,-0.1270616785953961,0.1383123397827149,-0.1393676996231079,-0.08916275811895952,0.2732803374528885,-0.18462973833084106,-0.11077376318678482,0.22936581075191503,-0.17478013038635254,-0.10036265713677031,0.18019594252109533,-0.16034924983978271,-0.09532680971130952,0.1550918072462082,-0.03900879621505737,-0.09984577310785872,0.2783756703138352,-0.09608900547027588,-0.11079668117270101,0.23666338622570043,-0.08637070655822754,-0.07853992892012222,0.18909992277622228,-0.06677162647247314,-0.05966183406815162,0.1709408313035965,0.050116539001464844,-0.11149059844717611,0.2655208855867386,-0.0074402689933776855,-0.10876038534149751,0.23270471394062042,-0.002951323986053467,-0.07629730416044822,0.19439305365085602,0.014436602592468262,-0.05521701512441262
2.0,0.0,0.0,0.0,0.017700530588626806,-0.15365159511566162,-0.014827377310496012,0.0516915172338485,-0.3099545538425446,-0.04586999319354841,0.0556665658950805,-0.4375516772270203,-0.0772937705353911,0.03853164613246919,-0.5411921441555023,-0.1029406061009581,0.1219119429588318,-0.25571930408477783,-0.07179796151677911,0.2678642123937607,-0.280239999294281,-0.11008831314603632,0.22983519732952118,-0.25609415769577026,-0.12059807233373471,0.18033434450626368,-0.2442743182182312,-0.12183332644264051,0.14043408632278442,-0.1472824215888977,-0.0832435583309347,0.27963323891162867,-0.19134032726287842,-0.1060144474343473,0.23594455420970917,-0.17943382263183594,-0.09596754066507171,0.1860610693693161,-0.16539287567138672,-0.0901098718480284,0.15724296867847437,-0.047129690647125244,-0.094387108607691,0.2827496975660324,-0.10356652736663818,-0.10654327474395581,0.24093125760555267,-0.09153586626052856,-0.07523536883155652,0.1932092159986496,-0.0727887749671936,-0.05603328920761891,0.1740333884954452,0.042456984519958496,-0.10652420125762771,0.2682408541440964,-0.015043258666992188,-0.10440141908685512,0.23668409883975977,-0.008808672428131104,-0.07343676887313672,0.1992754191160202,0.006864011287689209,-0.05295595355192971
2.0,0.0,0.0,0.0,0.03176286816596979,-0.1553477644920349,-0.009126271660932118,0.06552508473396301,-0.2985033690929413,-0.03987108783752542,0.07138976454734797,-0.4224229156970978,-0.07177116589576822,0.060345858335494995,-0.523194819688797,-0.09949499981433972,0.15076282620429987,-0.22578346729278564,-0.06237259002358542,0.2713926136493683,-0.2499716877937317,-0.09286346154243572,0.2368143200874328,-0.23529714345932007,-0.10320223735601522,0.19089284539222717,-0.22140908241271973,-0.10552979873449422,0.1664488017559051,-0.12047415971755981,-0.07289734350473502,0.2810872495174408,-0.1575993299484253,-0.08474830405742742,0.24424013495445251,-0.15712279081344604,-0.07483944164545162,0.1976697146892547,-0.14080679416656494,-0.07206699864894972,0.1773074567317962,-0.021783769130706787,-0.08206813650161841,0.2818494141101837,-0.06579118967056274,-0.08324679600031001,0.2472232580184936,-0.06724351644515991,-0.05562671514184102,0.20263883471488947,-0.049085259437561035,-0.04256439449221712,0.1861632764339447,0.06809002161026001,-0.09188081191808802,0.27369853854179377,0.020605504512786865,-0.08237052576572522,0.2422046661376953,0.01371699571609497,-0.051916553247281116,0.2040787637233734,0.027677595615386963,-0.03348405899436102
2.0,0.0,0.0,0.0,0.035635292530059814,-0.15638846158981323,-0.0061498482907608835,0.069345623254776,-0.2933224439620972,-0.03678108688541208,0.08376035094261175,-0.4151713848114014,-0.06870929833598888,0.07690569758415222,-0.5196298360824585,-0.09718245204635419,0.1747738122940064,-0.22928649187088013,-0.05471092771836079,0.2890503406524659,-0.24907100200653076,-0.07832191821285048,0.25744587182998663,-0.22456985712051392,-0.08738198813148298,0.20898121595382696,-0.21341407299041748,-0.09039197798915659,0.19569540023803716,-0.13452446460723877,-0.06474507536836419,0.29426556825637823,-0.16011708974838257,-0.06705375697561058,0.26181733608245855,-0.14305400848388672,-0.05845998164363658,0.217711091041565,-0.13341975212097168,-0.059597722553689884,0.20526689291000372,-0.03866642713546753,-0.07257030841060438,0.29341053962707525,-0.06664323806762695,-0.06417068030782498,0.2634313106536866,-0.05614548921585083,-0.03966318007655898,0.21988457441329962,-0.0467219352722168,-0.03270257946201118,0.20908707380294805,0.05044281482696533,-0.08090902056642328,0.27655225992202764,0.01322627067565918,-0.06805389311261928,0.24653333425521856,0.015341758728027344,-0.04009513493724618,0.21146821975708013,0.025259315967559814,-0.024399756752927684
2.0,0.0,0.0,0.0,0.0364446640014649,-0.16616463661193848,-0.0061473221977053055,0.07043409347534185,-0.30026572942733765,-0.030162549530416506,0.09097427129745489,-0.4192483425140381,-0.05396553217366311,0.09033322334289556,-0.5164001882076263,-0.07360956906273941,0.21383959054946905,-0.22153571248054504,-0.039677501608878105,0.2871419191360474,-0.21739181876182556,-0.035016403486281406,0.26125884056091314,-0.19753497838974,-0.022606463124304806,0.22178286314010626,-0.1929931640625,-0.015355851453989506,0.23402333259582525,-0.11806410551071167,-0.0447517083485422,0.2816953659057618,-0.12270194292068481,-0.026822709431201006,0.24840360879898077,-0.11336392164230347,-0.012780742672532507,0.20891737937927252,-0.10502296686172485,-0.013451889110058306,0.2347871065139771,-0.01922428607940674,-0.045961075415164004,0.27893912792205816,-0.034397244453430176,-0.024687492241412107,0.24892121553421026,-0.02891439199447632,-0.004730270196944206,0.20850461721420294,-0.021896839141845703,-0.003472313936129006,0.22721505165100103,0.06948328018188477,-0.04756223498776531,0.27062451839447027,0.04866623878479004,-0.029647151892334005,0.2428370118141175,0.04375791549682617,-0.005986445070504906,0.21007722616195684,0.0478055477142334,0.006267935550510994
2.0,0.0,0.0,0.0,0.033511340618133545,-0.16782516241073608,-0.004951868117018368,0.07351875305175781,-0.3003696799278259,-0.026210250243707368,0.10363411903381348,-0.42151898145675665,-0.04647029368595667,0.10181057453155518,-0.5191889405250549,-0.06273035137371606,0.2411811351776123,-0.22836089134216314,-0.03798566935972757,0.3005026578903198,-0.20704972743988037,-0.028311181724234268,0.2648876905441284,-0.18863096833229065,-0.014321369029744268,0.223058819770813,-0.19069966673851013,-0.007664624978019668,0.2666059136390686,-0.12397241592407227,-0.04102629973010607,0.2868678569793701,-0.11061882972717285,-0.015812348485155767,0.2471790313720703,-0.10022366046905518,-0.0015523679593342677,0.20952844619750977,-0.09666574001312256,-0.0043473852837222675,0.26489150524139404,-0.020603060722351074,-0.039163680657907166,0.2787756323814392,-0.02146446704864502,-0.012137192212207968,0.24480044841766357,-0.015142977237701416,0.006193432114855533,0.2047591209411621,-0.014104485511779785,0.004377006642357532,0.25229525566101074,0.06973659992218018,-0.037955002769990566,0.2654113173484802,0.06756860017776489,-0.015721013680263168,0.23288190364837646,0.06492525339126587,0.005809765398339532,0.2012297511100769,0.06393498182296753,0.015651859432296033
2.0,0.0,0.0,0.0,-0.00165480375289917,-0.12413376569747925,-0.0420903541321422,-0.022419363260269165,-0.22948122024536133,-0.0641896292740966,-0.045296162366867065,-0.31763476133346563,-0.082667396980014,-0.054640114307403564,-0.38204145431518555,-0.0895545646721984,-0.15562634915113457,-0.18704932928085327,-0.0186121273959543,-0.20747765153646477,-0.2097843885421753,-0.0651854589755203,-0.14535689353942877,-0.1870308518409729,-0.08372920902320401,-0.12674383819103247,-0.1781509518623352,-0.0872004717762138,-0.16627328842878347,-0.11216109991073608,-0.012213963660087701,-0.20823653042316437,-0.13547617197036743,-0.054192712175336,-0.12570889294147497,-0.11439311504364014,-0.0564133167440559,-0.13204684853553778,-0.11439663171768188,-0.0473738327796127,-0.17556886374950417,-0.043072521686553955,-0.0150214569816853,-0.21099443733692178,-0.06113457679748535,-0.0556863337928916,-0.14054974913597107,-0.051001667976379395,-0.0383917108351852,-0.14882074296474457,-0.053777873516082764,-0.0161943674261237,-0.18553372472524648,0.02279001474380493,-0.0217814255679513,-0.21253177523612976,0.009925007820129395,-0.0367336139256622,-0.16369031369686127,0.005493104457855225,-0.0163286380643512,-0.15612579882144928,0.0072190165519714355,0.0049716358830664
2.0,0.0,0.0,0.0,0.0005373954772949219,-0.11792248487472534,-0.038816888265841884,-0.019012451171875,-0.22343766689300537,-0.05981696807646129,-0.04319185018539426,-0.3038318753242493,-0.07749962099694578,-0.04845520853996277,-0.3658459484577179,-0.08407857307099668,-0.14759775996208185,-0.1803652048110962,-0.021152638279431788,-0.20462219417095187,-0.2008851170539856,-0.06684505977534619,-0.14099149405956268,-0.17727327346801758,-0.08443120160006849,-0.11978231370449066,-0.17060381174087524,-0.08740823753976198,-0.15857362002134318,-0.10638374090194702,-0.015700132035249188,-0.20354598760604858,-0.12958842515945435,-0.055692639582389285,-0.12215282022953028,-0.10766297578811646,-0.056448460005753986,-0.12657929956912997,-0.10918402671813965,-0.047123887025350086,-0.16877928376197818,-0.039747536182403564,-0.018614108123415386,-0.20619498193264008,-0.05779087543487549,-0.056366321079963186,-0.13750009238719937,-0.04458582401275635,-0.03705893494986859,-0.14341214299201968,-0.04850935935974121,-0.014275842726760787,-0.17839520424604416,0.024543464183807373,-0.02524827645027009,-0.20886412262916568,0.014097750186920166,-0.03747706153296799,-0.16086500883102417,0.011701524257659912,-0.015327598348790087,-0.1505414247512818,0.012511253356933594,0.006663785866862713
2.0,0.0,0.0,0.0,-0.0002103149890899103,-0.11762785911560059,-0.039336112525518274,-0.016290038824081393,-0.2208031415939331,-0.05976175629740508,-0.038888961076736395,-0.3042996525764466,-0.07707949095612318,-0.04480931162834159,-0.3662322461605072,-0.08333713674193177,-0.1461766213178634,-0.18217498064041138,-0.015863352652843277,-0.2026060968637466,-0.2011852264404297,-0.06171826013570578,-0.1413948982954025,-0.1775904893875122,-0.08027082794552598,-0.1174266636371612,-0.1702898144721985,-0.08316762113219048,-0.1576329916715622,-0.10903888940811157,-0.009844585519488178,-0.2036690264940261,-0.13063335418701172,-0.05004736521487978,-0.122406393289566,-0.10839319229125977,-0.05192085468416958,-0.1229429244995117,-0.1111488938331604,-0.04254299515133648,-0.16772867739200592,-0.04223990440368652,-0.012748222995753577,-0.2058817595243454,-0.05921447277069092,-0.05143857115155008,-0.13664484024047852,-0.04568105936050415,-0.033399165805633374,-0.1393570899963378,-0.05026155710220337,-0.010430731076951277,-0.1766579523682594,0.023024380207061768,-0.019394857075269476,-0.2084524780511856,0.010953545570373535,-0.03195405864363458,-0.1599067524075508,0.008695781230926514,-0.010035400476510777,-0.14787282794713968,0.00865393877029419,0.012398624595050423
2.0,0.0,0.0,0.0,-0.002311527729034424,-0.11931216716766357,-0.03831121373278271,-0.01665407419204712,-0.21941113471984863,-0.05904903310639042,-0.03567418456077581,-0.3030875325202942,-0.07767041447860372,-0.04448786377906802,-0.3631518483161927,-0.08616090986234322,-0.15028414875268942,-0.17710286378860474,-0.008557633043352516,-0.19445235282182682,-0.20887452363967896,-0.056181934208694814,-0.13741114735603333,-0.18062162399291992,-0.07991718176108972,-0.12570605427026751,-0.16626739501953125,-0.08765250864726681,-0.16580692306160932,-0.10611611604690552,-0.003896915598858116,-0.20396900177001942,-0.1387297511100769,-0.051926523924890916,-0.12801763042807582,-0.11443734169006348,-0.06279677572948111,-0.1317127570509911,-0.10651254653930664,-0.058779106021944416,-0.17710806429386142,-0.03854477405548096,-0.008258206316355616,-0.20952925831079472,-0.06866216659545898,-0.053882923455063216,-0.1415639072656632,-0.05149054527282715,-0.04224549281698842,-0.1496692560613155,-0.0454869270324707,-0.022499802068892814,-0.1877918317914009,0.026563525199890137,-0.015828878165308417,-0.21349541097879401,0.00030344724655151367,-0.034528516710821515,-0.16456548869609833,0.004433751106262207,-0.018026501418177018,-0.1581980362534523,0.01189279556274414,0.000758763856168784
2.0,0.0,0.0,0.0,0.0042795538902282715,-0.11405235528945923,-0.04136703709480111,-0.018564671277999933,-0.22577756643295288,-0.06231546575543231,-0.04133468866348272,-0.31084120273590093,-0.0789608302187616,-0.04897505044937134,-0.3728270530700684,-0.0856681483459169,-0.14076507091522222,-0.18768274784088135,-0.028510132677524707,-0.1808384954929352,-0.21191883087158203,-0.07103876943108381,-0.12190514802932742,-0.17892277240753174,-0.08714881712910481,-0.10903209447860723,-0.1687130331993103,-0.09166265452620331,-0.154993623495102,-0.1178010106086731,-0.02313979702410051,-0.18634453415870672,-0.14381170272827148,-0.06264832044359991,-0.1098936796188355,-0.11666589975357056,-0.06368088150736631,-0.1160027086734772,-0.1167256236076355,-0.05622567037460151,-0.1650196164846421,-0.05180877447128296,-0.02542917976495571,-0.1929303109645844,-0.07225078344345093,-0.0650312470864946,-0.12446613609790802,-0.056738436222076416,-0.047075906641452905,-0.1295010298490525,-0.05877429246902466,-0.026263179130523808,-0.173378586769104,0.012914597988128662,-0.03135506982323471,-0.19592578709125522,-0.0014953017234802246,-0.04807428816673101,-0.14703184366226202,-0.0021470189094543457,-0.02846518146213831,-0.13816842436790472,0.000900566577911377,-0.008842469997375608
2.0,0.0,0.0,0.0,0.0028068125247955322,-0.10647201538085938,-0.03628851424704744,-0.022459417581558172,-0.216760516166687,-0.05441836964141084,-0.046805679798126165,-0.298410713672638,-0.06926972742925834,-0.05597692728042597,-0.3556658625602722,-0.07530538316618154,-0.13729462027549738,-0.17835235595703125,-0.02523852649878214,-0.17238038778305048,-0.20224595069885254,-0.06122662823449324,-0.11669129133224487,-0.16929364204406738,-0.07351299699197963,-0.10626617074012756,-0.15899056196212769,-0.07742756929050634,-0.1517656147480011,-0.1124258041381836,-0.02201422627817344,-0.17935854196548456,-0.13727378845214844,-0.05668363671551894,-0.10643240809440607,-0.11031538248062134,-0.056133146842824944,-0.11226907372474665,-0.10898488759994507,-0.04918278705130774,-0.16011765599250788,-0.04855579137802124,-0.02536856334458544,-0.18531131744384768,-0.06799197196960449,-0.06105912800680354,-0.12004587054252619,-0.05145484209060669,-0.04270147111068914,-0.12481707334518427,-0.051123976707458496,-0.02329772848437974,-0.16605432331562037,0.015329837799072266,-0.03191322412143904,-0.18712821602821347,0.0024489164352416992,-0.04783735003124434,-0.14044302701950068,0.00023484230041503906,-0.028908801710116443,-0.13150939345359797,0.0017928481101989746,-0.01069261830102154
2.0,0.0,0.0,0.0,0.002000242471695002,-0.10323649644851685,-0.03138327860330034,-0.0194341242313385,-0.20687490701675415,-0.04911807813738274,-0.042034476995468084,-0.2851080894470215,-0.06533438601587704,-0.051720678806304876,-0.3434465527534485,-0.07410146930311604,-0.12487617135047913,-0.17295348644256592,-0.01858985685800004,-0.157032161951065,-0.19926989078521729,-0.05148633831237244,-0.103797048330307,-0.16910868883132935,-0.06263510027025625,-0.09295359253883362,-0.15709561109542847,-0.06647996493671825,-0.1411932408809662,-0.11242544651031494,-0.017735644067272443,-0.1632570326328277,-0.13735055923461914,-0.04934342094753674,-0.09522080421447748,-0.11140471696853638,-0.048861573273882145,-0.1018444299697876,-0.10848808288574219,-0.04305216559265544,-0.1492927074432373,-0.051017940044403076,-0.02318706252668784,-0.16793093085289001,-0.07328975200653076,-0.05685572215412544,-0.10785707831382751,-0.056094229221343994,-0.03923142218087604,-0.11357909440994263,-0.05227452516555786,-0.021330638612255343,-0.1546632945537567,0.012555718421936035,-0.03146318608020234,-0.1691829264163971,-0.004965066909790039,-0.048844395960315944,-0.1246547102928161,-0.006408810615539551,-0.03202863671873494,-0.11814355850219721,-0.003025054931640625,-0.015614330592200042
2.0,0.0,0.0,0.0,0.003307163715362549,-0.10194772481918335,-0.030570690409092535,-0.022763967514038086,-0.2124783992767334,-0.04689570598378613,-0.04335284233093262,-0.29224479198455816,-0.061544806585459334,-0.05167001485824585,-0.3491656184196473,-0.06938759319558584,-0.12554308772087103,-0.18493640422821045,-0.021688795537499934,-0.14388662576675415,-0.2108059525489807,-0.05129231222048244,-0.09389054775238043,-0.1764257550239563,-0.06061245583072143,-0.08816906809806824,-0.1617426872253418,-0.06485377334132633,-0.14672818779945374,-0.1260620355606079,-0.021725467295198034,-0.15380841493606573,-0.14907920360565186,-0.050927352980522735,-0.09099480509757996,-0.12171220779418945,-0.05063036911263903,-0.09903666377067571,-0.11630523204803467,-0.046395310089735534,-0.15557333827018743,-0.06339317560195923,-0.027388865948466835,-0.16072866320610052,-0.08294439315795898,-0.059091308043150534,-0.10377293825149542,-0.06679964065551758,-0.04416251637115914,-0.11056649684906011,-0.06020766496658325,-0.029599689767508135,-0.15936437249183655,-0.00010889768600463867,-0.03586039774194204,-0.16152149438858032,-0.01891195774078369,-0.053999264613537434,-0.11857545375823975,-0.019400835037231445,-0.04046737484708274,-0.11548838019371033,-0.013892889022827148,-0.027072447241096136
2.0,0.0,0.0,0.0,0.011865019798278809,-0.09488195180892944,-0.025367815052305752,-0.014780640602111816,-0.20313072204589844,-0.040810758252774755,-0.03281962871551514,-0.2847211360931397,-0.05715812929454955,-0.0388752818107605,-0.349254846572876,-0.06753347628298906,-0.1242479681968689,-0.1993710994720459,-0.01563856378677995,-0.14934206008911133,-0.24141144752502441,-0.052430847664510255,-0.11560642719268799,-0.22296041250228882,-0.06448449753705175,-0.09198838472366333,-0.1974872350692749,-0.06571918540183215,-0.15345805883407593,-0.14290982484817505,-0.01715659909430655,-0.12836116552352905,-0.15441709756851196,-0.050114845861827455,-0.06710457801818848,-0.12384599447250366,-0.04889119603220135,-0.06886351108551025,-0.11730599403381348,-0.04081367142978815,-0.16333389282226562,-0.07692337036132812,-0.025592450057302953,-0.12540936470031738,-0.08370167016983032,-0.06084040366593505,-0.07553249597549438,-0.06325376033782959,-0.04743448086563255,-0.08365774154663086,-0.05792820453643799,-0.03156835027519375,-0.16400480270385742,-0.008670210838317871,-0.036839684476291254,-0.13110369443893433,-0.016650855541229248,-0.05879069306436685,-0.08959317207336426,-0.01315540075302124,-0.04920182191315795,-0.09201598167419434,-0.011108338832855225,-0.03633727692547945
2.0,0.0,0.0,0.0,0.01960080862045288,-0.10072249174118042,-0.011161196704932687,0.0034837722778320312,-0.21420562267303467,-0.019440964523681686,-0.01689857244491577,-0.2937466502189637,-0.030839693460592288,-0.0253373384475708,-0.3558919131755829,-0.04121903582287698,-0.11219465732574463,-0.2085772156715393,-0.005777845352866886,-0.13634073734283447,-0.24330878257751465,-0.025383709657916087,-0.12924319505691528,-0.24377083778381348,-0.03684980301929379,-0.12211990356445312,-0.24026495218276978,-0.04377082242442039,-0.14608919620513916,-0.15608477592468262,-0.011794339593478686,-0.10857337713241577,-0.16345298290252686,-0.030771552313097986,-0.06349164247512817,-0.13593333959579468,-0.03534752382708459,-0.060343027114868164,-0.12281805276870728,-0.03674686579776669,-0.1561686396598816,-0.09295457601547241,-0.020838661778697087,-0.1096043586730957,-0.10262757539749146,-0.041709541071185186,-0.06954413652420044,-0.08363986015319824,-0.034894159723052084,-0.06902921199798584,-0.07403320074081421,-0.028621875409015687,-0.15643006563186646,-0.02686387300491333,-0.03173222272468479,-0.1112750768661499,-0.036238133907318115,-0.044436356712111484,-0.07689136266708374,-0.031895995140075684,-0.03824717058611778,-0.07505476474761963,-0.029466867446899414,-0.031403547812232084
2.0,0.0,0.0,0.0,0.02471262216567993,-0.11560273170471191,-0.015397679019883958,0.008340775966644287,-0.23504877090454102,-0.02412495385499366,-0.007130324840545654,-0.31418293714523315,-0.03416844825835596,-0.012429893016815186,-0.37307280302047735,-0.039603564847425256,-0.11716228723526001,-0.2264195680618286,-0.01239340934546356,-0.07809466123580933,-0.2538187503814697,-0.04146894435973536,-0.039565205574035645,-0.20439201593399048,-0.05765870954485306,-0.04775536060333252,-0.1811835765838623,-0.06766524161787396,-0.14688652753829956,-0.17164409160614014,-0.01890018578262696,-0.07437199354171753,-0.18781548738479614,-0.04406822468729386,-0.033477723598480225,-0.14657139778137207,-0.05056011672706966,-0.05188983678817749,-0.1326848864555359,-0.05403184141607646,-0.15407973527908325,-0.10967087745666504,-0.02924329969675906,-0.08207070827484131,-0.12241291999816895,-0.05307034771533376,-0.04371607303619385,-0.09522968530654907,-0.048424664843992056,-0.061320722103118896,-0.08359092473983765,-0.044303581077770056,-0.14974045753479004,-0.05011284351348877,-0.04179285835118656,-0.08918672800064087,-0.059617817401885986,-0.05445935573072796,-0.058990657329559326,-0.04745364189147949,-0.04995796080322626,-0.0695297122001648,-0.03752857446670532,-0.04501711200566656
2.0,0.0,0.0,0.0,0.03398719429969782,-0.13051453232765203,-0.012665142948435409,0.04075595736503601,-0.23232805728912354,-0.056518120403097706,0.03972324728965759,-0.31482553482055664,-0.09814236843089921,0.017802953720092718,-0.40812125802040106,-0.13473525428275931,-0.028554856777191162,-0.22830882668495184,-0.1530091741035448,0.08024153113365173,-0.24320617318153387,-0.2071904667566286,0.0839097797870636,-0.19347727298736572,-0.1997823842714296,0.05212286114692688,-0.17155462503433233,-0.1891349532554613,-0.037150561809539795,-0.15581497550010687,-0.1773680427024828,0.08527252078056335,-0.17371663451194763,-0.2215669878671633,0.0739956796169281,-0.11656686663627625,-0.17940893554191462,0.03794315457344055,-0.10323113203048706,-0.151763422126578,-0.03395187854766846,-0.07898366451263428,-0.2005165048788057,0.07665148377418518,-0.09367591142654419,-0.2376445063302981,0.06514880061149597,-0.052031517028808594,-0.1822834887454973,0.03378090262413025,-0.040836453437805176,-0.1477237322280871,-0.02449890971183777,-0.011846423149108887,-0.22582609736423362,0.0535149872303009,-0.013121604919433594,-0.2574887999246584,0.050526052713394165,-0.005859017372131348,-0.2399621733377443,0.028599977493286133,-0.0016369223594665527,-0.2272652515123354
2.0,0.0,0.0,0.0,0.04231703281402582,-0.13846358656883245,-0.018659934653669535,0.0674997866153717,-0.27259600162506104,-0.040352110071808035,0.06454294919967651,-0.36906349658966064,-0.061648000283867035,0.04764938354492182,-0.4546956866979599,-0.07758875216427433,0.025642067193984985,-0.2636722028255463,-0.06965512062492954,0.1508081555366516,-0.26483750343322754,-0.11465152378264064,0.13305950164794922,-0.21302220225334173,-0.13134855057182904,0.0935506820678711,-0.208655446767807,-0.14229829634609814,0.01714995503425598,-0.18376895785331726,-0.08429539228859534,0.1606099009513855,-0.19071641564369202,-0.12281485672178853,0.13075780868530273,-0.15138491988182073,-0.12138967986288654,0.09174591302871704,-0.14915722608566284,-0.12575612987461673,0.02054136991500849,-0.1048661470413208,-0.10090491200867284,0.1564960479736328,-0.11489856243133545,-0.13245759929600354,0.1243172287940979,-0.08377635478973389,-0.11683540071430794,0.08891946077346802,-0.08442831039428711,-0.11015993381920443,0.0324775874614715,-0.032097041606903076,-0.11981768931332223,0.14485812187194824,-0.04697507619857788,-0.13728043462219824,0.12179321050643921,-0.033714234828948975,-0.12982971991482373,0.08513748645782471,-0.03415095806121826,-0.12842543448391552
2.0,0.0,0.0,0.0,0.024203687906265203,-0.10808768868446356,-0.015907975426756545,0.062107205390930176,-0.23808389902114868,-0.040743159643255845,0.0715188980102539,-0.33471107482910156,-0.06357161193236034,0.06153666973114008,-0.41724541783332825,-0.08149232207878754,0.0660355389118194,-0.22246587276458746,-0.08146777241572065,0.1896367371082306,-0.228481262922287,-0.11871438711031594,0.17563679814338684,-0.19097909331321716,-0.12934802710159934,0.1386161744594574,-0.18160635232925415,-0.13335149227722803,0.06474447250366211,-0.14720439910888677,-0.09279623120173135,0.20189574360847473,-0.15065059065818787,-0.12077050893648784,0.17676600813865662,-0.12267205119132996,-0.11315855621441524,0.13527700304985046,-0.11772453784942627,-0.11075400798662824,0.07134929299354548,-0.06666773557662964,-0.10311086713417694,0.20125505328178406,-0.07662588357925415,-0.12261457233771005,0.1732240617275238,-0.05880337953567505,-0.10040234266861595,0.13320937752723694,-0.055299997329711914,-0.08819581060751594,0.08295771479606628,0.009408950805664062,-0.11420823871239344,0.19125303626060486,-0.009535253047943115,-0.12191674350842155,0.17021510004997253,-0.004624009132385254,-0.10422674059017814,0.1311088502407074,-0.0012825727462768555,-0.09400060265406295
2.0,0.0,0.0,0.0,0.012961924076080378,-0.12015333771705627,-0.0122523487130479,0.038088321685791016,-0.2424335479736328,-0.0356259078303651,0.05008181929588318,-0.341336876153946,-0.0585420832554177,0.04638689756393438,-0.4190802276134491,-0.0766286172489003,0.10171696543693548,-0.2232345044612885,-0.0527862228969411,0.20357668399810797,-0.23120027780532837,-0.0793410532692746,0.1808538436889649,-0.2035198211669922,-0.0876144536355809,0.14636093378067022,-0.19521963596344,-0.0903828807691411,0.11674988269805914,-0.1463579535484314,-0.06179507379926,0.2118984460830689,-0.15972760319709778,-0.0756881528118924,0.18240159749984747,-0.13956677913665771,-0.0680599280217961,0.1453238725662232,-0.1324855387210846,-0.0657793500045613,0.12979930639266973,-0.06704306602478027,-0.0705882750967816,0.21736395359039312,-0.09057432413101196,-0.08006047388113299,0.18839186429977423,-0.07239258289337158,-0.0570603751162366,0.1517671942710877,-0.0597802996635437,-0.0440898865977601,0.14079117774963384,0.009714603424072266,-0.0801176049331502,0.21268349885940557,-0.02277165651321411,-0.0813148759821729,0.18760383129119879,-0.011655211448669434,-0.0588435262957887,0.15667748451232916,-0.0002694129943847656,-0.0437761277476624
2.0,0.0,0.0,0.0,0.010917901992797796,-0.13502919673919683,-0.009932319561130424,0.02606311440467829,-0.2508552968502045,-0.03166263077605432,0.03920811414718628,-0.35211160778999334,-0.052708960065729026,0.038316875696182195,-0.4296879172325134,-0.06918800894368353,0.1275906264781952,-0.22919881343841553,-0.03783789176691242,0.19838422536849976,-0.2357591986656189,-0.04790442336548032,0.17265766859054565,-0.21057519316673284,-0.048181491831428426,0.1406735479831695,-0.201574057340622,-0.048351033518201726,0.15164422988891602,-0.15402701497077942,-0.043314925322420025,0.21061843633651733,-0.17144614458084112,-0.042491453627235325,0.1805896759033203,-0.1538278460502625,-0.03473838690865703,0.148770272731781,-0.1408112645149231,-0.03519914571393192,0.16575050354003906,-0.07757234573364258,-0.04726820338714782,0.22176027297973633,-0.1037554144859314,-0.043920225391275325,0.19582968950271606,-0.0897378921508789,-0.025655870253331124,0.1638215184211731,-0.0725938081741333,-0.019181932250148723,0.17418885231018066,-0.005720555782318115,-0.051699078569299624,0.22165954113006592,-0.03987991809844971,-0.04647089440572923,0.19692349433898926,-0.03268367052078247,-0.026411217564827824,0.17144399881362915,-0.017712295055389404,-0.013764394374675224
2.0,0.0,0.0,0.0,0.003850728273391668,-0.13815730810165405,-0.009478317747550586,0.018016844987869207,-0.2459928989410401,-0.027767732913332486,0.03422245383262629,-0.3435681462287903,-0.04504113475485379,0.03502902388572687,-0.41993163526058197,-0.05874715949101979,0.1596063077449798,-0.225003331899643,-0.018755287105875585,0.18682822585105896,-0.22577697038650513,-0.015666652644711086,0.1595892608165741,-0.2058981060981751,-0.015037223870592685,0.1303921341896057,-0.1914616227149964,-0.016649693424540087,0.18913677334785461,-0.15039223432540894,-0.018608825455146385,0.20063862204551697,-0.16250592470169073,-0.003884172008099486,0.1718522310256958,-0.15304893255233765,-0.000763208371779386,0.1447841227054596,-0.13606113195419312,-0.007048808212118686,0.19690099358558655,-0.07406407594680786,-0.016197553078370584,0.2098802626132965,-0.09507006406784058,-0.001587719364749686,0.1857890784740448,-0.08853834867477417,0.008151835588080214,0.15625187754631037,-0.07215249538421631,0.006693695963633614,0.19508680701255798,-0.005902409553527832,-0.014553372922080086,0.21378210186958313,-0.026497185230255127,-0.001640626053983786,0.1917632520198822,-0.02396571636199951,0.014083557588321515,0.16797125339508057,-0.012198925018310547,0.023047607218188614
